[moonbitlang/core] bench argparse/globals_bench_test.mbt:16 ("bench parse inherited globals with an override") ok
time (mean ± σ)         range (min … max) 
   4.31 µs ±  22.45 ns     4.30 µs …   4.36 µs  in 10 ×  22848 runs
[moonbitlang/core] bench bench/hash_bench_test.mbt:16 ("bench Hash for Bytes (small)") ok
time (mean ± σ)         range (min … max) 
  27.48 ns ±  10.69 ns    13.80 ns …  37.67 ns  in 10 × 100000 runs
[moonbitlang/core] bench bench/hash_bench_test.mbt:22 ("bench Hash for Bytes (medium)") ok
time (mean ± σ)         range (min … max) 
 148.39 ns ±   0.96 ns   146.70 ns … 149.37 ns  in 10 × 100000 runs
[moonbitlang/core] bench bench/hash_bench_test.mbt:28 ("bench Hash for Bytes (large)") ok
time (mean ± σ)         range (min … max) 
   2.48 µs ±  23.13 ns     2.45 µs …   2.52 µs  in 10 ×  40158 runs
[moonbitlang/core] bench bench/hash_bench_test.mbt:34 ("bench Hash for BytesView (small)") ok
time (mean ± σ)         range (min … max) 
  12.13 ns ±   0.11 ns    11.87 ns …  12.23 ns  in 10 × 100000 runs
[moonbitlang/core] bench bench/hash_bench_test.mbt:41 ("bench Hash for BytesView (medium)") ok
time (mean ± σ)         range (min … max) 
 136.42 ns ±   2.69 ns   131.58 ns … 138.51 ns  in 10 × 100000 runs
[moonbitlang/core] bench bench/hash_bench_test.mbt:48 ("bench Hash for BytesView (large)") ok
time (mean ± σ)         range (min … max) 
   2.34 µs ±  43.93 ns     2.29 µs …   2.40 µs  in 10 ×  41637 runs
[moonbitlang/core] bench bench/hash_bench_test.mbt:55 ("bench Hasher::combine_bytes (small)") ok
time (mean ± σ)         range (min … max) 
  11.66 ns ±   0.37 ns    11.07 ns …  12.09 ns  in 10 × 100000 runs
[moonbitlang/core] bench bench/hash_bench_test.mbt:65 ("bench Hasher::combine_bytes (medium)") ok
time (mean ± σ)         range (min … max) 
 120.09 ns ±   2.58 ns   115.37 ns … 122.30 ns  in 10 × 100000 runs
[moonbitlang/core] bench bench/hash_bench_test.mbt:75 ("bench Hasher::combine_bytes (large)") ok
time (mean ± σ)         range (min … max) 
   2.13 µs ±  10.11 ns     2.11 µs …   2.14 µs  in 10 ×  46694 runs
[moonbitlang/core] bench bigint/to_string_radix_bench_test.mbt:23 ("bench bigint to_string radix=7 (4000 bits)") ok
time (mean ± σ)         range (min … max) 
  16.44 µs ±  33.21 ns    16.36 µs …  16.49 µs  in 10 ×   6047 runs
[moonbitlang/core] bench bigint/to_string_radix_bench_test.mbt:29 ("bench bigint to_string radix=36 (4000 bits)") ok
time (mean ± σ)         range (min … max) 
  14.56 µs ±  21.98 ns    14.52 µs …  14.59 µs  in 10 ×   6846 runs
[moonbitlang/core] bench bigint/to_string_radix_bench_test.mbt:35 ("bench bigint to_string radix=10 reference (4000 bits)") ok
time (mean ± σ)         range (min … max) 
  13.00 µs ± 304.21 ns    12.82 µs …  13.84 µs  in 10 ×   7672 runs
[moonbitlang/core] bench bigint/to_string_bench_test.mbt:30 ("bench BigInt::to_string n=40 digits") ok
time (mean ± σ)         range (min … max) 
  92.24 ns ±   1.43 ns    90.67 ns …  94.70 ns  in 10 × 100000 runs
[moonbitlang/core] bench bigint/to_string_bench_test.mbt:36 ("bench BigInt::to_string n=400 digits") ok
time (mean ± σ)         range (min … max) 
   2.83 µs ±  11.03 ns     2.83 µs …   2.86 µs  in 10 ×  35335 runs
[moonbitlang/core] bench bigint/to_string_bench_test.mbt:42 ("bench BigInt::to_string n=4000 digits") ok
time (mean ± σ)         range (min … max) 
  66.57 µs ±  88.16 ns    66.50 µs …  66.77 µs  in 10 ×   1500 runs
[moonbitlang/core] bench bigint/to_string_bench_test.mbt:48 ("bench BigInt::to_string n=40000 digits") ok
time (mean ± σ)         range (min … max) 
   2.41 ms ±   4.56 µs     2.40 ms …   2.41 ms  in 10 ×     42 runs
[moonbitlang/core] bench bigint/to_string_bench_test.mbt:54 ("bench BigInt::to_string n=250000 digits") ok
time (mean ± σ)         range (min … max) 
  26.33 ms ±  50.68 µs    26.22 ms …  26.38 ms  in 10 ×      4 runs
[moonbitlang/core] bench bigint/from_octets_bench_test.mbt:21 ("bench BigInt::from_octets n=64") ok
time (mean ± σ)         range (min … max) 
   1.57 µs ±   2.26 ns     1.57 µs …   1.57 µs  in 10 ×  63888 runs
[moonbitlang/core] bench bigint/from_octets_bench_test.mbt:27 ("bench BigInt::from_octets n=1024") ok
time (mean ± σ)         range (min … max) 
  24.22 µs ± 135.43 ns    23.98 µs …  24.41 µs  in 10 ×   4067 runs
[moonbitlang/core] bench bigint/division_bench_test.mbt:66 ("bench BigInt balanced division n=4000 digits") ok
time (mean ± σ)         range (min … max) 
  30.57 ns ±   2.87 ns    29.35 ns …  38.67 ns  in 10 ×   3734 runs
[moonbitlang/core] bench bigint/division_bench_test.mbt:72 ("bench BigInt balanced division n=40000 digits") ok
time (mean ± σ)         range (min … max) 
   1.52 ms ±  13.25 µs     1.50 ms …   1.55 ms  in 10 ×     67 runs
[moonbitlang/core] bench bigint/division_bench_test.mbt:78 ("bench BigInt balanced division n=250000 digits") ok
time (mean ± σ)         range (min … max) 
  17.52 ms ±  15.27 µs    17.50 ms …  17.55 ms  in 10 ×      6 runs
[moonbitlang/core] bench bigint/division_bench_test.mbt:84 ("bench BigInt unbalanced division q=65536 d=64 limbs") ok
time (mean ± σ)         range (min … max) 
   7.23 ms ±  71.93 µs     7.12 ms …   7.30 ms  in 10 ×     14 runs
[moonbitlang/core] bench bigint/division_bench_test.mbt:90 ("bench BigInt narrow division q=9 d=64 limbs") ok
time (mean ± σ)         range (min … max) 
   5.12 ns ±   0.20 ns     4.83 ns …   5.35 ns  in 10 × 100000 runs
[moonbitlang/core] bench buffer/write_bench_test.mbt:30 ("bench Buffer::write_byte n=4096") ok
time (mean ± σ)         range (min … max) 
   5.40 µs ±   5.27 ns     5.39 µs …   5.40 µs  in 10 ×  18499 runs
[moonbitlang/core] bench buffer/write_bench_test.mbt:42 ("bench Buffer::write_uint16_be n=4096") ok
time (mean ± σ)         range (min … max) 
   4.65 µs ±   3.75 ns     4.64 µs …   4.65 µs  in 10 ×  21477 runs
[moonbitlang/core] bench buffer/write_bench_test.mbt:54 ("bench Buffer::write_uint_le n=4096") ok
time (mean ± σ)         range (min … max) 
   5.72 µs ±  14.82 ns     5.69 µs …   5.73 µs  in 10 ×  17432 runs
[moonbitlang/core] bench buffer/write_bench_test.mbt:66 ("bench Buffer::write_uint64_be n=4096") ok
time (mean ± σ)         range (min … max) 
 607.93 µs ±   8.84 µs   598.73 µs … 621.10 µs  in 10 ×    161 runs
[moonbitlang/core] bench buffer/write_bench_test.mbt:78 ("bench Buffer::write_char_utf8 ASCII n=4096") ok
time (mean ± σ)         range (min … max) 
  17.56 µs ± 832.24 ns    17.14 µs …  19.57 µs  in 10 ×   5821 runs
[moonbitlang/core] bench buffer/write_bench_test.mbt:90 ("bench Buffer::write_char_utf8 non-BMP n=4096") ok
time (mean ± σ)         range (min … max) 
  21.33 µs ±  14.88 ns    21.31 µs …  21.35 µs  in 10 ×   4685 runs
[moonbitlang/core] bench buffer/write_bench_test.mbt:103 ("bench Buffer::write_char_utf16le BMP n=4096") ok
time (mean ± σ)         range (min … max) 
   4.68 µs ±   2.83 ns     4.67 µs …   4.68 µs  in 10 ×  21387 runs
[moonbitlang/core] bench buffer/write_bench_test.mbt:115 ("bench Buffer::write_string_utf16le chunks n=4096") ok
time (mean ± σ)         range (min … max) 
  98.03 µs ± 955.64 ns    96.58 µs …  98.90 µs  in 10 ×   1012 runs
[moonbitlang/core] bench buffer/write_bench_test.mbt:130 ("bench @buffer.from_array n=4096") ok
time (mean ± σ)         range (min … max) 
   4.47 µs ±  14.54 ns     4.45 µs …   4.49 µs  in 10 ×  22474 runs
[moonbitlang/core] bench builtin/view_bench_test.mbt:34 ("bench ArrayView::at Int n=100000") ok
time (mean ± σ)         range (min … max) 
  88.27 µs ± 126.87 ns    88.08 µs …  88.55 µs  in 10 ×   1134 runs
[moonbitlang/core] bench builtin/view_bench_test.mbt:47 ("bench ArrayView::get Int n=100000") ok
time (mean ± σ)         range (min … max) 
  73.54 µs ±  44.21 ns    73.49 µs …  73.61 µs  in 10 ×   1360 runs
[moonbitlang/core] bench builtin/view_bench_test.mbt:62 ("bench ArrayView::unsafe_get Int n=100000") ok
time (mean ± σ)         range (min … max) 
  59.71 µs ±   2.56 µs    58.57 µs …  66.96 µs  in 10 ×   1700 runs
[moonbitlang/core] bench builtin/view_bench_test.mbt:75 ("bench ArrayView::rev_fold Int n=100000") ok
time (mean ± σ)         range (min … max) 
  58.96 µs ± 224.71 ns    58.54 µs …  59.23 µs  in 10 ×   1692 runs
[moonbitlang/core] bench builtin/view_bench_test.mbt:82 ("bench ArrayView::rev_foldi Int n=100000") ok
time (mean ± σ)         range (min … max) 
  59.00 µs ± 134.71 ns    58.75 µs …  59.14 µs  in 10 ×   1695 runs
[moonbitlang/core] bench builtin/view_bench_test.mbt:91 ("bench ArrayView::equal Int n=100000") ok
time (mean ± σ)         range (min … max) 
 115.20 µs ±   3.32 µs   112.65 µs … 123.82 µs  in 10 ×    778 runs
[moonbitlang/core] bench builtin/view_bench_test.mbt:99 ("bench ArrayView::compare Int n=100000") ok
time (mean ± σ)         range (min … max) 
 144.72 µs ±   3.67 µs   141.58 µs … 152.41 µs  in 10 ×    643 runs
[moonbitlang/core] bench builtin/view_bench_test.mbt:107 ("bench MutArrayView::at Int n=100000") ok
time (mean ± σ)         range (min … max) 
 102.93 µs ±  64.36 ns   102.83 µs … 103.03 µs  in 10 ×    972 runs
[moonbitlang/core] bench builtin/view_bench_test.mbt:120 ("bench MutArrayView::unsafe_get Int n=100000") ok
time (mean ± σ)         range (min … max) 
  58.84 µs ±  22.73 ns    58.82 µs …  58.88 µs  in 10 ×   1704 runs
[moonbitlang/core] bench builtin/view_bench_test.mbt:133 ("bench MutArrayView::set Int n=100000") ok
time (mean ± σ)         range (min … max) 
 119.50 µs ± 233.24 ns   119.07 µs … 119.74 µs  in 10 ×    837 runs
[moonbitlang/core] bench builtin/view_bench_test.mbt:145 ("bench MutArrayView::unsafe_set Int n=100000") ok
time (mean ± σ)         range (min … max) 
  59.48 µs ±   1.48 µs    58.50 µs …  63.07 µs  in 10 ×   1699 runs
[moonbitlang/core] bench builtin/view_bench_test.mbt:157 ("bench BytesView::at n=100000") ok
time (mean ± σ)         range (min … max) 
  73.49 µs ± 142.90 ns    73.17 µs …  73.59 µs  in 10 ×   1365 runs
[moonbitlang/core] bench builtin/view_bench_test.mbt:170 ("bench BytesView::unsafe_get n=100000") ok
time (mean ± σ)         range (min … max) 
  44.05 µs ± 195.80 ns    43.63 µs …  44.22 µs  in 10 ×   2265 runs
[moonbitlang/core] bench builtin/stringbuilder_bench_test.mbt:28 ("bench StringBuilder::write_string chunks n=4096") ok
time (mean ± σ)         range (min … max) 
  11.59 µs ±  36.75 ns    11.53 µs …  11.62 µs  in 10 ×   8680 runs
[moonbitlang/core] bench builtin/stringbuilder_bench_test.mbt:41 ("bench StringBuilder::write_view chunks n=4096") ok
time (mean ± σ)         range (min … max) 
  17.32 µs ±  61.94 ns    17.20 µs …  17.41 µs  in 10 ×   5859 runs
[moonbitlang/core] bench builtin/stringbuilder_bench_test.mbt:54 ("bench StringBuilder::write_stringview chunks n=4096") ok
time (mean ± σ)         range (min … max) 
  17.31 µs ±  43.42 ns    17.24 µs …  17.37 µs  in 10 ×   5844 runs
[moonbitlang/core] bench builtin/stringbuilder_bench_test.mbt:67 ("bench StringBuilder::write_char ASCII n=4096") ok
time (mean ± σ)         range (min … max) 
  17.37 µs ±  49.70 ns    17.29 µs …  17.44 µs  in 10 ×   5780 runs
[moonbitlang/core] bench builtin/stringbuilder_bench_test.mbt:79 ("bench StringBuilder::write_char non-BMP n=4096") ok
time (mean ± σ)         range (min … max) 
  17.52 µs ± 688.32 ns    17.17 µs …  19.46 µs  in 10 ×   5858 runs
[moonbitlang/core] bench builtin/stringbuilder_bench_test.mbt:92 ("bench StringBuilder::reset reuse spare capacity n=4096") ok
time (mean ± σ)         range (min … max) 
  11.97 µs ±  23.84 ns    11.94 µs …  12.02 µs  in 10 ×   8148 runs
[moonbitlang/core] bench builtin/string_to_upper_bench_test.mbt:61 ("bench String::to_upper short") ok
time (mean ± σ)         range (min … max) 
 114.02 ns ±   0.99 ns   112.09 ns … 115.11 ns  in 10 × 100000 runs
[moonbitlang/core] bench builtin/string_to_upper_bench_test.mbt:66 ("bench String::to_upper long") ok
time (mean ± σ)         range (min … max) 
   5.89 µs ±   3.46 ns     5.89 µs …   5.90 µs  in 10 ×  17003 runs
[moonbitlang/core] bench builtin/string_to_upper_bench_test.mbt:71 ("bench String::to_upper sparse") ok
time (mean ± σ)         range (min … max) 
   4.46 µs ±   2.14 ns     4.46 µs …   4.47 µs  in 10 ×  22541 runs
[moonbitlang/core] bench builtin/string_to_upper_bench_test.mbt:76 ("bench String::to_upper late-lowercase") ok
time (mean ± σ)         range (min … max) 
   1.07 µs ±   5.51 ns     1.06 µs …   1.08 µs  in 10 ×  93169 runs
[moonbitlang/core] bench builtin/string_to_upper_bench_test.mbt:81 ("bench String::to_upper one-unit runs") ok
time (mean ± σ)         range (min … max) 
   4.57 µs ±   3.53 ns     4.56 µs …   4.57 µs  in 10 ×  22060 runs
[moonbitlang/core] bench builtin/string_to_upper_bench_test.mbt:86 ("bench String::to_upper all-lowercase") ok
time (mean ± σ)         range (min … max) 
   5.11 µs ±   7.12 ns     5.10 µs …   5.12 µs  in 10 ×  19651 runs
[moonbitlang/core] bench builtin/string_to_upper_bench_test.mbt:91 ("bench String::to_upper no-change short") ok
time (mean ± σ)         range (min … max) 
  21.47 ns ±   0.84 ns    20.06 ns …  22.67 ns  in 10 × 100000 runs
[moonbitlang/core] bench builtin/string_to_upper_bench_test.mbt:96 ("bench String::to_upper no-change long") ok
time (mean ± σ)         range (min … max) 
   1.71 µs ±   8.67 ns     1.70 µs …   1.73 µs  in 10 ×  58111 runs
[moonbitlang/core] bench builtin/string_to_upper_bench_test.mbt:101 ("bench StringView::to_upper short") ok
time (mean ± σ)         range (min … max) 
 113.47 ns ±   0.67 ns   111.99 ns … 114.41 ns  in 10 × 100000 runs
[moonbitlang/core] bench builtin/string_to_upper_bench_test.mbt:106 ("bench StringView::to_upper long") ok
time (mean ± σ)         range (min … max) 
   5.99 µs ±   9.85 ns     5.97 µs …   6.00 µs  in 10 ×  16717 runs
[moonbitlang/core] bench builtin/string_to_upper_bench_test.mbt:111 ("bench StringView::to_upper no-change long") ok
time (mean ± σ)         range (min … max) 
   1.90 µs ±  23.68 ns     1.88 µs …   1.96 µs  in 10 ×  51566 runs
[moonbitlang/core] bench builtin/string_to_lower_bench_test.mbt:61 ("bench String::to_lower short") ok
time (mean ± σ)         range (min … max) 
 115.37 ns ±   0.84 ns   113.79 ns … 116.85 ns  in 10 × 100000 runs
[moonbitlang/core] bench builtin/string_to_lower_bench_test.mbt:66 ("bench String::to_lower long") ok
time (mean ± σ)         range (min … max) 
   6.15 µs ±   3.88 ns     6.15 µs …   6.16 µs  in 10 ×  16293 runs
[moonbitlang/core] bench builtin/string_to_lower_bench_test.mbt:71 ("bench String::to_lower sparse") ok
time (mean ± σ)         range (min … max) 
   5.42 µs ±   2.88 ns     5.42 µs …   5.42 µs  in 10 ×  18511 runs
[moonbitlang/core] bench builtin/string_to_lower_bench_test.mbt:76 ("bench String::to_lower late-uppercase") ok
time (mean ± σ)         range (min … max) 
   1.05 µs ±   7.11 ns     1.05 µs …   1.07 µs  in 10 ×  93753 runs
[moonbitlang/core] bench builtin/string_to_lower_bench_test.mbt:81 ("bench String::to_lower one-unit runs") ok
time (mean ± σ)         range (min … max) 
   4.59 µs ±   4.16 ns     4.58 µs …   4.59 µs  in 10 ×  21944 runs
[moonbitlang/core] bench builtin/string_to_lower_bench_test.mbt:86 ("bench String::to_lower all-uppercase") ok
time (mean ± σ)         range (min … max) 
   4.33 µs ±   8.71 ns     4.32 µs …   4.35 µs  in 10 ×  23229 runs
[moonbitlang/core] bench builtin/string_to_lower_bench_test.mbt:91 ("bench String::to_lower no-change short") ok
time (mean ± σ)         range (min … max) 
  22.17 ns ±   1.00 ns    20.43 ns …  23.12 ns  in 10 × 100000 runs
[moonbitlang/core] bench builtin/string_to_lower_bench_test.mbt:96 ("bench String::to_lower no-change long") ok
time (mean ± σ)         range (min … max) 
   1.83 µs ±  10.56 ns     1.81 µs …   1.85 µs  in 10 ×  54582 runs
[moonbitlang/core] bench builtin/string_to_lower_bench_test.mbt:101 ("bench StringView::to_lower short") ok
time (mean ± σ)         range (min … max) 
 115.38 ns ±   0.34 ns   114.85 ns … 115.85 ns  in 10 × 100000 runs
[moonbitlang/core] bench builtin/string_to_lower_bench_test.mbt:106 ("bench StringView::to_lower long") ok
time (mean ± σ)         range (min … max) 
   5.95 µs ±   3.85 ns     5.94 µs …   5.95 µs  in 10 ×  16836 runs
[moonbitlang/core] bench builtin/string_to_lower_bench_test.mbt:111 ("bench StringView::to_lower no-change long") ok
time (mean ± σ)         range (min … max) 
   2.06 µs ±  16.45 ns     2.05 µs …   2.11 µs  in 10 ×  47725 runs
[moonbitlang/core] bench builtin/string_to_array_bench_test.mbt:24 ("bench String::to_array ASCII 51 chars") ok
time (mean ± σ)         range (min … max) 
 171.21 ns ±   1.11 ns   169.88 ns … 173.31 ns  in 10 × 100000 runs
[moonbitlang/core] bench builtin/string_to_array_bench_test.mbt:29 ("bench String::to_array mixed 1KB") ok
time (mean ± σ)         range (min … max) 
   3.58 µs ±   4.68 ns     3.57 µs …   3.58 µs  in 10 ×  27971 runs
[moonbitlang/core] bench builtin/string_to_array_bench_test.mbt:34 ("bench StringView::to_array mixed 1KB") ok
time (mean ± σ)         range (min … max) 
   3.58 µs ±   9.18 ns     3.57 µs …   3.59 µs  in 10 ×  27820 runs
[moonbitlang/core] bench builtin/string_methods_bench_test.mbt:36 ("bench StringView::has_prefix match n=100000 needle=128") ok
time (mean ± σ)         range (min … max) 
 563.71 ns ±   4.92 ns   555.55 ns … 569.64 ns  in 10 × 100000 runs
[moonbitlang/core] bench builtin/string_methods_bench_test.mbt:45 ("bench StringView::has_prefix mismatch n=100000 needle=128") ok
time (mean ± σ)         range (min … max) 
   7.37 ns ±   0.38 ns     6.85 ns …   7.89 ns  in 10 × 100000 runs
[moonbitlang/core] bench builtin/string_methods_bench_test.mbt:54 ("bench StringView::has_suffix match n=100000 needle=128") ok
time (mean ± σ)         range (min … max) 
 567.09 ns ±   5.68 ns   559.68 ns … 574.91 ns  in 10 × 100000 runs
[moonbitlang/core] bench builtin/string_methods_bench_test.mbt:63 ("bench StringView::has_suffix mismatch n=100000 needle=128") ok
time (mean ± σ)         range (min … max) 
   7.71 ns ±   0.37 ns     7.41 ns …   8.18 ns  in 10 × 100000 runs
[moonbitlang/core] bench builtin/string_find_code_unit_bench_test.mbt:16 ("bench find one code unit absent n=4") ok
time (mean ± σ)         range (min … max) 
  11.03 ns ±   0.50 ns    10.33 ns …  11.73 ns  in 10 × 100000 runs
[moonbitlang/core] bench builtin/string_find_code_unit_bench_test.mbt:22 ("bench find one code unit absent n=8") ok
time (mean ± σ)         range (min … max) 
  14.59 ns ±   0.62 ns    13.53 ns …  15.38 ns  in 10 × 100000 runs
[moonbitlang/core] bench builtin/string_find_code_unit_bench_test.mbt:28 ("bench find one code unit present@0 n=8") ok
time (mean ± σ)         range (min … max) 
   6.34 ns ±   0.34 ns     6.06 ns …   6.77 ns  in 10 × 100000 runs
[moonbitlang/core] bench builtin/string_find_code_unit_bench_test.mbt:34 ("bench find one code unit absent n=64") ok
time (mean ± σ)         range (min … max) 
  84.72 ns ±   0.46 ns    84.27 ns …  85.40 ns  in 10 × 100000 runs
[moonbitlang/core] bench builtin/string_find_code_unit_bench_test.mbt:40 ("bench find one code unit absent n=256") ok
time (mean ± σ)         range (min … max) 
 308.43 ns ±   3.68 ns   300.90 ns … 311.14 ns  in 10 × 100000 runs
[moonbitlang/core] bench builtin/string_find_code_unit_bench_test.mbt:46 ("bench find one code unit present@end n=256") ok
time (mean ± σ)         range (min … max) 
 311.54 ns ±   2.42 ns   304.76 ns … 313.06 ns  in 10 × 100000 runs
[moonbitlang/core] bench builtin/string_find_code_unit_bench_test.mbt:52 ("bench rev_find one code unit absent n=256") ok
time (mean ± σ)         range (min … max) 
 311.88 ns ±   1.83 ns   307.24 ns … 313.56 ns  in 10 × 100000 runs
[moonbitlang/core] bench builtin/string_find_code_unit_bench_test.mbt:58 ("bench rev_find one code unit present@start n=256") ok
time (mean ± σ)         range (min … max) 
 313.60 ns ±   0.47 ns   313.00 ns … 314.22 ns  in 10 × 100000 runs
[moonbitlang/core] bench builtin/string_find_code_unit_bench_test.mbt:64 ("bench rev_find one code unit present@end n=8") ok
time (mean ± σ)         range (min … max) 
   6.31 ns ±   0.36 ns     6.02 ns …   6.75 ns  in 10 × 100000 runs
[moonbitlang/core] bench builtin/string_find_code_unit_bench_test.mbt:70 ("bench StringView find one code unit absent n=256") ok
time (mean ± σ)         range (min … max) 
 309.47 ns ±   3.33 ns   303.18 ns … 311.88 ns  in 10 × 100000 runs
[moonbitlang/core] bench builtin/string_find_code_unit_bench_test.mbt:77 ("bench StringView rev_find one code unit absent n=256") ok
time (mean ± σ)         range (min … max) 
 310.59 ns ±   1.08 ns   307.85 ns … 311.65 ns  in 10 × 100000 runs
[moonbitlang/core] bench builtin/string_find_code_unit_bench_test.mbt:84 ("bench find two anchors absent n=256") ok
time (mean ± σ)         range (min … max) 
 536.16 ns ±   2.44 ns   531.31 ns … 538.35 ns  in 10 × 100000 runs
[moonbitlang/core] bench builtin/string_find_code_unit_bench_test.mbt:90 ("bench find two anchors present@end n=256") ok
time (mean ± σ)         range (min … max) 
 536.79 ns ±   1.87 ns   531.67 ns … 537.89 ns  in 10 × 100000 runs
[moonbitlang/core] bench builtin/string_find_code_unit_bench_test.mbt:96 ("bench find two anchors dense false positives n=256") ok
time (mean ± σ)         range (min … max) 
   1.28 µs ±   3.13 ns     1.27 µs …   1.28 µs  in 10 ×  78534 runs
[moonbitlang/core] bench builtin/string_find_code_unit_bench_test.mbt:102 ("bench find two anchors long absent n=256") ok
time (mean ± σ)         range (min … max) 
 295.74 ns ±   0.48 ns   295.15 ns … 296.46 ns  in 10 × 100000 runs
[moonbitlang/core] bench builtin/string_find_code_unit_bench_test.mbt:108 ("bench rev_find two anchors absent n=256") ok
time (mean ± σ)         range (min … max) 
 312.29 ns ±   1.67 ns   309.23 ns … 313.86 ns  in 10 × 100000 runs
[moonbitlang/core] bench builtin/string_find_code_unit_bench_test.mbt:114 ("bench rev_find two anchors present@start n=256") ok
time (mean ± σ)         range (min … max) 
 382.47 ns ±   3.17 ns   373.82 ns … 384.94 ns  in 10 × 100000 runs
[moonbitlang/core] bench builtin/string_find_code_unit_bench_test.mbt:120 ("bench rev_find two anchors dense false positives n=256") ok
time (mean ± σ)         range (min … max) 
   1.42 µs ±   2.27 ns     1.42 µs …   1.43 µs  in 10 ×  70103 runs
[moonbitlang/core] bench builtin/string_find_code_unit_bench_test.mbt:126 ("bench StringView find two anchors absent n=256") ok
time (mean ± σ)         range (min … max) 
 537.50 ns ±   0.51 ns   536.74 ns … 538.19 ns  in 10 × 100000 runs
[moonbitlang/core] bench builtin/string_find_adversary_bench_test.mbt:26 ("bench find adversary m=64 n=4096") ok
time (mean ± σ)         range (min … max) 
  31.45 µs ±   9.09 µs    24.91 µs …  46.25 µs  in 10 ×   2154 runs
[moonbitlang/core] bench builtin/string_find_adversary_bench_test.mbt:33 ("bench rev_find adversary m=64 n=4096") ok
time (mean ± σ)         range (min … max) 
  32.60 µs ±  10.18 µs    25.97 µs …  48.51 µs  in 10 ×   2060 runs
[moonbitlang/core] bench builtin/string_find_adversary_bench_test.mbt:40 ("bench find adversary m=512 n=65536") ok
time (mean ± σ)         range (min … max) 
 751.43 µs ±  25.24 µs   724.66 µs … 788.88 µs  in 10 ×    127 runs
[moonbitlang/core] bench builtin/string_find_adversary_bench_test.mbt:47 ("bench find dense miss fast path n=4096") ok
time (mean ± σ)         range (min … max) 
  17.64 µs ± 159.97 ns    17.33 µs …  17.79 µs  in 10 ×   5683 runs
[moonbitlang/core] bench builtin/string_find_adversary_bench_test.mbt:53 ("bench find rare hit end fast path n=4096") ok
time (mean ± σ)         range (min … max) 
  10.45 µs ±  28.15 ns    10.40 µs …  10.49 µs  in 10 ×   9580 runs
[moonbitlang/core] bench builtin/string_escape_bench_test.mbt:61 ("bench String::escape short plain") ok
time (mean ± σ)         range (min … max) 
  50.80 ns ±   0.38 ns    50.08 ns …  51.14 ns  in 10 × 100000 runs
[moonbitlang/core] bench builtin/string_escape_bench_test.mbt:66 ("bench String::escape short escaped") ok
time (mean ± σ)         range (min … max) 
 129.05 ns ±   0.83 ns   127.70 ns … 129.86 ns  in 10 × 100000 runs
[moonbitlang/core] bench builtin/string_escape_bench_test.mbt:71 ("bench String::escape threshold plain") ok
time (mean ± σ)         range (min … max) 
  57.61 ns ±   0.47 ns    56.78 ns …  58.12 ns  in 10 × 100000 runs
[moonbitlang/core] bench builtin/string_escape_bench_test.mbt:76 ("bench String::escape prose") ok
time (mean ± σ)         range (min … max) 
 278.26 ns ±   2.37 ns   274.38 ns … 281.66 ns  in 10 × 100000 runs
[moonbitlang/core] bench builtin/string_escape_bench_test.mbt:81 ("bench String::escape escape-first") ok
time (mean ± σ)         range (min … max) 
 367.40 ns ±   1.61 ns   365.02 ns … 369.82 ns  in 10 × 100000 runs
[moonbitlang/core] bench builtin/string_escape_bench_test.mbt:86 ("bench String::escape long plain") ok
time (mean ± σ)         range (min … max) 
  12.10 µs ± 108.91 ns    11.98 µs …  12.38 µs  in 10 ×   8166 runs
[moonbitlang/core] bench builtin/string_escape_bench_test.mbt:91 ("bench String::escape long dense") ok
time (mean ± σ)         range (min … max) 
  44.90 µs ±   1.02 µs    44.39 µs …  47.73 µs  in 10 ×   1937 runs
[moonbitlang/core] bench builtin/string_escape_bench_test.mbt:96 ("bench String::escape long all-escaped") ok
time (mean ± σ)         range (min … max) 
  27.56 µs ± 126.72 ns    27.43 µs …  27.89 µs  in 10 ×   3677 runs
[moonbitlang/core] bench builtin/string_escape_bench_test.mbt:101 ("bench String::escape long unicode") ok
time (mean ± σ)         range (min … max) 
  13.68 µs ± 144.48 ns    13.58 µs …  13.99 µs  in 10 ×   7340 runs
[moonbitlang/core] bench builtin/string_escape_bench_test.mbt:106 ("bench StringView::escape long plain view") ok
time (mean ± σ)         range (min … max) 
  11.83 µs ±  99.63 ns    11.73 µs …  12.10 µs  in 10 ×   8346 runs
[moonbitlang/core] bench builtin/string_escape_bench_test.mbt:112 ("bench debug to_string short plain") ok
time (mean ± σ)         range (min … max) 
  89.80 ns ±   0.98 ns    87.97 ns …  90.95 ns  in 10 × 100000 runs
[moonbitlang/core] bench builtin/string_escape_bench_test.mbt:117 ("bench debug to_string prose") ok
time (mean ± σ)         range (min … max) 
 314.69 ns ±   1.74 ns   311.97 ns … 317.53 ns  in 10 × 100000 runs
[moonbitlang/core] bench builtin/string_escape_bench_test.mbt:122 ("bench debug to_string long plain") ok
time (mean ± σ)         range (min … max) 
  12.03 µs ± 169.77 ns    11.86 µs …  12.38 µs  in 10 ×   8098 runs
[moonbitlang/core] bench builtin/string_equal_bench_test.mbt:28 ("bench StringView::equal n=100000 equal") ok
time (mean ± σ)         range (min … max) 
   3.42 µs ±  25.70 ns     3.41 µs …   3.50 µs  in 10 ×  28815 runs
[moonbitlang/core] bench builtin/string_equal_bench_test.mbt:35 ("bench StringView::equal n=100000 mismatch at end") ok
time (mean ± σ)         range (min … max) 
 442.78 µs ±  18.39 µs   432.72 µs … 492.73 µs  in 10 ×    230 runs
[moonbitlang/core] bench builtin/string_equal_bench_test.mbt:44 ("bench StringView::equal_to_string n=100000 equal") ok
time (mean ± σ)         range (min … max) 
   3.50 µs ±  86.14 ns     3.41 µs …   3.59 µs  in 10 ×  28131 runs
[moonbitlang/core] bench builtin/string_char_set_bench_test.mbt:43 ("bench StringView::contains_any ASCII miss n=100000") ok
time (mean ± σ)         range (min … max) 
 318.76 µs ±   1.70 µs   315.82 µs … 320.93 µs  in 10 ×    312 runs
[moonbitlang/core] bench builtin/string_char_set_bench_test.mbt:54 ("bench StringView::contains_any ASCII match at end n=100000") ok
time (mean ± σ)         range (min … max) 
 316.79 µs ±   1.81 µs   314.18 µs … 318.65 µs  in 10 ×    316 runs
[moonbitlang/core] bench builtin/string_char_set_bench_test.mbt:67 ("bench StringView::trim_start ASCII n=100000") ok
time (mean ± σ)         range (min … max) 
 320.08 µs ±   3.38 µs   312.92 µs … 322.11 µs  in 10 ×    312 runs
[moonbitlang/core] bench builtin/string_char_set_bench_test.mbt:74 ("bench StringView::trim_end ASCII n=100000") ok
time (mean ± σ)         range (min … max) 
 316.39 µs ±   3.51 µs   309.92 µs … 319.12 µs  in 10 ×    312 runs
[moonbitlang/core] bench builtin/string_char_set_bench_test.mbt:79 ("bench StringView::trim ASCII n=100000") ok
time (mean ± σ)         range (min … max) 
 668.95 µs ±   4.01 µs   657.60 µs … 670.97 µs  in 10 ×    155 runs
[moonbitlang/core] bench builtin/string_char_set_bench_test.mbt:96 ("bench StringView::trim short inputs") ok
time (mean ± σ)         range (min … max) 
 156.57 ns ±   1.21 ns   154.87 ns … 158.40 ns  in 10 × 100000 runs
[moonbitlang/core] bench builtin/string_char_set_bench_test.mbt:107 ("bench StringView::contains_any short inputs") ok
time (mean ± σ)         range (min … max) 
 110.13 ns ±   1.05 ns   107.96 ns … 111.37 ns  in 10 × 100000 runs
[moonbitlang/core] bench builtin/string_char_length_bench_test.mbt:51 ("bench char_length ascii 8") ok
time (mean ± σ)         range (min … max) 
  14.03 ns ±   0.37 ns    13.73 ns …  14.50 ns  in 10 × 100000 runs
[moonbitlang/core] bench builtin/string_char_length_bench_test.mbt:56 ("bench char_length ascii 16") ok
time (mean ± σ)         range (min … max) 
  23.35 ns ±   0.42 ns    22.98 ns …  23.94 ns  in 10 × 100000 runs
[moonbitlang/core] bench builtin/string_char_length_bench_test.mbt:61 ("bench char_length ascii 100") ok
time (mean ± σ)         range (min … max) 
 208.26 ns ±   1.41 ns   204.92 ns … 209.62 ns  in 10 × 100000 runs
[moonbitlang/core] bench builtin/string_char_length_bench_test.mbt:66 ("bench char_length ascii 4k") ok
time (mean ± σ)         range (min … max) 
   9.65 µs ±   2.34 ns     9.64 µs …   9.65 µs  in 10 ×  10388 runs
[moonbitlang/core] bench builtin/string_char_length_bench_test.mbt:71 ("bench char_length ascii 64k") ok
time (mean ± σ)         range (min … max) 
 165.04 µs ±   8.66 µs   151.86 µs … 171.74 µs  in 10 ×    583 runs
[moonbitlang/core] bench builtin/string_char_length_bench_test.mbt:76 ("bench char_length cjk 4k") ok
time (mean ± σ)         range (min … max) 
   9.65 µs ±   1.96 ns     9.64 µs …   9.65 µs  in 10 ×  10454 runs
[moonbitlang/core] bench builtin/string_char_length_bench_test.mbt:81 ("bench char_length emoji 4k") ok
time (mean ± σ)         range (min … max) 
   9.00 µs ± 151.58 ns     8.57 µs …   9.05 µs  in 10 ×  11058 runs
[moonbitlang/core] bench builtin/string_char_length_bench_test.mbt:86 ("bench char_length mixed 4k") ok
time (mean ± σ)         range (min … max) 
  11.15 µs ±  70.73 ns    10.99 µs …  11.21 µs  in 10 ×   8869 runs
[moonbitlang/core] bench builtin/string_char_length_bench_test.mbt:91 ("bench StringView::char_length ascii 4k unaligned") ok
time (mean ± σ)         range (min … max) 
   9.66 µs ±  11.01 ns     9.65 µs …   9.69 µs  in 10 ×  10380 runs
[moonbitlang/core] bench builtin/string_char_length_bench_test.mbt:97 ("bench char_length_eq ascii 16") ok
time (mean ± σ)         range (min … max) 
  25.21 ns ±   2.04 ns    23.82 ns …  30.82 ns  in 10 × 100000 runs
[moonbitlang/core] bench builtin/string_char_length_bench_test.mbt:102 ("bench char_length_eq ascii 4k") ok
time (mean ± σ)         range (min … max) 
   9.64 µs ±  48.61 ns     9.52 µs …   9.67 µs  in 10 ×  10353 runs
[moonbitlang/core] bench builtin/string_char_length_bench_test.mbt:107 ("bench char_length_eq emoji 4k") ok
time (mean ± σ)         range (min … max) 
   8.96 µs ± 166.55 ns     8.59 µs …   9.06 µs  in 10 ×  11056 runs
[moonbitlang/core] bench builtin/string_char_length_bench_test.mbt:112 ("bench char_length_eq mixed 4k") ok
time (mean ± σ)         range (min … max) 
  11.41 µs ±  54.93 ns    11.25 µs …  11.43 µs  in 10 ×   8810 runs
[moonbitlang/core] bench builtin/string_char_length_bench_test.mbt:119 ("bench char_length_ge ascii 4k len 3") ok
time (mean ± σ)         range (min … max) 
  11.78 ns ±   0.58 ns    10.87 ns …  12.52 ns  in 10 × 100000 runs
[moonbitlang/core] bench builtin/string_char_length_bench_test.mbt:124 ("bench char_length_ge ascii 4k len 2000") ok
time (mean ± σ)         range (min … max) 
   4.73 µs ±  11.60 ns     4.72 µs …   4.76 µs  in 10 ×  21200 runs
[moonbitlang/core] bench builtin/string_char_length_bench_test.mbt:129 ("bench char_length_ge cjk 4k len 4096") ok
time (mean ± σ)         range (min … max) 
   9.65 µs ±  17.57 ns     9.61 µs …   9.67 µs  in 10 ×  10366 runs
[moonbitlang/core] bench builtin/string_char_length_bench_test.mbt:134 ("bench char_length_ge emoji 4k len 2048") ok
time (mean ± σ)         range (min … max) 
   8.98 µs ± 142.68 ns     8.68 µs …   9.05 µs  in 10 ×  11057 runs
[moonbitlang/core] bench builtin/sort_bench_test.mbt:21 ("bench Array::sort n=1000") ok
time (mean ± σ)         range (min … max) 
  21.42 µs ±   1.51 µs    20.85 µs …  25.71 µs  in 10 ×   4113 runs
[moonbitlang/core] bench builtin/sort_bench_test.mbt:31 ("bench Array::sort n=100000") ok
time (mean ± σ)         range (min … max) 
   6.74 ms ± 161.21 µs     6.65 ms …   7.19 ms  in 10 ×     16 runs
[moonbitlang/core] bench builtin/sort_bench_test.mbt:41 ("bench Array::sort_by n=10000") ok
time (mean ± σ)         range (min … max) 
 533.25 µs ± 416.02 ns   532.56 µs … 533.83 µs  in 10 ×    188 runs
[moonbitlang/core] bench builtin/range_equal_bench_test.mbt:56 ("bench range_equal StringView== n=4 equal") ok
time (mean ± σ)         range (min … max) 
   7.05 ns ±   0.41 ns     6.54 ns …   7.55 ns  in 10 × 100000 runs
[moonbitlang/core] bench builtin/range_equal_bench_test.mbt:61 ("bench range_equal StringView== n=8 equal") ok
time (mean ± σ)         range (min … max) 
   7.30 ns ±   0.39 ns     7.00 ns …   7.78 ns  in 10 × 100000 runs
[moonbitlang/core] bench builtin/range_equal_bench_test.mbt:66 ("bench range_equal StringView== n=8 mismatch at end") ok
time (mean ± σ)         range (min … max) 
  23.12 ns ±   0.47 ns    22.68 ns …  23.74 ns  in 10 × 100000 runs
[moonbitlang/core] bench builtin/range_equal_bench_test.mbt:71 ("bench range_equal StringView== n=16 equal") ok
time (mean ± σ)         range (min … max) 
   7.43 ns ±   0.38 ns     7.12 ns …   7.92 ns  in 10 × 100000 runs
[moonbitlang/core] bench builtin/range_equal_bench_test.mbt:76 ("bench range_equal StringView== n=16 mismatch at end") ok
time (mean ± σ)         range (min … max) 
  39.36 ns ±   0.67 ns    38.38 ns …  40.38 ns  in 10 × 100000 runs
[moonbitlang/core] bench builtin/range_equal_bench_test.mbt:81 ("bench range_equal StringView== n=15 equal") ok
time (mean ± σ)         range (min … max) 
   7.42 ns ±   0.41 ns     6.91 ns …   8.04 ns  in 10 × 100000 runs
[moonbitlang/core] bench builtin/range_equal_bench_test.mbt:86 ("bench range_equal StringView== n=64 equal") ok
time (mean ± σ)         range (min … max) 
   8.81 ns ±   0.41 ns     8.33 ns …   9.43 ns  in 10 × 100000 runs
[moonbitlang/core] bench builtin/range_equal_bench_test.mbt:91 ("bench range_equal StringView== n=64 mismatch at end") ok
time (mean ± σ)         range (min … max) 
 144.62 ns ±   1.56 ns   140.79 ns … 145.84 ns  in 10 × 100000 runs
[moonbitlang/core] bench builtin/range_equal_bench_test.mbt:96 ("bench range_equal StringView== n=1024 equal") ok
time (mean ± σ)         range (min … max) 
  35.21 ns ±   0.37 ns    34.84 ns …  35.79 ns  in 10 × 100000 runs
[moonbitlang/core] bench builtin/range_equal_bench_test.mbt:101 ("bench range_equal StringView== n=1024 mismatch at end") ok
time (mean ± σ)         range (min … max) 
   2.95 µs ±   1.08 µs     2.15 µs …   4.46 µs  in 10 ×  22400 runs
[moonbitlang/core] bench builtin/range_equal_bench_test.mbt:106 ("bench range_equal StringView== n=1024 mismatch at 0") ok
time (mean ± σ)         range (min … max) 
   8.42 ns ±   0.40 ns     8.09 ns …   8.97 ns  in 10 × 100000 runs
[moonbitlang/core] bench builtin/range_equal_bench_test.mbt:111 ("bench range_equal StringView== n=65536 equal") ok
time (mean ± σ)         range (min … max) 
   1.87 µs ±  17.41 ns     1.86 µs …   1.92 µs  in 10 ×  51999 runs
[moonbitlang/core] bench builtin/range_equal_bench_test.mbt:116 ("bench range_equal StringView== n=65536 mismatch at end") ok
time (mean ± σ)         range (min … max) 
 284.08 µs ± 646.09 ns   282.82 µs … 284.95 µs  in 10 ×    345 runs
[moonbitlang/core] bench builtin/range_equal_bench_test.mbt:121 ("bench range_equal BytesView== n=4 equal") ok
time (mean ± σ)         range (min … max) 
   7.87 ns ±   0.39 ns     7.43 ns …   8.52 ns  in 10 × 100000 runs
[moonbitlang/core] bench builtin/range_equal_bench_test.mbt:126 ("bench range_equal BytesView== n=8 equal") ok
time (mean ± σ)         range (min … max) 
  11.01 ns ±   0.43 ns    10.61 ns …  11.57 ns  in 10 × 100000 runs
[moonbitlang/core] bench builtin/range_equal_bench_test.mbt:131 ("bench range_equal BytesView== n=8 mismatch at end") ok
time (mean ± σ)         range (min … max) 
  10.07 ns ±   0.49 ns     9.33 ns …  10.76 ns  in 10 × 100000 runs
[moonbitlang/core] bench builtin/range_equal_bench_test.mbt:136 ("bench range_equal BytesView== n=16 equal") ok
time (mean ± σ)         range (min … max) 
  15.23 ns ±   0.36 ns    14.51 ns …  15.79 ns  in 10 × 100000 runs
[moonbitlang/core] bench builtin/range_equal_bench_test.mbt:141 ("bench range_equal BytesView== n=16 mismatch at end") ok
time (mean ± σ)         range (min … max) 
  15.08 ns ±   0.40 ns    14.75 ns …  15.63 ns  in 10 × 100000 runs
[moonbitlang/core] bench builtin/range_equal_bench_test.mbt:146 ("bench range_equal BytesView== n=31 equal") ok
time (mean ± σ)         range (min … max) 
  25.66 ns ±   0.94 ns    24.08 ns …  26.66 ns  in 10 × 100000 runs
[moonbitlang/core] bench builtin/range_equal_bench_test.mbt:151 ("bench range_equal BytesView== n=64 equal") ok
time (mean ± σ)         range (min … max) 
  40.06 ns ±   1.20 ns    38.27 ns …  41.72 ns  in 10 × 100000 runs
[moonbitlang/core] bench builtin/range_equal_bench_test.mbt:156 ("bench range_equal BytesView== n=64 mismatch at end") ok
time (mean ± σ)         range (min … max) 
  40.48 ns ±   0.64 ns    39.39 ns …  41.45 ns  in 10 × 100000 runs
[moonbitlang/core] bench builtin/range_equal_bench_test.mbt:161 ("bench range_equal BytesView== n=1024 equal") ok
time (mean ± σ)         range (min … max) 
 614.89 ns ±   0.74 ns   613.06 ns … 615.65 ns  in 10 × 100000 runs
[moonbitlang/core] bench builtin/range_equal_bench_test.mbt:166 ("bench range_equal BytesView== n=1024 mismatch at end") ok
time (mean ± σ)         range (min … max) 
 608.76 ns ±   6.14 ns   594.49 ns … 614.56 ns  in 10 × 100000 runs
[moonbitlang/core] bench builtin/range_equal_bench_test.mbt:171 ("bench range_equal BytesView== n=1024 mismatch at 0") ok
time (mean ± σ)         range (min … max) 
   5.22 ns ±   0.38 ns     4.84 ns …   5.62 ns  in 10 × 100000 runs
[moonbitlang/core] bench builtin/range_equal_bench_test.mbt:176 ("bench range_equal BytesView== n=65536 equal") ok
time (mean ± σ)         range (min … max) 
  38.49 µs ± 139.21 ns    38.11 µs …  38.57 µs  in 10 ×   2595 runs
[moonbitlang/core] bench builtin/range_equal_bench_test.mbt:181 ("bench range_equal BytesView== n=65536 mismatch at end") ok
time (mean ± σ)         range (min … max) 
  38.42 µs ± 328.63 ns    38.14 µs …  39.22 µs  in 10 ×   2593 runs
[moonbitlang/core] bench builtin/range_equal_bench_test.mbt:186 ("bench range_equal StringView::has_prefix prefix=32 hit") ok
time (mean ± σ)         range (min … max) 
 100.84 ns ±   1.79 ns    96.62 ns … 102.61 ns  in 10 × 100000 runs
[moonbitlang/core] bench builtin/range_equal_bench_test.mbt:193 ("bench range_equal StringView::has_prefix prefix=32 miss at end") ok
time (mean ± σ)         range (min … max) 
 104.01 ns ±   1.12 ns   101.75 ns … 106.07 ns  in 10 × 100000 runs
[moonbitlang/core] bench builtin/linked_hash_map_bench_test.mbt:19 ("bench Map::set n=50000") ok
time (mean ± σ)         range (min … max) 
   3.55 ms ± 304.24 µs     3.17 ms …   4.02 ms  in 10 ×     32 runs
[moonbitlang/core] bench builtin/linked_hash_map_bench_test.mbt:30 ("bench Map::get n=50000") ok
time (mean ± σ)         range (min … max) 
 950.57 µs ±   1.76 µs   948.31 µs … 953.93 µs  in 10 ×    105 runs
[moonbitlang/core] bench builtin/linked_hash_map_bench_test.mbt:47 ("bench Map::get miss n=50000") ok
time (mean ± σ)         range (min … max) 
   1.13 ms ±   5.72 µs     1.12 ms …   1.14 ms  in 10 ×     88 runs
[moonbitlang/core] bench builtin/linked_hash_map_bench_test.mbt:67 ("bench Map::set+remove n=50000") ok
time (mean ± σ)         range (min … max) 
   4.73 ms ± 118.27 µs     4.67 ms …   5.07 ms  in 10 ×     21 runs
[moonbitlang/core] bench builtin/linked_hash_map_bench_test.mbt:83 ("bench Map::each n=50000") ok
time (mean ± σ)         range (min … max) 
  66.89 µs ± 423.02 ns    66.35 µs …  67.33 µs  in 10 ×   1511 runs
[moonbitlang/core] bench builtin/linked_hash_map_bench_test.mbt:101 ("bench Map::filter n=50000") ok
time (mean ± σ)         range (min … max) 
   1.13 ms ±  59.26 µs     1.10 ms …   1.27 ms  in 10 ×     90 runs
[moonbitlang/core] bench builtin/linked_hash_map_bench_test.mbt:107 ("bench Map comprehension filter n=50000") ok
time (mean ± σ)         range (min … max) 
   3.35 ms ± 261.11 µs     3.22 ms …   4.06 ms  in 10 ×     27 runs
[moonbitlang/core] bench builtin/lexical_compare_bench_test.mbt:42 ("bench lexical_compare equal n=256") ok
time (mean ± σ)         range (min … max) 
 211.23 ns ±   0.31 ns   210.82 ns … 211.69 ns  in 10 × 100000 runs
[moonbitlang/core] bench builtin/lexical_compare_bench_test.mbt:47 ("bench lexical_compare common-prefix n=256") ok
time (mean ± σ)         range (min … max) 
 200.59 ns ±   0.61 ns   199.41 ns … 201.38 ns  in 10 × 100000 runs
[moonbitlang/core] bench builtin/lexical_compare_bench_test.mbt:52 ("bench lexical_compare early-diff n=256") ok
time (mean ± σ)         range (min … max) 
   6.97 ns ±   0.38 ns     6.66 ns …   7.45 ns  in 10 × 100000 runs
[moonbitlang/core] bench builtin/lexical_compare_bench_test.mbt:89 ("bench String::lexical_compare equal n=256") ok
time (mean ± σ)         range (min … max) 
   1.13 µs ±  12.47 ns     1.12 µs …   1.16 µs  in 10 ×  87644 runs
[moonbitlang/core] bench builtin/lexical_compare_bench_test.mbt:94 ("bench String::lexical_compare common-prefix n=256") ok
time (mean ± σ)         range (min … max) 
   1.18 µs ±   7.21 ns     1.17 µs …   1.20 µs  in 10 ×  82711 runs
[moonbitlang/core] bench builtin/lexical_compare_bench_test.mbt:99 ("bench String::lexical_compare early-diff n=256") ok
time (mean ± σ)         range (min … max) 
  13.30 ns ±   0.37 ns    12.99 ns …  13.75 ns  in 10 × 100000 runs
[moonbitlang/core] bench builtin/lexical_compare_bench_test.mbt:104 ("bench StringView::lexical_compare equal n=256") ok
time (mean ± σ)         range (min … max) 
   1.13 µs ±  12.33 ns     1.12 µs …   1.16 µs  in 10 ×  86405 runs
[moonbitlang/core] bench builtin/lexical_compare_bench_test.mbt:109 ("bench StringView::lexical_compare common-prefix n=256") ok
time (mean ± σ)         range (min … max) 
   1.18 µs ±   9.84 ns     1.17 µs …   1.21 µs  in 10 ×  83081 runs
[moonbitlang/core] bench builtin/lexical_compare_bench_test.mbt:114 ("bench StringView::lexical_compare early-diff n=256") ok
time (mean ± σ)         range (min … max) 
  13.34 ns ±   0.42 ns    12.99 ns …  13.89 ns  in 10 × 100000 runs
[moonbitlang/core] bench builtin/lexical_compare_bench_test.mbt:121 ("bench String::compare equal-length common-prefix n=256") ok
time (mean ± σ)         range (min … max) 
   1.12 µs ±   9.04 ns     1.12 µs …   1.15 µs  in 10 ×  87370 runs
[moonbitlang/core] bench builtin/lexical_compare_bench_test.mbt:128 ("bench StringView::compare equal-length common-prefix n=256") ok
time (mean ± σ)         range (min … max) 
   1.14 µs ±  13.81 ns     1.12 µs …   1.17 µs  in 10 ×  83179 runs
[moonbitlang/core] bench builtin/lexical_compare_bench_test.mbt:135 ("bench StringView::compare_ignore_ascii_case common-prefix n=256") ok
time (mean ± σ)         range (min … max) 
   1.13 µs ±  12.77 ns     1.12 µs …   1.16 µs  in 10 ×  87783 runs
[moonbitlang/core] bench builtin/contains_code_unit_bench_test.mbt:19 ("bench contains_code_unit absent n=4") ok
time (mean ± σ)         range (min … max) 
  10.30 ns ±   0.42 ns     9.90 ns …  10.82 ns  in 10 × 100000 runs
[moonbitlang/core] bench builtin/contains_code_unit_bench_test.mbt:25 ("bench contains_code_unit absent n=8") ok
time (mean ± σ)         range (min … max) 
  14.21 ns ±   0.43 ns    13.86 ns …  14.76 ns  in 10 × 100000 runs
[moonbitlang/core] bench builtin/contains_code_unit_bench_test.mbt:31 ("bench contains_code_unit present@0 n=8") ok
time (mean ± σ)         range (min … max) 
   5.38 ns ±   0.36 ns     5.04 ns …   5.76 ns  in 10 × 100000 runs
[moonbitlang/core] bench builtin/contains_code_unit_bench_test.mbt:37 ("bench contains_code_unit absent n=16") ok
time (mean ± σ)         range (min … max) 
  23.52 ns ±   0.53 ns    22.81 ns …  24.33 ns  in 10 × 100000 runs
[moonbitlang/core] bench builtin/contains_code_unit_bench_test.mbt:43 ("bench contains_code_unit absent n=64") ok
time (mean ± σ)         range (min … max) 
  83.20 ns ±   1.16 ns    80.16 ns …  84.18 ns  in 10 × 100000 runs
[moonbitlang/core] bench builtin/contains_code_unit_bench_test.mbt:49 ("bench contains_code_unit absent n=256") ok
time (mean ± σ)         range (min … max) 
 309.19 ns ±   1.62 ns   305.29 ns … 310.86 ns  in 10 × 100000 runs
[moonbitlang/core] bench builtin/contains_code_unit_bench_test.mbt:55 ("bench contains_code_unit present@end n=256") ok
time (mean ± σ)         range (min … max) 
 310.88 ns ±   0.50 ns   310.24 ns … 311.58 ns  in 10 × 100000 runs
[moonbitlang/core] bench builtin/contains_code_unit_bench_test.mbt:61 ("bench contains_code_unit present@0 n=256") ok
time (mean ± σ)         range (min … max) 
   5.43 ns ±   0.38 ns     5.06 ns …   5.83 ns  in 10 × 100000 runs
[moonbitlang/core] bench builtin/contains_code_unit_bench_test.mbt:67 ("bench StringView contains_code_unit absent n=256") ok
time (mean ± σ)         range (min … max) 
 309.22 ns ±   2.67 ns   304.84 ns … 311.79 ns  in 10 × 100000 runs
[moonbitlang/core] bench builtin/bytesview_compare_bench_test.mbt:16 ("bench BytesView Compare equal n=1000000") ok
time (mean ± σ)         range (min … max) 
   1.45 ms ± 254.81 µs     1.21 ms …   1.72 ms  in 10 ×     59 runs
[moonbitlang/core] bench builtin/bytesview_compare_bench_test.mbt:23 ("bench BytesView Compare last-diff n=1000000") ok
time (mean ± σ)         range (min … max) 
 748.72 µs ±  12.46 µs   741.94 µs … 781.94 µs  in 10 ×    135 runs
[moonbitlang/core] bench builtin/bytes_unsafe_bench_test.mbt:31 ("bench Bytes::unsafe_read_uint16_le n=4096") ok
time (mean ± σ)         range (min … max) 
   2.74 µs ±  32.58 ns     2.72 µs …   2.82 µs  in 10 ×  36572 runs
[moonbitlang/core] bench builtin/bytes_unsafe_bench_test.mbt:43 ("bench Bytes::unsafe_read_uint32_le n=4096") ok
time (mean ± σ)         range (min … max) 
   4.09 µs ±  39.69 ns     4.00 µs …   4.16 µs  in 10 ×  24434 runs
[moonbitlang/core] bench builtin/bytes_unsafe_bench_test.mbt:55 ("bench Bytes::unsafe_read_uint64_le n=4096") ok
time (mean ± σ)         range (min … max) 
 315.28 µs ± 478.19 ns   314.58 µs … 315.93 µs  in 10 ×    319 runs
[moonbitlang/core] bench builtin/bytes_unsafe_bench_test.mbt:67 ("bench FixedArray::unsafe_write_uint16_le n=4096") ok
time (mean ± σ)         range (min … max) 
   2.45 µs ±  24.59 ns     2.44 µs …   2.51 µs  in 10 ×  40949 runs
[moonbitlang/core] bench builtin/bytes_unsafe_bench_test.mbt:78 ("bench FixedArray::unsafe_write_uint32_le n=4096") ok
time (mean ± σ)         range (min … max) 
   3.71 µs ±  39.94 ns     3.69 µs …   3.81 µs  in 10 ×  27283 runs
[moonbitlang/core] bench builtin/bytes_unsafe_bench_test.mbt:89 ("bench FixedArray::unsafe_write_uint64_le n=4096") ok
time (mean ± σ)         range (min … max) 
 582.25 µs ± 684.17 ns   581.40 µs … 583.16 µs  in 10 ×    173 runs
[moonbitlang/core] bench builtin/bytes_output_bench_test.mbt:19 ("bench Bytes Show binary n=100000") ok
time (mean ± σ)         range (min … max) 
   5.02 ms ± 770.83 µs     4.24 ms …   6.25 ms  in 10 ×     20 runs
[moonbitlang/core] bench builtin/bytes_output_bench_test.mbt:24 ("bench Bytes ToJson binary n=100000") ok
time (mean ± σ)         range (min … max) 
   4.77 ms ± 719.33 µs     4.17 ms …   6.20 ms  in 10 ×     16 runs
[moonbitlang/core] bench builtin/bytes_hash_bench_test.mbt:54 ("bench Hash::hash(Bytes) n=32") ok
time (mean ± σ)         range (min … max) 
  20.38 ns ±   0.50 ns    19.64 ns …  20.96 ns  in 10 × 100000 runs
[moonbitlang/core] bench builtin/bytes_hash_bench_test.mbt:60 ("bench Hash::hash(Bytes) n=8192") ok
time (mean ± σ)         range (min … max) 
   4.90 µs ±  28.45 ns     4.88 µs …   4.97 µs  in 10 ×  20321 runs
[moonbitlang/core] bench builtin/bytes_hash_bench_test.mbt:66 ("bench Map::at Bytes n=1024 key_bytes=32") ok
time (mean ± σ)         range (min … max) 
  69.60 µs ± 140.51 ns    69.44 µs …  69.81 µs  in 10 ×   1425 runs
[moonbitlang/core] bench builtin/bytes_from_array_bench_test.mbt:30 ("bench Bytes::from_array n=262144 full") ok
time (mean ± σ)         range (min … max) 
 593.79 µs ±  17.27 µs   585.97 µs … 640.21 µs  in 10 ×    148 runs
[moonbitlang/core] bench builtin/bytes_from_array_bench_test.mbt:41 ("bench Bytes::from_array n=262144 sliced") ok
time (mean ± σ)         range (min … max) 
 597.18 µs ±  16.33 µs   589.29 µs … 642.56 µs  in 10 ×    147 runs
[moonbitlang/core] bench builtin/bytes_from_array_bench_test.mbt:48 ("bench Bytes::makei from ArrayView n=262144 full") ok
time (mean ± σ)         range (min … max) 
 551.09 µs ±  12.62 µs   546.34 µs … 586.95 µs  in 10 ×    179 runs
[moonbitlang/core] bench builtin/bytes_from_array_bench_test.mbt:59 ("bench Bytes::makei from ArrayView n=262144 sliced") ok
time (mean ± σ)         range (min … max) 
 555.71 µs ±  12.87 µs   550.57 µs … 592.23 µs  in 10 ×    177 runs
[moonbitlang/core] bench builtin/bytes_equal_bench_test.mbt:37 ("bench Bytes::equal n=100000 equal") ok
time (mean ± σ)         range (min … max) 
  58.93 µs ±  30.32 ns    58.90 µs …  58.99 µs  in 10 ×   1355 runs
[moonbitlang/core] bench builtin/bytes_equal_bench_test.mbt:44 ("bench Bytes::equal n=100000 aliased object") ok
time (mean ± σ)         range (min … max) 
  86.78 µs ± 662.97 ns    85.87 µs …  87.61 µs  in 10 ×   1144 runs
[moonbitlang/core] bench builtin/bytes_equal_bench_test.mbt:54 ("bench Bytes::equal n=100000 mismatch at end") ok
time (mean ± σ)         range (min … max) 
  58.93 µs ± 323.08 ns    58.49 µs …  59.51 µs  in 10 ×   1353 runs
[moonbitlang/core] bench builtin/bytes_add_bench_test.mbt:16 ("bench Bytes add total=1000000") ok
time (mean ± σ)         range (min … max) 
   2.41 ms ± 150.13 µs     2.23 ms …   2.53 ms  in 10 ×     39 runs
[moonbitlang/core] bench builtin/bitstring_uint_aligned_bench_test.mbt:24 ("bench Bytes::unsafe_extract_uint_le_aligned n=8192") ok
time (mean ± σ)         range (min … max) 
   2.28 µs ±  33.00 ns     2.25 µs …   2.34 µs  in 10 ×  43895 runs
[moonbitlang/core] bench builtin/bitstring_uint64_aligned_bench_test.mbt:24 ("bench Bytes::unsafe_extract_uint64_le_aligned n=8192") ok
time (mean ± σ)         range (min … max) 
  78.62 µs ± 198.81 ns    78.40 µs …  79.04 µs  in 10 ×   1274 runs
[moonbitlang/core] bench builtin/bitstring_extract_bench_test.mbt:35 ("bench BytesView uint_le aligned len=32") ok
time (mean ± σ)         range (min … max) 
   2.56 µs ±  29.08 ns     2.54 µs …   2.62 µs  in 10 ×  39262 runs
[moonbitlang/core] bench builtin/bitstring_extract_bench_test.mbt:48 ("bench BytesView uint_be aligned len=32") ok
time (mean ± σ)         range (min … max) 
   2.68 µs ± 114.40 ns     2.62 µs …   2.99 µs  in 10 ×  38088 runs
[moonbitlang/core] bench builtin/bitstring_extract_bench_test.mbt:61 ("bench ArrayView uint_le aligned len=32") ok
time (mean ± σ)         range (min … max) 
   4.12 µs ±  50.01 ns     4.05 µs …   4.21 µs  in 10 ×  24255 runs
[moonbitlang/core] bench builtin/bitstring_extract_bench_test.mbt:75 ("bench ArrayView uint_be aligned len=32") ok
time (mean ± σ)         range (min … max) 
   4.26 µs ±  48.47 ns     4.23 µs …   4.37 µs  in 10 ×  23636 runs
[moonbitlang/core] bench builtin/bitstring_extract_bench_test.mbt:89 ("bench BytesView uint64_le aligned len=64") ok
time (mean ± σ)         range (min … max) 
  81.04 µs ± 123.93 ns    80.83 µs …  81.27 µs  in 10 ×   1234 runs
[moonbitlang/core] bench builtin/bitstring_extract_bench_test.mbt:102 ("bench BytesView uint64_be aligned len=64") ok
time (mean ± σ)         range (min … max) 
  82.54 µs ± 186.94 ns    82.35 µs …  82.94 µs  in 10 ×   1212 runs
[moonbitlang/core] bench builtin/bitstring_extract_bench_test.mbt:115 ("bench ArrayView uint64_le aligned len=64") ok
time (mean ± σ)         range (min … max) 
  86.15 µs ± 668.10 ns    85.39 µs …  87.38 µs  in 10 ×   1149 runs
[moonbitlang/core] bench builtin/bitstring_extract_bench_test.mbt:129 ("bench ArrayView uint64_be aligned len=64") ok
time (mean ± σ)         range (min … max) 
  87.06 µs ± 279.06 ns    86.67 µs …  87.37 µs  in 10 ×   1148 runs
[moonbitlang/core] bench builtin/bitstring_extract_bench_test.mbt:143 ("bench BytesView uint_le unaligned len=32") ok
time (mean ± σ)         range (min … max) 
  28.89 µs ± 391.51 ns    28.62 µs …  29.82 µs  in 10 ×   3481 runs
[moonbitlang/core] bench builtin/bitstring_extract_bench_test.mbt:156 ("bench BytesView uint64_le unaligned len=64") ok
time (mean ± σ)         range (min … max) 
 106.91 µs ± 379.83 ns   106.32 µs … 107.52 µs  in 10 ×    942 runs
[moonbitlang/core] bench builtin/bitstring_extract_bench_test.mbt:169 ("bench BytesView uint_le aligned len=16") ok
time (mean ± σ)         range (min … max) 
   4.05 µs ±  42.00 ns     4.03 µs …   4.14 µs  in 10 ×  24824 runs
[moonbitlang/core] bench builtin/bitstring_extract_bench_test.mbt:182 ("bench BytesView uint_le aligned len=24") ok
time (mean ± σ)         range (min … max) 
  22.93 µs ±  36.11 ns    22.89 µs …  23.00 µs  in 10 ×   4358 runs
[moonbitlang/core] bench builtin/array_retain_bench_test.mbt:29 ("bench Array::retain all keep Int n=100000") ok
time (mean ± σ)         range (min … max) 
  73.56 µs ±  62.99 ns    73.41 µs …  73.65 µs  in 10 ×   1361 runs
[moonbitlang/core] bench builtin/array_retain_bench_test.mbt:42 ("bench Array::retain all keep Ref n=100000") ok
time (mean ± σ)         range (min … max) 
  88.69 µs ± 164.53 ns    88.49 µs …  89.01 µs  in 10 ×   1125 runs
[moonbitlang/core] bench builtin/array_retain_bench_test.mbt:55 ("bench Array::retain drop tail n=100000") ok
time (mean ± σ)         range (min … max) 
 196.68 µs ±   1.40 µs   195.40 µs … 198.83 µs  in 10 ×    507 runs
[moonbitlang/core] bench builtin/array_retain_bench_test.mbt:66 ("bench Array::retain late sparse drop n=100000") ok
time (mean ± σ)         range (min … max) 
 239.18 µs ±  24.49 µs   228.81 µs … 308.32 µs  in 10 ×    431 runs
[moonbitlang/core] bench builtin/array_retain_bench_test.mbt:77 ("bench Array::retain drop first n=100000") ok
time (mean ± σ)         range (min … max) 
 241.88 µs ±   1.12 µs   240.33 µs … 243.68 µs  in 10 ×    407 runs
[moonbitlang/core] bench builtin/array_make_blit_bench_test.mbt:32 ("bench FixedArray::copy Ref n=1000000") ok
time (mean ± σ)         range (min … max) 
   1.41 ms ± 105.49 µs     1.28 ms …   1.51 ms  in 10 ×     71 runs
[moonbitlang/core] bench builtin/array_make_blit_bench_test.mbt:38 ("bench Array::from_fixed_array Ref n=1000000") ok
time (mean ± σ)         range (min … max) 
   4.10 ms ± 258.01 µs     3.78 ms …   4.36 ms  in 10 ×     27 runs
[moonbitlang/core] bench builtin/array_make_blit_bench_test.mbt:44 ("bench Array::add Ref n=500000+500000") ok
time (mean ± σ)         range (min … max) 
   3.91 ms ± 292.35 µs     3.63 ms …   4.22 ms  in 10 ×     26 runs
[moonbitlang/core] bench builtin/array_make_blit_bench_test.mbt:51 ("bench ArrayView::add Ref n=500000+500000") ok
time (mean ± σ)         range (min … max) 
   4.02 ms ± 248.55 µs     3.65 ms …   4.20 ms  in 10 ×     28 runs
[moonbitlang/core] bench builtin/array_make_blit_bench_test.mbt:60 ("bench Array::blit_to Ref n=1000000 overwrite") ok
time (mean ± σ)         range (min … max) 
   2.22 ms ±   1.24 µs     2.21 ms …   2.22 ms  in 10 ×     46 runs
[moonbitlang/core] bench builtin/array_make_blit_bench_test.mbt:70 ("bench Array::blit_to Ref n=1000000 grow") ok
time (mean ± σ)         range (min … max) 
   4.00 ms ± 302.57 µs     3.66 ms …   4.66 ms  in 10 ×     28 runs
[moonbitlang/core] bench builtin/array_make_blit_bench_test.mbt:80 ("bench ArrayView::blit_to Ref n=1000000 overwrite") ok
time (mean ± σ)         range (min … max) 
   2.21 ms ±   2.02 µs     2.21 ms …   2.22 ms  in 10 ×     46 runs
[moonbitlang/core] bench builtin/array_make_blit_bench_test.mbt:90 ("bench ArrayView::blit_to Ref n=1000000 grow") ok
time (mean ± σ)         range (min … max) 
   3.99 ms ± 251.62 µs     3.63 ms …   4.18 ms  in 10 ×     28 runs
[moonbitlang/core] bench builtin/array_make_blit_bench_test.mbt:100 ("bench Array::append Ref n=1000000 grow") ok
time (mean ± σ)         range (min … max) 
   9.73 ms ± 463.07 µs     9.22 ms …  10.56 ms  in 10 ×     10 runs
[moonbitlang/core] bench builtin/array_make_blit_bench_test.mbt:110 ("bench Array::push Ref n=1000000 resize") ok
time (mean ± σ)         range (min … max) 
   9.80 ms ± 667.71 µs     9.08 ms …  10.76 ms  in 10 ×     11 runs
[moonbitlang/core] bench builtin/array_make_blit_bench_test.mbt:129 ("bench Array::copy Int n=1000000") ok
time (mean ± σ)         range (min … max) 
   1.20 ms ±  64.05 µs     1.08 ms …   1.25 ms  in 10 ×     83 runs
[moonbitlang/core] bench builtin/array_make_blit_bench_test.mbt:135 ("bench Array::copy Ref n=1000000") ok
time (mean ± σ)         range (min … max) 
   1.39 ms ±  88.52 µs     1.27 ms …   1.50 ms  in 10 ×     72 runs
[moonbitlang/core] bench builtin/array_locals_bench_test.mbt:29 ("bench Array::retain_map n=100000") ok
time (mean ± σ)         range (min … max) 
 113.25 µs ±   2.55 µs   110.43 µs … 116.76 µs  in 10 ×    905 runs
[moonbitlang/core] bench builtin/array_locals_bench_test.mbt:38 ("bench Array::shuffle_in_place n=100000") ok
time (mean ± σ)         range (min … max) 
 222.33 µs ± 318.62 ns   221.43 µs … 222.48 µs  in 10 ×    450 runs
[moonbitlang/core] bench builtin/array_locals_bench_test.mbt:50 ("bench Array::filter_map n=100000") ok
time (mean ± σ)         range (min … max) 
 258.71 µs ±   3.68 µs   257.15 µs … 269.18 µs  in 10 ×    389 runs
[moonbitlang/core] bench builtin/array_locals_bench_test.mbt:58 ("bench FixedArray::each n=100000") ok
time (mean ± σ)         range (min … max) 
  57.71 µs ±   1.23 µs    55.29 µs …  58.40 µs  in 10 ×   1714 runs
[moonbitlang/core] bench builtin/array_locals_bench_test.mbt:68 ("bench FixedArray::eachi n=100000") ok
time (mean ± σ)         range (min … max) 
  59.74 µs ±   1.26 µs    58.72 µs …  62.39 µs  in 10 ×   1650 runs
[moonbitlang/core] bench builtin/array_locals_bench_test.mbt:78 ("bench FixedArray::rev_each n=100000") ok
time (mean ± σ)         range (min … max) 
 515.20 µs ± 205.95 ns   514.88 µs … 515.49 µs  in 10 ×    195 runs
[moonbitlang/core] bench builtin/array_locals_bench_test.mbt:88 ("bench FixedArray::rev_eachi n=100000") ok
time (mean ± σ)         range (min … max) 
  77.47 µs ± 447.79 ns    76.58 µs …  77.74 µs  in 10 ×   1310 runs
[moonbitlang/core] bench builtin/array_locals_bench_test.mbt:98 ("bench FixedArray::map n=100000") ok
time (mean ± σ)         range (min … max) 
 262.69 µs ±  16.71 µs   252.12 µs … 300.61 µs  in 10 ×    397 runs
[moonbitlang/core] bench builtin/array_locals_bench_test.mbt:104 ("bench FixedArray::mapi n=100000") ok
time (mean ± σ)         range (min … max) 
 258.19 µs ±   5.55 µs   253.90 µs … 273.74 µs  in 10 ×    396 runs
[moonbitlang/core] bench builtin/array_locals_bench_test.mbt:110 ("bench FixedArray::makei n=100000") ok
time (mean ± σ)         range (min … max) 
 273.29 µs ±   6.09 µs   271.06 µs … 290.62 µs  in 10 ×    374 runs
[moonbitlang/core] bench builtin/array_locals_bench_test.mbt:115 ("bench FixedArray::fold n=100000") ok
time (mean ± σ)         range (min … max) 
  56.95 µs ±   1.32 µs    55.17 µs …  58.44 µs  in 10 ×   1714 runs
[moonbitlang/core] bench builtin/array_locals_bench_test.mbt:121 ("bench FixedArray::rev_fold n=100000") ok
time (mean ± σ)         range (min … max) 
 515.32 µs ± 380.07 ns   515.01 µs … 516.24 µs  in 10 ×    195 runs
[moonbitlang/core] bench builtin/array_locals_bench_test.mbt:127 ("bench FixedArray::foldi n=100000") ok
time (mean ± σ)         range (min … max) 
  60.33 µs ± 920.45 ns    59.79 µs …  62.22 µs  in 10 ×   1600 runs
[moonbitlang/core] bench builtin/array_locals_bench_test.mbt:133 ("bench FixedArray::rev_foldi n=100000") ok
time (mean ± σ)         range (min … max) 
  67.79 µs ±  65.28 ns    67.69 µs …  67.88 µs  in 10 ×   1473 runs
[moonbitlang/core] bench builtin/array_locals_bench_test.mbt:139 ("bench ArrayView::chunk_by n=100000") ok
time (mean ± σ)         range (min … max) 
 110.27 µs ± 128.04 ns   110.03 µs … 110.40 µs  in 10 ×    907 runs
[moonbitlang/core] bench builtin/array_locals_bench_test.mbt:146 ("bench ArrayView::each n=100000") ok
time (mean ± σ)         range (min … max) 
  63.93 µs ± 506.94 ns    63.31 µs …  64.55 µs  in 10 ×   1557 runs
[moonbitlang/core] bench builtin/array_locals_bench_test.mbt:157 ("bench ArrayView::eachi n=100000") ok
time (mean ± σ)         range (min … max) 
  66.22 µs ± 117.57 ns    65.96 µs …  66.44 µs  in 10 ×   1509 runs
[moonbitlang/core] bench builtin/array_locals_bench_test.mbt:168 ("bench ArrayView::rev_each n=100000") ok
time (mean ± σ)         range (min … max) 
  69.35 µs ± 240.12 ns    69.16 µs …  69.80 µs  in 10 ×   1434 runs
[moonbitlang/core] bench builtin/array_locals_bench_test.mbt:179 ("bench ArrayView::rev_eachi n=100000") ok
time (mean ± σ)         range (min … max) 
  75.64 µs ± 146.37 ns    75.30 µs …  75.80 µs  in 10 ×   1321 runs
[moonbitlang/core] bench builtin/array_locals_bench_test.mbt:190 ("bench ArrayView::all n=100000") ok
time (mean ± σ)         range (min … max) 
  86.58 µs ±   1.64 µs    84.52 µs …  88.42 µs  in 10 ×   1138 runs
[moonbitlang/core] bench builtin/array_locals_bench_test.mbt:197 ("bench ArrayView::any n=100000") ok
time (mean ± σ)         range (min … max) 
  86.46 µs ± 832.70 ns    85.46 µs …  87.75 µs  in 10 ×   1140 runs
[moonbitlang/core] bench builtin/array_locals_bench_test.mbt:204 ("bench ArrayView::search_by n=100000") ok
time (mean ± σ)         range (min … max) 
  86.53 µs ±   1.16 µs    84.86 µs …  88.27 µs  in 10 ×   1133 runs
[moonbitlang/core] bench builtin/array_locals_bench_test.mbt:213 ("bench ArrayView::fold n=100000") ok
time (mean ± σ)         range (min … max) 
  63.58 µs ± 780.44 ns    62.69 µs …  64.73 µs  in 10 ×   1492 runs
[moonbitlang/core] bench builtin/array_locals_bench_test.mbt:220 ("bench ArrayView::rev_fold n=100000") ok
time (mean ± σ)         range (min … max) 
 515.55 µs ± 259.79 ns   515.18 µs … 515.92 µs  in 10 ×    194 runs
[moonbitlang/core] bench builtin/array_locals_bench_test.mbt:227 ("bench ArrayView::foldi n=100000") ok
time (mean ± σ)         range (min … max) 
  66.20 µs ±  92.60 ns    65.97 µs …  66.32 µs  in 10 ×   1508 runs
[moonbitlang/core] bench builtin/array_locals_bench_test.mbt:234 ("bench ArrayView::rev_foldi n=100000") ok
time (mean ± σ)         range (min … max) 
  79.10 µs ±  62.58 ns    79.01 µs …  79.23 µs  in 10 ×   1263 runs
[moonbitlang/core] bench builtin/array_locals_bench_test.mbt:241 ("bench ArrayView::map n=100000") ok
time (mean ± σ)         range (min … max) 
 197.30 µs ±  10.23 µs   192.08 µs … 217.02 µs  in 10 ×    520 runs
[moonbitlang/core] bench builtin/array_locals_bench_test.mbt:248 ("bench ArrayView::mapi n=100000") ok
time (mean ± σ)         range (min … max) 
 197.60 µs ±  11.13 µs   191.25 µs … 219.01 µs  in 10 ×    519 runs
[moonbitlang/core] bench builtin/array_locals_bench_test.mbt:255 ("bench ArrayView::filter n=100000") ok
time (mean ± σ)         range (min … max) 
 254.42 µs ±   6.09 µs   251.51 µs … 271.67 µs  in 10 ×    395 runs
[moonbitlang/core] bench builtin/array_locals_bench_test.mbt:262 ("bench ArrayView::filter_map n=100000") ok
time (mean ± σ)         range (min … max) 
 260.55 µs ±   4.91 µs   258.07 µs … 273.76 µs  in 10 ×    333 runs
[moonbitlang/core] bench bytes/find_bench_test.mbt:92 ("bench BytesView::find single byte hit end n=4096") ok
time (mean ± σ)         range (min … max) 
   2.36 µs ±  14.52 ns     2.33 µs …   2.37 µs  in 10 ×  42653 runs
[moonbitlang/core] bench bytes/find_bench_test.mbt:99 ("bench BytesView::find single byte miss n=4096") ok
time (mean ± σ)         range (min … max) 
   2.38 µs ±   3.82 ns     2.37 µs …   2.39 µs  in 10 ×  42565 runs
[moonbitlang/core] bench bytes/find_bench_test.mbt:106 ("bench BytesView::find substring rare hit end n=4096") ok
time (mean ± σ)         range (min … max) 
   2.34 µs ±  18.52 ns     2.31 µs …   2.36 µs  in 10 ×  42734 runs
[moonbitlang/core] bench bytes/find_bench_test.mbt:113 ("bench BytesView::find substring dense miss n=4096") ok
time (mean ± σ)         range (min … max) 
   2.35 µs ±  27.86 ns     2.29 µs …   2.37 µs  in 10 ×  42257 runs
[moonbitlang/core] bench bytes/find_bench_test.mbt:120 ("bench BytesView::find offset view rare hit end n=4096") ok
time (mean ± σ)         range (min … max) 
   2.34 µs ±  16.90 ns     2.32 µs …   2.36 µs  in 10 ×  42545 runs
[moonbitlang/core] bench bytes/find_bench_test.mbt:127 ("bench BytesView::find long dense miss n=4096") ok
time (mean ± σ)         range (min … max) 
   5.03 µs ±   5.74 ns     5.02 µs …   5.03 µs  in 10 ×  19843 runs
[moonbitlang/core] bench bytes/find_bench_test.mbt:134 ("bench BytesView::find single byte miss n=32") ok
time (mean ± σ)         range (min … max) 
  23.84 ns ±   0.40 ns    22.97 ns …  24.28 ns  in 10 × 100000 runs
[moonbitlang/core] bench bytes/find_bench_test.mbt:141 ("bench BytesView::find substring miss n=32") ok
time (mean ± σ)         range (min … max) 
  22.23 ns ±   0.54 ns    21.11 ns …  23.28 ns  in 10 × 100000 runs
[moonbitlang/core] bench bytes/find_bench_test.mbt:148 ("bench BytesView::rev_find single byte hit start n=4096") ok
time (mean ± σ)         range (min … max) 
   2.37 µs ±   2.64 ns     2.36 µs …   2.37 µs  in 10 ×  42194 runs
[moonbitlang/core] bench bytes/find_bench_test.mbt:155 ("bench BytesView::rev_find single byte miss n=4096") ok
time (mean ± σ)         range (min … max) 
   2.34 µs ±  21.32 ns     2.29 µs …   2.36 µs  in 10 ×  42870 runs
[moonbitlang/core] bench bytes/find_bench_test.mbt:162 ("bench BytesView::rev_find substring rare hit start n=4096") ok
time (mean ± σ)         range (min … max) 
   2.32 µs ±  29.58 ns     2.29 µs …   2.36 µs  in 10 ×  42272 runs
[moonbitlang/core] bench bytes/find_bench_test.mbt:169 ("bench BytesView::rev_find substring dense miss n=4096") ok
time (mean ± σ)         range (min … max) 
   3.49 µs ±  32.06 ns     3.41 µs …   3.51 µs  in 10 ×  28543 runs
[moonbitlang/core] bench bytes/find_bench_test.mbt:176 ("bench BytesView::rev_find offset view rare hit start n=4096") ok
time (mean ± σ)         range (min … max) 
   2.38 µs ±   2.40 ns     2.37 µs …   2.38 µs  in 10 ×  42045 runs
[moonbitlang/core] bench bytes/find_bench_test.mbt:185 ("bench BytesView::rev_find long dense miss n=4096") ok
time (mean ± σ)         range (min … max) 
   3.55 µs ±  36.36 ns     3.48 µs …   3.59 µs  in 10 ×  28401 runs
[moonbitlang/core] bench debug/debug_inspect_bench_test.mbt:16 ("bench debug_inspect passing Int") ok
time (mean ± σ)         range (min … max) 
  47.39 ns ±   0.63 ns    46.54 ns …  48.23 ns  in 10 × 100000 runs
[moonbitlang/core] bench debug/debug_inspect_bench_test.mbt:21 ("bench debug_inspect passing Array") ok
time (mean ± σ)         range (min … max) 
 864.66 ns ±   4.00 ns   859.90 ns … 869.81 ns  in 10 × 100000 runs
[moonbitlang/core] bench deque/deque_bench_test.mbt:22 ("bench Deque::to_array Int n=50000") ok
time (mean ± σ)         range (min … max) 
 138.29 µs ±   5.92 µs   135.11 µs … 151.57 µs  in 10 ×    636 runs
[moonbitlang/core] bench deque/deque_bench_test.mbt:28 ("bench Deque::to_array Ref n=50000") ok
time (mean ± σ)         range (min … max) 
 145.88 µs ±   5.20 µs   142.78 µs … 157.28 µs  in 10 ×    623 runs
[moonbitlang/core] bench deque/deque_bench_test.mbt:34 ("bench Deque steady-state pop_front/push_back x100000 len=1000") ok
time (mean ± σ)         range (min … max) 
 558.32 µs ± 829.81 ns   556.00 µs … 558.84 µs  in 10 ×    179 runs
[moonbitlang/core] bench deque/deque_bench_test.mbt:51 ("bench Deque steady-state push_front/pop_back x100000 len=1000") ok
time (mean ± σ)         range (min … max) 
 558.20 µs ± 864.38 ns   556.04 µs … 558.80 µs  in 10 ×    191 runs
[moonbitlang/core] bench deque/deque_bench_test.mbt:67 ("bench Deque::get x100000 len=1000") ok
time (mean ± σ)         range (min … max) 
 629.51 µs ± 153.68 ns   629.24 µs … 629.67 µs  in 10 ×    159 runs
[moonbitlang/core] bench encoding/ascii/ascii_bench_test.mbt:40 ("bench ASCII decode n=15") ok
time (mean ± σ)         range (min … max) 
 124.74 ns ±   0.22 ns   124.49 ns … 125.09 ns  in 10 × 100000 runs
[moonbitlang/core] bench encoding/ascii/ascii_bench_test.mbt:46 ("bench ASCII decode n=16") ok
time (mean ± σ)         range (min … max) 
 127.73 ns ±   0.74 ns   126.90 ns … 129.32 ns  in 10 × 100000 runs
[moonbitlang/core] bench encoding/ascii/ascii_bench_test.mbt:52 ("bench ASCII decode n=32") ok
time (mean ± σ)         range (min … max) 
 212.90 ns ±   0.72 ns   211.86 ns … 214.29 ns  in 10 × 100000 runs
[moonbitlang/core] bench encoding/ascii/ascii_bench_test.mbt:58 ("bench ASCII decode n=64") ok
time (mean ± σ)         range (min … max) 
 396.81 ns ±   1.16 ns   395.44 ns … 398.91 ns  in 10 × 100000 runs
[moonbitlang/core] bench encoding/ascii/ascii_bench_test.mbt:64 ("bench ASCII decode n=100000") ok
time (mean ± σ)         range (min … max) 
 647.99 µs ±  51.04 µs   624.41 µs … 792.32 µs  in 10 ×    159 runs
[moonbitlang/core] bench encoding/ascii/ascii_bench_test.mbt:70 ("bench ASCII decode n=1000000") ok
time (mean ± σ)         range (min … max) 
   6.82 ms ±  33.37 µs     6.77 ms …   6.89 ms  in 10 ×     15 runs
[moonbitlang/core] bench encoding/base64/v128_bench_wbtest.mbt:38 ("bench encode scalar n=64") ok
time (mean ± σ)         range (min … max) 
 498.53 ns ±   0.43 ns   497.77 ns … 498.95 ns  in 10 × 100000 runs
[moonbitlang/core] bench encoding/base64/v128_bench_wbtest.mbt:43 ("bench encode v128 n=64") ok
time (mean ± σ)         range (min … max) 
 502.90 ns ±   0.43 ns   502.34 ns … 503.54 ns  in 10 × 100000 runs
[moonbitlang/core] bench encoding/base64/v128_bench_wbtest.mbt:48 ("bench encode scalar n=1024") ok
time (mean ± σ)         range (min … max) 
   7.08 µs ±  45.93 ns     7.00 µs …   7.15 µs  in 10 ×  14265 runs
[moonbitlang/core] bench encoding/base64/v128_bench_wbtest.mbt:53 ("bench encode v128 n=1024") ok
time (mean ± σ)         range (min … max) 
   7.10 µs ±  46.65 ns     7.02 µs …   7.19 µs  in 10 ×  14162 runs
[moonbitlang/core] bench encoding/base64/v128_bench_wbtest.mbt:58 ("bench encode scalar n=65536") ok
time (mean ± σ)         range (min … max) 
 597.72 µs ±   2.26 µs   593.33 µs … 599.20 µs  in 10 ×    169 runs
[moonbitlang/core] bench encoding/base64/v128_bench_wbtest.mbt:63 ("bench encode v128 n=65536") ok
time (mean ± σ)         range (min … max) 
 597.47 µs ±   2.21 µs   593.04 µs … 599.93 µs  in 10 ×    169 runs
[moonbitlang/core] bench encoding/base64/v128_bench_wbtest.mbt:68 ("bench decode scalar n=64") ok
time (mean ± σ)         range (min … max) 
 673.53 ns ±   0.62 ns   672.04 ns … 674.19 ns  in 10 × 100000 runs
[moonbitlang/core] bench encoding/base64/v128_bench_wbtest.mbt:75 ("bench decode v128 n=64") ok
time (mean ± σ)         range (min … max) 
 683.63 ns ±  27.12 ns   670.87 ns … 758.93 ns  in 10 × 100000 runs
[moonbitlang/core] bench encoding/base64/v128_bench_wbtest.mbt:80 ("bench decode scalar n=1024") ok
time (mean ± σ)         range (min … max) 
  10.46 µs ± 341.03 ns    10.11 µs …  11.05 µs  in 10 ×   9557 runs
[moonbitlang/core] bench encoding/base64/v128_bench_wbtest.mbt:87 ("bench decode v128 n=1024") ok
time (mean ± σ)         range (min … max) 
  10.54 µs ± 261.68 ns    10.28 µs …  11.02 µs  in 10 ×   9580 runs
[moonbitlang/core] bench encoding/base64/v128_bench_wbtest.mbt:92 ("bench decode scalar n=65536") ok
time (mean ± σ)         range (min … max) 
 811.78 µs ±   3.13 µs   809.33 µs … 819.89 µs  in 10 ×    108 runs
[moonbitlang/core] bench encoding/base64/v128_bench_wbtest.mbt:99 ("bench decode v128 n=65536") ok
time (mean ± σ)         range (min … max) 
 808.23 µs ±   2.40 µs   805.95 µs … 813.56 µs  in 10 ×    111 runs
[moonbitlang/core] bench encoding/hex/v128_bench_wbtest.mbt:34 ("bench encode scalar 4k") ok
time (mean ± σ)         range (min … max) 
  40.62 µs ±  76.21 ns    40.51 µs …  40.70 µs  in 10 ×   2477 runs
[moonbitlang/core] bench encoding/hex/v128_bench_wbtest.mbt:39 ("bench encode public 64") ok
time (mean ± σ)         range (min … max) 
 680.24 ns ±   0.92 ns   678.65 ns … 681.35 ns  in 10 × 100000 runs
[moonbitlang/core] bench encoding/hex/v128_bench_wbtest.mbt:44 ("bench encode public 4k") ok
time (mean ± σ)         range (min … max) 
  40.64 µs ±  75.59 ns    40.47 µs …  40.73 µs  in 10 ×   2512 runs
[moonbitlang/core] bench encoding/hex/v128_bench_wbtest.mbt:49 ("bench encode public 64k") ok
time (mean ± σ)         range (min … max) 
   1.09 ms ±   7.09 µs     1.08 ms …   1.10 ms  in 10 ×     91 runs
[moonbitlang/core] bench encoding/hex/v128_bench_wbtest.mbt:54 ("bench decode scalar 4k") ok
time (mean ± σ)         range (min … max) 
  45.10 µs ± 537.68 ns    44.58 µs …  46.00 µs  in 10 ×   2225 runs
[moonbitlang/core] bench encoding/hex/v128_bench_wbtest.mbt:62 ("bench decode public 4k") ok
time (mean ± σ)         range (min … max) 
  45.46 µs ± 756.32 ns    44.26 µs …  46.37 µs  in 10 ×   2218 runs
[moonbitlang/core] bench encoding/hex/v128_bench_wbtest.mbt:70 ("bench decode public 64k") ok
time (mean ± σ)         range (min … max) 
 651.93 µs ±  25.32 µs   640.63 µs … 720.86 µs  in 10 ×    126 runs
[moonbitlang/core] bench encoding/utf16/utf16_v128_bench_test.mbt:57 ("bench utf16 encode ASCII LE n=100000") ok
time (mean ± σ)         range (min … max) 
 186.33 µs ±  10.73 µs   180.38 µs … 213.04 µs  in 10 ×    389 runs
[moonbitlang/core] bench encoding/utf16/utf16_v128_bench_test.mbt:63 ("bench utf16 encode ASCII BE n=100000") ok
time (mean ± σ)         range (min … max) 
 240.43 µs ± 145.23 ns   240.21 µs … 240.66 µs  in 10 ×    417 runs
[moonbitlang/core] bench encoding/utf16/utf16_v128_bench_test.mbt:69 ("bench utf16 encode mixed LE n=100000") ok
time (mean ± σ)         range (min … max) 
 185.78 µs ±   9.98 µs   180.26 µs … 211.51 µs  in 10 ×    406 runs
[moonbitlang/core] bench encoding/utf16/utf16_v128_bench_test.mbt:75 ("bench utf16 encode mixed BE n=100000") ok
time (mean ± σ)         range (min … max) 
 242.77 µs ±   5.60 µs   239.88 µs … 258.19 µs  in 10 ×    417 runs
[moonbitlang/core] bench encoding/utf16/utf16_v128_bench_test.mbt:81 ("bench utf16 decode ASCII LE n=100000") ok
time (mean ± σ)         range (min … max) 
 796.03 µs ±   1.81 µs   794.45 µs … 799.63 µs  in 10 ×    126 runs
[moonbitlang/core] bench encoding/utf16/utf16_v128_bench_test.mbt:87 ("bench utf16 decode ASCII BE n=100000") ok
time (mean ± σ)         range (min … max) 
 820.40 µs ± 802.52 ns   819.39 µs … 821.44 µs  in 10 ×    121 runs
[moonbitlang/core] bench encoding/utf16/utf16_v128_bench_test.mbt:95 ("bench utf16 decode mixed LE n=100000") ok
time (mean ± σ)         range (min … max) 
 832.53 µs ±   4.42 µs   828.69 µs … 839.03 µs  in 10 ×    121 runs
[moonbitlang/core] bench encoding/utf16/utf16_v128_bench_test.mbt:101 ("bench utf16 decode mixed BE n=100000") ok
time (mean ± σ)         range (min … max) 
 854.17 µs ±   1.78 µs   852.35 µs … 857.50 µs  in 10 ×    117 runs
[moonbitlang/core] bench encoding/utf16/utf16_v128_bench_test.mbt:109 ("bench utf16 decode emoji LE n=100000") ok
time (mean ± σ)         range (min … max) 
 713.56 µs ± 970.29 ns   712.20 µs … 714.51 µs  in 10 ×    141 runs
[moonbitlang/core] bench encoding/utf16/utf16_v128_bench_test.mbt:115 ("bench utf16 decode emoji BE n=100000") ok
time (mean ± σ)         range (min … max) 
 787.11 µs ±   1.08 µs   785.79 µs … 788.88 µs  in 10 ×    121 runs
[moonbitlang/core] bench hashmap/hashmap_bench_test.mbt:19 ("bench HashMap::set n=50000") ok
time (mean ± σ)         range (min … max) 
   2.16 ms ±  31.40 µs     2.11 ms …   2.20 ms  in 10 ×     47 runs
[moonbitlang/core] bench hashmap/hashmap_bench_test.mbt:30 ("bench HashMap::get n=50000") ok
time (mean ± σ)         range (min … max) 
 419.64 µs ±   8.85 µs   413.26 µs … 440.14 µs  in 10 ×    242 runs
[moonbitlang/core] bench hashmap/hashmap_bench_test.mbt:47 ("bench HashMap::get miss n=50000") ok
time (mean ± σ)         range (min … max) 
 565.60 µs ±  16.14 µs   550.84 µs … 587.55 µs  in 10 ×    170 runs
[moonbitlang/core] bench hashmap/hashmap_bench_test.mbt:67 ("bench HashMap::set+remove n=50000") ok
time (mean ± σ)         range (min … max) 
   3.18 ms ±  33.03 µs     3.14 ms …   3.25 ms  in 10 ×     32 runs
[moonbitlang/core] bench hashmap/hashmap_bench_test.mbt:87 ("bench HashMap::copy+remove n=50000") ok
time (mean ± σ)         range (min … max) 
   1.55 ms ±  23.02 µs     1.53 ms …   1.59 ms  in 10 ×     65 runs
[moonbitlang/core] bench hashmap/hashmap_bench_test.mbt:102 ("bench HashMap::copy n=50000") ok
time (mean ± σ)         range (min … max) 
   1.03 ms ±  36.32 µs   992.95 µs …   1.09 ms  in 10 ×     91 runs
[moonbitlang/core] bench hashmap/hashmap_bench_test.mbt:114 ("bench HashMap::to_array Int n=50000") ok
time (mean ± σ)         range (min … max) 
 910.35 µs ±  18.10 µs   883.04 µs … 929.83 µs  in 10 ×    114 runs
[moonbitlang/core] bench hashmap/hashmap_bench_test.mbt:123 ("bench HashMap::to_array Ref n=50000") ok
time (mean ± σ)         range (min … max) 
 920.71 µs ±  21.76 µs   897.12 µs … 963.38 µs  in 10 ×    111 runs
[moonbitlang/core] bench hashmap/hashmap_bench_test.mbt:141 ("bench HashMap::filter n=50000") ok
time (mean ± σ)         range (min … max) 
   1.14 ms ±  26.20 µs     1.12 ms …   1.21 ms  in 10 ×     88 runs
[moonbitlang/core] bench hashmap/hashmap_bench_test.mbt:147 ("bench HashMap comprehension filter n=50000") ok
time (mean ± σ)         range (min … max) 
   3.78 ms ±  50.56 µs     3.71 ms …   3.86 ms  in 10 ×     27 runs
[moonbitlang/core] bench hashset/set_algebra_bench_test.mbt:26 ("bench HashSet::union String 10k 50% overlap") ok
time (mean ± σ)         range (min … max) 
 582.71 µs ±   3.33 µs   578.93 µs … 591.06 µs  in 10 ×    172 runs
[moonbitlang/core] bench hashset/set_algebra_bench_test.mbt:33 ("bench HashSet::union Int 10k 50% overlap") ok
time (mean ± σ)         range (min … max) 
 551.77 µs ±   4.57 µs   547.93 µs … 559.48 µs  in 10 ×    180 runs
[moonbitlang/core] bench hashset/set_algebra_bench_test.mbt:40 ("bench HashSet::intersection String 10k 50% overlap") ok
time (mean ± σ)         range (min … max) 
 339.97 µs ±  19.78 µs   320.85 µs … 362.97 µs  in 10 ×    269 runs
[moonbitlang/core] bench hashset/set_algebra_bench_test.mbt:47 ("bench HashSet::difference String 10k 50% overlap") ok
time (mean ± σ)         range (min … max) 
 333.87 µs ±   1.77 µs   330.46 µs … 336.86 µs  in 10 ×    279 runs
[moonbitlang/core] bench hashset/set_algebra_bench_test.mbt:54 ("bench HashSet::is_subset String 10k true") ok
time (mean ± σ)         range (min … max) 
 218.31 µs ±   2.85 µs   214.18 µs … 222.30 µs  in 10 ×    442 runs
[moonbitlang/core] bench hashset/set_algebra_bench_test.mbt:61 ("bench HashSet == String 10k") ok
time (mean ± σ)         range (min … max) 
 219.25 µs ±   5.09 µs   214.41 µs … 227.00 µs  in 10 ×    427 runs
[moonbitlang/core] bench hashset/set_algebra_bench_test.mbt:68 ("bench HashSet == Int 10k") ok
time (mean ± σ)         range (min … max) 
  81.98 µs ±  20.57 µs    60.40 µs … 108.18 µs  in 10 ×    983 runs
[moonbitlang/core] bench hashset/hashset_bench_test.mbt:19 ("bench HashSet::add n=50000") ok
time (mean ± σ)         range (min … max) 
   2.36 ms ±  31.27 µs     2.32 ms …   2.40 ms  in 10 ×     42 runs
[moonbitlang/core] bench hashset/hashset_bench_test.mbt:30 ("bench HashSet::contains n=50000") ok
time (mean ± σ)         range (min … max) 
   1.04 ms ±  22.53 µs     1.02 ms …   1.09 ms  in 10 ×     90 runs
[moonbitlang/core] bench hashset/hashset_bench_test.mbt:56 ("bench HashSet::filter n=50000") ok
time (mean ± σ)         range (min … max) 
 462.41 µs ±   1.73 µs   460.17 µs … 465.36 µs  in 10 ×    214 runs
[moonbitlang/core] bench hashset/hashset_bench_test.mbt:62 ("bench HashSet comprehension filter n=50000") ok
time (mean ± σ)         range (min … max) 
   1.42 ms ±   1.71 µs     1.42 ms …   1.43 ms  in 10 ×     71 runs
[moonbitlang/core] bench immut/hashmap/update_bench_test.mbt:21 ("bench HashMap::remove absent x1000 n=100000") ok
time (mean ± σ)         range (min … max) 
  44.94 µs ±  34.37 ns    44.88 µs …  44.97 µs  in 10 ×   2226 runs
[moonbitlang/core] bench immut/hashmap/update_bench_test.mbt:32 ("bench HashMap::remove present x1000 n=100000") ok
time (mean ± σ)         range (min … max) 
 208.14 µs ±   1.25 µs   205.90 µs … 209.84 µs  in 10 ×    489 runs
[moonbitlang/core] bench immut/hashmap/update_bench_test.mbt:43 ("bench HashMap::union with a derived version n=100000") ok
time (mean ± σ)         range (min … max) 
 974.70 ns ±   0.62 ns   974.00 ns … 976.11 ns  in 10 × 100000 runs
[moonbitlang/core] bench immut/hashmap/update_bench_test.mbt:49 ("bench HashMap::intersection with a derived version n=100000") ok
time (mean ± σ)         range (min … max) 
 925.42 ns ±   4.58 ns   918.53 ns … 935.92 ns  in 10 × 100000 runs
[moonbitlang/core] bench immut/hashmap/hashmap_build_bench_test.mbt:37 ("bench HashMap constructor ordered n=10000") ok
time (mean ± σ)         range (min … max) 
   1.36 ms ±   9.90 µs     1.35 ms …   1.39 ms  in 10 ×     73 runs
[moonbitlang/core] bench immut/hashmap/hashmap_build_bench_test.mbt:43 ("bench HashMap constructor random n=10000") ok
time (mean ± σ)         range (min … max) 
   1.35 ms ±  11.38 µs     1.34 ms …   1.37 ms  in 10 ×     74 runs
[moonbitlang/core] bench immut/hashmap/hashmap_build_bench_test.mbt:49 ("bench HashMap::from_iter random n=10000") ok
time (mean ± σ)         range (min … max) 
   1.39 ms ±  10.96 µs     1.38 ms …   1.41 ms  in 10 ×     73 runs
[moonbitlang/core] bench immut/hashset/update_bench_test.mbt:21 ("bench HashSet::add existing x1000 n=100000") ok
time (mean ± σ)         range (min … max) 
  54.82 µs ± 403.88 ns    54.14 µs …  55.15 µs  in 10 ×   1889 runs
[moonbitlang/core] bench immut/hashset/update_bench_test.mbt:32 ("bench HashSet::remove absent x1000 n=100000") ok
time (mean ± σ)         range (min … max) 
  44.20 µs ± 188.00 ns    43.81 µs …  44.36 µs  in 10 ×   2277 runs
[moonbitlang/core] bench immut/hashset/update_bench_test.mbt:43 ("bench HashSet::add new x1000 n=100000") ok
time (mean ± σ)         range (min … max) 
 186.66 µs ±  10.76 µs   179.52 µs … 215.01 µs  in 10 ×    559 runs
[moonbitlang/core] bench immut/hashset/update_bench_test.mbt:54 ("bench HashSet::union with a derived version n=100000") ok
time (mean ± σ)         range (min … max) 
 814.08 ns ±   1.76 ns   811.43 ns … 816.31 ns  in 10 × 100000 runs
[moonbitlang/core] bench immut/hashset/hashset_build_bench_test.mbt:34 ("bench HashSet constructor ordered n=10000") ok
time (mean ± σ)         range (min … max) 
   1.32 ms ±  15.09 µs     1.30 ms …   1.35 ms  in 10 ×     75 runs
[moonbitlang/core] bench immut/hashset/hashset_build_bench_test.mbt:40 ("bench HashSet constructor random n=10000") ok
time (mean ± σ)         range (min … max) 
   1.30 ms ±   3.87 µs     1.29 ms …   1.31 ms  in 10 ×     76 runs
[moonbitlang/core] bench immut/hashset/hashset_build_bench_test.mbt:46 ("bench HashSet::from_iter random n=10000") ok
time (mean ± σ)         range (min … max) 
   1.38 ms ±  10.56 µs     1.37 ms …   1.40 ms  in 10 ×     73 runs
[moonbitlang/core] bench immut/priority_queue/priority_queue_build_bench_test.mbt:38 ("bench PriorityQueue::from_array ordered n=10000") ok
time (mean ± σ)         range (min … max) 
 100.97 µs ±   1.71 µs    99.85 µs … 105.55 µs  in 10 ×    926 runs
[moonbitlang/core] bench immut/priority_queue/priority_queue_build_bench_test.mbt:44 ("bench PriorityQueue::from_array reverse n=10000") ok
time (mean ± σ)         range (min … max) 
  81.12 µs ± 262.24 ns    80.73 µs …  81.42 µs  in 10 ×   1177 runs
[moonbitlang/core] bench immut/priority_queue/priority_queue_build_bench_test.mbt:50 ("bench PriorityQueue::from_array random n=10000") ok
time (mean ± σ)         range (min … max) 
  98.17 µs ±   1.56 µs    97.17 µs … 102.49 µs  in 10 ×    945 runs
[moonbitlang/core] bench immut/priority_queue/priority_queue_build_bench_test.mbt:56 ("bench PriorityQueue::from_iter random n=10000") ok
time (mean ± σ)         range (min … max) 
 117.52 µs ±  11.39 µs   110.82 µs … 141.08 µs  in 10 ×    867 runs
[moonbitlang/core] bench immut/sorted_map/sorted_map_build_bench_test.mbt:54 ("bench SortedMap constructor reverse n=10000") ok
time (mean ± σ)         range (min … max) 
 133.80 µs ± 376.49 ns   133.18 µs … 134.31 µs  in 10 ×    750 runs
[moonbitlang/core] bench immut/sorted_map/sorted_map_build_bench_test.mbt:60 ("bench SortedMap::from_iter ordered n=10000") ok
time (mean ± σ)         range (min … max) 
   4.04 ms ±  23.89 µs     4.02 ms …   4.08 ms  in 10 ×     25 runs
[moonbitlang/core] bench immut/sorted_map/sorted_map_build_bench_test.mbt:66 ("bench SortedMap::from_iter almost ordered n=10000") ok
time (mean ± σ)         range (min … max) 
   4.06 ms ±  26.07 µs     4.02 ms …   4.10 ms  in 10 ×     25 runs
[moonbitlang/core] bench immut/sorted_map/sorted_map_build_bench_test.mbt:72 ("bench SortedMap::from_iter random n=10000") ok
time (mean ± σ)         range (min … max) 
   1.92 ms ±  10.14 µs     1.91 ms …   1.94 ms  in 10 ×     53 runs
[moonbitlang/core] bench immut/sorted_map/sorted_map_build_bench_test.mbt:78 ("bench SortedMap constructor ordered n=10000") ok
time (mean ± σ)         range (min … max) 
 136.57 µs ± 519.13 ns   135.82 µs … 137.21 µs  in 10 ×    732 runs
[moonbitlang/core] bench immut/sorted_map/sorted_map_build_bench_test.mbt:84 ("bench SortedMap constructor almost ordered n=10000") ok
time (mean ± σ)         range (min … max) 
 268.52 µs ±   1.23 µs   266.72 µs … 270.70 µs  in 10 ×    373 runs
[moonbitlang/core] bench immut/sorted_map/sorted_map_build_bench_test.mbt:90 ("bench SortedMap constructor random n=10000") ok
time (mean ± σ)         range (min … max) 
 888.85 µs ±   2.82 µs   884.99 µs … 892.86 µs  in 10 ×    112 runs
[moonbitlang/core] bench immut/sorted_map/merge_bench_test.mbt:29 ("bench merge disjoint n=1000") ok
time (mean ± σ)         range (min … max) 
   3.75 µs ±  12.70 ns     3.74 µs …   3.78 µs  in 10 ×  26112 runs
[moonbitlang/core] bench immut/sorted_map/merge_bench_test.mbt:36 ("bench merge disjoint n=5000") ok
time (mean ± σ)         range (min … max) 
   5.63 µs ±  55.86 ns     5.58 µs …   5.73 µs  in 10 ×  17791 runs
[moonbitlang/core] bench immut/sorted_map/merge_bench_test.mbt:43 ("bench merge disjoint n=10000") ok
time (mean ± σ)         range (min … max) 
   6.69 µs ±  53.02 ns     6.62 µs …   6.77 µs  in 10 ×  14922 runs
[moonbitlang/core] bench immut/sorted_map/merge_bench_test.mbt:50 ("bench merge overlapping 50% n=1000") ok
time (mean ± σ)         range (min … max) 
  10.88 µs ±  13.66 ns    10.86 µs …  10.90 µs  in 10 ×   9061 runs
[moonbitlang/core] bench immut/sorted_map/merge_bench_test.mbt:57 ("bench merge overlapping 50% n=5000") ok
time (mean ± σ)         range (min … max) 
  50.84 µs ± 117.90 ns    50.65 µs …  51.04 µs  in 10 ×   1960 runs
[moonbitlang/core] bench immut/sorted_map/merge_bench_test.mbt:64 ("bench merge overlapping 50% n=10000") ok
time (mean ± σ)         range (min … max) 
 107.13 µs ± 268.18 ns   106.87 µs … 107.66 µs  in 10 ×    929 runs
[moonbitlang/core] bench immut/sorted_map/merge_bench_test.mbt:71 ("bench merge identical n=1000") ok
time (mean ± σ)         range (min … max) 
  10.93 µs ±   5.75 ns    10.92 µs …  10.94 µs  in 10 ×   9143 runs
[moonbitlang/core] bench immut/sorted_map/merge_bench_test.mbt:78 ("bench merge identical n=5000") ok
time (mean ± σ)         range (min … max) 
  58.62 µs ±   5.64 µs    56.26 µs …  74.37 µs  in 10 ×   1768 runs
[moonbitlang/core] bench immut/sorted_map/merge_bench_test.mbt:85 ("bench merge interleaved n=1000") ok
time (mean ± σ)         range (min … max) 
  54.66 µs ± 259.17 ns    54.23 µs …  55.08 µs  in 10 ×   1820 runs
[moonbitlang/core] bench immut/sorted_map/merge_bench_test.mbt:92 ("bench merge interleaved n=5000") ok
time (mean ± σ)         range (min … max) 
 306.97 µs ± 880.72 ns   305.90 µs … 308.49 µs  in 10 ×    326 runs
[moonbitlang/core] bench immut/sorted_map/merge_bench_test.mbt:99 ("bench merge small into large n=100+10000") ok
time (mean ± σ)         range (min … max) 
   5.04 µs ±  42.63 ns     5.00 µs …   5.12 µs  in 10 ×  19903 runs
[moonbitlang/core] bench immut/sorted_set/sorted_set_build_bench_test.mbt:51 ("bench SortedSet constructor reverse n=10000") ok
time (mean ± σ)         range (min … max) 
 117.33 µs ± 432.28 ns   116.72 µs … 118.26 µs  in 10 ×    846 runs
[moonbitlang/core] bench immut/sorted_set/sorted_set_build_bench_test.mbt:57 ("bench SortedSet::from_iter ordered n=10000") ok
time (mean ± σ)         range (min … max) 
   3.07 ms ±  17.61 µs     3.05 ms …   3.09 ms  in 10 ×     33 runs
[moonbitlang/core] bench immut/sorted_set/sorted_set_build_bench_test.mbt:63 ("bench SortedSet::from_iter almost ordered n=10000") ok
time (mean ± σ)         range (min … max) 
   3.08 ms ±  20.59 µs     3.06 ms …   3.11 ms  in 10 ×     33 runs
[moonbitlang/core] bench immut/sorted_set/sorted_set_build_bench_test.mbt:69 ("bench SortedSet::from_iter rev almost ordered n=10000") ok
time (mean ± σ)         range (min … max) 
   3.49 ms ± 287.48 µs     3.37 ms …   4.30 ms  in 10 ×     30 runs
[moonbitlang/core] bench immut/sorted_set/sorted_set_build_bench_test.mbt:75 ("bench SortedSet::from_iter random n=10000") ok
time (mean ± σ)         range (min … max) 
   1.77 ms ±   6.12 µs     1.77 ms …   1.78 ms  in 10 ×     57 runs
[moonbitlang/core] bench immut/sorted_set/sorted_set_build_bench_test.mbt:81 ("bench SortedSet constructor ordered n=10000") ok
time (mean ± σ)         range (min … max) 
 120.15 µs ± 483.91 ns   119.77 µs … 121.30 µs  in 10 ×    826 runs
[moonbitlang/core] bench immut/sorted_set/sorted_set_build_bench_test.mbt:87 ("bench SortedSet constructor almost ordered n=10000") ok
time (mean ± σ)         range (min … max) 
 182.91 µs ± 827.97 ns   182.17 µs … 184.62 µs  in 10 ×    542 runs
[moonbitlang/core] bench immut/sorted_set/sorted_set_build_bench_test.mbt:93 ("bench SortedSet constructor random n=10000") ok
time (mean ± σ)         range (min … max) 
 530.22 µs ±   2.77 µs   525.71 µs … 533.37 µs  in 10 ×    186 runs
[moonbitlang/core] bench immut/vector/vector_iter_bench_test.mbt:24 ("bench Vector::iter fold n=100000") ok
time (mean ± σ)         range (min … max) 
 639.08 µs ± 636.45 ns   638.45 µs … 640.74 µs  in 10 ×    157 runs
[moonbitlang/core] bench immut/vector/vector_iter_bench_test.mbt:30 ("bench Vector::iter each n=100000") ok
time (mean ± σ)         range (min … max) 
 639.04 µs ± 209.51 ns   638.64 µs … 639.27 µs  in 10 ×    157 runs
[moonbitlang/core] bench immut/vector/vector_iter_bench_test.mbt:40 ("bench Vector::iter to_array n=100000") ok
time (mean ± σ)         range (min … max) 
   1.43 ms ± 187.96 µs     1.14 ms …   1.69 ms  in 10 ×     88 runs
[moonbitlang/core] bench immut/vector/vector_iter_bench_test.mbt:46 ("bench Vector::for-in n=100000") ok
time (mean ± σ)         range (min … max) 
 641.15 µs ±   5.40 µs   636.54 µs … 653.33 µs  in 10 ×    158 runs
[moonbitlang/core] bench immut/vector/vector_contains_bench_test.mbt:24 ("bench Vector::contains missing n=100000") ok
time (mean ± σ)         range (min … max) 
  89.98 µs ± 101.13 ns    89.84 µs …  90.12 µs  in 10 ×   1114 runs
[moonbitlang/core] bench immut/vector/vector_contains_bench_test.mbt:30 ("bench Vector::contains tree-end n=100000") ok
time (mean ± σ)         range (min … max) 
  91.24 µs ±  40.98 ns    91.19 µs …  91.31 µs  in 10 ×   1095 runs
[moonbitlang/core] bench immut/vector/vector_contains_bench_test.mbt:36 ("bench Vector::contains tail-end n=100000") ok
time (mean ± σ)         range (min … max) 
  88.76 µs ± 373.83 ns    88.15 µs …  89.21 µs  in 10 ×   1131 runs
[moonbitlang/core] bench internal/strconv/parse_double_bench_test.mbt:48 ("bench parse_double fast digits n=4096") ok
time (mean ± σ)         range (min … max) 
 652.36 µs ±   2.76 µs   649.52 µs … 659.07 µs  in 10 ×    149 runs
[moonbitlang/core] bench internal/strconv/parse_double_bench_test.mbt:55 ("bench parse_double underscores n=4096") ok
time (mean ± σ)         range (min … max) 
   1.04 ms ±  13.48 µs     1.03 ms …   1.08 ms  in 10 ×     89 runs
[moonbitlang/core] bench internal/strconv/parse_double_bench_test.mbt:62 ("bench parse_double long mantissa n=4096") ok
time (mean ± σ)         range (min … max) 
   2.56 ms ± 194.33 µs     2.50 ms …   3.12 ms  in 10 ×     40 runs
[moonbitlang/core] bench json/stringify_indent_bench_test.mbt:45 ("bench Json::stringify deep wide indent=2 n=10000") ok
time (mean ± σ)         range (min … max) 
 249.11 µs ± 263.06 ns   248.60 µs … 249.45 µs  in 10 ×    404 runs
[moonbitlang/core] bench json/stringify_indent_bench_test.mbt:54 ("bench Json::stringify compact n=10000") ok
time (mean ± σ)         range (min … max) 
 184.21 µs ± 244.21 ns   183.83 µs … 184.67 µs  in 10 ×    544 runs
[moonbitlang/core] bench json/stringify_indent_bench_test.mbt:60 ("bench Json::stringify shallow wide indent=2 n=500") ok
time (mean ± σ)         range (min … max) 
 256.37 µs ± 446.63 ns   255.80 µs … 257.25 µs  in 10 ×    391 runs
[moonbitlang/core] bench json/stringify_indent_bench_test.mbt:66 ("bench Json::stringify shallow wide compact n=500") ok
time (mean ± σ)         range (min … max) 
 192.96 µs ± 192.02 ns   192.65 µs … 193.23 µs  in 10 ×    511 runs
[moonbitlang/core] bench json/stringify_escape_bench_test.mbt:24 ("bench Json::stringify strings no escape n=2048") ok
time (mean ± σ)         range (min … max) 
 171.93 µs ± 778.90 ns   171.42 µs … 174.01 µs  in 10 ×    581 runs
[moonbitlang/core] bench json/stringify_escape_bench_test.mbt:30 ("bench Json::stringify strings slash no escape n=2048") ok
time (mean ± σ)         range (min … max) 
 171.67 µs ± 831.20 ns   170.71 µs … 173.73 µs  in 10 ×    582 runs
[moonbitlang/core] bench json/stringify_escape_bench_test.mbt:36 ("bench Json::stringify strings slash escaped n=2048") ok
time (mean ± σ)         range (min … max) 
 454.33 µs ±   1.10 µs   452.96 µs … 455.64 µs  in 10 ×    221 runs
[moonbitlang/core] bench json/stringify_escape_bench_test.mbt:42 ("bench Json::stringify strings quotes controls n=2048") ok
time (mean ± σ)         range (min … max) 
 387.78 µs ±   1.12 µs   386.31 µs … 389.93 µs  in 10 ×    243 runs
[moonbitlang/core] bench json/stringify_escape_bench_test.mbt:48 ("bench Json::stringify 2KB prose one newline n=64") ok
time (mean ± σ)         range (min … max) 
 299.75 µs ±   3.48 µs   294.81 µs … 303.28 µs  in 10 ×    337 runs
[moonbitlang/core] bench json/parse_bench_test.mbt:45 ("bench json parse mixed object array n=1000") ok
time (mean ± σ)         range (min … max) 
   1.59 ms ±   4.22 µs     1.59 ms …   1.60 ms  in 10 ×     63 runs
[moonbitlang/core] bench json/number_bench_test.mbt:64 ("bench json parse int array n=10000") ok
time (mean ± σ)         range (min … max) 
   1.11 ms ±   5.39 µs     1.11 ms …   1.12 ms  in 10 ×     90 runs
[moonbitlang/core] bench json/number_bench_test.mbt:70 ("bench json parse float array n=10000") ok
time (mean ± σ)         range (min … max) 
   2.10 ms ±  64.68 µs     2.04 ms …   2.21 ms  in 10 ×     49 runs
[moonbitlang/core] bench json/number_bench_test.mbt:76 ("bench json parse long mantissa array n=10000") ok
time (mean ± σ)         range (min … max) 
   7.41 ms ± 446.93 µs     7.09 ms …   8.08 ms  in 10 ×     15 runs
[moonbitlang/core] bench json/json_inspect_bench_test.mbt:16 ("bench json_inspect passing Int") ok
time (mean ± σ)         range (min … max) 
  22.52 ns ±   0.12 ns    22.24 ns …  22.69 ns  in 10 × 100000 runs
[moonbitlang/core] bench lazy_list/concat_bench_test.mbt:40 ("bench LazyList build and traverse n=2048") ok
time (mean ± σ)         range (min … max) 
  66.44 µs ± 362.40 ns    66.01 µs …  67.08 µs  in 10 ×   1497 runs
[moonbitlang/core] bench lazy_list/concat_bench_test.mbt:49 ("bench LazyList re-traverse a forced list n=2048") ok
time (mean ± σ)         range (min … max) 
  34.56 µs ± 725.48 ns    34.22 µs …  36.56 µs  in 10 ×   2240 runs
[moonbitlang/core] bench lazy_list/concat_bench_test.mbt:57 ("bench LazyList left-nested concat, build only n=2048") ok
time (mean ± σ)         range (min … max) 
  79.40 µs ± 246.20 ns    79.23 µs …  80.03 µs  in 10 ×   1252 runs
[moonbitlang/core] bench lazy_list/concat_bench_test.mbt:62 ("bench LazyList left-nested concat, build and traverse n=2048") ok
time (mean ± σ)         range (min … max) 
 278.16 µs ±   1.12 µs   276.69 µs … 279.79 µs  in 10 ×    362 runs
[moonbitlang/core] bench lazy_list/concat_bench_test.mbt:69 ("bench LazyList concat while consuming n=2048") ok
time (mean ± σ)         range (min … max) 
 171.75 µs ± 752.19 ns   170.81 µs … 172.58 µs  in 10 ×    582 runs
[moonbitlang/core] bench lexbuf/lexbuf_bench_test.mbt:47 ("bench Lexbuf retained token chunks=10000 size=1") ok
time (mean ± σ)         range (min … max) 
 559.19 µs ± 586.35 ns   558.36 µs … 560.22 µs  in 10 ×    179 runs
[moonbitlang/core] bench lexbuf/lexbuf_bench_test.mbt:52 ("bench Lexbuf retained token chunks=1250 size=8") ok
time (mean ± σ)         range (min … max) 
 103.48 µs ± 169.09 ns   103.30 µs … 103.74 µs  in 10 ×    969 runs
[moonbitlang/core] bench lexbuf/lexbuf_bench_test.mbt:57 ("bench Lexbuf retained token chunks=157 size=64") ok
time (mean ± σ)         range (min … max) 
  61.63 µs ± 108.95 ns    61.53 µs …  61.86 µs  in 10 ×   1618 runs
[moonbitlang/core] bench lexbuf/lexbuf_bench_test.mbt:62 ("bench Lexbuf retained token chunks=20 size=512") ok
time (mean ± σ)         range (min … max) 
  51.70 µs ±   1.27 µs    51.07 µs …  55.10 µs  in 10 ×   1957 runs
[moonbitlang/core] bench quickcheck/shrink_collection_bench_test.mbt:16 ("bench shrink Array first candidate size=10000") ok
time (mean ± σ)         range (min … max) 
 148.48 ns ±   1.84 ns   145.72 ns … 150.82 ns  in 10 × 100000 runs
[moonbitlang/core] bench quickcheck/shrink_collection_bench_test.mbt:22 ("bench shrink List first candidate size=10000") ok
time (mean ± σ)         range (min … max) 
  81.72 µs ± 120.59 ns    81.57 µs …  81.89 µs  in 10 ×   1221 runs
[moonbitlang/core] bench quickcheck/generator_bench_test.mbt:16 ("bench Generator::zip_with n=1000000") ok
time (mean ± σ)         range (min … max) 
 266.53 ms ± 680.87 µs   265.71 ms … 267.82 ms  in 10 ×      1 runs
[moonbitlang/core] bench quickcheck/arbitrary_string_bench_test.mbt:16 ("bench Arbitrary String size=10000 count=100") ok
time (mean ± σ)         range (min … max) 
  61.44 ms ±  84.08 µs    61.34 ms …  61.63 ms  in 10 ×      2 runs
[moonbitlang/core] bench random/random_test.mbt:409 ("bench random") ok
time (mean ± σ)         range (min … max) 
 242.42 ms ± 292.80 µs   242.15 ms … 243.13 ms  in 10 ×      1 runs
[moonbitlang/core] bench set/set_algebra_bench_test.mbt:26 ("bench Set::union String 10k 50% overlap") ok
time (mean ± σ)         range (min … max) 
 721.68 µs ±  43.96 µs   692.85 µs … 830.16 µs  in 10 ×    145 runs
[moonbitlang/core] bench set/set_algebra_bench_test.mbt:33 ("bench Set::union Int 10k 50% overlap") ok
time (mean ± σ)         range (min … max) 
 664.27 µs ±   7.05 µs   656.58 µs … 675.29 µs  in 10 ×    152 runs
[moonbitlang/core] bench set/set_algebra_bench_test.mbt:40 ("bench Set::intersection String 10k 50% overlap") ok
time (mean ± σ)         range (min … max) 
 337.58 µs ±   2.07 µs   335.36 µs … 340.02 µs  in 10 ×    273 runs
[moonbitlang/core] bench set/set_algebra_bench_test.mbt:47 ("bench Set::difference String 10k 50% overlap") ok
time (mean ± σ)         range (min … max) 
 344.76 µs ±   6.88 µs   338.76 µs … 361.76 µs  in 10 ×    261 runs
[moonbitlang/core] bench set/set_algebra_bench_test.mbt:54 ("bench Set::is_subset String 10k true") ok
time (mean ± σ)         range (min … max) 
 174.33 µs ±   1.04 µs   173.10 µs … 175.70 µs  in 10 ×    571 runs
[moonbitlang/core] bench set/set_algebra_bench_test.mbt:61 ("bench Set == String 10k") ok
time (mean ± σ)         range (min … max) 
 170.87 µs ±   3.66 µs   165.51 µs … 173.93 µs  in 10 ×    578 runs
[moonbitlang/core] bench set/set_algebra_bench_test.mbt:68 ("bench Set == Int 10k") ok
time (mean ± σ)         range (min … max) 
 108.39 µs ±   5.03 µs    94.66 µs … 111.31 µs  in 10 ×   1011 runs
[moonbitlang/core] bench set/linked_hash_set_bench_test.mbt:19 ("bench Set::add n=50000") ok
time (mean ± σ)         range (min … max) 
   3.46 ms ± 209.81 µs     3.30 ms …   4.01 ms  in 10 ×     31 runs
[moonbitlang/core] bench set/linked_hash_set_bench_test.mbt:30 ("bench Set::contains n=50000") ok
time (mean ± σ)         range (min … max) 
   1.03 ms ±  14.13 µs     1.02 ms …   1.06 ms  in 10 ×     90 runs
[moonbitlang/core] bench set/linked_hash_set_bench_test.mbt:47 ("bench Set::contains miss n=50000") ok
time (mean ± σ)         range (min … max) 
   1.13 ms ±   1.58 µs     1.13 ms …   1.13 ms  in 10 ×     88 runs
[moonbitlang/core] bench set/linked_hash_set_bench_test.mbt:67 ("bench Set::add+remove n=50000") ok
time (mean ± σ)         range (min … max) 
   4.38 ms ±  37.01 µs     4.32 ms …   4.46 ms  in 10 ×     23 runs
[moonbitlang/core] bench set/linked_hash_set_bench_test.mbt:86 ("bench Set::filter n=50000") ok
time (mean ± σ)         range (min … max) 
 472.49 µs ±   3.53 µs   468.22 µs … 477.32 µs  in 10 ×    212 runs
[moonbitlang/core] bench set/linked_hash_set_bench_test.mbt:92 ("bench Set comprehension filter n=50000") ok
time (mean ± σ)         range (min … max) 
   1.35 ms ±   1.45 µs     1.35 ms …   1.36 ms  in 10 ×     74 runs
[moonbitlang/core] bench sorted_set/sorted_set_bench_test.mbt:22 ("bench SortedSet::to_array Int n=50000") ok
time (mean ± σ)         range (min … max) 
 389.26 µs ± 421.22 ns   388.82 µs … 389.86 µs  in 10 ×    251 runs
[moonbitlang/core] bench sorted_set/sorted_set_bench_test.mbt:30 ("bench SortedSet::to_array Ref n=50000") ok
time (mean ± σ)         range (min … max) 
 381.89 µs ±   7.06 µs   377.79 µs … 401.49 µs  in 10 ×    255 runs
[moonbitlang/core] bench string/regex_bench_test.mbt:16 ("bench regex /aa?b/ on 1MB string") ok
time (mean ± σ)         range (min … max) 
   5.92 ms ±   3.09 µs     5.92 ms …   5.93 ms  in 10 ×     17 runs
[moonbitlang/core] bench string/regex_bench_test.mbt:23 ("bench regex phone lines") ok
time (mean ± σ)         range (min … max) 
   4.25 µs ±   8.37 ns     4.24 µs …   4.26 µs  in 10 ×  23583 runs
[moonbitlang/core] bench string/regex_bench_test.mbt:43 ("bench regex large pattern") ok
time (mean ± σ)         range (min … max) 
   3.81 ms ±  14.55 µs     3.80 ms …   3.85 ms  in 10 ×     27 runs
[moonbitlang/core] bench v128/v128_bench_test.mbt:32 ("bench V128 i64x2_add n=10000") ok
time (mean ± σ)         range (min … max) 
 433.96 µs ± 501.15 ns   433.43 µs … 434.67 µs  in 10 ×    229 runs
[moonbitlang/core] bench v128/v128_bench_test.mbt:44 ("bench V128 i32x4_add n=10000") ok
time (mean ± σ)         range (min … max) 
   2.71 ms ±   6.24 µs     2.70 ms …   2.72 ms  in 10 ×     37 runs
[moonbitlang/core] bench v128/v128_bench_test.mbt:56 ("bench V128 i8x16_add n=10000") ok
time (mean ± σ)         range (min … max) 
  12.47 ms ±  65.44 µs    12.40 ms …  12.56 ms  in 10 ×      9 runs
[moonbitlang/core] bench v128/v128_bench_test.mbt:68 ("bench V128 i8x16_splat n=10000") ok
time (mean ± σ)         range (min … max) 
  14.25 ms ± 282.36 µs    14.09 ms …  14.93 ms  in 10 ×      7 runs
[moonbitlang/core] bench v128/v128_bench_test.mbt:79 ("bench V128 i8x16_extract_lane_u n=10000") ok
time (mean ± σ)         range (min … max) 
 274.43 µs ±  17.77 µs   260.02 µs … 316.17 µs  in 10 ×    212 runs
[moonbitlang/core] bench v128/v128_bench_test.mbt:93 ("bench V128 i8x16_replace_lane n=10000") ok
time (mean ± σ)         range (min … max) 
 703.73 µs ±  11.70 µs   694.99 µs … 721.81 µs  in 10 ×    137 runs
[moonbitlang/core] bench v128/v128_bench_test.mbt:108 ("bench V128 i8x16_bitmask n=10000") ok
time (mean ± σ)         range (min … max) 
   4.37 ms ±   9.68 µs     4.36 ms …   4.40 ms  in 10 ×     23 runs
[moonbitlang/core] bench v128/v128_bench_test.mbt:120 ("bench V128 load/store n=10000") ok
time (mean ± σ)         range (min … max) 
   5.52 ms ±  81.57 µs     5.36 ms …   5.62 ms  in 10 ×     19 runs
[moonbitlang/core] bench v128/v128_bench_test.mbt:135 ("bench V128 load8x8_u n=10000") ok
time (mean ± σ)         range (min … max) 
   2.44 ms ±  75.29 µs     2.35 ms …   2.52 ms  in 10 ×     41 runs
[moonbitlang/core] bench v128/v128_bench_test.mbt:147 ("bench V128 load8x8_s n=10000") ok
time (mean ± σ)         range (min … max) 
   2.48 ms ±  69.04 µs     2.42 ms …   2.59 ms  in 10 ×     40 runs
[moonbitlang/core] bench v128/v128_bench_test.mbt:159 ("bench V128 load16x4_u n=10000") ok
time (mean ± σ)         range (min … max) 
   1.90 ms ±  41.58 µs     1.86 ms …   1.95 ms  in 10 ×     52 runs
[moonbitlang/core] bench v128/v128_bench_test.mbt:171 ("bench V128 load16x4_s n=10000") ok
time (mean ± σ)         range (min … max) 
   2.00 ms ± 126.30 µs     1.90 ms …   2.34 ms  in 10 ×     51 runs
[moonbitlang/core] bench v128/v128_bench_test.mbt:183 ("bench V128 load32x2_u n=10000") ok
time (mean ± σ)         range (min … max) 
   1.68 ms ±  35.29 µs     1.63 ms …   1.71 ms  in 10 ×     59 runs
[moonbitlang/core] bench v128/v128_bench_test.mbt:195 ("bench V128 load32x2_s n=10000") ok
time (mean ± σ)         range (min … max) 
   1.71 ms ±  41.67 µs     1.67 ms …   1.77 ms  in 10 ×     58 runs
[moonbitlang/core] bench v128/v128_bench_test.mbt:207 ("bench V128 load_splat n=10000") ok
time (mean ± σ)         range (min … max) 
   7.97 ms ± 175.07 µs     7.67 ms …   8.17 ms  in 10 ×     13 runs
[moonbitlang/core] bench v128/v128_bench_test.mbt:223 ("bench V128 load8_lane n=10000") ok
time (mean ± σ)         range (min … max) 
 703.97 µs ±  12.78 µs   693.82 µs … 722.98 µs  in 10 ×    137 runs
[moonbitlang/core] bench v128/v128_bench_test.mbt:235 ("bench V128 load16_lane n=10000") ok
time (mean ± σ)         range (min … max) 
 714.13 µs ±  11.41 µs   704.86 µs … 734.26 µs  in 10 ×    135 runs
[moonbitlang/core] bench v128/v128_bench_test.mbt:247 ("bench V128 load32_lane n=10000") ok
time (mean ± σ)         range (min … max) 
 723.82 µs ±  19.20 µs   701.94 µs … 747.82 µs  in 10 ×    135 runs
[moonbitlang/core] bench v128/v128_bench_test.mbt:259 ("bench V128 load64_lane n=10000") ok
time (mean ± σ)         range (min … max) 
   1.14 ms ±  29.65 µs     1.11 ms …   1.18 ms  in 10 ×     85 runs
[moonbitlang/core] bench v128/v128_bench_test.mbt:271 ("bench V128 extend i8x16 to i16x8 n=10000") ok
time (mean ± σ)         range (min … max) 
   9.96 ms ±  41.75 µs     9.89 ms …  10.03 ms  in 10 ×      8 runs
[moonbitlang/core] bench v128/v128_bench_test.mbt:285 ("bench V128 extend i16x8 to i32x4 n=10000") ok
time (mean ± σ)         range (min … max) 
   4.05 ms ±  14.18 µs     4.04 ms …   4.08 ms  in 10 ×     25 runs
[moonbitlang/core] bench v128/v128_bench_test.mbt:299 ("bench V128 extend i32x4 to i64x2 n=10000") ok
time (mean ± σ)         range (min … max) 
   2.41 ms ±   5.01 µs     2.41 ms …   2.43 ms  in 10 ×     42 runs
[moonbitlang/core] bench v128/v128_bench_test.mbt:313 ("bench V128 all_true n=10000") ok
time (mean ± σ)         range (min … max) 
 747.94 µs ±   1.68 µs   746.77 µs … 751.87 µs  in 10 ×    133 runs
[moonbitlang/core] bench v128/v128_bench_test.mbt:337 ("bench V128 bitmask all widths n=10000") ok
time (mean ± σ)         range (min … max) 
   8.03 ms ±  17.82 µs     8.02 ms …   8.07 ms  in 10 ×     13 runs
[moonbitlang/core] bench v128/v128_bench_test.mbt:353 ("bench V128 swizzle n=10000") ok
time (mean ± σ)         range (min … max) 
  24.16 ms ±  85.50 µs    24.05 ms …  24.27 ms  in 10 ×      5 runs
[moonbitlang/core] bench v128/v128_bench_test.mbt:371 ("bench V128 shuffle n=10000") ok
time (mean ± σ)         range (min … max) 
  18.47 ms ±  34.82 µs    18.44 ms …  18.54 ms  in 10 ×      6 runs
Total tests: 490, passed: 490, failed: 0.
