[moonbitlang/core] bench argparse/globals_bench_test.mbt:16 ("bench parse inherited globals with an override") ok
time (mean ± σ)         range (min … max) 
   7.33 µs ±  49.03 ns     7.29 µs …   7.46 µs  in 10 ×  11575 runs
[moonbitlang/core] bench bench/hash_bench_test.mbt:16 ("bench Hash for Bytes (small)") ok
time (mean ± σ)         range (min … max) 
  18.27 ns ±   0.08 ns    18.16 ns …  18.40 ns  in 10 × 100000 runs
[moonbitlang/core] bench bench/hash_bench_test.mbt:22 ("bench Hash for Bytes (medium)") ok
time (mean ± σ)         range (min … max) 
 124.48 ns ±   0.95 ns   123.15 ns … 126.01 ns  in 10 × 100000 runs
[moonbitlang/core] bench bench/hash_bench_test.mbt:28 ("bench Hash for Bytes (large)") ok
time (mean ± σ)         range (min … max) 
   2.20 µs ±   0.49 ns     2.20 µs …   2.20 µs  in 10 ×  45328 runs
[moonbitlang/core] bench bench/hash_bench_test.mbt:34 ("bench Hash for BytesView (small)") ok
time (mean ± σ)         range (min … max) 
  35.15 ns ±   0.07 ns    35.08 ns …  35.28 ns  in 10 × 100000 runs
[moonbitlang/core] bench bench/hash_bench_test.mbt:41 ("bench Hash for BytesView (medium)") ok
time (mean ± σ)         range (min … max) 
 329.80 ns ±   3.90 ns   324.66 ns … 333.34 ns  in 10 × 100000 runs
[moonbitlang/core] bench bench/hash_bench_test.mbt:48 ("bench Hash for BytesView (large)") ok
time (mean ± σ)         range (min … max) 
   5.02 µs ±   7.45 ns     5.01 µs …   5.03 µs  in 10 ×  19913 runs
[moonbitlang/core] bench bench/hash_bench_test.mbt:55 ("bench Hasher::combine_bytes (small)") ok
time (mean ± σ)         range (min … max) 
  29.60 ns ±   0.07 ns    29.54 ns …  29.72 ns  in 10 × 100000 runs
[moonbitlang/core] bench bench/hash_bench_test.mbt:65 ("bench Hasher::combine_bytes (medium)") ok
time (mean ± σ)         range (min … max) 
 223.69 ns ±   0.94 ns   222.36 ns … 224.86 ns  in 10 × 100000 runs
[moonbitlang/core] bench bench/hash_bench_test.mbt:75 ("bench Hasher::combine_bytes (large)") ok
time (mean ± σ)         range (min … max) 
   3.24 µs ±  11.78 ns     3.23 µs …   3.27 µs  in 10 ×  30371 runs
[moonbitlang/core] bench bigint/to_string_radix_bench_test.mbt:23 ("bench bigint to_string radix=7 (4000 bits)") ok
time (mean ± σ)         range (min … max) 
 531.15 µs ±   5.20 µs   521.67 µs … 536.19 µs  in 10 ×    191 runs
[moonbitlang/core] bench bigint/to_string_radix_bench_test.mbt:29 ("bench bigint to_string radix=36 (4000 bits)") ok
time (mean ± σ)         range (min … max) 
 317.49 µs ±   4.17 µs   312.48 µs … 324.87 µs  in 10 ×    316 runs
[moonbitlang/core] bench bigint/to_string_radix_bench_test.mbt:35 ("bench bigint to_string radix=10 reference (4000 bits)") ok
time (mean ± σ)         range (min … max) 
  13.08 µs ±  30.26 ns    13.03 µs …  13.13 µs  in 10 ×   7440 runs
[moonbitlang/core] bench bigint/to_string_bench_test.mbt:30 ("bench BigInt::to_string n=40 digits") ok
time (mean ± σ)         range (min … max) 
 304.46 ns ±   3.06 ns   300.74 ns … 308.67 ns  in 10 × 100000 runs
[moonbitlang/core] bench bigint/to_string_bench_test.mbt:36 ("bench BigInt::to_string n=400 digits") ok
time (mean ± σ)         range (min … max) 
   2.34 µs ±  16.73 ns     2.31 µs …   2.36 µs  in 10 ×  42413 runs
[moonbitlang/core] bench bigint/to_string_bench_test.mbt:42 ("bench BigInt::to_string n=4000 digits") ok
time (mean ± σ)         range (min … max) 
 127.72 µs ±   2.40 µs   124.62 µs … 130.56 µs  in 10 ×    760 runs
[moonbitlang/core] bench bigint/to_string_bench_test.mbt:48 ("bench BigInt::to_string n=40000 digits") ok
time (mean ± σ)         range (min … max) 
  13.24 ms ±  70.37 µs    13.14 ms …  13.35 ms  in 10 ×      8 runs
[moonbitlang/core] bench bigint/to_string_bench_test.mbt:54 ("bench BigInt::to_string n=250000 digits") ok
time (mean ± σ)         range (min … max) 
 238.77 ms ± 823.26 µs   237.55 ms … 240.37 ms  in 10 ×      1 runs
[moonbitlang/core] bench bigint/from_octets_bench_test.mbt:21 ("bench BigInt::from_octets n=64") ok
time (mean ± σ)         range (min … max) 
  55.54 ns ±   0.11 ns    55.42 ns …  55.73 ns  in 10 × 100000 runs
[moonbitlang/core] bench bigint/from_octets_bench_test.mbt:27 ("bench BigInt::from_octets n=1024") ok
time (mean ± σ)         range (min … max) 
 562.18 ns ±   2.58 ns   555.35 ns … 564.04 ns  in 10 × 100000 runs
[moonbitlang/core] bench bigint/division_bench_test.mbt:66 ("bench BigInt balanced division n=4000 digits") ok
time (mean ± σ)         range (min … max) 
 327.12 µs ±   1.37 µs   325.06 µs … 328.78 µs  in 10 ×    305 runs
[moonbitlang/core] bench bigint/division_bench_test.mbt:72 ("bench BigInt balanced division n=40000 digits") ok
time (mean ± σ)         range (min … max) 
  15.62 ms ±  72.60 µs    15.52 ms …  15.73 ms  in 10 ×      7 runs
[moonbitlang/core] bench bigint/division_bench_test.mbt:78 ("bench BigInt balanced division n=250000 digits") ok
time (mean ± σ)         range (min … max) 
 347.48 ms ±   1.03 ms   345.23 ms … 348.54 ms  in 10 ×      1 runs
[moonbitlang/core] bench bigint/division_bench_test.mbt:84 ("bench BigInt unbalanced division q=65536 d=64 limbs") ok
time (mean ± σ)         range (min … max) 
  39.56 ms ± 438.47 µs    39.00 ms …  40.05 ms  in 10 ×      3 runs
[moonbitlang/core] bench bigint/division_bench_test.mbt:90 ("bench BigInt narrow division q=9 d=64 limbs") ok
time (mean ± σ)         range (min … max) 
 699.67 ns ±   1.87 ns   698.73 ns … 704.97 ns  in 10 × 100000 runs
[moonbitlang/core] bench buffer/write_bench_test.mbt:30 ("bench Buffer::write_byte n=4096") ok
time (mean ± σ)         range (min … max) 
   8.39 µs ±   9.47 ns     8.37 µs …   8.40 µs  in 10 ×  11852 runs
[moonbitlang/core] bench buffer/write_bench_test.mbt:42 ("bench Buffer::write_uint16_be n=4096") ok
time (mean ± σ)         range (min … max) 
   9.20 µs ±   8.75 ns     9.19 µs …   9.21 µs  in 10 ×  10922 runs
[moonbitlang/core] bench buffer/write_bench_test.mbt:54 ("bench Buffer::write_uint_le n=4096") ok
time (mean ± σ)         range (min … max) 
  13.87 µs ±  10.53 ns    13.85 µs …  13.88 µs  in 10 ×   7208 runs
[moonbitlang/core] bench buffer/write_bench_test.mbt:66 ("bench Buffer::write_uint64_be n=4096") ok
time (mean ± σ)         range (min … max) 
  17.61 µs ±  15.90 ns    17.58 µs …  17.63 µs  in 10 ×   5676 runs
[moonbitlang/core] bench buffer/write_bench_test.mbt:78 ("bench Buffer::write_char_utf8 ASCII n=4096") ok
time (mean ± σ)         range (min … max) 
  11.47 µs ±   4.34 ns    11.46 µs …  11.48 µs  in 10 ×   8727 runs
[moonbitlang/core] bench buffer/write_bench_test.mbt:90 ("bench Buffer::write_char_utf8 non-BMP n=4096") ok
time (mean ± σ)         range (min … max) 
  16.88 µs ±  24.63 ns    16.84 µs …  16.94 µs  in 10 ×   5922 runs
[moonbitlang/core] bench buffer/write_bench_test.mbt:103 ("bench Buffer::write_char_utf16le BMP n=4096") ok
time (mean ± σ)         range (min … max) 
  12.31 µs ±   7.84 ns    12.29 µs …  12.32 µs  in 10 ×   8133 runs
[moonbitlang/core] bench buffer/write_bench_test.mbt:115 ("bench Buffer::write_string_utf16le chunks n=4096") ok
time (mean ± σ)         range (min … max) 
  78.93 µs ±   1.38 µs    78.09 µs …  82.72 µs  in 10 ×   1277 runs
[moonbitlang/core] bench buffer/write_bench_test.mbt:130 ("bench @buffer.from_array n=4096") ok
time (mean ± σ)         range (min … max) 
   2.61 µs ±  13.86 ns     2.59 µs …   2.64 µs  in 10 ×  38481 runs
[moonbitlang/core] bench builtin/view_bench_test.mbt:34 ("bench ArrayView::at Int n=100000") ok
time (mean ± σ)         range (min … max) 
  86.52 µs ± 441.03 ns    85.69 µs …  87.09 µs  in 10 ×   1153 runs
[moonbitlang/core] bench builtin/view_bench_test.mbt:47 ("bench ArrayView::get Int n=100000") ok
time (mean ± σ)         range (min … max) 
  79.31 µs ± 541.49 ns    78.69 µs …  80.15 µs  in 10 ×   1263 runs
[moonbitlang/core] bench builtin/view_bench_test.mbt:62 ("bench ArrayView::unsafe_get Int n=100000") ok
time (mean ± σ)         range (min … max) 
  60.67 µs ±   1.08 µs    59.20 µs …  61.68 µs  in 10 ×   1692 runs
[moonbitlang/core] bench builtin/view_bench_test.mbt:75 ("bench ArrayView::rev_fold Int n=100000") ok
time (mean ± σ)         range (min … max) 
  59.37 µs ± 663.26 ns    58.51 µs …  60.19 µs  in 10 ×   1698 runs
[moonbitlang/core] bench builtin/view_bench_test.mbt:82 ("bench ArrayView::rev_foldi Int n=100000") ok
time (mean ± σ)         range (min … max) 
  59.36 µs ± 218.68 ns    59.15 µs …  59.84 µs  in 10 ×   1684 runs
[moonbitlang/core] bench builtin/view_bench_test.mbt:91 ("bench ArrayView::equal Int n=100000") ok
time (mean ± σ)         range (min … max) 
  95.92 µs ± 596.58 ns    94.54 µs …  96.47 µs  in 10 ×   1035 runs
[moonbitlang/core] bench builtin/view_bench_test.mbt:99 ("bench ArrayView::compare Int n=100000") ok
time (mean ± σ)         range (min … max) 
 103.20 µs ±   2.88 µs   100.60 µs … 111.07 µs  in 10 ×    986 runs
[moonbitlang/core] bench builtin/view_bench_test.mbt:107 ("bench MutArrayView::at Int n=100000") ok
time (mean ± σ)         range (min … max) 
  86.84 µs ± 981.60 ns    85.00 µs …  87.76 µs  in 10 ×   1143 runs
[moonbitlang/core] bench builtin/view_bench_test.mbt:120 ("bench MutArrayView::unsafe_get Int n=100000") ok
time (mean ± σ)         range (min … max) 
  62.57 µs ±   1.18 µs    61.22 µs …  63.75 µs  in 10 ×   1628 runs
[moonbitlang/core] bench builtin/view_bench_test.mbt:133 ("bench MutArrayView::set Int n=100000") ok
time (mean ± σ)         range (min … max) 
 108.57 µs ±  75.21 ns   108.51 µs … 108.75 µs  in 10 ×    922 runs
[moonbitlang/core] bench builtin/view_bench_test.mbt:145 ("bench MutArrayView::unsafe_set Int n=100000") ok
time (mean ± σ)         range (min … max) 
  68.60 µs ±   2.51 µs    65.61 µs …  72.22 µs  in 10 ×   1391 runs
[moonbitlang/core] bench builtin/view_bench_test.mbt:157 ("bench BytesView::at n=100000") ok
time (mean ± σ)         range (min … max) 
  83.25 µs ± 347.72 ns    82.76 µs …  84.01 µs  in 10 ×   1209 runs
[moonbitlang/core] bench builtin/view_bench_test.mbt:170 ("bench BytesView::unsafe_get n=100000") ok
time (mean ± σ)         range (min … max) 
  51.28 µs ± 433.71 ns    50.44 µs …  51.81 µs  in 10 ×   1927 runs
[moonbitlang/core] bench builtin/stringbuilder_bench_test.mbt:28 ("bench StringBuilder::write_string chunks n=4096") ok
time (mean ± σ)         range (min … max) 
  55.61 µs ±  64.89 ns    55.48 µs …  55.69 µs  in 10 ×   1798 runs
[moonbitlang/core] bench builtin/stringbuilder_bench_test.mbt:41 ("bench StringBuilder::write_view chunks n=4096") ok
time (mean ± σ)         range (min … max) 
  55.26 µs ±  84.69 ns    55.13 µs …  55.43 µs  in 10 ×   1789 runs
[moonbitlang/core] bench builtin/stringbuilder_bench_test.mbt:54 ("bench StringBuilder::write_stringview chunks n=4096") ok
time (mean ± σ)         range (min … max) 
  55.27 µs ±  46.17 ns    55.15 µs …  55.31 µs  in 10 ×   1809 runs
[moonbitlang/core] bench builtin/stringbuilder_bench_test.mbt:67 ("bench StringBuilder::write_char ASCII n=4096") ok
time (mean ± σ)         range (min … max) 
  14.81 µs ±  18.26 ns    14.78 µs …  14.84 µs  in 10 ×   6733 runs
[moonbitlang/core] bench builtin/stringbuilder_bench_test.mbt:79 ("bench StringBuilder::write_char non-BMP n=4096") ok
time (mean ± σ)         range (min … max) 
  20.74 µs ±   9.85 ns    20.73 µs …  20.76 µs  in 10 ×   4813 runs
[moonbitlang/core] bench builtin/stringbuilder_bench_test.mbt:92 ("bench StringBuilder::reset reuse spare capacity n=4096") ok
time (mean ± σ)         range (min … max) 
 241.96 µs ± 374.55 ns   241.25 µs … 242.31 µs  in 10 ×    413 runs
[moonbitlang/core] bench builtin/string_to_upper_bench_test.mbt:61 ("bench String::to_upper short") ok
time (mean ± σ)         range (min … max) 
  44.04 ns ±   0.08 ns    43.94 ns …  44.17 ns  in 10 × 100000 runs
[moonbitlang/core] bench builtin/string_to_upper_bench_test.mbt:66 ("bench String::to_upper long") ok
time (mean ± σ)         range (min … max) 
 696.97 ns ±   0.57 ns   695.99 ns … 697.86 ns  in 10 × 100000 runs
[moonbitlang/core] bench builtin/string_to_upper_bench_test.mbt:71 ("bench String::to_upper sparse") ok
time (mean ± σ)         range (min … max) 
 696.65 ns ±   1.11 ns   694.45 ns … 698.26 ns  in 10 × 100000 runs
[moonbitlang/core] bench builtin/string_to_upper_bench_test.mbt:76 ("bench String::to_upper late-lowercase") ok
time (mean ± σ)         range (min … max) 
 710.73 ns ±   7.43 ns   700.48 ns … 728.50 ns  in 10 × 100000 runs
[moonbitlang/core] bench builtin/string_to_upper_bench_test.mbt:81 ("bench String::to_upper one-unit runs") ok
time (mean ± σ)         range (min … max) 
 699.50 ns ±   0.40 ns   698.87 ns … 699.92 ns  in 10 × 100000 runs
[moonbitlang/core] bench builtin/string_to_upper_bench_test.mbt:86 ("bench String::to_upper all-lowercase") ok
time (mean ± σ)         range (min … max) 
 696.29 ns ±   3.48 ns   689.09 ns … 698.89 ns  in 10 × 100000 runs
[moonbitlang/core] bench builtin/string_to_upper_bench_test.mbt:91 ("bench String::to_upper no-change short") ok
time (mean ± σ)         range (min … max) 
  25.05 ns ±   0.12 ns    24.95 ns …  25.32 ns  in 10 × 100000 runs
[moonbitlang/core] bench builtin/string_to_upper_bench_test.mbt:96 ("bench String::to_upper no-change long") ok
time (mean ± σ)         range (min … max) 
 104.45 ns ±   0.96 ns   102.22 ns … 105.43 ns  in 10 × 100000 runs
[moonbitlang/core] bench builtin/string_to_upper_bench_test.mbt:101 ("bench StringView::to_upper short") ok
time (mean ± σ)         range (min … max) 
  46.91 ns ±   0.12 ns    46.75 ns …  47.07 ns  in 10 × 100000 runs
[moonbitlang/core] bench builtin/string_to_upper_bench_test.mbt:106 ("bench StringView::to_upper long") ok
time (mean ± σ)         range (min … max) 
 707.33 ns ±   4.07 ns   698.95 ns … 710.33 ns  in 10 × 100000 runs
[moonbitlang/core] bench builtin/string_to_upper_bench_test.mbt:111 ("bench StringView::to_upper no-change long") ok
time (mean ± σ)         range (min … max) 
 108.46 ns ±   0.18 ns   108.28 ns … 108.83 ns  in 10 × 100000 runs
[moonbitlang/core] bench builtin/string_to_lower_bench_test.mbt:61 ("bench String::to_lower short") ok
time (mean ± σ)         range (min … max) 
  44.05 ns ±   0.07 ns    43.96 ns …  44.19 ns  in 10 × 100000 runs
[moonbitlang/core] bench builtin/string_to_lower_bench_test.mbt:66 ("bench String::to_lower long") ok
time (mean ± σ)         range (min … max) 
 696.25 ns ±   4.89 ns   686.64 ns … 699.31 ns  in 10 × 100000 runs
[moonbitlang/core] bench builtin/string_to_lower_bench_test.mbt:71 ("bench String::to_lower sparse") ok
time (mean ± σ)         range (min … max) 
 694.88 ns ±   1.89 ns   692.99 ns … 699.45 ns  in 10 × 100000 runs
[moonbitlang/core] bench builtin/string_to_lower_bench_test.mbt:76 ("bench String::to_lower late-uppercase") ok
time (mean ± σ)         range (min … max) 
 691.55 ns ±   2.49 ns   684.77 ns … 693.27 ns  in 10 × 100000 runs
[moonbitlang/core] bench builtin/string_to_lower_bench_test.mbt:81 ("bench String::to_lower one-unit runs") ok
time (mean ± σ)         range (min … max) 
 689.68 ns ±   9.49 ns   673.99 ns … 697.76 ns  in 10 × 100000 runs
[moonbitlang/core] bench builtin/string_to_lower_bench_test.mbt:86 ("bench String::to_lower all-uppercase") ok
time (mean ± σ)         range (min … max) 
 703.17 ns ±   7.36 ns   696.06 ns … 716.47 ns  in 10 × 100000 runs
[moonbitlang/core] bench builtin/string_to_lower_bench_test.mbt:91 ("bench String::to_lower no-change short") ok
time (mean ± σ)         range (min … max) 
  26.24 ns ±   0.03 ns    26.21 ns …  26.32 ns  in 10 × 100000 runs
[moonbitlang/core] bench builtin/string_to_lower_bench_test.mbt:96 ("bench String::to_lower no-change long") ok
time (mean ± σ)         range (min … max) 
 104.72 ns ±   0.16 ns   104.54 ns … 105.02 ns  in 10 × 100000 runs
[moonbitlang/core] bench builtin/string_to_lower_bench_test.mbt:101 ("bench StringView::to_lower short") ok
time (mean ± σ)         range (min … max) 
  48.00 ns ±   0.09 ns    47.85 ns …  48.16 ns  in 10 × 100000 runs
[moonbitlang/core] bench builtin/string_to_lower_bench_test.mbt:106 ("bench StringView::to_lower long") ok
time (mean ± σ)         range (min … max) 
 691.43 ns ±   0.54 ns   690.25 ns … 691.89 ns  in 10 × 100000 runs
[moonbitlang/core] bench builtin/string_to_lower_bench_test.mbt:111 ("bench StringView::to_lower no-change long") ok
time (mean ± σ)         range (min … max) 
 108.37 ns ±   0.11 ns   108.25 ns … 108.56 ns  in 10 × 100000 runs
[moonbitlang/core] bench builtin/string_to_array_bench_test.mbt:24 ("bench String::to_array ASCII 51 chars") ok
time (mean ± σ)         range (min … max) 
 166.95 ns ±   0.13 ns   166.82 ns … 167.16 ns  in 10 × 100000 runs
[moonbitlang/core] bench builtin/string_to_array_bench_test.mbt:29 ("bench String::to_array mixed 1KB") ok
time (mean ± σ)         range (min … max) 
   2.52 µs ±   3.03 ns     2.51 µs …   2.52 µs  in 10 ×  39538 runs
[moonbitlang/core] bench builtin/string_to_array_bench_test.mbt:34 ("bench StringView::to_array mixed 1KB") ok
time (mean ± σ)         range (min … max) 
   2.53 µs ±   2.14 ns     2.53 µs …   2.53 µs  in 10 ×  39479 runs
[moonbitlang/core] bench builtin/string_methods_bench_test.mbt:36 ("bench StringView::has_prefix match n=100000 needle=128") ok
time (mean ± σ)         range (min … max) 
  30.89 ns ±   0.06 ns    30.81 ns …  31.01 ns  in 10 × 100000 runs
[moonbitlang/core] bench builtin/string_methods_bench_test.mbt:45 ("bench StringView::has_prefix mismatch n=100000 needle=128") ok
time (mean ± σ)         range (min … max) 
  18.58 ns ±   0.02 ns    18.55 ns …  18.63 ns  in 10 × 100000 runs
[moonbitlang/core] bench builtin/string_methods_bench_test.mbt:54 ("bench StringView::has_suffix match n=100000 needle=128") ok
time (mean ± σ)         range (min … max) 
  31.44 ns ±   0.07 ns    31.33 ns …  31.52 ns  in 10 × 100000 runs
[moonbitlang/core] bench builtin/string_methods_bench_test.mbt:63 ("bench StringView::has_suffix mismatch n=100000 needle=128") ok
time (mean ± σ)         range (min … max) 
  18.61 ns ±   0.05 ns    18.56 ns …  18.71 ns  in 10 × 100000 runs
[moonbitlang/core] bench builtin/string_find_code_unit_bench_test.mbt:16 ("bench find one code unit absent n=4") ok
time (mean ± σ)         range (min … max) 
  22.05 ns ±   0.08 ns    21.98 ns …  22.18 ns  in 10 × 100000 runs
[moonbitlang/core] bench builtin/string_find_code_unit_bench_test.mbt:22 ("bench find one code unit absent n=8") ok
time (mean ± σ)         range (min … max) 
  21.54 ns ±   0.06 ns    21.48 ns …  21.63 ns  in 10 × 100000 runs
[moonbitlang/core] bench builtin/string_find_code_unit_bench_test.mbt:28 ("bench find one code unit present@0 n=8") ok
time (mean ± σ)         range (min … max) 
  19.40 ns ±   0.06 ns    19.31 ns …  19.51 ns  in 10 × 100000 runs
[moonbitlang/core] bench builtin/string_find_code_unit_bench_test.mbt:34 ("bench find one code unit absent n=64") ok
time (mean ± σ)         range (min … max) 
  28.10 ns ±   0.04 ns    28.05 ns …  28.19 ns  in 10 × 100000 runs
[moonbitlang/core] bench builtin/string_find_code_unit_bench_test.mbt:40 ("bench find one code unit absent n=256") ok
time (mean ± σ)         range (min … max) 
  50.14 ns ±   0.06 ns    50.04 ns …  50.22 ns  in 10 × 100000 runs
[moonbitlang/core] bench builtin/string_find_code_unit_bench_test.mbt:46 ("bench find one code unit present@end n=256") ok
time (mean ± σ)         range (min … max) 
  48.72 ns ±   0.02 ns    48.69 ns …  48.75 ns  in 10 × 100000 runs
[moonbitlang/core] bench builtin/string_find_code_unit_bench_test.mbt:52 ("bench rev_find one code unit absent n=256") ok
time (mean ± σ)         range (min … max) 
  50.89 ns ±   0.12 ns    50.76 ns …  51.09 ns  in 10 × 100000 runs
[moonbitlang/core] bench builtin/string_find_code_unit_bench_test.mbt:58 ("bench rev_find one code unit present@start n=256") ok
time (mean ± σ)         range (min … max) 
  69.34 ns ±  24.83 ns    50.82 ns … 111.18 ns  in 10 × 100000 runs
[moonbitlang/core] bench builtin/string_find_code_unit_bench_test.mbt:64 ("bench rev_find one code unit present@end n=8") ok
time (mean ± σ)         range (min … max) 
  19.42 ns ±   0.04 ns    19.38 ns …  19.49 ns  in 10 × 100000 runs
[moonbitlang/core] bench builtin/string_find_code_unit_bench_test.mbt:70 ("bench StringView find one code unit absent n=256") ok
time (mean ± σ)         range (min … max) 
  47.59 ns ±   0.05 ns    47.51 ns …  47.67 ns  in 10 × 100000 runs
[moonbitlang/core] bench builtin/string_find_code_unit_bench_test.mbt:77 ("bench StringView rev_find one code unit absent n=256") ok
time (mean ± σ)         range (min … max) 
  48.50 ns ±   0.07 ns    48.43 ns …  48.60 ns  in 10 × 100000 runs
[moonbitlang/core] bench builtin/string_find_code_unit_bench_test.mbt:84 ("bench find two anchors absent n=256") ok
time (mean ± σ)         range (min … max) 
  66.12 ns ±   0.11 ns    66.02 ns …  66.34 ns  in 10 × 100000 runs
[moonbitlang/core] bench builtin/string_find_code_unit_bench_test.mbt:90 ("bench find two anchors present@end n=256") ok
time (mean ± σ)         range (min … max) 
  66.46 ns ±   0.10 ns    66.34 ns …  66.61 ns  in 10 × 100000 runs
[moonbitlang/core] bench builtin/string_find_code_unit_bench_test.mbt:96 ("bench find two anchors dense false positives n=256") ok
time (mean ± σ)         range (min … max) 
 775.00 ns ±   0.23 ns   774.71 ns … 775.30 ns  in 10 × 100000 runs
[moonbitlang/core] bench builtin/string_find_code_unit_bench_test.mbt:102 ("bench find two anchors long absent n=256") ok
time (mean ± σ)         range (min … max) 
  60.25 ns ±   0.10 ns    60.15 ns …  60.41 ns  in 10 × 100000 runs
[moonbitlang/core] bench builtin/string_find_code_unit_bench_test.mbt:108 ("bench rev_find two anchors absent n=256") ok
time (mean ± σ)         range (min … max) 
  65.48 ns ±   0.07 ns    65.41 ns …  65.63 ns  in 10 × 100000 runs
[moonbitlang/core] bench builtin/string_find_code_unit_bench_test.mbt:114 ("bench rev_find two anchors present@start n=256") ok
time (mean ± σ)         range (min … max) 
  66.12 ns ±   0.06 ns    66.04 ns …  66.24 ns  in 10 × 100000 runs
[moonbitlang/core] bench builtin/string_find_code_unit_bench_test.mbt:120 ("bench rev_find two anchors dense false positives n=256") ok
time (mean ± σ)         range (min … max) 
 772.58 ns ±   0.24 ns   772.01 ns … 772.87 ns  in 10 × 100000 runs
[moonbitlang/core] bench builtin/string_find_code_unit_bench_test.mbt:126 ("bench StringView find two anchors absent n=256") ok
time (mean ± σ)         range (min … max) 
  63.97 ns ±   1.06 ns    61.90 ns …  65.13 ns  in 10 × 100000 runs
[moonbitlang/core] bench builtin/string_find_adversary_bench_test.mbt:26 ("bench find adversary m=64 n=4096") ok
time (mean ± σ)         range (min … max) 
  12.06 µs ±  15.57 ns    12.02 µs …  12.07 µs  in 10 ×   8270 runs
[moonbitlang/core] bench builtin/string_find_adversary_bench_test.mbt:33 ("bench rev_find adversary m=64 n=4096") ok
time (mean ± σ)         range (min … max) 
  12.41 µs ±  49.63 ns    12.33 µs …  12.48 µs  in 10 ×   8004 runs
[moonbitlang/core] bench builtin/string_find_adversary_bench_test.mbt:40 ("bench find adversary m=512 n=65536") ok
time (mean ± σ)         range (min … max) 
 189.04 µs ± 177.61 ns   188.57 µs … 189.20 µs  in 10 ×    529 runs
[moonbitlang/core] bench builtin/string_find_adversary_bench_test.mbt:47 ("bench find dense miss fast path n=4096") ok
time (mean ± σ)         range (min … max) 
 676.49 ns ±  15.56 ns   665.84 ns … 717.93 ns  in 10 × 100000 runs
[moonbitlang/core] bench builtin/string_find_adversary_bench_test.mbt:53 ("bench find rare hit end fast path n=4096") ok
time (mean ± σ)         range (min … max) 
 684.80 ns ±   2.28 ns   680.56 ns … 688.04 ns  in 10 × 100000 runs
[moonbitlang/core] bench builtin/string_escape_bench_test.mbt:61 ("bench String::escape short plain") ok
time (mean ± σ)         range (min … max) 
 141.14 ns ±   0.47 ns   140.55 ns … 141.72 ns  in 10 × 100000 runs
[moonbitlang/core] bench builtin/string_escape_bench_test.mbt:66 ("bench String::escape short escaped") ok
time (mean ± σ)         range (min … max) 
 180.54 ns ±   0.64 ns   179.14 ns … 181.28 ns  in 10 × 100000 runs
[moonbitlang/core] bench builtin/string_escape_bench_test.mbt:71 ("bench String::escape threshold plain") ok
time (mean ± σ)         range (min … max) 
 141.83 ns ±   0.73 ns   140.92 ns … 142.69 ns  in 10 × 100000 runs
[moonbitlang/core] bench builtin/string_escape_bench_test.mbt:76 ("bench String::escape prose") ok
time (mean ± σ)         range (min … max) 
 240.81 ns ±   1.46 ns   237.77 ns … 242.38 ns  in 10 × 100000 runs
[moonbitlang/core] bench builtin/string_escape_bench_test.mbt:81 ("bench String::escape escape-first") ok
time (mean ± σ)         range (min … max) 
 265.14 ns ±   9.26 ns   255.85 ns … 278.02 ns  in 10 × 100000 runs
[moonbitlang/core] bench builtin/string_escape_bench_test.mbt:86 ("bench String::escape long plain") ok
time (mean ± σ)         range (min … max) 
   4.52 µs ±  16.69 ns     4.49 µs …   4.54 µs  in 10 ×  22601 runs
[moonbitlang/core] bench builtin/string_escape_bench_test.mbt:91 ("bench String::escape long dense") ok
time (mean ± σ)         range (min … max) 
  23.28 µs ±  81.13 ns    23.21 µs …  23.43 µs  in 10 ×   4298 runs
[moonbitlang/core] bench builtin/string_escape_bench_test.mbt:96 ("bench String::escape long all-escaped") ok
time (mean ± σ)         range (min … max) 
  38.60 µs ±  50.41 ns    38.53 µs …  38.71 µs  in 10 ×   2590 runs
[moonbitlang/core] bench builtin/string_escape_bench_test.mbt:101 ("bench String::escape long unicode") ok
time (mean ± σ)         range (min … max) 
   4.66 µs ±  61.24 ns     4.59 µs …   4.77 µs  in 10 ×  21402 runs
[moonbitlang/core] bench builtin/string_escape_bench_test.mbt:106 ("bench StringView::escape long plain view") ok
time (mean ± σ)         range (min … max) 
   4.01 µs ±  84.23 ns     3.93 µs …   4.24 µs  in 10 ×  25080 runs
[moonbitlang/core] bench builtin/string_escape_bench_test.mbt:112 ("bench debug to_string short plain") ok
time (mean ± σ)         range (min … max) 
 378.99 ns ±   0.35 ns   378.53 ns … 379.41 ns  in 10 × 100000 runs
[moonbitlang/core] bench builtin/string_escape_bench_test.mbt:117 ("bench debug to_string prose") ok
time (mean ± σ)         range (min … max) 
 544.98 ns ±   1.06 ns   542.69 ns … 546.15 ns  in 10 × 100000 runs
[moonbitlang/core] bench builtin/string_escape_bench_test.mbt:122 ("bench debug to_string long plain") ok
time (mean ± σ)         range (min … max) 
   7.77 µs ±  40.98 ns     7.72 µs …   7.87 µs  in 10 ×  12549 runs
[moonbitlang/core] bench builtin/string_equal_bench_test.mbt:28 ("bench StringView::equal n=100000 equal") ok
time (mean ± σ)         range (min … max) 
   9.85 µs ±  37.65 ns     9.78 µs …   9.87 µs  in 10 ×  10109 runs
[moonbitlang/core] bench builtin/string_equal_bench_test.mbt:35 ("bench StringView::equal n=100000 mismatch at end") ok
time (mean ± σ)         range (min … max) 
   9.87 µs ±  18.63 ns     9.82 µs …   9.88 µs  in 10 ×  10110 runs
[moonbitlang/core] bench builtin/string_equal_bench_test.mbt:44 ("bench StringView::equal_to_string n=100000 equal") ok
time (mean ± σ)         range (min … max) 
   9.87 µs ±  17.87 ns     9.85 µs …   9.91 µs  in 10 ×  10106 runs
[moonbitlang/core] bench builtin/string_char_set_bench_test.mbt:43 ("bench StringView::contains_any ASCII miss n=100000") ok
time (mean ± σ)         range (min … max) 
  15.70 µs ±  29.69 ns    15.64 µs …  15.73 µs  in 10 ×   6358 runs
[moonbitlang/core] bench builtin/string_char_set_bench_test.mbt:54 ("bench StringView::contains_any ASCII match at end n=100000") ok
time (mean ± σ)         range (min … max) 
  15.82 µs ± 276.63 ns    15.63 µs …  16.57 µs  in 10 ×   6372 runs
[moonbitlang/core] bench builtin/string_char_set_bench_test.mbt:67 ("bench StringView::trim_start ASCII n=100000") ok
time (mean ± σ)         range (min … max) 
  19.41 µs ±  31.41 ns    19.35 µs …  19.46 µs  in 10 ×   5135 runs
[moonbitlang/core] bench builtin/string_char_set_bench_test.mbt:74 ("bench StringView::trim_end ASCII n=100000") ok
time (mean ± σ)         range (min … max) 
  19.44 µs ±  53.09 ns    19.34 µs …  19.50 µs  in 10 ×   5121 runs
[moonbitlang/core] bench builtin/string_char_set_bench_test.mbt:79 ("bench StringView::trim ASCII n=100000") ok
time (mean ± σ)         range (min … max) 
  38.83 µs ±  61.81 ns    38.66 µs …  38.87 µs  in 10 ×   2584 runs
[moonbitlang/core] bench builtin/string_char_set_bench_test.mbt:96 ("bench StringView::trim short inputs") ok
time (mean ± σ)         range (min … max) 
 284.57 ns ±   0.46 ns   284.00 ns … 285.19 ns  in 10 × 100000 runs
[moonbitlang/core] bench builtin/string_char_set_bench_test.mbt:107 ("bench StringView::contains_any short inputs") ok
time (mean ± σ)         range (min … max) 
 151.90 ns ±   0.41 ns   151.56 ns … 152.63 ns  in 10 × 100000 runs
[moonbitlang/core] bench builtin/string_char_length_bench_test.mbt:51 ("bench char_length ascii 8") ok
time (mean ± σ)         range (min … max) 
  23.41 ns ±   0.11 ns    23.29 ns …  23.59 ns  in 10 × 100000 runs
[moonbitlang/core] bench builtin/string_char_length_bench_test.mbt:56 ("bench char_length ascii 16") ok
time (mean ± σ)         range (min … max) 
  19.30 ns ±   0.08 ns    19.22 ns …  19.48 ns  in 10 × 100000 runs
[moonbitlang/core] bench builtin/string_char_length_bench_test.mbt:61 ("bench char_length ascii 100") ok
time (mean ± σ)         range (min … max) 
  31.71 ns ±   0.06 ns    31.66 ns …  31.86 ns  in 10 × 100000 runs
[moonbitlang/core] bench builtin/string_char_length_bench_test.mbt:66 ("bench char_length ascii 4k") ok
time (mean ± σ)         range (min … max) 
 510.89 ns ±   1.13 ns   507.90 ns … 511.79 ns  in 10 × 100000 runs
[moonbitlang/core] bench builtin/string_char_length_bench_test.mbt:71 ("bench char_length ascii 64k") ok
time (mean ± σ)         range (min … max) 
   7.84 µs ±  23.78 ns     7.79 µs …   7.86 µs  in 10 ×  12698 runs
[moonbitlang/core] bench builtin/string_char_length_bench_test.mbt:76 ("bench char_length cjk 4k") ok
time (mean ± σ)         range (min … max) 
 510.93 ns ±   0.26 ns   510.72 ns … 511.42 ns  in 10 × 100000 runs
[moonbitlang/core] bench builtin/string_char_length_bench_test.mbt:81 ("bench char_length emoji 4k") ok
time (mean ± σ)         range (min … max) 
   1.17 µs ±  29.46 ns     1.15 µs …   1.25 µs  in 10 ×  86545 runs
[moonbitlang/core] bench builtin/string_char_length_bench_test.mbt:86 ("bench char_length mixed 4k") ok
time (mean ± σ)         range (min … max) 
 677.97 ns ±   0.44 ns   677.21 ns … 678.43 ns  in 10 × 100000 runs
[moonbitlang/core] bench builtin/string_char_length_bench_test.mbt:91 ("bench StringView::char_length ascii 4k unaligned") ok
time (mean ± σ)         range (min … max) 
 513.35 ns ±   0.52 ns   512.53 ns … 513.89 ns  in 10 × 100000 runs
[moonbitlang/core] bench builtin/string_char_length_bench_test.mbt:97 ("bench char_length_eq ascii 16") ok
time (mean ± σ)         range (min … max) 
  19.98 ns ±   0.05 ns    19.94 ns …  20.08 ns  in 10 × 100000 runs
[moonbitlang/core] bench builtin/string_char_length_bench_test.mbt:102 ("bench char_length_eq ascii 4k") ok
time (mean ± σ)         range (min … max) 
 603.90 ns ±   3.63 ns   597.43 ns … 606.23 ns  in 10 × 100000 runs
[moonbitlang/core] bench builtin/string_char_length_bench_test.mbt:107 ("bench char_length_eq emoji 4k") ok
time (mean ± σ)         range (min … max) 
   1.26 µs ±   0.23 ns     1.26 µs …   1.26 µs  in 10 ×  79130 runs
[moonbitlang/core] bench builtin/string_char_length_bench_test.mbt:112 ("bench char_length_eq mixed 4k") ok
time (mean ± σ)         range (min … max) 
 781.42 ns ±   2.91 ns   775.86 ns … 783.52 ns  in 10 × 100000 runs
[moonbitlang/core] bench builtin/string_char_length_bench_test.mbt:119 ("bench char_length_ge ascii 4k len 3") ok
time (mean ± σ)         range (min … max) 
  18.80 ns ±   0.04 ns    18.74 ns …  18.86 ns  in 10 × 100000 runs
[moonbitlang/core] bench builtin/string_char_length_bench_test.mbt:124 ("bench char_length_ge ascii 4k len 2000") ok
time (mean ± σ)         range (min … max) 
 308.84 ns ±   0.10 ns   308.72 ns … 309.00 ns  in 10 × 100000 runs
[moonbitlang/core] bench builtin/string_char_length_bench_test.mbt:129 ("bench char_length_ge cjk 4k len 4096") ok
time (mean ± σ)         range (min … max) 
 603.83 ns ±   2.84 ns   597.09 ns … 607.19 ns  in 10 × 100000 runs
[moonbitlang/core] bench builtin/string_char_length_bench_test.mbt:134 ("bench char_length_ge emoji 4k len 2048") ok
time (mean ± σ)         range (min … max) 
   1.26 µs ±   0.79 ns     1.26 µs …   1.26 µs  in 10 ×  79803 runs
[moonbitlang/core] bench builtin/sort_bench_test.mbt:21 ("bench Array::sort n=1000") ok
time (mean ± σ)         range (min … max) 
  22.11 µs ± 850.18 ns    21.69 µs …  24.46 µs  in 10 ×   4606 runs
[moonbitlang/core] bench builtin/sort_bench_test.mbt:31 ("bench Array::sort n=100000") ok
time (mean ± σ)         range (min … max) 
   6.12 ms ±   6.19 µs     6.11 ms …   6.13 ms  in 10 ×     17 runs
[moonbitlang/core] bench builtin/sort_bench_test.mbt:41 ("bench Array::sort_by n=10000") ok
time (mean ± σ)         range (min … max) 
 771.52 µs ± 841.27 ns   770.41 µs … 772.82 µs  in 10 ×    130 runs
[moonbitlang/core] bench builtin/range_equal_bench_test.mbt:56 ("bench range_equal StringView== n=4 equal") ok
time (mean ± σ)         range (min … max) 
  17.32 ns ±   0.09 ns    17.25 ns …  17.49 ns  in 10 × 100000 runs
[moonbitlang/core] bench builtin/range_equal_bench_test.mbt:61 ("bench range_equal StringView== n=8 equal") ok
time (mean ± σ)         range (min … max) 
  15.86 ns ±   0.05 ns    15.79 ns …  15.94 ns  in 10 × 100000 runs
[moonbitlang/core] bench builtin/range_equal_bench_test.mbt:66 ("bench range_equal StringView== n=8 mismatch at end") ok
time (mean ± σ)         range (min … max) 
  15.85 ns ±   0.05 ns    15.80 ns …  15.95 ns  in 10 × 100000 runs
[moonbitlang/core] bench builtin/range_equal_bench_test.mbt:71 ("bench range_equal StringView== n=16 equal") ok
time (mean ± σ)         range (min … max) 
  16.15 ns ±   0.03 ns    16.11 ns …  16.22 ns  in 10 × 100000 runs
[moonbitlang/core] bench builtin/range_equal_bench_test.mbt:76 ("bench range_equal StringView== n=16 mismatch at end") ok
time (mean ± σ)         range (min … max) 
  16.15 ns ±   0.03 ns    16.11 ns …  16.21 ns  in 10 × 100000 runs
[moonbitlang/core] bench builtin/range_equal_bench_test.mbt:81 ("bench range_equal StringView== n=15 equal") ok
time (mean ± σ)         range (min … max) 
  16.16 ns ±   0.05 ns    16.10 ns …  16.26 ns  in 10 × 100000 runs
[moonbitlang/core] bench builtin/range_equal_bench_test.mbt:86 ("bench range_equal StringView== n=64 equal") ok
time (mean ± σ)         range (min … max) 
  20.27 ns ±   0.04 ns    20.23 ns …  20.34 ns  in 10 × 100000 runs
[moonbitlang/core] bench builtin/range_equal_bench_test.mbt:91 ("bench range_equal StringView== n=64 mismatch at end") ok
time (mean ± σ)         range (min … max) 
  20.28 ns ±   0.06 ns    20.22 ns …  20.39 ns  in 10 × 100000 runs
[moonbitlang/core] bench builtin/range_equal_bench_test.mbt:96 ("bench range_equal StringView== n=1024 equal") ok
time (mean ± σ)         range (min … max) 
 114.12 ns ±   0.15 ns   113.97 ns … 114.46 ns  in 10 × 100000 runs
[moonbitlang/core] bench builtin/range_equal_bench_test.mbt:101 ("bench range_equal StringView== n=1024 mismatch at end") ok
time (mean ± σ)         range (min … max) 
 114.10 ns ±   0.09 ns   113.99 ns … 114.24 ns  in 10 × 100000 runs
[moonbitlang/core] bench builtin/range_equal_bench_test.mbt:106 ("bench range_equal StringView== n=1024 mismatch at 0") ok
time (mean ± σ)         range (min … max) 
  16.13 ns ±   0.03 ns    16.09 ns …  16.20 ns  in 10 × 100000 runs
[moonbitlang/core] bench builtin/range_equal_bench_test.mbt:111 ("bench range_equal StringView== n=65536 equal") ok
time (mean ± σ)         range (min … max) 
   6.48 µs ±  10.77 ns     6.45 µs …   6.49 µs  in 10 ×  15370 runs
[moonbitlang/core] bench builtin/range_equal_bench_test.mbt:116 ("bench range_equal StringView== n=65536 mismatch at end") ok
time (mean ± σ)         range (min … max) 
   6.49 µs ±  12.64 ns     6.46 µs …   6.51 µs  in 10 ×  15367 runs
[moonbitlang/core] bench builtin/range_equal_bench_test.mbt:121 ("bench range_equal BytesView== n=4 equal") ok
time (mean ± σ)         range (min … max) 
  17.32 ns ±   0.05 ns    17.28 ns …  17.41 ns  in 10 × 100000 runs
[moonbitlang/core] bench builtin/range_equal_bench_test.mbt:126 ("bench range_equal BytesView== n=8 equal") ok
time (mean ± σ)         range (min … max) 
  19.40 ns ±   0.08 ns    19.34 ns …  19.64 ns  in 10 × 100000 runs
[moonbitlang/core] bench builtin/range_equal_bench_test.mbt:131 ("bench range_equal BytesView== n=8 mismatch at end") ok
time (mean ± σ)         range (min … max) 
  18.81 ns ±   0.05 ns    18.76 ns …  18.90 ns  in 10 × 100000 runs
[moonbitlang/core] bench builtin/range_equal_bench_test.mbt:136 ("bench range_equal BytesView== n=16 equal") ok
time (mean ± σ)         range (min … max) 
  15.86 ns ±   0.06 ns    15.79 ns …  15.97 ns  in 10 × 100000 runs
[moonbitlang/core] bench builtin/range_equal_bench_test.mbt:141 ("bench range_equal BytesView== n=16 mismatch at end") ok
time (mean ± σ)         range (min … max) 
  15.82 ns ±   0.02 ns    15.80 ns …  15.84 ns  in 10 × 100000 runs
[moonbitlang/core] bench builtin/range_equal_bench_test.mbt:146 ("bench range_equal BytesView== n=31 equal") ok
time (mean ± σ)         range (min … max) 
  16.14 ns ±   0.02 ns    16.10 ns …  16.17 ns  in 10 × 100000 runs
[moonbitlang/core] bench builtin/range_equal_bench_test.mbt:151 ("bench range_equal BytesView== n=64 equal") ok
time (mean ± σ)         range (min … max) 
  17.62 ns ±   0.04 ns    17.57 ns …  17.70 ns  in 10 × 100000 runs
[moonbitlang/core] bench builtin/range_equal_bench_test.mbt:156 ("bench range_equal BytesView== n=64 mismatch at end") ok
time (mean ± σ)         range (min … max) 
  17.62 ns ±   0.03 ns    17.58 ns …  17.70 ns  in 10 × 100000 runs
[moonbitlang/core] bench builtin/range_equal_bench_test.mbt:161 ("bench range_equal BytesView== n=1024 equal") ok
time (mean ± σ)         range (min … max) 
  63.58 ns ±   0.78 ns    61.82 ns …  64.05 ns  in 10 × 100000 runs
[moonbitlang/core] bench builtin/range_equal_bench_test.mbt:166 ("bench range_equal BytesView== n=1024 mismatch at end") ok
time (mean ± σ)         range (min … max) 
  63.87 ns ±   0.08 ns    63.77 ns …  64.03 ns  in 10 × 100000 runs
[moonbitlang/core] bench builtin/range_equal_bench_test.mbt:171 ("bench range_equal BytesView== n=1024 mismatch at 0") ok
time (mean ± σ)         range (min … max) 
  16.16 ns ±   0.07 ns    16.10 ns …  16.30 ns  in 10 × 100000 runs
[moonbitlang/core] bench builtin/range_equal_bench_test.mbt:176 ("bench range_equal BytesView== n=65536 equal") ok
time (mean ± σ)         range (min … max) 
   3.26 µs ±  13.88 ns     3.23 µs …   3.27 µs  in 10 ×  30599 runs
[moonbitlang/core] bench builtin/range_equal_bench_test.mbt:181 ("bench range_equal BytesView== n=65536 mismatch at end") ok
time (mean ± σ)         range (min … max) 
   3.27 µs ±   2.50 ns     3.26 µs …   3.27 µs  in 10 ×  30580 runs
[moonbitlang/core] bench builtin/range_equal_bench_test.mbt:186 ("bench range_equal StringView::has_prefix prefix=32 hit") ok
time (mean ± σ)         range (min … max) 
  19.97 ns ±   0.04 ns    19.93 ns …  20.04 ns  in 10 × 100000 runs
[moonbitlang/core] bench builtin/range_equal_bench_test.mbt:193 ("bench range_equal StringView::has_prefix prefix=32 miss at end") ok
time (mean ± σ)         range (min … max) 
  20.02 ns ±   0.06 ns    19.95 ns …  20.12 ns  in 10 × 100000 runs
[moonbitlang/core] bench builtin/linked_hash_map_bench_test.mbt:19 ("bench Map::set n=50000") ok
time (mean ± σ)         range (min … max) 
   3.96 ms ±   8.90 µs     3.94 ms …   3.97 ms  in 10 ×     26 runs
[moonbitlang/core] bench builtin/linked_hash_map_bench_test.mbt:30 ("bench Map::get n=50000") ok
time (mean ± σ)         range (min … max) 
   1.23 ms ±   1.12 µs     1.23 ms …   1.23 ms  in 10 ×     81 runs
[moonbitlang/core] bench builtin/linked_hash_map_bench_test.mbt:47 ("bench Map::get miss n=50000") ok
time (mean ± σ)         range (min … max) 
   1.36 ms ±  26.59 µs     1.34 ms …   1.42 ms  in 10 ×     75 runs
[moonbitlang/core] bench builtin/linked_hash_map_bench_test.mbt:67 ("bench Map::set+remove n=50000") ok
time (mean ± σ)         range (min … max) 
   5.55 ms ±  42.77 µs     5.52 ms …   5.66 ms  in 10 ×     18 runs
[moonbitlang/core] bench builtin/linked_hash_map_bench_test.mbt:83 ("bench Map::each n=50000") ok
time (mean ± σ)         range (min … max) 
 142.11 µs ±  93.98 ns   141.95 µs … 142.22 µs  in 10 ×    704 runs
[moonbitlang/core] bench builtin/linked_hash_map_bench_test.mbt:101 ("bench Map::filter n=50000") ok
time (mean ± σ)         range (min … max) 
   1.64 ms ±   1.63 µs     1.64 ms …   1.64 ms  in 10 ×     62 runs
[moonbitlang/core] bench builtin/linked_hash_map_bench_test.mbt:107 ("bench Map comprehension filter n=50000") ok
time (mean ± σ)         range (min … max) 
   4.12 ms ±   8.84 µs     4.11 ms …   4.14 ms  in 10 ×     25 runs
[moonbitlang/core] bench builtin/lexical_compare_bench_test.mbt:42 ("bench lexical_compare equal n=256") ok
time (mean ± σ)         range (min … max) 
  39.88 ns ±   0.11 ns    39.78 ns …  40.10 ns  in 10 × 100000 runs
[moonbitlang/core] bench builtin/lexical_compare_bench_test.mbt:47 ("bench lexical_compare common-prefix n=256") ok
time (mean ± σ)         range (min … max) 
  39.71 ns ±   0.51 ns    38.68 ns …  40.14 ns  in 10 × 100000 runs
[moonbitlang/core] bench builtin/lexical_compare_bench_test.mbt:52 ("bench lexical_compare early-diff n=256") ok
time (mean ± σ)         range (min … max) 
  21.20 ns ±   0.03 ns    21.15 ns …  21.25 ns  in 10 × 100000 runs
[moonbitlang/core] bench builtin/lexical_compare_bench_test.mbt:89 ("bench String::lexical_compare equal n=256") ok
time (mean ± σ)         range (min … max) 
 264.45 ns ±   1.49 ns   260.71 ns … 265.46 ns  in 10 × 100000 runs
[moonbitlang/core] bench builtin/lexical_compare_bench_test.mbt:94 ("bench String::lexical_compare common-prefix n=256") ok
time (mean ± σ)         range (min … max) 
 263.97 ns ±   0.20 ns   263.62 ns … 264.22 ns  in 10 × 100000 runs
[moonbitlang/core] bench builtin/lexical_compare_bench_test.mbt:99 ("bench String::lexical_compare early-diff n=256") ok
time (mean ± σ)         range (min … max) 
  21.56 ns ±   0.08 ns    21.50 ns …  21.67 ns  in 10 × 100000 runs
[moonbitlang/core] bench builtin/lexical_compare_bench_test.mbt:104 ("bench StringView::lexical_compare equal n=256") ok
time (mean ± σ)         range (min … max) 
 268.08 ns ±   0.27 ns   267.57 ns … 268.49 ns  in 10 × 100000 runs
[moonbitlang/core] bench builtin/lexical_compare_bench_test.mbt:109 ("bench StringView::lexical_compare common-prefix n=256") ok
time (mean ± σ)         range (min … max) 
 264.91 ns ±   1.61 ns   260.41 ns … 266.00 ns  in 10 × 100000 runs
[moonbitlang/core] bench builtin/lexical_compare_bench_test.mbt:114 ("bench StringView::lexical_compare early-diff n=256") ok
time (mean ± σ)         range (min … max) 
  18.88 ns ±   0.09 ns    18.80 ns …  19.01 ns  in 10 × 100000 runs
[moonbitlang/core] bench builtin/lexical_compare_bench_test.mbt:121 ("bench String::compare equal-length common-prefix n=256") ok
time (mean ± σ)         range (min … max) 
 209.95 ns ±   0.37 ns   209.48 ns … 210.50 ns  in 10 × 100000 runs
[moonbitlang/core] bench builtin/lexical_compare_bench_test.mbt:128 ("bench StringView::compare equal-length common-prefix n=256") ok
time (mean ± σ)         range (min … max) 
 267.14 ns ±   0.22 ns   266.88 ns … 267.49 ns  in 10 × 100000 runs
[moonbitlang/core] bench builtin/lexical_compare_bench_test.mbt:135 ("bench StringView::compare_ignore_ascii_case common-prefix n=256") ok
time (mean ± σ)         range (min … max) 
 466.66 ns ±   0.20 ns   466.43 ns … 467.13 ns  in 10 × 100000 runs
[moonbitlang/core] bench builtin/contains_code_unit_bench_test.mbt:19 ("bench contains_code_unit absent n=4") ok
time (mean ± σ)         range (min … max) 
  16.56 ns ±   0.07 ns    16.50 ns …  16.73 ns  in 10 × 100000 runs
[moonbitlang/core] bench builtin/contains_code_unit_bench_test.mbt:25 ("bench contains_code_unit absent n=8") ok
time (mean ± σ)         range (min … max) 
  16.17 ns ±   0.05 ns    16.12 ns …  16.29 ns  in 10 × 100000 runs
[moonbitlang/core] bench builtin/contains_code_unit_bench_test.mbt:31 ("bench contains_code_unit present@0 n=8") ok
time (mean ± σ)         range (min … max) 
  15.26 ns ±   0.05 ns    15.24 ns …  15.39 ns  in 10 × 100000 runs
[moonbitlang/core] bench builtin/contains_code_unit_bench_test.mbt:37 ("bench contains_code_unit absent n=16") ok
time (mean ± σ)         range (min … max) 
  17.17 ns ±   0.18 ns    17.01 ns …  17.48 ns  in 10 × 100000 runs
[moonbitlang/core] bench builtin/contains_code_unit_bench_test.mbt:43 ("bench contains_code_unit absent n=64") ok
time (mean ± σ)         range (min … max) 
  20.58 ns ±   0.03 ns    20.56 ns …  20.64 ns  in 10 × 100000 runs
[moonbitlang/core] bench builtin/contains_code_unit_bench_test.mbt:49 ("bench contains_code_unit absent n=256") ok
time (mean ± σ)         range (min … max) 
  35.37 ns ±   0.06 ns    35.33 ns …  35.54 ns  in 10 × 100000 runs
[moonbitlang/core] bench builtin/contains_code_unit_bench_test.mbt:55 ("bench contains_code_unit present@end n=256") ok
time (mean ± σ)         range (min … max) 
  34.25 ns ±   0.07 ns    34.16 ns …  34.36 ns  in 10 × 100000 runs
[moonbitlang/core] bench builtin/contains_code_unit_bench_test.mbt:61 ("bench contains_code_unit present@0 n=256") ok
time (mean ± σ)         range (min … max) 
  15.27 ns ±   0.02 ns    15.24 ns …  15.30 ns  in 10 × 100000 runs
[moonbitlang/core] bench builtin/contains_code_unit_bench_test.mbt:67 ("bench StringView contains_code_unit absent n=256") ok
time (mean ± σ)         range (min … max) 
  35.79 ns ±   0.08 ns    35.69 ns …  35.93 ns  in 10 × 100000 runs
[moonbitlang/core] bench builtin/bytesview_compare_bench_test.mbt:16 ("bench BytesView Compare equal n=1000000") ok
time (mean ± σ)         range (min … max) 
  71.33 µs ±  99.88 ns    71.12 µs …  71.52 µs  in 10 ×   1402 runs
[moonbitlang/core] bench builtin/bytesview_compare_bench_test.mbt:23 ("bench BytesView Compare last-diff n=1000000") ok
time (mean ± σ)         range (min … max) 
  71.28 µs ±  70.86 ns    71.14 µs …  71.35 µs  in 10 ×   1402 runs
[moonbitlang/core] bench builtin/bytes_unsafe_bench_test.mbt:31 ("bench Bytes::unsafe_read_uint16_le n=4096") ok
time (mean ± σ)         range (min … max) 
   2.40 µs ±  20.73 ns     2.36 µs …   2.42 µs  in 10 ×  41425 runs
[moonbitlang/core] bench builtin/bytes_unsafe_bench_test.mbt:43 ("bench Bytes::unsafe_read_uint32_le n=4096") ok
time (mean ± σ)         range (min … max) 
   1.88 µs ±  42.71 ns     1.84 µs …   1.98 µs  in 10 ×  53361 runs
[moonbitlang/core] bench builtin/bytes_unsafe_bench_test.mbt:55 ("bench Bytes::unsafe_read_uint64_le n=4096") ok
time (mean ± σ)         range (min … max) 
   1.63 µs ±   9.18 ns     1.61 µs …   1.64 µs  in 10 ×  61777 runs
[moonbitlang/core] bench builtin/bytes_unsafe_bench_test.mbt:67 ("bench FixedArray::unsafe_write_uint16_le n=4096") ok
time (mean ± σ)         range (min … max) 
   1.49 µs ±  13.48 ns     1.47 µs …   1.51 µs  in 10 ×  65801 runs
[moonbitlang/core] bench builtin/bytes_unsafe_bench_test.mbt:78 ("bench FixedArray::unsafe_write_uint32_le n=4096") ok
time (mean ± σ)         range (min … max) 
   1.50 µs ±   5.55 ns     1.48 µs …   1.50 µs  in 10 ×  66924 runs
[moonbitlang/core] bench builtin/bytes_unsafe_bench_test.mbt:89 ("bench FixedArray::unsafe_write_uint64_le n=4096") ok
time (mean ± σ)         range (min … max) 
   1.51 µs ±  11.10 ns     1.49 µs …   1.52 µs  in 10 ×  64215 runs
[moonbitlang/core] bench builtin/bytes_output_bench_test.mbt:19 ("bench Bytes Show binary n=100000") ok
time (mean ± σ)         range (min … max) 
   1.49 ms ±   1.53 µs     1.48 ms …   1.49 ms  in 10 ×     68 runs
[moonbitlang/core] bench builtin/bytes_output_bench_test.mbt:24 ("bench Bytes ToJson binary n=100000") ok
time (mean ± σ)         range (min … max) 
   1.19 ms ± 759.48 ns     1.19 ms …   1.19 ms  in 10 ×     85 runs
[moonbitlang/core] bench builtin/bytes_hash_bench_test.mbt:54 ("bench Hash::hash(Bytes) n=32") ok
time (mean ± σ)         range (min … max) 
  21.80 ns ±   0.09 ns    21.71 ns …  21.93 ns  in 10 × 100000 runs
[moonbitlang/core] bench builtin/bytes_hash_bench_test.mbt:60 ("bench Hash::hash(Bytes) n=8192") ok
time (mean ± σ)         range (min … max) 
   4.44 µs ±  33.16 ns     4.42 µs …   4.53 µs  in 10 ×  22564 runs
[moonbitlang/core] bench builtin/bytes_hash_bench_test.mbt:66 ("bench Map::at Bytes n=1024 key_bytes=32") ok
time (mean ± σ)         range (min … max) 
  29.37 µs ±  44.97 ns    29.30 µs …  29.44 µs  in 10 ×   3359 runs
[moonbitlang/core] bench builtin/bytes_from_array_bench_test.mbt:30 ("bench Bytes::from_array n=262144 full") ok
time (mean ± σ)         range (min … max) 
   4.09 µs ±   2.63 ns     4.09 µs …   4.09 µs  in 10 ×  24227 runs
[moonbitlang/core] bench builtin/bytes_from_array_bench_test.mbt:41 ("bench Bytes::from_array n=262144 sliced") ok
time (mean ± σ)         range (min … max) 
   3.85 µs ±   1.04 ns     3.85 µs …   3.85 µs  in 10 ×  26115 runs
[moonbitlang/core] bench builtin/bytes_from_array_bench_test.mbt:48 ("bench Bytes::makei from ArrayView n=262144 full") ok
time (mean ± σ)         range (min … max) 
 937.70 µs ± 728.11 ns   936.77 µs … 938.70 µs  in 10 ×    107 runs
[moonbitlang/core] bench builtin/bytes_from_array_bench_test.mbt:59 ("bench Bytes::makei from ArrayView n=262144 sliced") ok
time (mean ± σ)         range (min … max) 
 939.24 µs ± 353.45 ns   938.81 µs … 939.82 µs  in 10 ×    107 runs
[moonbitlang/core] bench builtin/bytes_equal_bench_test.mbt:37 ("bench Bytes::equal n=100000 equal") ok
time (mean ± σ)         range (min … max) 
   4.76 µs ±  10.32 ns     4.74 µs …   4.78 µs  in 10 ×  21074 runs
[moonbitlang/core] bench builtin/bytes_equal_bench_test.mbt:44 ("bench Bytes::equal n=100000 aliased object") ok
time (mean ± σ)         range (min … max) 
  15.11 ns ±   0.06 ns    15.05 ns …  15.19 ns  in 10 × 100000 runs
[moonbitlang/core] bench builtin/bytes_equal_bench_test.mbt:54 ("bench Bytes::equal n=100000 mismatch at end") ok
time (mean ± σ)         range (min … max) 
   4.77 µs ±   1.57 ns     4.76 µs …   4.77 µs  in 10 ×  21016 runs
[moonbitlang/core] bench builtin/bytes_add_bench_test.mbt:16 ("bench Bytes add total=1000000") ok
time (mean ± σ)         range (min … max) 
  16.37 µs ± 277.52 ns    16.17 µs …  17.12 µs  in 10 ×   6092 runs
[moonbitlang/core] bench builtin/bitstring_uint_aligned_bench_test.mbt:24 ("bench Bytes::unsafe_extract_uint_le_aligned n=8192") ok
time (mean ± σ)         range (min … max) 
 958.60 ns ±   0.69 ns   957.29 ns … 959.14 ns  in 10 × 100000 runs
[moonbitlang/core] bench builtin/bitstring_uint64_aligned_bench_test.mbt:24 ("bench Bytes::unsafe_extract_uint64_le_aligned n=8192") ok
time (mean ± σ)         range (min … max) 
 525.58 ns ±   0.37 ns   524.98 ns … 526.04 ns  in 10 × 100000 runs
[moonbitlang/core] bench builtin/bitstring_extract_bench_test.mbt:35 ("bench BytesView uint_le aligned len=32") ok
time (mean ± σ)         range (min … max) 
   1.52 µs ±   1.92 ns     1.52 µs …   1.52 µs  in 10 ×  65612 runs
[moonbitlang/core] bench builtin/bitstring_extract_bench_test.mbt:48 ("bench BytesView uint_be aligned len=32") ok
time (mean ± σ)         range (min … max) 
   2.25 µs ±  35.56 ns     2.20 µs …   2.28 µs  in 10 ×  45847 runs
[moonbitlang/core] bench builtin/bitstring_extract_bench_test.mbt:61 ("bench ArrayView uint_le aligned len=32") ok
time (mean ± σ)         range (min … max) 
   1.52 µs ±   2.95 ns     1.52 µs …   1.52 µs  in 10 ×  65604 runs
[moonbitlang/core] bench builtin/bitstring_extract_bench_test.mbt:75 ("bench ArrayView uint_be aligned len=32") ok
time (mean ± σ)         range (min … max) 
   2.31 µs ±   9.71 ns     2.29 µs …   2.32 µs  in 10 ×  44507 runs
[moonbitlang/core] bench builtin/bitstring_extract_bench_test.mbt:89 ("bench BytesView uint64_le aligned len=64") ok
time (mean ± σ)         range (min … max) 
 770.94 ns ±   0.78 ns   768.80 ns … 771.49 ns  in 10 × 100000 runs
[moonbitlang/core] bench builtin/bitstring_extract_bench_test.mbt:102 ("bench BytesView uint64_be aligned len=64") ok
time (mean ± σ)         range (min … max) 
   1.77 µs ±  58.55 ns     1.72 µs …   1.93 µs  in 10 ×  58050 runs
[moonbitlang/core] bench builtin/bitstring_extract_bench_test.mbt:115 ("bench ArrayView uint64_le aligned len=64") ok
time (mean ± σ)         range (min … max) 
 770.59 ns ±   1.55 ns   767.73 ns … 771.93 ns  in 10 × 100000 runs
[moonbitlang/core] bench builtin/bitstring_extract_bench_test.mbt:129 ("bench ArrayView uint64_be aligned len=64") ok
time (mean ± σ)         range (min … max) 
   1.71 µs ±   9.03 ns     1.69 µs …   1.72 µs  in 10 ×  56816 runs
[moonbitlang/core] bench builtin/bitstring_extract_bench_test.mbt:143 ("bench BytesView uint_le unaligned len=32") ok
time (mean ± σ)         range (min … max) 
  22.29 µs ±  24.30 ns    22.26 µs …  22.35 µs  in 10 ×   4486 runs
[moonbitlang/core] bench builtin/bitstring_extract_bench_test.mbt:156 ("bench BytesView uint64_le unaligned len=64") ok
time (mean ± σ)         range (min … max) 
  17.77 µs ±  15.01 ns    17.74 µs …  17.79 µs  in 10 ×   5629 runs
[moonbitlang/core] bench builtin/bitstring_extract_bench_test.mbt:169 ("bench BytesView uint_le aligned len=16") ok
time (mean ± σ)         range (min … max) 
   3.03 µs ±   6.48 ns     3.02 µs …   3.03 µs  in 10 ×  32995 runs
[moonbitlang/core] bench builtin/bitstring_extract_bench_test.mbt:182 ("bench BytesView uint_le aligned len=24") ok
time (mean ± σ)         range (min … max) 
  16.87 µs ±  13.29 ns    16.85 µs …  16.89 µs  in 10 ×   5927 runs
[moonbitlang/core] bench builtin/array_retain_bench_test.mbt:29 ("bench Array::retain all keep Int n=100000") ok
time (mean ± σ)         range (min … max) 
 177.56 µs ±   1.95 µs   176.12 µs … 180.64 µs  in 10 ×    553 runs
[moonbitlang/core] bench builtin/array_retain_bench_test.mbt:42 ("bench Array::retain all keep Ref n=100000") ok
time (mean ± σ)         range (min … max) 
 187.59 µs ±   4.06 µs   184.26 µs … 195.62 µs  in 10 ×    528 runs
[moonbitlang/core] bench builtin/array_retain_bench_test.mbt:55 ("bench Array::retain drop tail n=100000") ok
time (mean ± σ)         range (min … max) 
  93.61 µs ±   1.17 µs    91.93 µs …  94.96 µs  in 10 ×   1071 runs
[moonbitlang/core] bench builtin/array_retain_bench_test.mbt:66 ("bench Array::retain late sparse drop n=100000") ok
time (mean ± σ)         range (min … max) 
 119.66 µs ± 804.18 ns   117.94 µs … 120.46 µs  in 10 ×    836 runs
[moonbitlang/core] bench builtin/array_retain_bench_test.mbt:77 ("bench Array::retain drop first n=100000") ok
time (mean ± σ)         range (min … max) 
 123.98 µs ± 658.37 ns   122.73 µs … 124.50 µs  in 10 ×    809 runs
[moonbitlang/core] bench builtin/array_make_blit_bench_test.mbt:32 ("bench FixedArray::copy Ref n=1000000") ok
time (mean ± σ)         range (min … max) 
   2.01 ms ±   1.03 µs     2.01 ms …   2.01 ms  in 10 ×     50 runs
[moonbitlang/core] bench builtin/array_make_blit_bench_test.mbt:38 ("bench Array::from_fixed_array Ref n=1000000") ok
time (mean ± σ)         range (min … max) 
   2.01 ms ± 941.20 ns     2.01 ms …   2.01 ms  in 10 ×     50 runs
[moonbitlang/core] bench builtin/array_make_blit_bench_test.mbt:44 ("bench Array::add Ref n=500000+500000") ok
time (mean ± σ)         range (min … max) 
   3.80 ms ±   5.17 µs     3.79 ms …   3.81 ms  in 10 ×     27 runs
[moonbitlang/core] bench builtin/array_make_blit_bench_test.mbt:51 ("bench ArrayView::add Ref n=500000+500000") ok
time (mean ± σ)         range (min … max) 
   3.95 ms ±   4.89 µs     3.94 ms …   3.96 ms  in 10 ×     26 runs
[moonbitlang/core] bench builtin/array_make_blit_bench_test.mbt:60 ("bench Array::blit_to Ref n=1000000 overwrite") ok
time (mean ± σ)         range (min … max) 
   3.03 ms ±   2.21 µs     3.03 ms …   3.03 ms  in 10 ×     33 runs
[moonbitlang/core] bench builtin/array_make_blit_bench_test.mbt:70 ("bench Array::blit_to Ref n=1000000 grow") ok
time (mean ± σ)         range (min … max) 
   4.87 ms ±  10.96 µs     4.86 ms …   4.89 ms  in 10 ×     21 runs
[moonbitlang/core] bench builtin/array_make_blit_bench_test.mbt:80 ("bench ArrayView::blit_to Ref n=1000000 overwrite") ok
time (mean ± σ)         range (min … max) 
   3.03 ms ± 981.84 ns     3.03 ms …   3.03 ms  in 10 ×     33 runs
[moonbitlang/core] bench builtin/array_make_blit_bench_test.mbt:90 ("bench ArrayView::blit_to Ref n=1000000 grow") ok
time (mean ± σ)         range (min … max) 
   4.62 ms ±  11.31 µs     4.60 ms …   4.63 ms  in 10 ×     22 runs
[moonbitlang/core] bench builtin/array_make_blit_bench_test.mbt:100 ("bench Array::append Ref n=1000000 grow") ok
time (mean ± σ)         range (min … max) 
   4.62 ms ±  13.01 µs     4.60 ms …   4.64 ms  in 10 ×     22 runs
[moonbitlang/core] bench builtin/array_make_blit_bench_test.mbt:110 ("bench Array::push Ref n=1000000 resize") ok
time (mean ± σ)         range (min … max) 
   4.16 ms ±  11.61 µs     4.14 ms …   4.18 ms  in 10 ×     25 runs
[moonbitlang/core] bench builtin/array_make_blit_bench_test.mbt:129 ("bench Array::copy Int n=1000000") ok
time (mean ± σ)         range (min … max) 
  63.71 µs ±  76.58 ns    63.62 µs …  63.81 µs  in 10 ×   1567 runs
[moonbitlang/core] bench builtin/array_make_blit_bench_test.mbt:135 ("bench Array::copy Ref n=1000000") ok
time (mean ± σ)         range (min … max) 
   4.69 ms ± 185.42 µs     4.62 ms …   5.21 ms  in 10 ×     22 runs
[moonbitlang/core] bench builtin/array_locals_bench_test.mbt:29 ("bench Array::retain_map n=100000") ok
time (mean ± σ)         range (min … max) 
 155.14 µs ± 197.99 ns   154.81 µs … 155.36 µs  in 10 ×    645 runs
[moonbitlang/core] bench builtin/array_locals_bench_test.mbt:38 ("bench Array::shuffle_in_place n=100000") ok
time (mean ± σ)         range (min … max) 
 220.73 µs ± 131.08 ns   220.41 µs … 220.88 µs  in 10 ×    454 runs
[moonbitlang/core] bench builtin/array_locals_bench_test.mbt:50 ("bench Array::filter_map n=100000") ok
time (mean ± σ)         range (min … max) 
 158.82 µs ± 171.82 ns   158.66 µs … 159.11 µs  in 10 ×    630 runs
[moonbitlang/core] bench builtin/array_locals_bench_test.mbt:58 ("bench FixedArray::each n=100000") ok
time (mean ± σ)         range (min … max) 
 172.90 µs ± 498.25 ns   172.54 µs … 174.21 µs  in 10 ×    580 runs
[moonbitlang/core] bench builtin/array_locals_bench_test.mbt:68 ("bench FixedArray::eachi n=100000") ok
time (mean ± σ)         range (min … max) 
 172.65 µs ± 125.92 ns   172.47 µs … 172.85 µs  in 10 ×    580 runs
[moonbitlang/core] bench builtin/array_locals_bench_test.mbt:78 ("bench FixedArray::rev_each n=100000") ok
time (mean ± σ)         range (min … max) 
 172.30 µs ±  73.94 ns   172.17 µs … 172.43 µs  in 10 ×    582 runs
[moonbitlang/core] bench builtin/array_locals_bench_test.mbt:88 ("bench FixedArray::rev_eachi n=100000") ok
time (mean ± σ)         range (min … max) 
 175.92 µs ±   7.21 µs   172.14 µs … 190.75 µs  in 10 ×    581 runs
[moonbitlang/core] bench builtin/array_locals_bench_test.mbt:98 ("bench FixedArray::map n=100000") ok
time (mean ± σ)         range (min … max) 
 113.81 µs ± 468.94 ns   112.99 µs … 114.38 µs  in 10 ×    875 runs
[moonbitlang/core] bench builtin/array_locals_bench_test.mbt:104 ("bench FixedArray::mapi n=100000") ok
time (mean ± σ)         range (min … max) 
  66.04 µs ±   1.07 µs    65.30 µs …  68.17 µs  in 10 ×   1500 runs
[moonbitlang/core] bench builtin/array_locals_bench_test.mbt:110 ("bench FixedArray::makei n=100000") ok
time (mean ± σ)         range (min … max) 
  93.59 µs ± 581.59 ns    93.03 µs …  94.69 µs  in 10 ×   1057 runs
[moonbitlang/core] bench builtin/array_locals_bench_test.mbt:115 ("bench FixedArray::fold n=100000") ok
time (mean ± σ)         range (min … max) 
  57.91 µs ±   1.07 µs    56.21 µs …  58.87 µs  in 10 ×   1728 runs
[moonbitlang/core] bench builtin/array_locals_bench_test.mbt:121 ("bench FixedArray::rev_fold n=100000") ok
time (mean ± σ)         range (min … max) 
  57.89 µs ± 906.16 ns    57.00 µs …  59.23 µs  in 10 ×   1711 runs
[moonbitlang/core] bench builtin/array_locals_bench_test.mbt:127 ("bench FixedArray::foldi n=100000") ok
time (mean ± σ)         range (min … max) 
  64.05 µs ± 753.88 ns    62.58 µs …  64.71 µs  in 10 ×   1560 runs
[moonbitlang/core] bench builtin/array_locals_bench_test.mbt:133 ("bench FixedArray::rev_foldi n=100000") ok
time (mean ± σ)         range (min … max) 
  63.47 µs ± 593.04 ns    62.68 µs …  64.41 µs  in 10 ×   1552 runs
[moonbitlang/core] bench builtin/array_locals_bench_test.mbt:139 ("bench ArrayView::chunk_by n=100000") ok
time (mean ± σ)         range (min … max) 
  92.08 µs ±   3.24 µs    90.63 µs … 101.13 µs  in 10 ×   1111 runs
[moonbitlang/core] bench builtin/array_locals_bench_test.mbt:146 ("bench ArrayView::each n=100000") ok
time (mean ± σ)         range (min … max) 
 172.24 µs ± 536.46 ns   171.87 µs … 173.72 µs  in 10 ×    582 runs
[moonbitlang/core] bench builtin/array_locals_bench_test.mbt:157 ("bench ArrayView::eachi n=100000") ok
time (mean ± σ)         range (min … max) 
 172.21 µs ± 114.09 ns   172.07 µs … 172.39 µs  in 10 ×    582 runs
[moonbitlang/core] bench builtin/array_locals_bench_test.mbt:168 ("bench ArrayView::rev_each n=100000") ok
time (mean ± σ)         range (min … max) 
 176.97 µs ± 255.59 ns   176.68 µs … 177.54 µs  in 10 ×    559 runs
[moonbitlang/core] bench builtin/array_locals_bench_test.mbt:179 ("bench ArrayView::rev_eachi n=100000") ok
time (mean ± σ)         range (min … max) 
 181.18 µs ± 697.38 ns   179.36 µs … 181.93 µs  in 10 ×    550 runs
[moonbitlang/core] bench builtin/array_locals_bench_test.mbt:190 ("bench ArrayView::all n=100000") ok
time (mean ± σ)         range (min … max) 
  64.35 µs ±   1.05 µs    63.13 µs …  65.65 µs  in 10 ×   1527 runs
[moonbitlang/core] bench builtin/array_locals_bench_test.mbt:197 ("bench ArrayView::any n=100000") ok
time (mean ± σ)         range (min … max) 
  62.64 µs ±   1.16 µs    61.51 µs …  64.19 µs  in 10 ×   1569 runs
[moonbitlang/core] bench builtin/array_locals_bench_test.mbt:204 ("bench ArrayView::search_by n=100000") ok
time (mean ± σ)         range (min … max) 
  68.34 µs ±   3.03 µs    64.65 µs …  71.28 µs  in 10 ×   1396 runs
[moonbitlang/core] bench builtin/array_locals_bench_test.mbt:213 ("bench ArrayView::fold n=100000") ok
time (mean ± σ)         range (min … max) 
  63.13 µs ± 998.61 ns    60.85 µs …  63.91 µs  in 10 ×   1581 runs
[moonbitlang/core] bench builtin/array_locals_bench_test.mbt:220 ("bench ArrayView::rev_fold n=100000") ok
time (mean ± σ)         range (min … max) 
  60.09 µs ± 400.70 ns    59.48 µs …  60.51 µs  in 10 ×   1656 runs
[moonbitlang/core] bench builtin/array_locals_bench_test.mbt:227 ("bench ArrayView::foldi n=100000") ok
time (mean ± σ)         range (min … max) 
  63.91 µs ± 400.45 ns    63.42 µs …  64.43 µs  in 10 ×   1554 runs
[moonbitlang/core] bench builtin/array_locals_bench_test.mbt:234 ("bench ArrayView::rev_foldi n=100000") ok
time (mean ± σ)         range (min … max) 
  73.21 µs ± 359.87 ns    72.57 µs …  73.71 µs  in 10 ×   1376 runs
[moonbitlang/core] bench builtin/array_locals_bench_test.mbt:241 ("bench ArrayView::map n=100000") ok
time (mean ± σ)         range (min … max) 
  92.28 µs ±  58.61 ns    92.15 µs …  92.36 µs  in 10 ×   1081 runs
[moonbitlang/core] bench builtin/array_locals_bench_test.mbt:248 ("bench ArrayView::mapi n=100000") ok
time (mean ± σ)         range (min … max) 
  94.33 µs ± 226.49 ns    94.01 µs …  94.77 µs  in 10 ×   1060 runs
[moonbitlang/core] bench builtin/array_locals_bench_test.mbt:255 ("bench ArrayView::filter n=100000") ok
time (mean ± σ)         range (min … max) 
 142.18 µs ± 125.62 ns   141.99 µs … 142.38 µs  in 10 ×    703 runs
[moonbitlang/core] bench builtin/array_locals_bench_test.mbt:262 ("bench ArrayView::filter_map n=100000") ok
time (mean ± σ)         range (min … max) 
 165.31 µs ±   5.57 µs   162.54 µs … 179.82 µs  in 10 ×    615 runs
[moonbitlang/core] bench bytes/find_bench_test.mbt:92 ("bench BytesView::find single byte hit end n=4096") ok
time (mean ± σ)         range (min … max) 
 340.91 ns ±   2.87 ns   337.03 ns … 346.77 ns  in 10 × 100000 runs
[moonbitlang/core] bench bytes/find_bench_test.mbt:99 ("bench BytesView::find single byte miss n=4096") ok
time (mean ± σ)         range (min … max) 
 332.89 ns ±   0.56 ns   331.48 ns … 333.35 ns  in 10 × 100000 runs
[moonbitlang/core] bench bytes/find_bench_test.mbt:106 ("bench BytesView::find substring rare hit end n=4096") ok
time (mean ± σ)         range (min … max) 
 438.02 ns ±   0.73 ns   436.31 ns … 438.65 ns  in 10 × 100000 runs
[moonbitlang/core] bench bytes/find_bench_test.mbt:113 ("bench BytesView::find substring dense miss n=4096") ok
time (mean ± σ)         range (min … max) 
 455.34 ns ±   0.51 ns   454.09 ns … 455.87 ns  in 10 × 100000 runs
[moonbitlang/core] bench bytes/find_bench_test.mbt:120 ("bench BytesView::find offset view rare hit end n=4096") ok
time (mean ± σ)         range (min … max) 
 438.35 ns ±   0.33 ns   437.91 ns … 438.80 ns  in 10 × 100000 runs
[moonbitlang/core] bench bytes/find_bench_test.mbt:127 ("bench BytesView::find long dense miss n=4096") ok
time (mean ± σ)         range (min … max) 
   5.08 µs ±  16.10 ns     5.06 µs …   5.10 µs  in 10 ×  19735 runs
[moonbitlang/core] bench bytes/find_bench_test.mbt:134 ("bench BytesView::find single byte miss n=32") ok
time (mean ± σ)         range (min … max) 
  20.08 ns ±   0.05 ns    20.04 ns …  20.17 ns  in 10 × 100000 runs
[moonbitlang/core] bench bytes/find_bench_test.mbt:141 ("bench BytesView::find substring miss n=32") ok
time (mean ± σ)         range (min … max) 
  31.38 ns ±   0.10 ns    31.31 ns …  31.59 ns  in 10 × 100000 runs
[moonbitlang/core] bench bytes/find_bench_test.mbt:148 ("bench BytesView::rev_find single byte hit start n=4096") ok
time (mean ± σ)         range (min … max) 
 320.02 ns ±   0.18 ns   319.75 ns … 320.28 ns  in 10 × 100000 runs
[moonbitlang/core] bench bytes/find_bench_test.mbt:155 ("bench BytesView::rev_find single byte miss n=4096") ok
time (mean ± σ)         range (min … max) 
 315.14 ns ±   0.19 ns   314.87 ns … 315.51 ns  in 10 × 100000 runs
[moonbitlang/core] bench bytes/find_bench_test.mbt:162 ("bench BytesView::rev_find substring rare hit start n=4096") ok
time (mean ± σ)         range (min … max) 
 437.70 ns ±   0.21 ns   437.42 ns … 437.95 ns  in 10 × 100000 runs
[moonbitlang/core] bench bytes/find_bench_test.mbt:169 ("bench BytesView::rev_find substring dense miss n=4096") ok
time (mean ± σ)         range (min … max) 
 435.87 ns ±   0.71 ns   433.99 ns … 436.40 ns  in 10 × 100000 runs
[moonbitlang/core] bench bytes/find_bench_test.mbt:176 ("bench BytesView::rev_find offset view rare hit start n=4096") ok
time (mean ± σ)         range (min … max) 
 437.47 ns ±   0.65 ns   435.65 ns … 437.86 ns  in 10 × 100000 runs
[moonbitlang/core] bench bytes/find_bench_test.mbt:185 ("bench BytesView::rev_find long dense miss n=4096") ok
time (mean ± σ)         range (min … max) 
 443.89 ns ±  20.10 ns   433.49 ns … 498.64 ns  in 10 × 100000 runs
[moonbitlang/core] bench debug/debug_inspect_bench_test.mbt:16 ("bench debug_inspect passing Int") ok
time (mean ± σ)         range (min … max) 
 287.87 ns ±   0.16 ns   287.65 ns … 288.17 ns  in 10 × 100000 runs
[moonbitlang/core] bench debug/debug_inspect_bench_test.mbt:21 ("bench debug_inspect passing Array") ok
time (mean ± σ)         range (min … max) 
   3.05 µs ±   6.04 ns     3.04 µs …   3.06 µs  in 10 ×  32503 runs
[moonbitlang/core] bench deque/deque_bench_test.mbt:22 ("bench Deque::to_array Int n=50000") ok
time (mean ± σ)         range (min … max) 
 152.48 µs ± 181.43 ns   152.17 µs … 152.64 µs  in 10 ×    655 runs
[moonbitlang/core] bench deque/deque_bench_test.mbt:28 ("bench Deque::to_array Ref n=50000") ok
time (mean ± σ)         range (min … max) 
 353.83 µs ± 143.20 ns   353.65 µs … 354.03 µs  in 10 ×    282 runs
[moonbitlang/core] bench deque/deque_bench_test.mbt:34 ("bench Deque steady-state pop_front/push_back x100000 len=1000") ok
time (mean ± σ)         range (min … max) 
 681.72 µs ± 389.98 ns   680.79 µs … 682.05 µs  in 10 ×    147 runs
[moonbitlang/core] bench deque/deque_bench_test.mbt:51 ("bench Deque steady-state push_front/pop_back x100000 len=1000") ok
time (mean ± σ)         range (min … max) 
 794.35 µs ± 462.64 ns   793.44 µs … 794.87 µs  in 10 ×    126 runs
[moonbitlang/core] bench deque/deque_bench_test.mbt:67 ("bench Deque::get x100000 len=1000") ok
time (mean ± σ)         range (min … max) 
 619.19 µs ±   7.99 µs   605.35 µs … 626.02 µs  in 10 ×    161 runs
[moonbitlang/core] bench encoding/ascii/ascii_bench_test.mbt:40 ("bench ASCII decode n=15") ok
time (mean ± σ)         range (min … max) 
  47.03 ns ±   0.62 ns    45.30 ns …  47.41 ns  in 10 × 100000 runs
[moonbitlang/core] bench encoding/ascii/ascii_bench_test.mbt:46 ("bench ASCII decode n=16") ok
time (mean ± σ)         range (min … max) 
  46.59 ns ±   0.06 ns    46.53 ns …  46.69 ns  in 10 × 100000 runs
[moonbitlang/core] bench encoding/ascii/ascii_bench_test.mbt:52 ("bench ASCII decode n=32") ok
time (mean ± σ)         range (min … max) 
  59.40 ns ±   0.11 ns    59.29 ns …  59.57 ns  in 10 × 100000 runs
[moonbitlang/core] bench encoding/ascii/ascii_bench_test.mbt:58 ("bench ASCII decode n=64") ok
time (mean ± σ)         range (min … max) 
  53.41 ns ±   0.17 ns    53.27 ns …  53.75 ns  in 10 × 100000 runs
[moonbitlang/core] bench encoding/ascii/ascii_bench_test.mbt:64 ("bench ASCII decode n=100000") ok
time (mean ± σ)         range (min … max) 
  17.96 µs ±  79.64 ns    17.86 µs …  18.07 µs  in 10 ×   4494 runs
[moonbitlang/core] bench encoding/ascii/ascii_bench_test.mbt:70 ("bench ASCII decode n=1000000") ok
time (mean ± σ)         range (min … max) 
 175.55 µs ± 447.03 ns   175.06 µs … 176.29 µs  in 10 ×    548 runs
[moonbitlang/core] bench encoding/base64/v128_bench_wbtest.mbt:38 ("bench encode scalar n=64") ok
time (mean ± σ)         range (min … max) 
 572.88 ns ±   0.30 ns   572.13 ns … 573.15 ns  in 10 × 100000 runs
[moonbitlang/core] bench encoding/base64/v128_bench_wbtest.mbt:43 ("bench encode v128 n=64") ok
time (mean ± σ)         range (min … max) 
 127.34 ns ±   0.15 ns   127.17 ns … 127.66 ns  in 10 × 100000 runs
[moonbitlang/core] bench encoding/base64/v128_bench_wbtest.mbt:48 ("bench encode scalar n=1024") ok
time (mean ± σ)         range (min … max) 
   7.63 µs ±   5.98 ns     7.62 µs …   7.63 µs  in 10 ×  12992 runs
[moonbitlang/core] bench encoding/base64/v128_bench_wbtest.mbt:53 ("bench encode v128 n=1024") ok
time (mean ± σ)         range (min … max) 
 820.13 ns ±   0.24 ns   819.74 ns … 820.55 ns  in 10 × 100000 runs
[moonbitlang/core] bench encoding/base64/v128_bench_wbtest.mbt:58 ("bench encode scalar n=65536") ok
time (mean ± σ)         range (min … max) 
 481.26 µs ± 280.25 ns   480.64 µs … 481.62 µs  in 10 ×    209 runs
[moonbitlang/core] bench encoding/base64/v128_bench_wbtest.mbt:63 ("bench encode v128 n=65536") ok
time (mean ± σ)         range (min … max) 
  54.57 µs ± 103.57 ns    54.30 µs …  54.65 µs  in 10 ×   1858 runs
[moonbitlang/core] bench encoding/base64/v128_bench_wbtest.mbt:68 ("bench decode scalar n=64") ok
time (mean ± σ)         range (min … max) 
 537.02 ns ±   0.51 ns   535.79 ns … 537.45 ns  in 10 × 100000 runs
[moonbitlang/core] bench encoding/base64/v128_bench_wbtest.mbt:75 ("bench decode v128 n=64") ok
time (mean ± σ)         range (min … max) 
 159.47 ns ±   5.32 ns   155.01 ns … 173.47 ns  in 10 × 100000 runs
[moonbitlang/core] bench encoding/base64/v128_bench_wbtest.mbt:80 ("bench decode scalar n=1024") ok
time (mean ± σ)         range (min … max) 
   7.73 µs ± 188.84 ns     7.55 µs …   8.03 µs  in 10 ×  12941 runs
[moonbitlang/core] bench encoding/base64/v128_bench_wbtest.mbt:87 ("bench decode v128 n=1024") ok
time (mean ± σ)         range (min … max) 
 549.12 ns ±   0.87 ns   547.01 ns … 550.12 ns  in 10 × 100000 runs
[moonbitlang/core] bench encoding/base64/v128_bench_wbtest.mbt:92 ("bench decode scalar n=65536") ok
time (mean ± σ)         range (min … max) 
 846.95 µs ±   1.17 µs   844.79 µs … 848.76 µs  in 10 ×    118 runs
[moonbitlang/core] bench encoding/base64/v128_bench_wbtest.mbt:99 ("bench decode v128 n=65536") ok
time (mean ± σ)         range (min … max) 
  26.72 µs ±  53.25 ns    26.63 µs …  26.78 µs  in 10 ×   3730 runs
[moonbitlang/core] bench encoding/hex/v128_bench_wbtest.mbt:34 ("bench encode scalar 4k") ok
time (mean ± σ)         range (min … max) 
  35.52 µs ±  27.83 ns    35.47 µs …  35.55 µs  in 10 ×   2814 runs
[moonbitlang/core] bench encoding/hex/v128_bench_wbtest.mbt:39 ("bench encode public 64") ok
time (mean ± σ)         range (min … max) 
  83.44 ns ±   0.19 ns    83.11 ns …  83.64 ns  in 10 × 100000 runs
[moonbitlang/core] bench encoding/hex/v128_bench_wbtest.mbt:44 ("bench encode public 4k") ok
time (mean ± σ)         range (min … max) 
   1.06 µs ±  15.85 ns     1.04 µs …   1.08 µs  in 10 ×  94608 runs
[moonbitlang/core] bench encoding/hex/v128_bench_wbtest.mbt:49 ("bench encode public 64k") ok
time (mean ± σ)         range (min … max) 
  16.30 µs ±  64.92 ns    16.21 µs …  16.39 µs  in 10 ×   6133 runs
[moonbitlang/core] bench encoding/hex/v128_bench_wbtest.mbt:54 ("bench decode scalar 4k") ok
time (mean ± σ)         range (min … max) 
  23.86 µs ±   1.17 µs    22.61 µs …  26.69 µs  in 10 ×   3843 runs
[moonbitlang/core] bench encoding/hex/v128_bench_wbtest.mbt:62 ("bench decode public 4k") ok
time (mean ± σ)         range (min … max) 
   1.38 µs ±   6.38 ns     1.37 µs …   1.39 µs  in 10 ×  72090 runs
[moonbitlang/core] bench encoding/hex/v128_bench_wbtest.mbt:70 ("bench decode public 64k") ok
time (mean ± σ)         range (min … max) 
  21.42 µs ±  47.00 ns    21.31 µs …  21.49 µs  in 10 ×   4668 runs
[moonbitlang/core] bench encoding/utf16/utf16_v128_bench_test.mbt:57 ("bench utf16 encode ASCII LE n=100000") ok
time (mean ± σ)         range (min … max) 
 174.03 µs ± 177.38 ns   173.62 µs … 174.25 µs  in 10 ×    575 runs
[moonbitlang/core] bench encoding/utf16/utf16_v128_bench_test.mbt:63 ("bench utf16 encode ASCII BE n=100000") ok
time (mean ± σ)         range (min … max) 
 185.08 µs ± 207.41 ns   184.85 µs … 185.61 µs  in 10 ×    541 runs
[moonbitlang/core] bench encoding/utf16/utf16_v128_bench_test.mbt:69 ("bench utf16 encode mixed LE n=100000") ok
time (mean ± σ)         range (min … max) 
 174.00 µs ± 127.52 ns   173.82 µs … 174.23 µs  in 10 ×    575 runs
[moonbitlang/core] bench encoding/utf16/utf16_v128_bench_test.mbt:75 ("bench utf16 encode mixed BE n=100000") ok
time (mean ± σ)         range (min … max) 
 184.99 µs ± 180.96 ns   184.70 µs … 185.22 µs  in 10 ×    541 runs
[moonbitlang/core] bench encoding/utf16/utf16_v128_bench_test.mbt:81 ("bench utf16 decode ASCII LE n=100000") ok
time (mean ± σ)         range (min … max) 
  19.76 µs ±  20.15 ns    19.73 µs …  19.79 µs  in 10 ×   5054 runs
[moonbitlang/core] bench encoding/utf16/utf16_v128_bench_test.mbt:87 ("bench utf16 decode ASCII BE n=100000") ok
time (mean ± σ)         range (min … max) 
  35.05 µs ± 127.80 ns    34.93 µs …  35.31 µs  in 10 ×   2614 runs
[moonbitlang/core] bench encoding/utf16/utf16_v128_bench_test.mbt:95 ("bench utf16 decode mixed LE n=100000") ok
time (mean ± σ)         range (min … max) 
  19.77 µs ±  14.24 ns    19.74 µs …  19.79 µs  in 10 ×   5061 runs
[moonbitlang/core] bench encoding/utf16/utf16_v128_bench_test.mbt:101 ("bench utf16 decode mixed BE n=100000") ok
time (mean ± σ)         range (min … max) 
  35.03 µs ±  39.35 ns    34.97 µs …  35.09 µs  in 10 ×   2853 runs
[moonbitlang/core] bench encoding/utf16/utf16_v128_bench_test.mbt:109 ("bench utf16 decode emoji LE n=100000") ok
time (mean ± σ)         range (min … max) 
 557.21 µs ±   1.96 µs   552.52 µs … 559.93 µs  in 10 ×    179 runs
[moonbitlang/core] bench encoding/utf16/utf16_v128_bench_test.mbt:115 ("bench utf16 decode emoji BE n=100000") ok
time (mean ± σ)         range (min … max) 
 594.79 µs ±   1.22 µs   591.40 µs … 595.61 µs  in 10 ×    169 runs
[moonbitlang/core] bench hashmap/hashmap_bench_test.mbt:19 ("bench HashMap::set n=50000") ok
time (mean ± σ)         range (min … max) 
   3.21 ms ±   7.62 µs     3.20 ms …   3.22 ms  in 10 ×     32 runs
[moonbitlang/core] bench hashmap/hashmap_bench_test.mbt:30 ("bench HashMap::get n=50000") ok
time (mean ± σ)         range (min … max) 
 566.25 µs ± 972.00 ns   564.57 µs … 567.35 µs  in 10 ×    177 runs
[moonbitlang/core] bench hashmap/hashmap_bench_test.mbt:47 ("bench HashMap::get miss n=50000") ok
time (mean ± σ)         range (min … max) 
 714.60 µs ±  16.76 µs   702.85 µs … 755.04 µs  in 10 ×    143 runs
[moonbitlang/core] bench hashmap/hashmap_bench_test.mbt:67 ("bench HashMap::set+remove n=50000") ok
time (mean ± σ)         range (min … max) 
   3.65 ms ±  31.45 µs     3.62 ms …   3.73 ms  in 10 ×     28 runs
[moonbitlang/core] bench hashmap/hashmap_bench_test.mbt:87 ("bench HashMap::copy+remove n=50000") ok
time (mean ± σ)         range (min … max) 
   2.21 ms ±   1.46 µs     2.21 ms …   2.21 ms  in 10 ×     45 runs
[moonbitlang/core] bench hashmap/hashmap_bench_test.mbt:102 ("bench HashMap::copy n=50000") ok
time (mean ± σ)         range (min … max) 
   1.74 ms ±   4.20 µs     1.73 ms …   1.74 ms  in 10 ×     58 runs
[moonbitlang/core] bench hashmap/hashmap_bench_test.mbt:114 ("bench HashMap::to_array Int n=50000") ok
time (mean ± σ)         range (min … max) 
   1.19 ms ± 521.84 ns     1.19 ms …   1.19 ms  in 10 ×     85 runs
[moonbitlang/core] bench hashmap/hashmap_bench_test.mbt:123 ("bench HashMap::to_array Ref n=50000") ok
time (mean ± σ)         range (min … max) 
   1.32 ms ±   3.73 µs     1.31 ms …   1.32 ms  in 10 ×     76 runs
[moonbitlang/core] bench hashmap/hashmap_bench_test.mbt:141 ("bench HashMap::filter n=50000") ok
time (mean ± σ)         range (min … max) 
   1.69 ms ± 566.91 ns     1.69 ms …   1.69 ms  in 10 ×     60 runs
[moonbitlang/core] bench hashmap/hashmap_bench_test.mbt:147 ("bench HashMap comprehension filter n=50000") ok
time (mean ± σ)         range (min … max) 
   4.18 ms ±   8.84 µs     4.18 ms …   4.21 ms  in 10 ×     24 runs
[moonbitlang/core] bench hashset/set_algebra_bench_test.mbt:26 ("bench HashSet::union String 10k 50% overlap") ok
time (mean ± σ)         range (min … max) 
   1.10 ms ±  35.05 µs     1.08 ms …   1.20 ms  in 10 ×     93 runs
[moonbitlang/core] bench hashset/set_algebra_bench_test.mbt:33 ("bench HashSet::union Int 10k 50% overlap") ok
time (mean ± σ)         range (min … max) 
 944.70 µs ± 589.37 ns   943.08 µs … 945.13 µs  in 10 ×    106 runs
[moonbitlang/core] bench hashset/set_algebra_bench_test.mbt:40 ("bench HashSet::intersection String 10k 50% overlap") ok
time (mean ± σ)         range (min … max) 
 603.93 µs ± 183.63 ns   603.67 µs … 604.21 µs  in 10 ×    166 runs
[moonbitlang/core] bench hashset/set_algebra_bench_test.mbt:47 ("bench HashSet::difference String 10k 50% overlap") ok
time (mean ± σ)         range (min … max) 
 553.21 µs ± 468.00 ns   552.54 µs … 553.92 µs  in 10 ×    181 runs
[moonbitlang/core] bench hashset/set_algebra_bench_test.mbt:54 ("bench HashSet::is_subset String 10k true") ok
time (mean ± σ)         range (min … max) 
 204.52 µs ± 906.60 ns   203.61 µs … 205.73 µs  in 10 ×    491 runs
[moonbitlang/core] bench hashset/set_algebra_bench_test.mbt:61 ("bench HashSet == String 10k") ok
time (mean ± σ)         range (min … max) 
 205.67 µs ±   1.95 µs   203.70 µs … 208.45 µs  in 10 ×    490 runs
[moonbitlang/core] bench hashset/set_algebra_bench_test.mbt:68 ("bench HashSet == Int 10k") ok
time (mean ± σ)         range (min … max) 
 116.20 µs ±   2.10 µs   114.07 µs … 118.72 µs  in 10 ×    842 runs
[moonbitlang/core] bench hashset/hashset_bench_test.mbt:19 ("bench HashSet::add n=50000") ok
time (mean ± σ)         range (min … max) 
   3.24 ms ±   3.95 µs     3.24 ms …   3.25 ms  in 10 ×     31 runs
[moonbitlang/core] bench hashset/hashset_bench_test.mbt:30 ("bench HashSet::contains n=50000") ok
time (mean ± σ)         range (min … max) 
   1.24 ms ±  66.95 µs     1.21 ms …   1.41 ms  in 10 ×     83 runs
[moonbitlang/core] bench hashset/hashset_bench_test.mbt:56 ("bench HashSet::filter n=50000") ok
time (mean ± σ)         range (min … max) 
 828.38 µs ± 627.90 ns   827.56 µs … 829.24 µs  in 10 ×    121 runs
[moonbitlang/core] bench hashset/hashset_bench_test.mbt:62 ("bench HashSet comprehension filter n=50000") ok
time (mean ± σ)         range (min … max) 
   1.57 ms ± 375.06 ns     1.57 ms …   1.57 ms  in 10 ×     64 runs
[moonbitlang/core] bench immut/hashmap/update_bench_test.mbt:21 ("bench HashMap::remove absent x1000 n=100000") ok
time (mean ± σ)         range (min … max) 
  47.54 µs ±  45.81 ns    47.41 µs …  47.58 µs  in 10 ×   2114 runs
[moonbitlang/core] bench immut/hashmap/update_bench_test.mbt:32 ("bench HashMap::remove present x1000 n=100000") ok
time (mean ± σ)         range (min … max) 
 733.18 µs ±   1.48 µs   731.62 µs … 736.46 µs  in 10 ×    137 runs
[moonbitlang/core] bench immut/hashmap/update_bench_test.mbt:43 ("bench HashMap::union with a derived version n=100000") ok
time (mean ± σ)         range (min … max) 
   1.29 µs ±   2.14 ns     1.29 µs …   1.30 µs  in 10 ×  77495 runs
[moonbitlang/core] bench immut/hashmap/update_bench_test.mbt:49 ("bench HashMap::intersection with a derived version n=100000") ok
time (mean ± σ)         range (min … max) 
   1.64 µs ±   0.54 ns     1.64 µs …   1.64 µs  in 10 ×  60807 runs
[moonbitlang/core] bench immut/hashmap/hashmap_build_bench_test.mbt:37 ("bench HashMap constructor ordered n=10000") ok
time (mean ± σ)         range (min … max) 
   2.48 ms ±  66.71 µs     2.45 ms …   2.66 ms  in 10 ×     41 runs
[moonbitlang/core] bench immut/hashmap/hashmap_build_bench_test.mbt:43 ("bench HashMap constructor random n=10000") ok
time (mean ± σ)         range (min … max) 
   2.44 ms ±   1.29 µs     2.44 ms …   2.44 ms  in 10 ×     41 runs
[moonbitlang/core] bench immut/hashmap/hashmap_build_bench_test.mbt:49 ("bench HashMap::from_iter random n=10000") ok
time (mean ± σ)         range (min … max) 
   2.50 ms ± 695.72 ns     2.50 ms …   2.50 ms  in 10 ×     40 runs
[moonbitlang/core] bench immut/hashset/update_bench_test.mbt:21 ("bench HashSet::add existing x1000 n=100000") ok
time (mean ± σ)         range (min … max) 
  59.30 µs ± 437.85 ns    58.69 µs …  59.79 µs  in 10 ×   1692 runs
[moonbitlang/core] bench immut/hashset/update_bench_test.mbt:32 ("bench HashSet::remove absent x1000 n=100000") ok
time (mean ± σ)         range (min … max) 
  47.02 µs ± 132.74 ns    46.93 µs …  47.27 µs  in 10 ×   2130 runs
[moonbitlang/core] bench immut/hashset/update_bench_test.mbt:43 ("bench HashSet::add new x1000 n=100000") ok
time (mean ± σ)         range (min … max) 
 722.94 µs ±   1.26 µs   720.54 µs … 723.92 µs  in 10 ×    139 runs
[moonbitlang/core] bench immut/hashset/update_bench_test.mbt:54 ("bench HashSet::union with a derived version n=100000") ok
time (mean ± σ)         range (min … max) 
   1.28 µs ±   1.99 ns     1.28 µs …   1.28 µs  in 10 ×  77842 runs
[moonbitlang/core] bench immut/hashset/hashset_build_bench_test.mbt:34 ("bench HashSet constructor ordered n=10000") ok
time (mean ± σ)         range (min … max) 
   2.44 ms ±  58.39 µs     2.42 ms …   2.61 ms  in 10 ×     42 runs
[moonbitlang/core] bench immut/hashset/hashset_build_bench_test.mbt:40 ("bench HashSet constructor random n=10000") ok
time (mean ± σ)         range (min … max) 
   2.42 ms ±   1.38 µs     2.41 ms …   2.42 ms  in 10 ×     42 runs
[moonbitlang/core] bench immut/hashset/hashset_build_bench_test.mbt:46 ("bench HashSet::from_iter random n=10000") ok
time (mean ± σ)         range (min … max) 
   2.46 ms ±   3.58 µs     2.46 ms …   2.47 ms  in 10 ×     41 runs
[moonbitlang/core] bench immut/priority_queue/priority_queue_build_bench_test.mbt:38 ("bench PriorityQueue::from_array ordered n=10000") ok
time (mean ± σ)         range (min … max) 
 173.51 µs ± 243.68 ns   173.22 µs … 173.79 µs  in 10 ×    576 runs
[moonbitlang/core] bench immut/priority_queue/priority_queue_build_bench_test.mbt:44 ("bench PriorityQueue::from_array reverse n=10000") ok
time (mean ± σ)         range (min … max) 
 160.99 µs ± 201.22 ns   160.68 µs … 161.24 µs  in 10 ×    620 runs
[moonbitlang/core] bench immut/priority_queue/priority_queue_build_bench_test.mbt:50 ("bench PriorityQueue::from_array random n=10000") ok
time (mean ± σ)         range (min … max) 
 174.48 µs ± 335.60 ns   174.07 µs … 174.93 µs  in 10 ×    574 runs
[moonbitlang/core] bench immut/priority_queue/priority_queue_build_bench_test.mbt:56 ("bench PriorityQueue::from_iter random n=10000") ok
time (mean ± σ)         range (min … max) 
 232.37 µs ± 501.51 ns   231.67 µs … 233.08 µs  in 10 ×    432 runs
[moonbitlang/core] bench immut/sorted_map/sorted_map_build_bench_test.mbt:54 ("bench SortedMap constructor reverse n=10000") ok
time (mean ± σ)         range (min … max) 
 257.04 µs ± 318.86 ns   256.24 µs … 257.35 µs  in 10 ×    391 runs
[moonbitlang/core] bench immut/sorted_map/sorted_map_build_bench_test.mbt:60 ("bench SortedMap::from_iter ordered n=10000") ok
time (mean ± σ)         range (min … max) 
   6.90 ms ± 174.23 µs     6.76 ms …   7.37 ms  in 10 ×     15 runs
[moonbitlang/core] bench immut/sorted_map/sorted_map_build_bench_test.mbt:66 ("bench SortedMap::from_iter almost ordered n=10000") ok
time (mean ± σ)         range (min … max) 
   6.82 ms ±  30.77 µs     6.75 ms …   6.84 ms  in 10 ×     15 runs
[moonbitlang/core] bench immut/sorted_map/sorted_map_build_bench_test.mbt:72 ("bench SortedMap::from_iter random n=10000") ok
time (mean ± σ)         range (min … max) 
   4.42 ms ±  14.78 µs     4.40 ms …   4.44 ms  in 10 ×     23 runs
[moonbitlang/core] bench immut/sorted_map/sorted_map_build_bench_test.mbt:78 ("bench SortedMap constructor ordered n=10000") ok
time (mean ± σ)         range (min … max) 
 271.74 µs ± 295.24 ns   271.42 µs … 272.15 µs  in 10 ×    369 runs
[moonbitlang/core] bench immut/sorted_map/sorted_map_build_bench_test.mbt:84 ("bench SortedMap constructor almost ordered n=10000") ok
time (mean ± σ)         range (min … max) 
 642.80 µs ± 319.26 ns   642.54 µs … 643.59 µs  in 10 ×    157 runs
[moonbitlang/core] bench immut/sorted_map/sorted_map_build_bench_test.mbt:90 ("bench SortedMap constructor random n=10000") ok
time (mean ± σ)         range (min … max) 
   2.21 ms ± 375.48 ns     2.21 ms …   2.21 ms  in 10 ×     46 runs
[moonbitlang/core] bench immut/sorted_map/merge_bench_test.mbt:29 ("bench merge disjoint n=1000") ok
time (mean ± σ)         range (min … max) 
   8.68 µs ±  12.33 ns     8.66 µs …   8.71 µs  in 10 ×  11493 runs
[moonbitlang/core] bench immut/sorted_map/merge_bench_test.mbt:36 ("bench merge disjoint n=5000") ok
time (mean ± σ)         range (min … max) 
  13.05 µs ±  15.88 ns    13.02 µs …  13.07 µs  in 10 ×   7662 runs
[moonbitlang/core] bench immut/sorted_map/merge_bench_test.mbt:43 ("bench merge disjoint n=10000") ok
time (mean ± σ)         range (min … max) 
  15.41 µs ± 122.87 ns    15.32 µs …  15.68 µs  in 10 ×   6013 runs
[moonbitlang/core] bench immut/sorted_map/merge_bench_test.mbt:50 ("bench merge overlapping 50% n=1000") ok
time (mean ± σ)         range (min … max) 
  29.27 µs ± 193.33 ns    29.12 µs …  29.73 µs  in 10 ×   3396 runs
[moonbitlang/core] bench immut/sorted_map/merge_bench_test.mbt:57 ("bench merge overlapping 50% n=5000") ok
time (mean ± σ)         range (min … max) 
 143.08 µs ±  36.21 ns   143.04 µs … 143.14 µs  in 10 ×    700 runs
[moonbitlang/core] bench immut/sorted_map/merge_bench_test.mbt:64 ("bench merge overlapping 50% n=10000") ok
time (mean ± σ)         range (min … max) 
 246.74 µs ± 129.91 ns   246.54 µs … 246.95 µs  in 10 ×    406 runs
[moonbitlang/core] bench immut/sorted_map/merge_bench_test.mbt:71 ("bench merge identical n=1000") ok
time (mean ± σ)         range (min … max) 
  40.85 µs ±  19.72 ns    40.82 µs …  40.89 µs  in 10 ×   2450 runs
[moonbitlang/core] bench immut/sorted_map/merge_bench_test.mbt:78 ("bench merge identical n=5000") ok
time (mean ± σ)         range (min … max) 
 209.82 µs ± 199.25 ns   209.60 µs … 210.17 µs  in 10 ×    477 runs
[moonbitlang/core] bench immut/sorted_map/merge_bench_test.mbt:85 ("bench merge interleaved n=1000") ok
time (mean ± σ)         range (min … max) 
 152.69 µs ±  20.71 ns   152.65 µs … 152.71 µs  in 10 ×    655 runs
[moonbitlang/core] bench immut/sorted_map/merge_bench_test.mbt:92 ("bench merge interleaved n=5000") ok
time (mean ± σ)         range (min … max) 
 772.74 µs ±  14.84 µs   765.63 µs … 810.86 µs  in 10 ×    131 runs
[moonbitlang/core] bench immut/sorted_map/merge_bench_test.mbt:99 ("bench merge small into large n=100+10000") ok
time (mean ± σ)         range (min … max) 
  11.55 µs ±  10.06 ns    11.54 µs …  11.57 µs  in 10 ×   8650 runs
[moonbitlang/core] bench immut/sorted_set/sorted_set_build_bench_test.mbt:51 ("bench SortedSet constructor reverse n=10000") ok
time (mean ± σ)         range (min … max) 
 241.46 µs ± 282.72 ns   241.04 µs … 241.73 µs  in 10 ×    415 runs
[moonbitlang/core] bench immut/sorted_set/sorted_set_build_bench_test.mbt:57 ("bench SortedSet::from_iter ordered n=10000") ok
time (mean ± σ)         range (min … max) 
   6.65 ms ±  17.75 µs     6.61 ms …   6.67 ms  in 10 ×     16 runs
[moonbitlang/core] bench immut/sorted_set/sorted_set_build_bench_test.mbt:63 ("bench SortedSet::from_iter almost ordered n=10000") ok
time (mean ± σ)         range (min … max) 
   6.65 ms ±  18.06 µs     6.61 ms …   6.67 ms  in 10 ×     16 runs
[moonbitlang/core] bench immut/sorted_set/sorted_set_build_bench_test.mbt:69 ("bench SortedSet::from_iter rev almost ordered n=10000") ok
time (mean ± σ)         range (min … max) 
   7.45 ms ±  30.02 µs     7.39 ms …   7.48 ms  in 10 ×     14 runs
[moonbitlang/core] bench immut/sorted_set/sorted_set_build_bench_test.mbt:75 ("bench SortedSet::from_iter random n=10000") ok
time (mean ± σ)         range (min … max) 
   4.36 ms ±   5.63 µs     4.35 ms …   4.37 ms  in 10 ×     23 runs
[moonbitlang/core] bench immut/sorted_set/sorted_set_build_bench_test.mbt:81 ("bench SortedSet constructor ordered n=10000") ok
time (mean ± σ)         range (min … max) 
 256.18 µs ±  66.39 ns   256.10 µs … 256.29 µs  in 10 ×    391 runs
[moonbitlang/core] bench immut/sorted_set/sorted_set_build_bench_test.mbt:87 ("bench SortedSet constructor almost ordered n=10000") ok
time (mean ± σ)         range (min … max) 
 288.16 µs ±   4.36 µs   285.10 µs … 298.02 µs  in 10 ×    350 runs
[moonbitlang/core] bench immut/sorted_set/sorted_set_build_bench_test.mbt:93 ("bench SortedSet constructor random n=10000") ok
time (mean ± σ)         range (min … max) 
 621.20 µs ± 946.14 ns   620.64 µs … 623.81 µs  in 10 ×    160 runs
[moonbitlang/core] bench immut/vector/vector_iter_bench_test.mbt:24 ("bench Vector::iter fold n=100000") ok
time (mean ± σ)         range (min … max) 
 781.05 µs ± 508.95 ns   780.31 µs … 781.67 µs  in 10 ×    129 runs
[moonbitlang/core] bench immut/vector/vector_iter_bench_test.mbt:30 ("bench Vector::iter each n=100000") ok
time (mean ± σ)         range (min … max) 
 816.26 µs ± 765.66 ns   814.76 µs … 817.46 µs  in 10 ×    123 runs
[moonbitlang/core] bench immut/vector/vector_iter_bench_test.mbt:40 ("bench Vector::iter to_array n=100000") ok
time (mean ± σ)         range (min … max) 
 926.24 µs ±   5.01 µs   916.68 µs … 929.79 µs  in 10 ×    110 runs
[moonbitlang/core] bench immut/vector/vector_iter_bench_test.mbt:46 ("bench Vector::for-in n=100000") ok
time (mean ± σ)         range (min … max) 
 764.40 µs ± 351.65 ns   763.95 µs … 764.94 µs  in 10 ×    132 runs
[moonbitlang/core] bench immut/vector/vector_contains_bench_test.mbt:24 ("bench Vector::contains missing n=100000") ok
time (mean ± σ)         range (min … max) 
  61.06 µs ±  44.64 ns    60.96 µs …  61.09 µs  in 10 ×   1637 runs
[moonbitlang/core] bench immut/vector/vector_contains_bench_test.mbt:30 ("bench Vector::contains tree-end n=100000") ok
time (mean ± σ)         range (min … max) 
  61.07 µs ±  27.64 ns    61.02 µs …  61.10 µs  in 10 ×   1637 runs
[moonbitlang/core] bench immut/vector/vector_contains_bench_test.mbt:36 ("bench Vector::contains tail-end n=100000") ok
time (mean ± σ)         range (min … max) 
  61.58 µs ±   1.09 µs    60.90 µs …  64.51 µs  in 10 ×   1623 runs
[moonbitlang/core] bench internal/strconv/parse_double_bench_test.mbt:48 ("bench parse_double fast digits n=4096") ok
time (mean ± σ)         range (min … max) 
 461.28 µs ± 864.43 ns   459.91 µs … 462.42 µs  in 10 ×    217 runs
[moonbitlang/core] bench internal/strconv/parse_double_bench_test.mbt:55 ("bench parse_double underscores n=4096") ok
time (mean ± σ)         range (min … max) 
 590.70 µs ± 641.40 ns   589.46 µs … 591.42 µs  in 10 ×    170 runs
[moonbitlang/core] bench internal/strconv/parse_double_bench_test.mbt:62 ("bench parse_double long mantissa n=4096") ok
time (mean ± σ)         range (min … max) 
 661.80 µs ± 629.56 ns   660.24 µs … 662.44 µs  in 10 ×    152 runs
[moonbitlang/core] bench json/stringify_indent_bench_test.mbt:45 ("bench Json::stringify deep wide indent=2 n=10000") ok
time (mean ± σ)         range (min … max) 
 568.11 µs ± 447.35 ns   567.19 µs … 568.66 µs  in 10 ×    178 runs
[moonbitlang/core] bench json/stringify_indent_bench_test.mbt:54 ("bench Json::stringify compact n=10000") ok
time (mean ± σ)         range (min … max) 
 386.20 µs ± 428.82 ns   385.84 µs … 387.35 µs  in 10 ×    262 runs
[moonbitlang/core] bench json/stringify_indent_bench_test.mbt:60 ("bench Json::stringify shallow wide indent=2 n=500") ok
time (mean ± σ)         range (min … max) 
 370.44 µs ± 490.45 ns   369.97 µs … 371.69 µs  in 10 ×    271 runs
[moonbitlang/core] bench json/stringify_indent_bench_test.mbt:66 ("bench Json::stringify shallow wide compact n=500") ok
time (mean ± σ)         range (min … max) 
 310.58 µs ±   5.87 µs   306.68 µs … 324.95 µs  in 10 ×    319 runs
[moonbitlang/core] bench json/stringify_escape_bench_test.mbt:24 ("bench Json::stringify strings no escape n=2048") ok
time (mean ± σ)         range (min … max) 
  96.45 µs ±  77.38 ns    96.34 µs …  96.55 µs  in 10 ×   1034 runs
[moonbitlang/core] bench json/stringify_escape_bench_test.mbt:30 ("bench Json::stringify strings slash no escape n=2048") ok
time (mean ± σ)         range (min … max) 
  96.41 µs ±  73.17 ns    96.35 µs …  96.57 µs  in 10 ×   1035 runs
[moonbitlang/core] bench json/stringify_escape_bench_test.mbt:36 ("bench Json::stringify strings slash escaped n=2048") ok
time (mean ± σ)         range (min … max) 
 274.52 µs ± 135.05 ns   274.19 µs … 274.65 µs  in 10 ×    364 runs
[moonbitlang/core] bench json/stringify_escape_bench_test.mbt:42 ("bench Json::stringify strings quotes controls n=2048") ok
time (mean ± σ)         range (min … max) 
 234.19 µs ± 291.38 ns   234.01 µs … 235.00 µs  in 10 ×    427 runs
[moonbitlang/core] bench json/stringify_escape_bench_test.mbt:48 ("bench Json::stringify 2KB prose one newline n=64") ok
time (mean ± σ)         range (min … max) 
 271.66 µs ± 183.63 ns   271.25 µs … 271.84 µs  in 10 ×    371 runs
[moonbitlang/core] bench json/parse_bench_test.mbt:45 ("bench json parse mixed object array n=1000") ok
time (mean ± σ)         range (min … max) 
   2.18 ms ±   5.29 µs     2.17 ms …   2.18 ms  in 10 ×     46 runs
[moonbitlang/core] bench json/number_bench_test.mbt:64 ("bench json parse int array n=10000") ok
time (mean ± σ)         range (min … max) 
   1.06 ms ±   1.61 µs     1.06 ms …   1.06 ms  in 10 ×     94 runs
[moonbitlang/core] bench json/number_bench_test.mbt:70 ("bench json parse float array n=10000") ok
time (mean ± σ)         range (min … max) 
   1.42 ms ±   6.43 µs     1.42 ms …   1.44 ms  in 10 ×     66 runs
[moonbitlang/core] bench json/number_bench_test.mbt:76 ("bench json parse long mantissa array n=10000") ok
time (mean ± σ)         range (min … max) 
   2.16 ms ±   1.80 µs     2.16 ms …   2.16 ms  in 10 ×     47 runs
[moonbitlang/core] bench json/json_inspect_bench_test.mbt:16 ("bench json_inspect passing Int") ok
time (mean ± σ)         range (min … max) 
 306.43 ns ±   0.40 ns   305.72 ns … 307.29 ns  in 10 × 100000 runs
[moonbitlang/core] bench lazy_list/concat_bench_test.mbt:40 ("bench LazyList build and traverse n=2048") ok
time (mean ± σ)         range (min … max) 
 197.91 µs ± 100.18 ns   197.75 µs … 198.03 µs  in 10 ×    506 runs
[moonbitlang/core] bench lazy_list/concat_bench_test.mbt:49 ("bench LazyList re-traverse a forced list n=2048") ok
time (mean ± σ)         range (min … max) 
  52.91 µs ±  14.13 ns    52.89 µs …  52.94 µs  in 10 ×   1896 runs
[moonbitlang/core] bench lazy_list/concat_bench_test.mbt:57 ("bench LazyList left-nested concat, build only n=2048") ok
time (mean ± σ)         range (min … max) 
 420.93 µs ± 344.28 ns   420.51 µs … 421.46 µs  in 10 ×    238 runs
[moonbitlang/core] bench lazy_list/concat_bench_test.mbt:62 ("bench LazyList left-nested concat, build and traverse n=2048") ok
time (mean ± σ)         range (min … max) 
 739.10 µs ±   1.09 µs   737.50 µs … 740.68 µs  in 10 ×    135 runs
[moonbitlang/core] bench lazy_list/concat_bench_test.mbt:69 ("bench LazyList concat while consuming n=2048") ok
time (mean ± σ)         range (min … max) 
 725.24 µs ± 738.46 ns   724.31 µs … 726.55 µs  in 10 ×    138 runs
[moonbitlang/core] bench lexbuf/lexbuf_bench_test.mbt:47 ("bench Lexbuf retained token chunks=10000 size=1") ok
time (mean ± σ)         range (min … max) 
 660.38 µs ±   8.13 µs   656.42 µs … 683.05 µs  in 10 ×    153 runs
[moonbitlang/core] bench lexbuf/lexbuf_bench_test.mbt:52 ("bench Lexbuf retained token chunks=1250 size=8") ok
time (mean ± σ)         range (min … max) 
 142.20 µs ± 850.33 ns   141.62 µs … 144.33 µs  in 10 ×    694 runs
[moonbitlang/core] bench lexbuf/lexbuf_bench_test.mbt:57 ("bench Lexbuf retained token chunks=157 size=64") ok
time (mean ± σ)         range (min … max) 
  72.72 µs ± 134.00 ns    72.49 µs …  72.86 µs  in 10 ×   1375 runs
[moonbitlang/core] bench lexbuf/lexbuf_bench_test.mbt:62 ("bench Lexbuf retained token chunks=20 size=512") ok
time (mean ± σ)         range (min … max) 
  66.84 µs ±  95.07 ns    66.72 µs …  66.99 µs  in 10 ×   1493 runs
[moonbitlang/core] bench quickcheck/shrink_collection_bench_test.mbt:16 ("bench shrink Array first candidate size=10000") ok
time (mean ± σ)         range (min … max) 
 494.36 ns ±   0.47 ns   493.70 ns … 494.93 ns  in 10 × 100000 runs
[moonbitlang/core] bench quickcheck/shrink_collection_bench_test.mbt:22 ("bench shrink List first candidate size=10000") ok
time (mean ± σ)         range (min … max) 
 407.57 µs ± 325.79 ns   406.86 µs … 408.01 µs  in 10 ×    246 runs
[moonbitlang/core] bench quickcheck/generator_bench_test.mbt:16 ("bench Generator::zip_with n=1000000") ok
time (mean ± σ)         range (min … max) 
  24.56 ms ±   4.97 µs    24.55 ms …  24.56 ms  in 10 ×      5 runs
[moonbitlang/core] bench quickcheck/arbitrary_string_bench_test.mbt:16 ("bench Arbitrary String size=10000 count=100") ok
time (mean ± σ)         range (min … max) 
   6.59 ms ±   9.89 µs     6.58 ms …   6.61 ms  in 10 ×     16 runs
[moonbitlang/core] bench random/random_test.mbt:409 ("bench random") ok
time (mean ± σ)         range (min … max) 
  48.26 ms ± 862.80 µs    47.90 ms …  50.67 ms  in 10 ×      3 runs
[moonbitlang/core] bench set/set_algebra_bench_test.mbt:26 ("bench Set::union String 10k 50% overlap") ok
time (mean ± σ)         range (min … max) 
   1.02 ms ±   2.72 µs     1.02 ms …   1.02 ms  in 10 ×     99 runs
[moonbitlang/core] bench set/set_algebra_bench_test.mbt:33 ("bench Set::union Int 10k 50% overlap") ok
time (mean ± σ)         range (min … max) 
 850.23 µs ±   2.52 µs   847.58 µs … 854.26 µs  in 10 ×    118 runs
[moonbitlang/core] bench set/set_algebra_bench_test.mbt:40 ("bench Set::intersection String 10k 50% overlap") ok
time (mean ± σ)         range (min … max) 
 566.20 µs ± 404.02 ns   565.84 µs … 567.09 µs  in 10 ×    176 runs
[moonbitlang/core] bench set/set_algebra_bench_test.mbt:47 ("bench Set::difference String 10k 50% overlap") ok
time (mean ± σ)         range (min … max) 
 569.58 µs ± 671.96 ns   568.88 µs … 571.26 µs  in 10 ×    176 runs
[moonbitlang/core] bench set/set_algebra_bench_test.mbt:54 ("bench Set::is_subset String 10k true") ok
time (mean ± σ)         range (min … max) 
 223.15 µs ± 431.66 ns   222.61 µs … 223.99 µs  in 10 ×    451 runs
[moonbitlang/core] bench set/set_algebra_bench_test.mbt:61 ("bench Set == String 10k") ok
time (mean ± σ)         range (min … max) 
 221.48 µs ± 163.75 ns   221.29 µs … 221.80 µs  in 10 ×    452 runs
[moonbitlang/core] bench set/set_algebra_bench_test.mbt:68 ("bench Set == Int 10k") ok
time (mean ± σ)         range (min … max) 
 147.00 µs ±   3.01 µs   145.25 µs … 155.30 µs  in 10 ×    679 runs
[moonbitlang/core] bench set/linked_hash_set_bench_test.mbt:19 ("bench Set::add n=50000") ok
time (mean ± σ)         range (min … max) 
   3.96 ms ±   2.46 µs     3.95 ms …   3.96 ms  in 10 ×     26 runs
[moonbitlang/core] bench set/linked_hash_set_bench_test.mbt:30 ("bench Set::contains n=50000") ok
time (mean ± σ)         range (min … max) 
   1.23 ms ±   2.15 µs     1.23 ms …   1.24 ms  in 10 ×     82 runs
[moonbitlang/core] bench set/linked_hash_set_bench_test.mbt:47 ("bench Set::contains miss n=50000") ok
time (mean ± σ)         range (min … max) 
   1.34 ms ±   5.56 µs     1.34 ms …   1.35 ms  in 10 ×     75 runs
[moonbitlang/core] bench set/linked_hash_set_bench_test.mbt:67 ("bench Set::add+remove n=50000") ok
time (mean ± σ)         range (min … max) 
   5.54 ms ±   7.97 µs     5.54 ms …   5.57 ms  in 10 ×     19 runs
[moonbitlang/core] bench set/linked_hash_set_bench_test.mbt:86 ("bench Set::filter n=50000") ok
time (mean ± σ)         range (min … max) 
 726.15 µs ±   2.82 µs   723.45 µs … 731.54 µs  in 10 ×    139 runs
[moonbitlang/core] bench set/linked_hash_set_bench_test.mbt:92 ("bench Set comprehension filter n=50000") ok
time (mean ± σ)         range (min … max) 
   1.41 ms ±   1.31 µs     1.41 ms …   1.41 ms  in 10 ×     71 runs
[moonbitlang/core] bench sorted_set/sorted_set_bench_test.mbt:22 ("bench SortedSet::to_array Int n=50000") ok
time (mean ± σ)         range (min … max) 
 410.53 µs ± 885.92 ns   409.22 µs … 411.46 µs  in 10 ×    244 runs
[moonbitlang/core] bench sorted_set/sorted_set_bench_test.mbt:30 ("bench SortedSet::to_array Ref n=50000") ok
time (mean ± σ)         range (min … max) 
 576.02 µs ± 686.87 ns   575.14 µs … 577.14 µs  in 10 ×    172 runs
[moonbitlang/core] bench string/regex_bench_test.mbt:16 ("bench regex /aa?b/ on 1MB string") ok
time (mean ± σ)         range (min … max) 
   2.58 ms ±   1.17 µs     2.58 ms …   2.58 ms  in 10 ×     39 runs
[moonbitlang/core] bench string/regex_bench_test.mbt:23 ("bench regex phone lines") ok
time (mean ± σ)         range (min … max) 
   6.45 µs ±  12.02 ns     6.44 µs …   6.47 µs  in 10 ×  15547 runs
[moonbitlang/core] bench string/regex_bench_test.mbt:43 ("bench regex large pattern") ok
time (mean ± σ)         range (min … max) 
   3.06 ms ±   4.51 µs     3.05 ms …   3.07 ms  in 10 ×     34 runs
[moonbitlang/core] bench v128/v128_bench_test.mbt:32 ("bench V128 i64x2_add n=10000") ok
time (mean ± σ)         range (min … max) 
   5.92 µs ±   7.60 ns     5.89 µs …   5.92 µs  in 10 ×  16882 runs
[moonbitlang/core] bench v128/v128_bench_test.mbt:44 ("bench V128 i32x4_add n=10000") ok
time (mean ± σ)         range (min … max) 
   5.91 µs ±   8.66 ns     5.89 µs …   5.92 µs  in 10 ×  16885 runs
[moonbitlang/core] bench v128/v128_bench_test.mbt:56 ("bench V128 i8x16_add n=10000") ok
time (mean ± σ)         range (min … max) 
   5.91 µs ±   9.80 ns     5.89 µs …   5.92 µs  in 10 ×  16892 runs
[moonbitlang/core] bench v128/v128_bench_test.mbt:68 ("bench V128 i8x16_splat n=10000") ok
time (mean ± σ)         range (min … max) 
   5.56 µs ± 195.72 ns     5.42 µs …   6.01 µs  in 10 ×  18426 runs
[moonbitlang/core] bench v128/v128_bench_test.mbt:79 ("bench V128 i8x16_extract_lane_u n=10000") ok
time (mean ± σ)         range (min … max) 
   8.79 µs ± 179.93 ns     8.58 µs …   9.09 µs  in 10 ×  11128 runs
[moonbitlang/core] bench v128/v128_bench_test.mbt:93 ("bench V128 i8x16_replace_lane n=10000") ok
time (mean ± σ)         range (min … max) 
  40.88 µs ± 392.91 ns    40.06 µs …  41.12 µs  in 10 ×   2433 runs
[moonbitlang/core] bench v128/v128_bench_test.mbt:108 ("bench V128 i8x16_bitmask n=10000") ok
time (mean ± σ)         range (min … max) 
   8.66 µs ±   5.43 ns     8.65 µs …   8.67 µs  in 10 ×  11515 runs
[moonbitlang/core] bench v128/v128_bench_test.mbt:120 ("bench V128 load/store n=10000") ok
time (mean ± σ)         range (min … max) 
  32.55 µs ±   7.77 ns    32.54 µs …  32.56 µs  in 10 ×   3071 runs
[moonbitlang/core] bench v128/v128_bench_test.mbt:135 ("bench V128 load8x8_u n=10000") ok
time (mean ± σ)         range (min … max) 
   5.78 µs ±   5.33 ns     5.78 µs …   5.79 µs  in 10 ×  17435 runs
[moonbitlang/core] bench v128/v128_bench_test.mbt:147 ("bench V128 load8x8_s n=10000") ok
time (mean ± σ)         range (min … max) 
   5.82 µs ±  51.98 ns     5.71 µs …   5.86 µs  in 10 ×  17101 runs
[moonbitlang/core] bench v128/v128_bench_test.mbt:159 ("bench V128 load16x4_u n=10000") ok
time (mean ± σ)         range (min … max) 
   5.93 µs ± 177.19 ns     5.84 µs …   6.42 µs  in 10 ×  17032 runs
[moonbitlang/core] bench v128/v128_bench_test.mbt:171 ("bench V128 load16x4_s n=10000") ok
time (mean ± σ)         range (min … max) 
   5.79 µs ±  53.49 ns     5.71 µs …   5.84 µs  in 10 ×  17119 runs
[moonbitlang/core] bench v128/v128_bench_test.mbt:183 ("bench V128 load32x2_u n=10000") ok
time (mean ± σ)         range (min … max) 
   5.75 µs ±  38.44 ns     5.69 µs …   5.81 µs  in 10 ×  17191 runs
[moonbitlang/core] bench v128/v128_bench_test.mbt:195 ("bench V128 load32x2_s n=10000") ok
time (mean ± σ)         range (min … max) 
   5.82 µs ±  45.61 ns     5.71 µs …   5.85 µs  in 10 ×  17210 runs
[moonbitlang/core] bench v128/v128_bench_test.mbt:207 ("bench V128 load_splat n=10000") ok
time (mean ± σ)         range (min … max) 
  22.23 µs ± 208.73 ns    21.95 µs …  22.61 µs  in 10 ×   4427 runs
[moonbitlang/core] bench v128/v128_bench_test.mbt:223 ("bench V128 load8_lane n=10000") ok
time (mean ± σ)         range (min … max) 
  42.42 µs ± 534.74 ns    41.52 µs …  42.99 µs  in 10 ×   2344 runs
[moonbitlang/core] bench v128/v128_bench_test.mbt:235 ("bench V128 load16_lane n=10000") ok
time (mean ± σ)         range (min … max) 
  42.99 µs ± 127.86 ns    42.79 µs …  43.21 µs  in 10 ×   2350 runs
[moonbitlang/core] bench v128/v128_bench_test.mbt:247 ("bench V128 load32_lane n=10000") ok
time (mean ± σ)         range (min … max) 
  43.04 µs ± 155.47 ns    42.66 µs …  43.13 µs  in 10 ×   2319 runs
[moonbitlang/core] bench v128/v128_bench_test.mbt:259 ("bench V128 load64_lane n=10000") ok
time (mean ± σ)         range (min … max) 
  67.86 µs ± 273.24 ns    67.53 µs …  68.28 µs  in 10 ×   1468 runs
[moonbitlang/core] bench v128/v128_bench_test.mbt:271 ("bench V128 extend i8x16 to i16x8 n=10000") ok
time (mean ± σ)         range (min … max) 
  11.51 µs ±  21.63 ns    11.49 µs …  11.55 µs  in 10 ×   8661 runs
[moonbitlang/core] bench v128/v128_bench_test.mbt:285 ("bench V128 extend i16x8 to i32x4 n=10000") ok
time (mean ± σ)         range (min … max) 
  11.24 µs ±  34.89 ns    11.20 µs …  11.29 µs  in 10 ×   8929 runs
[moonbitlang/core] bench v128/v128_bench_test.mbt:299 ("bench V128 extend i32x4 to i64x2 n=10000") ok
time (mean ± σ)         range (min … max) 
  11.44 µs ± 209.04 ns    11.14 µs …  11.66 µs  in 10 ×   8508 runs
[moonbitlang/core] bench v128/v128_bench_test.mbt:313 ("bench V128 all_true n=10000") ok
time (mean ± σ)         range (min … max) 
  18.21 µs ± 359.94 ns    17.88 µs …  19.11 µs  in 10 ×   5589 runs
[moonbitlang/core] bench v128/v128_bench_test.mbt:337 ("bench V128 bitmask all widths n=10000") ok
time (mean ± σ)         range (min … max) 
  19.40 µs ±  23.33 ns    19.36 µs …  19.42 µs  in 10 ×   5165 runs
[moonbitlang/core] bench v128/v128_bench_test.mbt:353 ("bench V128 swizzle n=10000") ok
time (mean ± σ)         range (min … max) 
   5.93 µs ±   5.41 ns     5.91 µs …   5.93 µs  in 10 ×  16872 runs
[moonbitlang/core] bench v128/v128_bench_test.mbt:371 ("bench V128 shuffle n=10000") ok
time (mean ± σ)         range (min … max) 
  11.91 µs ± 246.33 ns    11.74 µs …  12.41 µs  in 10 ×   8495 runs
Total tests: 490, passed: 490, failed: 0.
