[moonbitlang/core] bench argparse/globals_bench_test.mbt:16 ("bench parse inherited globals with an override") ok
time (mean ± σ)         range (min … max) 
   2.65 µs ±  11.36 ns     2.64 µs …   2.68 µs  in 10 ×  37564 runs
[moonbitlang/core] bench bench/hash_bench_test.mbt:16 ("bench Hash for Bytes (small)") ok
time (mean ± σ)         range (min … max) 
  13.58 ns ±   0.42 ns    12.81 ns …  14.25 ns  in 10 × 100000 runs
[moonbitlang/core] bench bench/hash_bench_test.mbt:22 ("bench Hash for Bytes (medium)") ok
time (mean ± σ)         range (min … max) 
 147.35 ns ±   0.89 ns   145.74 ns … 148.40 ns  in 10 × 100000 runs
[moonbitlang/core] bench bench/hash_bench_test.mbt:28 ("bench Hash for Bytes (large)") ok
time (mean ± σ)         range (min … max) 
   2.43 µs ±   5.26 ns     2.42 µs …   2.44 µs  in 10 ×  41113 runs
[moonbitlang/core] bench bench/hash_bench_test.mbt:34 ("bench Hash for BytesView (small)") ok
time (mean ± σ)         range (min … max) 
  16.73 ns ±   0.09 ns    16.60 ns …  16.90 ns  in 10 × 100000 runs
[moonbitlang/core] bench bench/hash_bench_test.mbt:41 ("bench Hash for BytesView (medium)") ok
time (mean ± σ)         range (min … max) 
 152.04 ns ±   0.21 ns   151.65 ns … 152.30 ns  in 10 × 100000 runs
[moonbitlang/core] bench bench/hash_bench_test.mbt:48 ("bench Hash for BytesView (large)") ok
time (mean ± σ)         range (min … max) 
   2.50 µs ±   2.64 ns     2.49 µs …   2.50 µs  in 10 ×  39992 runs
[moonbitlang/core] bench bench/hash_bench_test.mbt:55 ("bench Hasher::combine_bytes (small)") ok
time (mean ± σ)         range (min … max) 
  15.55 ns ±   0.24 ns    15.03 ns …  15.94 ns  in 10 × 100000 runs
[moonbitlang/core] bench bench/hash_bench_test.mbt:65 ("bench Hasher::combine_bytes (medium)") ok
time (mean ± σ)         range (min … max) 
 135.40 ns ±   0.23 ns   135.05 ns … 135.74 ns  in 10 × 100000 runs
[moonbitlang/core] bench bench/hash_bench_test.mbt:75 ("bench Hasher::combine_bytes (large)") ok
time (mean ± σ)         range (min … max) 
   2.20 µs ±   5.79 ns     2.19 µs …   2.21 µs  in 10 ×  40092 runs
[moonbitlang/core] bench bigint/to_string_radix_bench_test.mbt:23 ("bench bigint to_string radix=7 (4000 bits)") ok
time (mean ± σ)         range (min … max) 
  32.92 µs ± 251.66 ns    32.62 µs …  33.43 µs  in 10 ×   3005 runs
[moonbitlang/core] bench bigint/to_string_radix_bench_test.mbt:29 ("bench bigint to_string radix=36 (4000 bits)") ok
time (mean ± σ)         range (min … max) 
  36.19 µs ±  99.15 ns    36.07 µs …  36.39 µs  in 10 ×   2748 runs
[moonbitlang/core] bench bigint/to_string_radix_bench_test.mbt:35 ("bench bigint to_string radix=10 reference (4000 bits)") ok
time (mean ± σ)         range (min … max) 
  31.74 µs ± 123.31 ns    31.58 µs …  32.05 µs  in 10 ×   3112 runs
[moonbitlang/core] bench bigint/to_string_bench_test.mbt:30 ("bench BigInt::to_string n=40 digits") ok
time (mean ± σ)         range (min … max) 
 219.94 ns ±   2.24 ns   217.68 ns … 222.54 ns  in 10 × 100000 runs
[moonbitlang/core] bench bigint/to_string_bench_test.mbt:36 ("bench BigInt::to_string n=400 digits") ok
time (mean ± σ)         range (min … max) 
   4.40 µs ±  22.65 ns     4.37 µs …   4.44 µs  in 10 ×  22600 runs
[moonbitlang/core] bench bigint/to_string_bench_test.mbt:42 ("bench BigInt::to_string n=4000 digits") ok
time (mean ± σ)         range (min … max) 
 321.78 µs ± 726.52 ns   320.19 µs … 322.40 µs  in 10 ×    311 runs
[moonbitlang/core] bench bigint/to_string_bench_test.mbt:48 ("bench BigInt::to_string n=40000 digits") ok
time (mean ± σ)         range (min … max) 
  30.28 ms ± 143.97 µs    30.08 ms …  30.60 ms  in 10 ×      4 runs
[moonbitlang/core] bench bigint/to_string_bench_test.mbt:54 ("bench BigInt::to_string n=250000 digits") ok
time (mean ± σ)         range (min … max) 
   1.18 s ±  10.76 ms     1.16 s …   1.20 s  in 10 ×      1 runs
[moonbitlang/core] bench bigint/from_octets_bench_test.mbt:21 ("bench BigInt::from_octets n=64") ok
time (mean ± σ)         range (min … max) 
  65.60 ns ±   4.69 ns    60.84 ns …  71.20 ns  in 10 × 100000 runs
[moonbitlang/core] bench bigint/from_octets_bench_test.mbt:27 ("bench BigInt::from_octets n=1024") ok
time (mean ± σ)         range (min … max) 
 794.18 ns ±  12.29 ns   781.84 ns … 814.88 ns  in 10 × 100000 runs
[moonbitlang/core] bench bigint/division_bench_test.mbt:66 ("bench BigInt balanced division n=4000 digits") ok
time (mean ± σ)         range (min … max) 
 233.73 µs ±  10.00 µs   229.12 µs … 258.35 µs  in 10 ×    437 runs
[moonbitlang/core] bench bigint/division_bench_test.mbt:72 ("bench BigInt balanced division n=40000 digits") ok
time (mean ± σ)         range (min … max) 
  22.30 ms ± 118.35 µs    22.18 ms …  22.55 ms  in 10 ×      5 runs
[moonbitlang/core] bench bigint/division_bench_test.mbt:78 ("bench BigInt balanced division n=250000 digits") ok
time (mean ± σ)         range (min … max) 
 865.57 ms ±   4.40 ms   863.44 ms … 878.04 ms  in 10 ×      1 runs
[moonbitlang/core] bench bigint/division_bench_test.mbt:84 ("bench BigInt unbalanced division q=65536 d=64 limbs") ok
time (mean ± σ)         range (min … max) 
  23.01 ms ±  50.64 µs    22.95 ms …  23.09 ms  in 10 ×      5 runs
[moonbitlang/core] bench bigint/division_bench_test.mbt:90 ("bench BigInt narrow division q=9 d=64 limbs") ok
time (mean ± σ)         range (min … max) 
 937.78 ns ±   4.93 ns   934.47 ns … 951.07 ns  in 10 × 100000 runs
[moonbitlang/core] bench buffer/write_bench_test.mbt:30 ("bench Buffer::write_byte n=4096") ok
time (mean ± σ)         range (min … max) 
   8.68 µs ± 149.19 ns     8.56 µs …   8.90 µs  in 10 ×  11700 runs
[moonbitlang/core] bench buffer/write_bench_test.mbt:42 ("bench Buffer::write_uint16_be n=4096") ok
time (mean ± σ)         range (min … max) 
   9.26 µs ±  39.50 ns     9.18 µs …   9.30 µs  in 10 ×  10869 runs
[moonbitlang/core] bench buffer/write_bench_test.mbt:54 ("bench Buffer::write_uint_le n=4096") ok
time (mean ± σ)         range (min … max) 
  10.85 µs ±   6.41 ns    10.85 µs …  10.87 µs  in 10 ×   9192 runs
[moonbitlang/core] bench buffer/write_bench_test.mbt:66 ("bench Buffer::write_uint64_be n=4096") ok
time (mean ± σ)         range (min … max) 
  15.18 µs ± 217.34 ns    15.07 µs …  15.75 µs  in 10 ×   6635 runs
[moonbitlang/core] bench buffer/write_bench_test.mbt:78 ("bench Buffer::write_char_utf8 ASCII n=4096") ok
time (mean ± σ)         range (min … max) 
   8.45 µs ±   4.80 ns     8.44 µs …   8.46 µs  in 10 ×  11810 runs
[moonbitlang/core] bench buffer/write_bench_test.mbt:90 ("bench Buffer::write_char_utf8 non-BMP n=4096") ok
time (mean ± σ)         range (min … max) 
  13.51 µs ±  13.94 ns    13.49 µs …  13.54 µs  in 10 ×   7401 runs
[moonbitlang/core] bench buffer/write_bench_test.mbt:103 ("bench Buffer::write_char_utf16le BMP n=4096") ok
time (mean ± σ)         range (min … max) 
   9.05 µs ±   7.49 ns     9.05 µs …   9.07 µs  in 10 ×  11024 runs
[moonbitlang/core] bench buffer/write_bench_test.mbt:115 ("bench Buffer::write_string_utf16le chunks n=4096") ok
time (mean ± σ)         range (min … max) 
  78.61 µs ±  66.95 ns    78.52 µs …  78.71 µs  in 10 ×   1275 runs
[moonbitlang/core] bench buffer/write_bench_test.mbt:130 ("bench @buffer.from_array n=4096") ok
time (mean ± σ)         range (min … max) 
   2.84 µs ±  11.29 ns     2.83 µs …   2.86 µs  in 10 ×  34949 runs
[moonbitlang/core] bench builtin/view_bench_test.mbt:34 ("bench ArrayView::at Int n=100000") ok
time (mean ± σ)         range (min … max) 
  87.35 µs ± 493.39 ns    86.74 µs …  88.26 µs  in 10 ×   1144 runs
[moonbitlang/core] bench builtin/view_bench_test.mbt:47 ("bench ArrayView::get Int n=100000") ok
time (mean ± σ)         range (min … max) 
  73.70 µs ±  66.40 ns    73.57 µs …  73.78 µs  in 10 ×   1357 runs
[moonbitlang/core] bench builtin/view_bench_test.mbt:62 ("bench ArrayView::unsafe_get Int n=100000") ok
time (mean ± σ)         range (min … max) 
  63.99 µs ±   1.16 µs    63.52 µs …  67.29 µs  in 10 ×   1573 runs
[moonbitlang/core] bench builtin/view_bench_test.mbt:75 ("bench ArrayView::rev_fold Int n=100000") ok
time (mean ± σ)         range (min … max) 
  61.54 µs ± 200.95 ns    61.23 µs …  61.71 µs  in 10 ×   1623 runs
[moonbitlang/core] bench builtin/view_bench_test.mbt:82 ("bench ArrayView::rev_foldi Int n=100000") ok
time (mean ± σ)         range (min … max) 
  61.55 µs ± 168.44 ns    61.21 µs …  61.67 µs  in 10 ×   1624 runs
[moonbitlang/core] bench builtin/view_bench_test.mbt:91 ("bench ArrayView::equal Int n=100000") ok
time (mean ± σ)         range (min … max) 
  82.53 µs ± 211.20 ns    82.13 µs …  82.77 µs  in 10 ×   1207 runs
[moonbitlang/core] bench builtin/view_bench_test.mbt:99 ("bench ArrayView::compare Int n=100000") ok
time (mean ± σ)         range (min … max) 
 106.56 µs ±  39.68 ns   106.49 µs … 106.62 µs  in 10 ×    940 runs
[moonbitlang/core] bench builtin/view_bench_test.mbt:107 ("bench MutArrayView::at Int n=100000") ok
time (mean ± σ)         range (min … max) 
  87.65 µs ± 607.21 ns    86.66 µs …  88.16 µs  in 10 ×   1134 runs
[moonbitlang/core] bench builtin/view_bench_test.mbt:120 ("bench MutArrayView::unsafe_get Int n=100000") ok
time (mean ± σ)         range (min … max) 
  63.61 µs ±  94.52 ns    63.47 µs …  63.72 µs  in 10 ×   1576 runs
[moonbitlang/core] bench builtin/view_bench_test.mbt:133 ("bench MutArrayView::set Int n=100000") ok
time (mean ± σ)         range (min … max) 
 117.60 µs ± 102.63 ns   117.35 µs … 117.68 µs  in 10 ×    851 runs
[moonbitlang/core] bench builtin/view_bench_test.mbt:145 ("bench MutArrayView::unsafe_set Int n=100000") ok
time (mean ± σ)         range (min … max) 
  62.61 µs ± 169.92 ns    62.37 µs …  62.93 µs  in 10 ×   1582 runs
[moonbitlang/core] bench builtin/view_bench_test.mbt:157 ("bench BytesView::at n=100000") ok
time (mean ± σ)         range (min … max) 
  86.03 µs ± 220.55 ns    85.70 µs …  86.38 µs  in 10 ×   1161 runs
[moonbitlang/core] bench builtin/view_bench_test.mbt:170 ("bench BytesView::unsafe_get n=100000") ok
time (mean ± σ)         range (min … max) 
  57.32 µs ±  74.62 ns    57.19 µs …  57.43 µs  in 10 ×   1752 runs
[moonbitlang/core] bench builtin/stringbuilder_bench_test.mbt:28 ("bench StringBuilder::write_string chunks n=4096") ok
time (mean ± σ)         range (min … max) 
  88.36 µs ±   2.50 µs    84.54 µs …  90.42 µs  in 10 ×   1200 runs
[moonbitlang/core] bench builtin/stringbuilder_bench_test.mbt:41 ("bench StringBuilder::write_view chunks n=4096") ok
time (mean ± σ)         range (min … max) 
  84.75 µs ± 276.99 ns    84.07 µs …  85.05 µs  in 10 ×   1160 runs
[moonbitlang/core] bench builtin/stringbuilder_bench_test.mbt:54 ("bench StringBuilder::write_stringview chunks n=4096") ok
time (mean ± σ)         range (min … max) 
  85.05 µs ± 334.12 ns    84.19 µs …  85.28 µs  in 10 ×   1182 runs
[moonbitlang/core] bench builtin/stringbuilder_bench_test.mbt:67 ("bench StringBuilder::write_char ASCII n=4096") ok
time (mean ± σ)         range (min … max) 
   9.06 µs ± 527.01 ns     8.73 µs …   9.83 µs  in 10 ×  11466 runs
[moonbitlang/core] bench builtin/stringbuilder_bench_test.mbt:79 ("bench StringBuilder::write_char non-BMP n=4096") ok
time (mean ± σ)         range (min … max) 
  11.76 µs ± 928.90 ns    11.32 µs …  14.10 µs  in 10 ×   8804 runs
[moonbitlang/core] bench builtin/stringbuilder_bench_test.mbt:92 ("bench StringBuilder::reset reuse spare capacity n=4096") ok
time (mean ± σ)         range (min … max) 
 141.01 µs ± 509.39 ns   140.64 µs … 142.17 µs  in 10 ×    703 runs
[moonbitlang/core] bench builtin/string_to_upper_bench_test.mbt:61 ("bench String::to_upper short") ok
time (mean ± σ)         range (min … max) 
  32.17 ns ±   0.23 ns    31.72 ns …  32.43 ns  in 10 × 100000 runs
[moonbitlang/core] bench builtin/string_to_upper_bench_test.mbt:66 ("bench String::to_upper long") ok
time (mean ± σ)         range (min … max) 
   1.22 µs ±   6.11 ns     1.21 µs …   1.23 µs  in 10 ×  82458 runs
[moonbitlang/core] bench builtin/string_to_upper_bench_test.mbt:71 ("bench String::to_upper sparse") ok
time (mean ± σ)         range (min … max) 
   1.18 µs ±   4.63 ns     1.17 µs …   1.19 µs  in 10 ×  84941 runs
[moonbitlang/core] bench builtin/string_to_upper_bench_test.mbt:76 ("bench String::to_upper late-lowercase") ok
time (mean ± σ)         range (min … max) 
   1.10 µs ±   6.15 ns     1.09 µs …   1.10 µs  in 10 ×  90721 runs
[moonbitlang/core] bench builtin/string_to_upper_bench_test.mbt:81 ("bench String::to_upper one-unit runs") ok
time (mean ± σ)         range (min … max) 
   1.15 µs ±   5.16 ns     1.14 µs …   1.16 µs  in 10 ×  86568 runs
[moonbitlang/core] bench builtin/string_to_upper_bench_test.mbt:86 ("bench String::to_upper all-lowercase") ok
time (mean ± σ)         range (min … max) 
   1.30 µs ±   4.72 ns     1.29 µs …   1.31 µs  in 10 ×  77034 runs
[moonbitlang/core] bench builtin/string_to_upper_bench_test.mbt:91 ("bench String::to_upper no-change short") ok
time (mean ± σ)         range (min … max) 
  13.76 ns ±   0.15 ns    13.58 ns …  13.98 ns  in 10 × 100000 runs
[moonbitlang/core] bench builtin/string_to_upper_bench_test.mbt:96 ("bench String::to_upper no-change long") ok
time (mean ± σ)         range (min … max) 
 536.72 ns ±  25.37 ns   521.71 ns … 596.37 ns  in 10 × 100000 runs
[moonbitlang/core] bench builtin/string_to_upper_bench_test.mbt:101 ("bench StringView::to_upper short") ok
time (mean ± σ)         range (min … max) 
  33.19 ns ±   0.15 ns    32.98 ns …  33.47 ns  in 10 × 100000 runs
[moonbitlang/core] bench builtin/string_to_upper_bench_test.mbt:106 ("bench StringView::to_upper long") ok
time (mean ± σ)         range (min … max) 
   1.23 µs ±   8.08 ns     1.22 µs …   1.25 µs  in 10 ×  81229 runs
[moonbitlang/core] bench builtin/string_to_upper_bench_test.mbt:111 ("bench StringView::to_upper no-change long") ok
time (mean ± σ)         range (min … max) 
 519.22 ns ±   5.14 ns   508.27 ns … 522.56 ns  in 10 × 100000 runs
[moonbitlang/core] bench builtin/string_to_lower_bench_test.mbt:61 ("bench String::to_lower short") ok
time (mean ± σ)         range (min … max) 
  31.85 ns ±   0.10 ns    31.67 ns …  31.97 ns  in 10 × 100000 runs
[moonbitlang/core] bench builtin/string_to_lower_bench_test.mbt:66 ("bench String::to_lower long") ok
time (mean ± σ)         range (min … max) 
   1.22 µs ±   4.33 ns     1.21 µs …   1.23 µs  in 10 ×  81899 runs
[moonbitlang/core] bench builtin/string_to_lower_bench_test.mbt:71 ("bench String::to_lower sparse") ok
time (mean ± σ)         range (min … max) 
   1.12 µs ±   2.57 ns     1.12 µs …   1.13 µs  in 10 ×  89357 runs
[moonbitlang/core] bench builtin/string_to_lower_bench_test.mbt:76 ("bench String::to_lower late-uppercase") ok
time (mean ± σ)         range (min … max) 
   1.12 µs ±   3.69 ns     1.12 µs …   1.13 µs  in 10 ×  89195 runs
[moonbitlang/core] bench builtin/string_to_lower_bench_test.mbt:81 ("bench String::to_lower one-unit runs") ok
time (mean ± σ)         range (min … max) 
   1.19 µs ±   4.92 ns     1.19 µs …   1.20 µs  in 10 ×  83781 runs
[moonbitlang/core] bench builtin/string_to_lower_bench_test.mbt:86 ("bench String::to_lower all-uppercase") ok
time (mean ± σ)         range (min … max) 
   1.30 µs ±   6.11 ns     1.29 µs …   1.31 µs  in 10 ×  76330 runs
[moonbitlang/core] bench builtin/string_to_lower_bench_test.mbt:91 ("bench String::to_lower no-change short") ok
time (mean ± σ)         range (min … max) 
  14.83 ns ±   0.14 ns    14.65 ns …  15.05 ns  in 10 × 100000 runs
[moonbitlang/core] bench builtin/string_to_lower_bench_test.mbt:96 ("bench String::to_lower no-change long") ok
time (mean ± σ)         range (min … max) 
 537.58 ns ±   6.42 ns   525.36 ns … 542.83 ns  in 10 × 100000 runs
[moonbitlang/core] bench builtin/string_to_lower_bench_test.mbt:101 ("bench StringView::to_lower short") ok
time (mean ± σ)         range (min … max) 
  32.40 ns ±   0.56 ns    31.55 ns …  33.39 ns  in 10 × 100000 runs
[moonbitlang/core] bench builtin/string_to_lower_bench_test.mbt:106 ("bench StringView::to_lower long") ok
time (mean ± σ)         range (min … max) 
   1.23 µs ±   5.00 ns     1.22 µs …   1.24 µs  in 10 ×  81266 runs
[moonbitlang/core] bench builtin/string_to_lower_bench_test.mbt:111 ("bench StringView::to_lower no-change long") ok
time (mean ± σ)         range (min … max) 
 532.80 ns ±   6.64 ns   523.23 ns … 540.14 ns  in 10 × 100000 runs
[moonbitlang/core] bench builtin/string_to_array_bench_test.mbt:24 ("bench String::to_array ASCII 51 chars") ok
time (mean ± σ)         range (min … max) 
 112.88 ns ±   0.70 ns   111.90 ns … 114.25 ns  in 10 × 100000 runs
[moonbitlang/core] bench builtin/string_to_array_bench_test.mbt:29 ("bench String::to_array mixed 1KB") ok
time (mean ± σ)         range (min … max) 
   2.00 µs ±   7.81 ns     1.99 µs …   2.01 µs  in 10 ×  49618 runs
[moonbitlang/core] bench builtin/string_to_array_bench_test.mbt:34 ("bench StringView::to_array mixed 1KB") ok
time (mean ± σ)         range (min … max) 
   2.00 µs ±   5.73 ns     1.99 µs …   2.01 µs  in 10 ×  49207 runs
[moonbitlang/core] bench builtin/string_methods_bench_test.mbt:36 ("bench StringView::has_prefix match n=100000 needle=128") ok
time (mean ± σ)         range (min … max) 
 112.49 ns ±   0.36 ns   111.71 ns … 112.92 ns  in 10 × 100000 runs
[moonbitlang/core] bench builtin/string_methods_bench_test.mbt:45 ("bench StringView::has_prefix mismatch n=100000 needle=128") ok
time (mean ± σ)         range (min … max) 
  10.76 ns ±   0.14 ns    10.58 ns …  10.99 ns  in 10 × 100000 runs
[moonbitlang/core] bench builtin/string_methods_bench_test.mbt:54 ("bench StringView::has_suffix match n=100000 needle=128") ok
time (mean ± σ)         range (min … max) 
 112.47 ns ±   0.21 ns   112.17 ns … 112.75 ns  in 10 × 100000 runs
[moonbitlang/core] bench builtin/string_methods_bench_test.mbt:63 ("bench StringView::has_suffix mismatch n=100000 needle=128") ok
time (mean ± σ)         range (min … max) 
  10.98 ns ±   0.21 ns    10.71 ns …  11.32 ns  in 10 × 100000 runs
[moonbitlang/core] bench builtin/string_find_code_unit_bench_test.mbt:16 ("bench find one code unit absent n=4") ok
time (mean ± σ)         range (min … max) 
  12.63 ns ±   0.15 ns    12.37 ns …  12.82 ns  in 10 × 100000 runs
[moonbitlang/core] bench builtin/string_find_code_unit_bench_test.mbt:22 ("bench find one code unit absent n=8") ok
time (mean ± σ)         range (min … max) 
  14.36 ns ±   0.17 ns    14.12 ns …  14.59 ns  in 10 × 100000 runs
[moonbitlang/core] bench builtin/string_find_code_unit_bench_test.mbt:28 ("bench find one code unit present@0 n=8") ok
time (mean ± σ)         range (min … max) 
  10.59 ns ±   0.14 ns    10.43 ns …  10.84 ns  in 10 × 100000 runs
[moonbitlang/core] bench builtin/string_find_code_unit_bench_test.mbt:34 ("bench find one code unit absent n=64") ok
time (mean ± σ)         range (min … max) 
  47.46 ns ±   0.18 ns    47.25 ns …  47.74 ns  in 10 × 100000 runs
[moonbitlang/core] bench builtin/string_find_code_unit_bench_test.mbt:40 ("bench find one code unit absent n=256") ok
time (mean ± σ)         range (min … max) 
 165.25 ns ±   0.98 ns   163.40 ns … 166.23 ns  in 10 × 100000 runs
[moonbitlang/core] bench builtin/string_find_code_unit_bench_test.mbt:46 ("bench find one code unit present@end n=256") ok
time (mean ± σ)         range (min … max) 
 159.55 ns ±   0.21 ns   159.08 ns … 159.89 ns  in 10 × 100000 runs
[moonbitlang/core] bench builtin/string_find_code_unit_bench_test.mbt:52 ("bench rev_find one code unit absent n=256") ok
time (mean ± σ)         range (min … max) 
 166.51 ns ±   0.31 ns   166.18 ns … 167.09 ns  in 10 × 100000 runs
[moonbitlang/core] bench builtin/string_find_code_unit_bench_test.mbt:58 ("bench rev_find one code unit present@start n=256") ok
time (mean ± σ)         range (min … max) 
 161.12 ns ±   0.77 ns   159.03 ns … 161.69 ns  in 10 × 100000 runs
[moonbitlang/core] bench builtin/string_find_code_unit_bench_test.mbt:64 ("bench rev_find one code unit present@end n=8") ok
time (mean ± σ)         range (min … max) 
  10.93 ns ±   0.15 ns    10.75 ns …  11.20 ns  in 10 × 100000 runs
[moonbitlang/core] bench builtin/string_find_code_unit_bench_test.mbt:70 ("bench StringView find one code unit absent n=256") ok
time (mean ± σ)         range (min … max) 
 147.77 ns ±   0.84 ns   146.01 ns … 148.58 ns  in 10 × 100000 runs
[moonbitlang/core] bench builtin/string_find_code_unit_bench_test.mbt:77 ("bench StringView rev_find one code unit absent n=256") ok
time (mean ± σ)         range (min … max) 
 157.17 ns ±   1.20 ns   155.64 ns … 159.47 ns  in 10 × 100000 runs
[moonbitlang/core] bench builtin/string_find_code_unit_bench_test.mbt:84 ("bench find two anchors absent n=256") ok
time (mean ± σ)         range (min … max) 
 247.83 ns ±   1.22 ns   245.09 ns … 249.55 ns  in 10 × 100000 runs
[moonbitlang/core] bench builtin/string_find_code_unit_bench_test.mbt:90 ("bench find two anchors present@end n=256") ok
time (mean ± σ)         range (min … max) 
 273.41 ns ±   1.10 ns   270.60 ns … 274.38 ns  in 10 × 100000 runs
[moonbitlang/core] bench builtin/string_find_code_unit_bench_test.mbt:96 ("bench find two anchors dense false positives n=256") ok
time (mean ± σ)         range (min … max) 
 728.32 ns ±   7.17 ns   724.60 ns … 748.36 ns  in 10 × 100000 runs
[moonbitlang/core] bench builtin/string_find_code_unit_bench_test.mbt:102 ("bench find two anchors long absent n=256") ok
time (mean ± σ)         range (min … max) 
 217.70 ns ±   1.85 ns   214.60 ns … 220.27 ns  in 10 × 100000 runs
[moonbitlang/core] bench builtin/string_find_code_unit_bench_test.mbt:108 ("bench rev_find two anchors absent n=256") ok
time (mean ± σ)         range (min … max) 
 230.22 ns ±   0.70 ns   229.05 ns … 230.99 ns  in 10 × 100000 runs
[moonbitlang/core] bench builtin/string_find_code_unit_bench_test.mbt:114 ("bench rev_find two anchors present@start n=256") ok
time (mean ± σ)         range (min … max) 
 237.91 ns ±   0.66 ns   236.94 ns … 239.22 ns  in 10 × 100000 runs
[moonbitlang/core] bench builtin/string_find_code_unit_bench_test.mbt:120 ("bench rev_find two anchors dense false positives n=256") ok
time (mean ± σ)         range (min … max) 
 739.62 ns ±   0.89 ns   738.48 ns … 740.60 ns  in 10 × 100000 runs
[moonbitlang/core] bench builtin/string_find_code_unit_bench_test.mbt:126 ("bench StringView find two anchors absent n=256") ok
time (mean ± σ)         range (min … max) 
 264.16 ns ±   0.34 ns   263.64 ns … 264.70 ns  in 10 × 100000 runs
[moonbitlang/core] bench builtin/string_find_adversary_bench_test.mbt:26 ("bench find adversary m=64 n=4096") ok
time (mean ± σ)         range (min … max) 
  10.28 µs ±  14.95 ns    10.26 µs …  10.31 µs  in 10 ×   9725 runs
[moonbitlang/core] bench builtin/string_find_adversary_bench_test.mbt:33 ("bench rev_find adversary m=64 n=4096") ok
time (mean ± σ)         range (min … max) 
  11.55 µs ± 136.74 ns    11.44 µs …  11.74 µs  in 10 ×   7425 runs
[moonbitlang/core] bench builtin/string_find_adversary_bench_test.mbt:40 ("bench find adversary m=512 n=65536") ok
time (mean ± σ)         range (min … max) 
 174.51 µs ±   8.41 µs   158.75 µs … 179.62 µs  in 10 ×    560 runs
[moonbitlang/core] bench builtin/string_find_adversary_bench_test.mbt:47 ("bench find dense miss fast path n=4096") ok
time (mean ± σ)         range (min … max) 
   3.77 µs ± 238.64 ns     3.65 µs …   4.22 µs  in 10 ×  23733 runs
[moonbitlang/core] bench builtin/string_find_adversary_bench_test.mbt:53 ("bench find rare hit end fast path n=4096") ok
time (mean ± σ)         range (min … max) 
   3.49 µs ±  44.07 ns     3.42 µs …   3.54 µs  in 10 ×  28491 runs
[moonbitlang/core] bench builtin/string_escape_bench_test.mbt:61 ("bench String::escape short plain") ok
time (mean ± σ)         range (min … max) 
  76.65 ns ±   0.56 ns    75.79 ns …  77.32 ns  in 10 × 100000 runs
[moonbitlang/core] bench builtin/string_escape_bench_test.mbt:66 ("bench String::escape short escaped") ok
time (mean ± σ)         range (min … max) 
  90.34 ns ±   0.58 ns    89.61 ns …  91.21 ns  in 10 × 100000 runs
[moonbitlang/core] bench builtin/string_escape_bench_test.mbt:71 ("bench String::escape threshold plain") ok
time (mean ± σ)         range (min … max) 
  86.96 ns ±   0.56 ns    86.44 ns …  87.94 ns  in 10 × 100000 runs
[moonbitlang/core] bench builtin/string_escape_bench_test.mbt:76 ("bench String::escape prose") ok
time (mean ± σ)         range (min … max) 
 279.01 ns ±   1.30 ns   277.41 ns … 281.08 ns  in 10 × 100000 runs
[moonbitlang/core] bench builtin/string_escape_bench_test.mbt:81 ("bench String::escape escape-first") ok
time (mean ± σ)         range (min … max) 
 293.60 ns ±   0.27 ns   293.22 ns … 294.05 ns  in 10 × 100000 runs
[moonbitlang/core] bench builtin/string_escape_bench_test.mbt:86 ("bench String::escape long plain") ok
time (mean ± σ)         range (min … max) 
   9.97 µs ±  52.54 ns     9.89 µs …  10.04 µs  in 10 ×  10016 runs
[moonbitlang/core] bench builtin/string_escape_bench_test.mbt:91 ("bench String::escape long dense") ok
time (mean ± σ)         range (min … max) 
  18.37 µs ± 612.65 ns    17.97 µs …  20.04 µs  in 10 ×   5577 runs
[moonbitlang/core] bench builtin/string_escape_bench_test.mbt:96 ("bench String::escape long all-escaped") ok
time (mean ± σ)         range (min … max) 
  19.92 µs ± 146.15 ns    19.77 µs …  20.22 µs  in 10 ×   5029 runs
[moonbitlang/core] bench builtin/string_escape_bench_test.mbt:101 ("bench String::escape long unicode") ok
time (mean ± σ)         range (min … max) 
  10.55 µs ±  73.15 ns    10.49 µs …  10.69 µs  in 10 ×   9083 runs
[moonbitlang/core] bench builtin/string_escape_bench_test.mbt:106 ("bench StringView::escape long plain view") ok
time (mean ± σ)         range (min … max) 
   9.14 µs ±  33.26 ns     9.09 µs …   9.20 µs  in 10 ×  10669 runs
[moonbitlang/core] bench builtin/string_escape_bench_test.mbt:112 ("bench debug to_string short plain") ok
time (mean ± σ)         range (min … max) 
 129.28 ns ±   0.29 ns   128.68 ns … 129.61 ns  in 10 × 100000 runs
[moonbitlang/core] bench builtin/string_escape_bench_test.mbt:117 ("bench debug to_string prose") ok
time (mean ± σ)         range (min … max) 
 398.84 ns ±   0.81 ns   397.46 ns … 399.74 ns  in 10 × 100000 runs
[moonbitlang/core] bench builtin/string_escape_bench_test.mbt:122 ("bench debug to_string long plain") ok
time (mean ± σ)         range (min … max) 
  13.32 µs ±  58.12 ns    13.24 µs …  13.41 µs  in 10 ×   7193 runs
[moonbitlang/core] bench builtin/string_equal_bench_test.mbt:28 ("bench StringView::equal n=100000 equal") ok
time (mean ± σ)         range (min … max) 
  81.72 µs ± 117.31 ns    81.56 µs …  81.86 µs  in 10 ×   1221 runs
[moonbitlang/core] bench builtin/string_equal_bench_test.mbt:35 ("bench StringView::equal n=100000 mismatch at end") ok
time (mean ± σ)         range (min … max) 
  82.06 µs ±  60.23 ns    82.00 µs …  82.16 µs  in 10 ×   1220 runs
[moonbitlang/core] bench builtin/string_equal_bench_test.mbt:44 ("bench StringView::equal_to_string n=100000 equal") ok
time (mean ± σ)         range (min … max) 
  81.22 µs ±   2.18 µs    80.16 µs …  87.19 µs  in 10 ×   1246 runs
[moonbitlang/core] bench builtin/string_char_set_bench_test.mbt:43 ("bench StringView::contains_any ASCII miss n=100000") ok
time (mean ± σ)         range (min … max) 
 136.84 µs ± 632.56 ns   135.73 µs … 137.61 µs  in 10 ×    728 runs
[moonbitlang/core] bench builtin/string_char_set_bench_test.mbt:54 ("bench StringView::contains_any ASCII match at end n=100000") ok
time (mean ± σ)         range (min … max) 
 135.79 µs ± 366.95 ns   135.56 µs … 136.77 µs  in 10 ×    737 runs
[moonbitlang/core] bench builtin/string_char_set_bench_test.mbt:67 ("bench StringView::trim_start ASCII n=100000") ok
time (mean ± σ)         range (min … max) 
 143.57 µs ± 156.35 ns   143.34 µs … 143.81 µs  in 10 ×    697 runs
[moonbitlang/core] bench builtin/string_char_set_bench_test.mbt:74 ("bench StringView::trim_end ASCII n=100000") ok
time (mean ± σ)         range (min … max) 
 145.26 µs ±   1.11 µs   143.67 µs … 146.38 µs  in 10 ×    690 runs
[moonbitlang/core] bench builtin/string_char_set_bench_test.mbt:79 ("bench StringView::trim ASCII n=100000") ok
time (mean ± σ)         range (min … max) 
 291.10 µs ±   1.11 µs   288.97 µs … 293.17 µs  in 10 ×    343 runs
[moonbitlang/core] bench builtin/string_char_set_bench_test.mbt:96 ("bench StringView::trim short inputs") ok
time (mean ± σ)         range (min … max) 
 144.02 ns ±   0.20 ns   143.76 ns … 144.35 ns  in 10 × 100000 runs
[moonbitlang/core] bench builtin/string_char_set_bench_test.mbt:107 ("bench StringView::contains_any short inputs") ok
time (mean ± σ)         range (min … max) 
  88.56 ns ±   0.80 ns    87.62 ns …  89.70 ns  in 10 × 100000 runs
[moonbitlang/core] bench builtin/string_char_length_bench_test.mbt:51 ("bench char_length ascii 8") ok
time (mean ± σ)         range (min … max) 
  15.66 ns ±   0.09 ns    15.55 ns …  15.78 ns  in 10 × 100000 runs
[moonbitlang/core] bench builtin/string_char_length_bench_test.mbt:56 ("bench char_length ascii 16") ok
time (mean ± σ)         range (min … max) 
  25.08 ns ±   0.10 ns    24.94 ns …  25.24 ns  in 10 × 100000 runs
[moonbitlang/core] bench builtin/string_char_length_bench_test.mbt:61 ("bench char_length ascii 100") ok
time (mean ± σ)         range (min … max) 
 119.81 ns ±   0.86 ns   118.80 ns … 120.90 ns  in 10 × 100000 runs
[moonbitlang/core] bench builtin/string_char_length_bench_test.mbt:66 ("bench char_length ascii 4k") ok
time (mean ± σ)         range (min … max) 
   4.74 µs ± 175.34 ns     4.56 µs …   5.19 µs  in 10 ×  22203 runs
[moonbitlang/core] bench builtin/string_char_length_bench_test.mbt:71 ("bench char_length ascii 64k") ok
time (mean ± σ)         range (min … max) 
  74.40 µs ± 924.48 ns    72.61 µs …  75.72 µs  in 10 ×   1389 runs
[moonbitlang/core] bench builtin/string_char_length_bench_test.mbt:76 ("bench char_length cjk 4k") ok
time (mean ± σ)         range (min … max) 
   4.64 µs ±  64.27 ns     4.53 µs …   4.69 µs  in 10 ×  21343 runs
[moonbitlang/core] bench builtin/string_char_length_bench_test.mbt:81 ("bench char_length emoji 4k") ok
time (mean ± σ)         range (min … max) 
   3.53 µs ±  88.64 ns     3.43 µs …   3.68 µs  in 10 ×  28932 runs
[moonbitlang/core] bench builtin/string_char_length_bench_test.mbt:86 ("bench char_length mixed 4k") ok
time (mean ± σ)         range (min … max) 
   4.43 µs ±  15.84 ns     4.40 µs …   4.45 µs  in 10 ×  22494 runs
[moonbitlang/core] bench builtin/string_char_length_bench_test.mbt:91 ("bench StringView::char_length ascii 4k unaligned") ok
time (mean ± σ)         range (min … max) 
   4.68 µs ±  35.05 ns     4.58 µs …   4.71 µs  in 10 ×  22094 runs
[moonbitlang/core] bench builtin/string_char_length_bench_test.mbt:97 ("bench char_length_eq ascii 16") ok
time (mean ± σ)         range (min … max) 
  28.77 ns ±   0.96 ns    27.38 ns …  29.81 ns  in 10 × 100000 runs
[moonbitlang/core] bench builtin/string_char_length_bench_test.mbt:102 ("bench char_length_eq ascii 4k") ok
time (mean ± σ)         range (min … max) 
   5.57 µs ±   7.84 ns     5.56 µs …   5.58 µs  in 10 ×  17955 runs
[moonbitlang/core] bench builtin/string_char_length_bench_test.mbt:107 ("bench char_length_eq emoji 4k") ok
time (mean ± σ)         range (min … max) 
   4.06 µs ± 136.26 ns     3.99 µs …   4.44 µs  in 10 ×  24652 runs
[moonbitlang/core] bench builtin/string_char_length_bench_test.mbt:112 ("bench char_length_eq mixed 4k") ok
time (mean ± σ)         range (min … max) 
   5.54 µs ±  50.71 ns     5.45 µs …   5.59 µs  in 10 ×  17867 runs
[moonbitlang/core] bench builtin/string_char_length_bench_test.mbt:119 ("bench char_length_ge ascii 4k len 3") ok
time (mean ± σ)         range (min … max) 
  11.49 ns ±   0.12 ns    11.32 ns …  11.66 ns  in 10 × 100000 runs
[moonbitlang/core] bench builtin/string_char_length_bench_test.mbt:124 ("bench char_length_ge ascii 4k len 2000") ok
time (mean ± σ)         range (min … max) 
   2.77 µs ±  25.14 ns     2.74 µs …   2.82 µs  in 10 ×  36747 runs
[moonbitlang/core] bench builtin/string_char_length_bench_test.mbt:129 ("bench char_length_ge cjk 4k len 4096") ok
time (mean ± σ)         range (min … max) 
   5.60 µs ±  37.21 ns     5.56 µs …   5.65 µs  in 10 ×  17966 runs
[moonbitlang/core] bench builtin/string_char_length_bench_test.mbt:134 ("bench char_length_ge emoji 4k len 2048") ok
time (mean ± σ)         range (min … max) 
   4.05 µs ±  21.50 ns     4.00 µs …   4.07 µs  in 10 ×  24772 runs
[moonbitlang/core] bench builtin/sort_bench_test.mbt:21 ("bench Array::sort n=1000") ok
time (mean ± σ)         range (min … max) 
  15.84 µs ± 132.12 ns    15.70 µs …  16.00 µs  in 10 ×   6227 runs
[moonbitlang/core] bench builtin/sort_bench_test.mbt:31 ("bench Array::sort n=100000") ok
time (mean ± σ)         range (min … max) 
   5.87 ms ±  27.56 µs     5.82 ms …   5.90 ms  in 10 ×     18 runs
[moonbitlang/core] bench builtin/sort_bench_test.mbt:41 ("bench Array::sort_by n=10000") ok
time (mean ± σ)         range (min … max) 
 478.26 µs ±   3.03 µs   472.99 µs … 481.25 µs  in 10 ×    213 runs
[moonbitlang/core] bench builtin/range_equal_bench_test.mbt:56 ("bench range_equal StringView== n=4 equal") ok
time (mean ± σ)         range (min … max) 
  10.03 ns ±   0.13 ns     9.77 ns …  10.21 ns  in 10 × 100000 runs
[moonbitlang/core] bench builtin/range_equal_bench_test.mbt:61 ("bench range_equal StringView== n=8 equal") ok
time (mean ± σ)         range (min … max) 
  13.13 ns ±   0.13 ns    12.94 ns …  13.30 ns  in 10 × 100000 runs
[moonbitlang/core] bench builtin/range_equal_bench_test.mbt:66 ("bench range_equal StringView== n=8 mismatch at end") ok
time (mean ± σ)         range (min … max) 
  12.98 ns ±   0.14 ns    12.77 ns …  13.15 ns  in 10 × 100000 runs
[moonbitlang/core] bench builtin/range_equal_bench_test.mbt:71 ("bench range_equal StringView== n=16 equal") ok
time (mean ± σ)         range (min … max) 
  19.06 ns ±   0.17 ns    18.83 ns …  19.28 ns  in 10 × 100000 runs
[moonbitlang/core] bench builtin/range_equal_bench_test.mbt:76 ("bench range_equal StringView== n=16 mismatch at end") ok
time (mean ± σ)         range (min … max) 
  18.79 ns ±   0.14 ns    18.65 ns …  19.02 ns  in 10 × 100000 runs
[moonbitlang/core] bench builtin/range_equal_bench_test.mbt:81 ("bench range_equal StringView== n=15 equal") ok
time (mean ± σ)         range (min … max) 
  18.25 ns ±   0.08 ns    18.16 ns …  18.38 ns  in 10 × 100000 runs
[moonbitlang/core] bench builtin/range_equal_bench_test.mbt:86 ("bench range_equal StringView== n=64 equal") ok
time (mean ± σ)         range (min … max) 
  55.53 ns ±   0.13 ns    55.36 ns …  55.78 ns  in 10 × 100000 runs
[moonbitlang/core] bench builtin/range_equal_bench_test.mbt:91 ("bench range_equal StringView== n=64 mismatch at end") ok
time (mean ± σ)         range (min … max) 
  55.44 ns ±   0.16 ns    55.22 ns …  55.65 ns  in 10 × 100000 runs
[moonbitlang/core] bench builtin/range_equal_bench_test.mbt:96 ("bench range_equal StringView== n=1024 equal") ok
time (mean ± σ)         range (min … max) 
 832.74 ns ±   2.68 ns   825.80 ns … 834.92 ns  in 10 × 100000 runs
[moonbitlang/core] bench builtin/range_equal_bench_test.mbt:101 ("bench range_equal StringView== n=1024 mismatch at end") ok
time (mean ± σ)         range (min … max) 
 835.12 ns ±   1.82 ns   832.69 ns … 837.27 ns  in 10 × 100000 runs
[moonbitlang/core] bench builtin/range_equal_bench_test.mbt:106 ("bench range_equal StringView== n=1024 mismatch at 0") ok
time (mean ± σ)         range (min … max) 
   7.72 ns ±   0.12 ns     7.60 ns …   7.90 ns  in 10 × 100000 runs
[moonbitlang/core] bench builtin/range_equal_bench_test.mbt:111 ("bench range_equal StringView== n=65536 equal") ok
time (mean ± σ)         range (min … max) 
  53.73 µs ±  33.06 ns    53.68 µs …  53.78 µs  in 10 ×   1862 runs
[moonbitlang/core] bench builtin/range_equal_bench_test.mbt:116 ("bench range_equal StringView== n=65536 mismatch at end") ok
time (mean ± σ)         range (min … max) 
  53.64 µs ±  61.67 ns    53.54 µs …  53.71 µs  in 10 ×   1864 runs
[moonbitlang/core] bench builtin/range_equal_bench_test.mbt:121 ("bench range_equal BytesView== n=4 equal") ok
time (mean ± σ)         range (min … max) 
   8.57 ns ±   0.13 ns     8.43 ns …   8.78 ns  in 10 × 100000 runs
[moonbitlang/core] bench builtin/range_equal_bench_test.mbt:126 ("bench range_equal BytesView== n=8 equal") ok
time (mean ± σ)         range (min … max) 
  11.54 ns ±   0.15 ns    11.30 ns …  11.76 ns  in 10 × 100000 runs
[moonbitlang/core] bench builtin/range_equal_bench_test.mbt:131 ("bench range_equal BytesView== n=8 mismatch at end") ok
time (mean ± σ)         range (min … max) 
  11.24 ns ±   0.11 ns    11.09 ns …  11.45 ns  in 10 × 100000 runs
[moonbitlang/core] bench builtin/range_equal_bench_test.mbt:136 ("bench range_equal BytesView== n=16 equal") ok
time (mean ± σ)         range (min … max) 
  16.77 ns ±   0.14 ns    16.62 ns …  16.98 ns  in 10 × 100000 runs
[moonbitlang/core] bench builtin/range_equal_bench_test.mbt:141 ("bench range_equal BytesView== n=16 mismatch at end") ok
time (mean ± σ)         range (min … max) 
  16.39 ns ±   0.37 ns    15.69 ns …  16.73 ns  in 10 × 100000 runs
[moonbitlang/core] bench builtin/range_equal_bench_test.mbt:146 ("bench range_equal BytesView== n=31 equal") ok
time (mean ± σ)         range (min … max) 
  27.06 ns ±   0.14 ns    26.90 ns …  27.31 ns  in 10 × 100000 runs
[moonbitlang/core] bench builtin/range_equal_bench_test.mbt:151 ("bench range_equal BytesView== n=64 equal") ok
time (mean ± σ)         range (min … max) 
  51.13 ns ±   0.11 ns    50.98 ns …  51.35 ns  in 10 × 100000 runs
[moonbitlang/core] bench builtin/range_equal_bench_test.mbt:156 ("bench range_equal BytesView== n=64 mismatch at end") ok
time (mean ± σ)         range (min … max) 
  50.93 ns ±   0.19 ns    50.72 ns …  51.23 ns  in 10 × 100000 runs
[moonbitlang/core] bench builtin/range_equal_bench_test.mbt:161 ("bench range_equal BytesView== n=1024 equal") ok
time (mean ± σ)         range (min … max) 
 795.00 ns ±   1.69 ns   792.31 ns … 796.84 ns  in 10 × 100000 runs
[moonbitlang/core] bench builtin/range_equal_bench_test.mbt:166 ("bench range_equal BytesView== n=1024 mismatch at end") ok
time (mean ± σ)         range (min … max) 
 792.11 ns ±   4.26 ns   784.34 ns … 796.54 ns  in 10 × 100000 runs
[moonbitlang/core] bench builtin/range_equal_bench_test.mbt:171 ("bench range_equal BytesView== n=1024 mismatch at 0") ok
time (mean ± σ)         range (min … max) 
   6.42 ns ±   0.29 ns     5.96 ns …   6.85 ns  in 10 × 100000 runs
[moonbitlang/core] bench builtin/range_equal_bench_test.mbt:176 ("bench range_equal BytesView== n=65536 equal") ok
time (mean ± σ)         range (min … max) 
  50.63 µs ±  66.86 ns    50.52 µs …  50.72 µs  in 10 ×   1980 runs
[moonbitlang/core] bench builtin/range_equal_bench_test.mbt:181 ("bench range_equal BytesView== n=65536 mismatch at end") ok
time (mean ± σ)         range (min … max) 
  50.64 µs ±  65.30 ns    50.53 µs …  50.73 µs  in 10 ×   1973 runs
[moonbitlang/core] bench builtin/range_equal_bench_test.mbt:186 ("bench range_equal StringView::has_prefix prefix=32 hit") ok
time (mean ± σ)         range (min … max) 
  33.27 ns ±   0.14 ns    33.06 ns …  33.54 ns  in 10 × 100000 runs
[moonbitlang/core] bench builtin/range_equal_bench_test.mbt:193 ("bench range_equal StringView::has_prefix prefix=32 miss at end") ok
time (mean ± σ)         range (min … max) 
  32.80 ns ±   0.41 ns    31.90 ns …  33.07 ns  in 10 × 100000 runs
[moonbitlang/core] bench builtin/linked_hash_map_bench_test.mbt:19 ("bench Map::set n=50000") ok
time (mean ± σ)         range (min … max) 
   2.46 ms ±  25.25 µs     2.42 ms …   2.50 ms  in 10 ×     41 runs
[moonbitlang/core] bench builtin/linked_hash_map_bench_test.mbt:30 ("bench Map::get n=50000") ok
time (mean ± σ)         range (min … max) 
   1.24 ms ±   4.79 µs     1.23 ms …   1.24 ms  in 10 ×     81 runs
[moonbitlang/core] bench builtin/linked_hash_map_bench_test.mbt:47 ("bench Map::get miss n=50000") ok
time (mean ± σ)         range (min … max) 
   1.20 ms ±   3.95 µs     1.19 ms …   1.20 ms  in 10 ×     84 runs
[moonbitlang/core] bench builtin/linked_hash_map_bench_test.mbt:67 ("bench Map::set+remove n=50000") ok
time (mean ± σ)         range (min … max) 
   3.63 ms ±  62.27 µs     3.56 ms …   3.78 ms  in 10 ×     23 runs
[moonbitlang/core] bench builtin/linked_hash_map_bench_test.mbt:83 ("bench Map::each n=50000") ok
time (mean ± σ)         range (min … max) 
 223.42 µs ±  98.93 ns   223.26 µs … 223.53 µs  in 10 ×    443 runs
[moonbitlang/core] bench builtin/linked_hash_map_bench_test.mbt:101 ("bench Map::filter n=50000") ok
time (mean ± σ)         range (min … max) 
 809.87 µs ±  14.88 µs   790.28 µs … 835.67 µs  in 10 ×    124 runs
[moonbitlang/core] bench builtin/linked_hash_map_bench_test.mbt:107 ("bench Map comprehension filter n=50000") ok
time (mean ± σ)         range (min … max) 
   2.82 ms ±  54.79 µs     2.75 ms …   2.91 ms  in 10 ×     36 runs
[moonbitlang/core] bench builtin/lexical_compare_bench_test.mbt:42 ("bench lexical_compare equal n=256") ok
time (mean ± σ)         range (min … max) 
 225.57 ns ±   1.10 ns   222.76 ns … 226.33 ns  in 10 × 100000 runs
[moonbitlang/core] bench builtin/lexical_compare_bench_test.mbt:47 ("bench lexical_compare common-prefix n=256") ok
time (mean ± σ)         range (min … max) 
 216.34 ns ±   1.08 ns   214.28 ns … 217.62 ns  in 10 × 100000 runs
[moonbitlang/core] bench builtin/lexical_compare_bench_test.mbt:52 ("bench lexical_compare early-diff n=256") ok
time (mean ± σ)         range (min … max) 
  11.42 ns ±   0.13 ns    11.19 ns …  11.60 ns  in 10 × 100000 runs
[moonbitlang/core] bench builtin/lexical_compare_bench_test.mbt:89 ("bench String::lexical_compare equal n=256") ok
time (mean ± σ)         range (min … max) 
 221.59 ns ±   0.18 ns   221.39 ns … 221.93 ns  in 10 × 100000 runs
[moonbitlang/core] bench builtin/lexical_compare_bench_test.mbt:94 ("bench String::lexical_compare common-prefix n=256") ok
time (mean ± σ)         range (min … max) 
 223.53 ns ±   0.49 ns   222.87 ns … 224.19 ns  in 10 × 100000 runs
[moonbitlang/core] bench builtin/lexical_compare_bench_test.mbt:99 ("bench String::lexical_compare early-diff n=256") ok
time (mean ± σ)         range (min … max) 
  11.44 ns ±   0.17 ns    11.22 ns …  11.66 ns  in 10 × 100000 runs
[moonbitlang/core] bench builtin/lexical_compare_bench_test.mbt:104 ("bench StringView::lexical_compare equal n=256") ok
time (mean ± σ)         range (min … max) 
 221.47 ns ±   0.49 ns   220.21 ns … 221.93 ns  in 10 × 100000 runs
[moonbitlang/core] bench builtin/lexical_compare_bench_test.mbt:109 ("bench StringView::lexical_compare common-prefix n=256") ok
time (mean ± σ)         range (min … max) 
 222.81 ns ±   0.71 ns   220.92 ns … 223.46 ns  in 10 × 100000 runs
[moonbitlang/core] bench builtin/lexical_compare_bench_test.mbt:114 ("bench StringView::lexical_compare early-diff n=256") ok
time (mean ± σ)         range (min … max) 
  11.46 ns ±   0.12 ns    11.33 ns …  11.71 ns  in 10 × 100000 runs
[moonbitlang/core] bench builtin/lexical_compare_bench_test.mbt:121 ("bench String::compare equal-length common-prefix n=256") ok
time (mean ± σ)         range (min … max) 
 183.21 ns ±   0.21 ns   182.93 ns … 183.53 ns  in 10 × 100000 runs
[moonbitlang/core] bench builtin/lexical_compare_bench_test.mbt:128 ("bench StringView::compare equal-length common-prefix n=256") ok
time (mean ± σ)         range (min … max) 
 244.96 ns ±  26.69 ns   224.63 ns … 291.33 ns  in 10 × 100000 runs
[moonbitlang/core] bench builtin/lexical_compare_bench_test.mbt:135 ("bench StringView::compare_ignore_ascii_case common-prefix n=256") ok
time (mean ± σ)         range (min … max) 
 453.71 ns ±   0.74 ns   452.78 ns … 455.50 ns  in 10 × 100000 runs
[moonbitlang/core] bench builtin/contains_code_unit_bench_test.mbt:19 ("bench contains_code_unit absent n=4") ok
time (mean ± σ)         range (min … max) 
   7.31 ns ±   0.11 ns     7.15 ns …   7.48 ns  in 10 × 100000 runs
[moonbitlang/core] bench builtin/contains_code_unit_bench_test.mbt:25 ("bench contains_code_unit absent n=8") ok
time (mean ± σ)         range (min … max) 
   8.89 ns ±   0.12 ns     8.72 ns …   9.06 ns  in 10 × 100000 runs
[moonbitlang/core] bench builtin/contains_code_unit_bench_test.mbt:31 ("bench contains_code_unit present@0 n=8") ok
time (mean ± σ)         range (min … max) 
   5.83 ns ±   0.10 ns     5.71 ns …   6.00 ns  in 10 × 100000 runs
[moonbitlang/core] bench builtin/contains_code_unit_bench_test.mbt:37 ("bench contains_code_unit absent n=16") ok
time (mean ± σ)         range (min … max) 
  12.67 ns ±   0.14 ns    12.52 ns …  12.88 ns  in 10 × 100000 runs
[moonbitlang/core] bench builtin/contains_code_unit_bench_test.mbt:43 ("bench contains_code_unit absent n=64") ok
time (mean ± σ)         range (min … max) 
  36.79 ns ±   0.69 ns    35.06 ns …  37.33 ns  in 10 × 100000 runs
[moonbitlang/core] bench builtin/contains_code_unit_bench_test.mbt:49 ("bench contains_code_unit absent n=256") ok
time (mean ± σ)         range (min … max) 
 142.81 ns ±   0.60 ns   142.15 ns … 143.83 ns  in 10 × 100000 runs
[moonbitlang/core] bench builtin/contains_code_unit_bench_test.mbt:55 ("bench contains_code_unit present@end n=256") ok
time (mean ± σ)         range (min … max) 
 144.49 ns ±   0.26 ns   144.12 ns … 145.01 ns  in 10 × 100000 runs
[moonbitlang/core] bench builtin/contains_code_unit_bench_test.mbt:61 ("bench contains_code_unit present@0 n=256") ok
time (mean ± σ)         range (min … max) 
   5.66 ns ±   0.12 ns     5.51 ns …   5.79 ns  in 10 × 100000 runs
[moonbitlang/core] bench builtin/contains_code_unit_bench_test.mbt:67 ("bench StringView contains_code_unit absent n=256") ok
time (mean ± σ)         range (min … max) 
 154.75 ns ±   7.44 ns   144.71 ns … 162.46 ns  in 10 × 100000 runs
[moonbitlang/core] bench builtin/bytesview_compare_bench_test.mbt:16 ("bench BytesView Compare equal n=1000000") ok
time (mean ± σ)         range (min … max) 
 791.05 µs ±   4.34 µs   783.41 µs … 796.33 µs  in 10 ×    127 runs
[moonbitlang/core] bench builtin/bytesview_compare_bench_test.mbt:23 ("bench BytesView Compare last-diff n=1000000") ok
time (mean ± σ)         range (min … max) 
 777.85 µs ±   2.28 µs   773.97 µs … 781.76 µs  in 10 ×    129 runs
[moonbitlang/core] bench builtin/bytes_unsafe_bench_test.mbt:31 ("bench Bytes::unsafe_read_uint16_le n=4096") ok
time (mean ± σ)         range (min … max) 
   3.09 µs ±  16.49 ns     3.06 µs …   3.11 µs  in 10 ×  33356 runs
[moonbitlang/core] bench builtin/bytes_unsafe_bench_test.mbt:43 ("bench Bytes::unsafe_read_uint32_le n=4096") ok
time (mean ± σ)         range (min … max) 
   5.47 µs ±  11.46 ns     5.45 µs …   5.49 µs  in 10 ×  18242 runs
[moonbitlang/core] bench builtin/bytes_unsafe_bench_test.mbt:55 ("bench Bytes::unsafe_read_uint64_le n=4096") ok
time (mean ± σ)         range (min … max) 
  10.51 µs ± 603.91 ns    10.27 µs …  12.23 µs  in 10 ×   9594 runs
[moonbitlang/core] bench builtin/bytes_unsafe_bench_test.mbt:67 ("bench FixedArray::unsafe_write_uint16_le n=4096") ok
time (mean ± σ)         range (min … max) 
   2.27 µs ±   2.61 ns     2.26 µs …   2.27 µs  in 10 ×  43713 runs
[moonbitlang/core] bench builtin/bytes_unsafe_bench_test.mbt:78 ("bench FixedArray::unsafe_write_uint32_le n=4096") ok
time (mean ± σ)         range (min … max) 
   4.97 µs ±   8.64 ns     4.95 µs …   4.98 µs  in 10 ×  20071 runs
[moonbitlang/core] bench builtin/bytes_unsafe_bench_test.mbt:89 ("bench FixedArray::unsafe_write_uint64_le n=4096") ok
time (mean ± σ)         range (min … max) 
  12.29 µs ±  11.10 ns    12.27 µs …  12.31 µs  in 10 ×   8148 runs
[moonbitlang/core] bench builtin/bytes_output_bench_test.mbt:19 ("bench Bytes Show binary n=100000") ok
time (mean ± σ)         range (min … max) 
   1.14 ms ± 185.03 µs   968.71 µs …   1.35 ms  in 10 ×     75 runs
[moonbitlang/core] bench builtin/bytes_output_bench_test.mbt:24 ("bench Bytes ToJson binary n=100000") ok
time (mean ± σ)         range (min … max) 
   1.01 ms ± 185.73 µs   857.85 µs …   1.24 ms  in 10 ×     81 runs
[moonbitlang/core] bench builtin/bytes_hash_bench_test.mbt:54 ("bench Hash::hash(Bytes) n=32") ok
time (mean ± σ)         range (min … max) 
  20.35 ns ±   0.16 ns    20.15 ns …  20.65 ns  in 10 × 100000 runs
[moonbitlang/core] bench builtin/bytes_hash_bench_test.mbt:60 ("bench Hash::hash(Bytes) n=8192") ok
time (mean ± σ)         range (min … max) 
   4.68 µs ±  15.70 ns     4.65 µs …   4.70 µs  in 10 ×  21408 runs
[moonbitlang/core] bench builtin/bytes_hash_bench_test.mbt:66 ("bench Map::at Bytes n=1024 key_bytes=32") ok
time (mean ± σ)         range (min … max) 
  55.78 µs ±   1.90 µs    54.28 µs …  60.41 µs  in 10 ×   1839 runs
[moonbitlang/core] bench builtin/bytes_from_array_bench_test.mbt:30 ("bench Bytes::from_array n=262144 full") ok
time (mean ± σ)         range (min … max) 
  98.17 µs ± 759.48 ns    97.14 µs …  98.97 µs  in 10 ×   1020 runs
[moonbitlang/core] bench builtin/bytes_from_array_bench_test.mbt:41 ("bench Bytes::from_array n=262144 sliced") ok
time (mean ± σ)         range (min … max) 
  98.32 µs ± 743.55 ns    97.35 µs …  99.46 µs  in 10 ×   1018 runs
[moonbitlang/core] bench builtin/bytes_from_array_bench_test.mbt:48 ("bench Bytes::makei from ArrayView n=262144 full") ok
time (mean ± σ)         range (min … max) 
 419.36 µs ±   4.71 µs   411.93 µs … 423.91 µs  in 10 ×    243 runs
[moonbitlang/core] bench builtin/bytes_from_array_bench_test.mbt:59 ("bench Bytes::makei from ArrayView n=262144 sliced") ok
time (mean ± σ)         range (min … max) 
 449.06 µs ±   8.59 µs   437.90 µs … 458.27 µs  in 10 ×    231 runs
[moonbitlang/core] bench builtin/bytes_equal_bench_test.mbt:37 ("bench Bytes::equal n=100000 equal") ok
time (mean ± σ)         range (min … max) 
  66.07 µs ±  47.32 ns    66.00 µs …  66.13 µs  in 10 ×   1511 runs
[moonbitlang/core] bench builtin/bytes_equal_bench_test.mbt:44 ("bench Bytes::equal n=100000 aliased object") ok
time (mean ± σ)         range (min … max) 
  65.14 µs ± 194.46 ns    64.63 µs …  65.31 µs  in 10 ×   1544 runs
[moonbitlang/core] bench builtin/bytes_equal_bench_test.mbt:54 ("bench Bytes::equal n=100000 mismatch at end") ok
time (mean ± σ)         range (min … max) 
  67.04 µs ± 142.74 ns    66.63 µs …  67.10 µs  in 10 ×   1511 runs
[moonbitlang/core] bench builtin/bytes_add_bench_test.mbt:16 ("bench Bytes add total=1000000") ok
time (mean ± σ)         range (min … max) 
 367.84 µs ±  21.12 µs   357.52 µs … 426.98 µs  in 10 ×    279 runs
[moonbitlang/core] bench builtin/bitstring_uint_aligned_bench_test.mbt:24 ("bench Bytes::unsafe_extract_uint_le_aligned n=8192") ok
time (mean ± σ)         range (min … max) 
   2.97 µs ±   7.19 ns     2.95 µs …   2.97 µs  in 10 ×  33626 runs
[moonbitlang/core] bench builtin/bitstring_uint64_aligned_bench_test.mbt:24 ("bench Bytes::unsafe_extract_uint64_le_aligned n=8192") ok
time (mean ± σ)         range (min … max) 
   3.37 µs ±   1.74 ns     3.37 µs …   3.37 µs  in 10 ×  36204 runs
[moonbitlang/core] bench builtin/bitstring_extract_bench_test.mbt:35 ("bench BytesView uint_le aligned len=32") ok
time (mean ± σ)         range (min … max) 
   4.86 µs ±  22.84 ns     4.83 µs …   4.89 µs  in 10 ×  20691 runs
[moonbitlang/core] bench builtin/bitstring_extract_bench_test.mbt:48 ("bench BytesView uint_be aligned len=32") ok
time (mean ± σ)         range (min … max) 
   4.87 µs ±   6.40 ns     4.87 µs …   4.89 µs  in 10 ×  20518 runs
[moonbitlang/core] bench builtin/bitstring_extract_bench_test.mbt:61 ("bench ArrayView uint_le aligned len=32") ok
time (mean ± σ)         range (min … max) 
   4.86 µs ±  12.09 ns     4.84 µs …   4.87 µs  in 10 ×  20671 runs
[moonbitlang/core] bench builtin/bitstring_extract_bench_test.mbt:75 ("bench ArrayView uint_be aligned len=32") ok
time (mean ± σ)         range (min … max) 
   4.86 µs ±  35.97 ns     4.79 µs …   4.89 µs  in 10 ×  20469 runs
[moonbitlang/core] bench builtin/bitstring_extract_bench_test.mbt:89 ("bench BytesView uint64_le aligned len=64") ok
time (mean ± σ)         range (min … max) 
   3.76 µs ± 143.09 ns     3.70 µs …   4.16 µs  in 10 ×  26859 runs
[moonbitlang/core] bench builtin/bitstring_extract_bench_test.mbt:102 ("bench BytesView uint64_be aligned len=64") ok
time (mean ± σ)         range (min … max) 
   3.70 µs ±   2.77 ns     3.69 µs …   3.70 µs  in 10 ×  26952 runs
[moonbitlang/core] bench builtin/bitstring_extract_bench_test.mbt:115 ("bench ArrayView uint64_le aligned len=64") ok
time (mean ± σ)         range (min … max) 
   3.71 µs ±   6.81 ns     3.70 µs …   3.72 µs  in 10 ×  26874 runs
[moonbitlang/core] bench builtin/bitstring_extract_bench_test.mbt:129 ("bench ArrayView uint64_be aligned len=64") ok
time (mean ± σ)         range (min … max) 
   3.70 µs ±   3.50 ns     3.69 µs …   3.70 µs  in 10 ×  26978 runs
[moonbitlang/core] bench builtin/bitstring_extract_bench_test.mbt:143 ("bench BytesView uint_le unaligned len=32") ok
time (mean ± σ)         range (min … max) 
  19.27 µs ±  13.48 ns    19.25 µs …  19.30 µs  in 10 ×   5187 runs
[moonbitlang/core] bench builtin/bitstring_extract_bench_test.mbt:156 ("bench BytesView uint64_le unaligned len=64") ok
time (mean ± σ)         range (min … max) 
  16.73 µs ±   7.77 ns    16.72 µs …  16.75 µs  in 10 ×   5983 runs
[moonbitlang/core] bench builtin/bitstring_extract_bench_test.mbt:169 ("bench BytesView uint_le aligned len=16") ok
time (mean ± σ)         range (min … max) 
   7.27 µs ±   1.96 µs     4.42 µs …   8.57 µs  in 10 ×  11582 runs
[moonbitlang/core] bench builtin/bitstring_extract_bench_test.mbt:182 ("bench BytesView uint_le aligned len=24") ok
time (mean ± σ)         range (min … max) 
  14.07 µs ±   8.23 ns    14.06 µs …  14.09 µs  in 10 ×   7114 runs
[moonbitlang/core] bench builtin/array_retain_bench_test.mbt:29 ("bench Array::retain all keep Int n=100000") ok
time (mean ± σ)         range (min … max) 
  66.61 µs ± 559.59 ns    66.22 µs …  67.65 µs  in 10 ×   1512 runs
[moonbitlang/core] bench builtin/array_retain_bench_test.mbt:42 ("bench Array::retain all keep Ref n=100000") ok
time (mean ± σ)         range (min … max) 
  77.28 µs ±  26.43 ns    77.24 µs …  77.33 µs  in 10 ×   1295 runs
[moonbitlang/core] bench builtin/array_retain_bench_test.mbt:55 ("bench Array::retain drop tail n=100000") ok
time (mean ± σ)         range (min … max) 
 136.55 µs ± 987.17 ns   135.82 µs … 139.05 µs  in 10 ×    727 runs
[moonbitlang/core] bench builtin/array_retain_bench_test.mbt:66 ("bench Array::retain late sparse drop n=100000") ok
time (mean ± σ)         range (min … max) 
 185.08 µs ± 375.50 ns   184.64 µs … 185.81 µs  in 10 ×    536 runs
[moonbitlang/core] bench builtin/array_retain_bench_test.mbt:77 ("bench Array::retain drop first n=100000") ok
time (mean ± σ)         range (min … max) 
 156.11 µs ± 541.61 ns   155.43 µs … 157.14 µs  in 10 ×    634 runs
[moonbitlang/core] bench builtin/array_make_blit_bench_test.mbt:32 ("bench FixedArray::copy Ref n=1000000") ok
time (mean ± σ)         range (min … max) 
   2.38 ms ± 122.33 µs     2.15 ms …   2.46 ms  in 10 ×     42 runs
[moonbitlang/core] bench builtin/array_make_blit_bench_test.mbt:38 ("bench Array::from_fixed_array Ref n=1000000") ok
time (mean ± σ)         range (min … max) 
   2.39 ms ± 126.23 µs     2.14 ms …   2.47 ms  in 10 ×     42 runs
[moonbitlang/core] bench builtin/array_make_blit_bench_test.mbt:44 ("bench Array::add Ref n=500000+500000") ok
time (mean ± σ)         range (min … max) 
   2.32 ms ±  97.00 µs     2.26 ms …   2.59 ms  in 10 ×     44 runs
[moonbitlang/core] bench builtin/array_make_blit_bench_test.mbt:51 ("bench ArrayView::add Ref n=500000+500000") ok
time (mean ± σ)         range (min … max) 
   2.27 ms ±  10.04 µs     2.25 ms …   2.28 ms  in 10 ×     44 runs
[moonbitlang/core] bench builtin/array_make_blit_bench_test.mbt:60 ("bench Array::blit_to Ref n=1000000 overwrite") ok
time (mean ± σ)         range (min … max) 
 151.93 µs ± 612.90 ns   151.15 µs … 152.78 µs  in 10 ×    660 runs
[moonbitlang/core] bench builtin/array_make_blit_bench_test.mbt:70 ("bench Array::blit_to Ref n=1000000 grow") ok
time (mean ± σ)         range (min … max) 
   3.58 ms ±  30.93 µs     3.54 ms …   3.63 ms  in 10 ×     30 runs
[moonbitlang/core] bench builtin/array_make_blit_bench_test.mbt:80 ("bench ArrayView::blit_to Ref n=1000000 overwrite") ok
time (mean ± σ)         range (min … max) 
 151.88 µs ± 613.25 ns   151.16 µs … 152.70 µs  in 10 ×    660 runs
[moonbitlang/core] bench builtin/array_make_blit_bench_test.mbt:90 ("bench ArrayView::blit_to Ref n=1000000 grow") ok
time (mean ± σ)         range (min … max) 
   3.53 ms ±  39.87 µs     3.45 ms …   3.56 ms  in 10 ×     30 runs
[moonbitlang/core] bench builtin/array_make_blit_bench_test.mbt:100 ("bench Array::append Ref n=1000000 grow") ok
time (mean ± σ)         range (min … max) 
   3.55 ms ±  13.92 µs     3.53 ms …   3.57 ms  in 10 ×     30 runs
[moonbitlang/core] bench builtin/array_make_blit_bench_test.mbt:110 ("bench Array::push Ref n=1000000 resize") ok
time (mean ± σ)         range (min … max) 
   5.24 ms ± 224.23 µs     4.89 ms …   5.53 ms  in 10 ×     20 runs
[moonbitlang/core] bench builtin/array_make_blit_bench_test.mbt:129 ("bench Array::copy Int n=1000000") ok
time (mean ± σ)         range (min … max) 
 614.77 µs ±  50.71 µs   585.42 µs … 731.51 µs  in 10 ×    168 runs
[moonbitlang/core] bench builtin/array_make_blit_bench_test.mbt:135 ("bench Array::copy Ref n=1000000") ok
time (mean ± σ)         range (min … max) 
   2.29 ms ±  65.58 µs     2.12 ms …   2.38 ms  in 10 ×     43 runs
[moonbitlang/core] bench builtin/array_locals_bench_test.mbt:29 ("bench Array::retain_map n=100000") ok
time (mean ± σ)         range (min … max) 
  69.86 µs ±  90.78 ns    69.66 µs …  69.93 µs  in 10 ×   1432 runs
[moonbitlang/core] bench builtin/array_locals_bench_test.mbt:38 ("bench Array::shuffle_in_place n=100000") ok
time (mean ± σ)         range (min … max) 
 160.62 µs ±  77.43 ns   160.44 µs … 160.73 µs  in 10 ×    623 runs
[moonbitlang/core] bench builtin/array_locals_bench_test.mbt:50 ("bench Array::filter_map n=100000") ok
time (mean ± σ)         range (min … max) 
 163.28 µs ±   1.00 µs   162.05 µs … 165.01 µs  in 10 ×    613 runs
[moonbitlang/core] bench builtin/array_locals_bench_test.mbt:58 ("bench FixedArray::each n=100000") ok
time (mean ± σ)         range (min … max) 
  48.02 µs ±  47.79 ns    47.95 µs …  48.10 µs  in 10 ×   2084 runs
[moonbitlang/core] bench builtin/array_locals_bench_test.mbt:68 ("bench FixedArray::eachi n=100000") ok
time (mean ± σ)         range (min … max) 
  64.44 µs ±  56.04 ns    64.33 µs …  64.51 µs  in 10 ×   1554 runs
[moonbitlang/core] bench builtin/array_locals_bench_test.mbt:78 ("bench FixedArray::rev_each n=100000") ok
time (mean ± σ)         range (min … max) 
  54.57 µs ±   1.32 µs    53.75 µs …  57.80 µs  in 10 ×   1860 runs
[moonbitlang/core] bench builtin/array_locals_bench_test.mbt:88 ("bench FixedArray::rev_eachi n=100000") ok
time (mean ± σ)         range (min … max) 
  76.10 µs ±  65.96 ns    76.00 µs …  76.17 µs  in 10 ×   1315 runs
[moonbitlang/core] bench builtin/array_locals_bench_test.mbt:98 ("bench FixedArray::map n=100000") ok
time (mean ± σ)         range (min … max) 
  90.75 µs ± 438.22 ns    90.21 µs …  91.71 µs  in 10 ×   1105 runs
[moonbitlang/core] bench builtin/array_locals_bench_test.mbt:104 ("bench FixedArray::mapi n=100000") ok
time (mean ± σ)         range (min … max) 
  89.27 µs ± 266.56 ns    88.98 µs …  89.72 µs  in 10 ×   1122 runs
[moonbitlang/core] bench builtin/array_locals_bench_test.mbt:110 ("bench FixedArray::makei n=100000") ok
time (mean ± σ)         range (min … max) 
  85.54 µs ± 644.45 ns    84.53 µs …  86.66 µs  in 10 ×   1192 runs
[moonbitlang/core] bench builtin/array_locals_bench_test.mbt:115 ("bench FixedArray::fold n=100000") ok
time (mean ± σ)         range (min … max) 
  56.14 µs ±  62.54 ns    56.01 µs …  56.19 µs  in 10 ×   1783 runs
[moonbitlang/core] bench builtin/array_locals_bench_test.mbt:121 ("bench FixedArray::rev_fold n=100000") ok
time (mean ± σ)         range (min … max) 
  55.24 µs ±  97.31 ns    55.02 µs …  55.33 µs  in 10 ×   1808 runs
[moonbitlang/core] bench builtin/array_locals_bench_test.mbt:127 ("bench FixedArray::foldi n=100000") ok
time (mean ± σ)         range (min … max) 
  58.98 µs ±  88.58 ns    58.79 µs …  59.06 µs  in 10 ×   1696 runs
[moonbitlang/core] bench builtin/array_locals_bench_test.mbt:133 ("bench FixedArray::rev_foldi n=100000") ok
time (mean ± σ)         range (min … max) 
  65.30 µs ±   1.29 µs    64.67 µs …  68.91 µs  in 10 ×   1545 runs
[moonbitlang/core] bench builtin/array_locals_bench_test.mbt:139 ("bench ArrayView::chunk_by n=100000") ok
time (mean ± σ)         range (min … max) 
  96.21 µs ± 102.93 ns    96.11 µs …  96.36 µs  in 10 ×   1042 runs
[moonbitlang/core] bench builtin/array_locals_bench_test.mbt:146 ("bench ArrayView::each n=100000") ok
time (mean ± σ)         range (min … max) 
  63.68 µs ± 122.38 ns    63.51 µs …  63.87 µs  in 10 ×   1573 runs
[moonbitlang/core] bench builtin/array_locals_bench_test.mbt:157 ("bench ArrayView::eachi n=100000") ok
time (mean ± σ)         range (min … max) 
  72.15 µs ±  90.42 ns    72.05 µs …  72.33 µs  in 10 ×   1389 runs
[moonbitlang/core] bench builtin/array_locals_bench_test.mbt:168 ("bench ArrayView::rev_each n=100000") ok
time (mean ± σ)         range (min … max) 
  69.88 µs ± 170.07 ns    69.62 µs …  70.13 µs  in 10 ×   1434 runs
[moonbitlang/core] bench builtin/array_locals_bench_test.mbt:179 ("bench ArrayView::rev_eachi n=100000") ok
time (mean ± σ)         range (min … max) 
  78.49 µs ±  57.20 ns    78.43 µs …  78.58 µs  in 10 ×   1276 runs
[moonbitlang/core] bench builtin/array_locals_bench_test.mbt:190 ("bench ArrayView::all n=100000") ok
time (mean ± σ)         range (min … max) 
  64.21 µs ± 136.34 ns    64.07 µs …  64.46 µs  in 10 ×   1560 runs
[moonbitlang/core] bench builtin/array_locals_bench_test.mbt:197 ("bench ArrayView::any n=100000") ok
time (mean ± σ)         range (min … max) 
  63.81 µs ± 506.59 ns    63.44 µs …  65.03 µs  in 10 ×   1573 runs
[moonbitlang/core] bench builtin/array_locals_bench_test.mbt:204 ("bench ArrayView::search_by n=100000") ok
time (mean ± σ)         range (min … max) 
  63.34 µs ± 210.18 ns    63.06 µs …  63.63 µs  in 10 ×   1577 runs
[moonbitlang/core] bench builtin/array_locals_bench_test.mbt:213 ("bench ArrayView::fold n=100000") ok
time (mean ± σ)         range (min … max) 
  63.36 µs ±  91.31 ns    63.21 µs …  63.48 µs  in 10 ×   1578 runs
[moonbitlang/core] bench builtin/array_locals_bench_test.mbt:220 ("bench ArrayView::rev_fold n=100000") ok
time (mean ± σ)         range (min … max) 
  61.68 µs ±  48.91 ns    61.61 µs …  61.77 µs  in 10 ×   1622 runs
[moonbitlang/core] bench builtin/array_locals_bench_test.mbt:227 ("bench ArrayView::foldi n=100000") ok
time (mean ± σ)         range (min … max) 
  70.58 µs ± 301.90 ns    70.01 µs …  70.82 µs  in 10 ×   1424 runs
[moonbitlang/core] bench builtin/array_locals_bench_test.mbt:234 ("bench ArrayView::rev_foldi n=100000") ok
time (mean ± σ)         range (min … max) 
  77.85 µs ± 473.69 ns    77.16 µs …  78.27 µs  in 10 ×   1280 runs
[moonbitlang/core] bench builtin/array_locals_bench_test.mbt:241 ("bench ArrayView::map n=100000") ok
time (mean ± σ)         range (min … max) 
 140.39 µs ± 403.37 ns   140.00 µs … 141.11 µs  in 10 ×    709 runs
[moonbitlang/core] bench builtin/array_locals_bench_test.mbt:248 ("bench ArrayView::mapi n=100000") ok
time (mean ± σ)         range (min … max) 
 144.71 µs ±   1.33 µs   143.28 µs … 146.47 µs  in 10 ×    692 runs
[moonbitlang/core] bench builtin/array_locals_bench_test.mbt:255 ("bench ArrayView::filter n=100000") ok
time (mean ± σ)         range (min … max) 
 153.24 µs ±   5.07 µs   149.71 µs … 163.35 µs  in 10 ×    663 runs
[moonbitlang/core] bench builtin/array_locals_bench_test.mbt:262 ("bench ArrayView::filter_map n=100000") ok
time (mean ± σ)         range (min … max) 
 164.16 µs ± 856.02 ns   163.25 µs … 165.65 µs  in 10 ×    606 runs
[moonbitlang/core] bench bytes/find_bench_test.mbt:92 ("bench BytesView::find single byte hit end n=4096") ok
time (mean ± σ)         range (min … max) 
   2.26 µs ±  11.38 ns     2.24 µs …   2.28 µs  in 10 ×  45772 runs
[moonbitlang/core] bench bytes/find_bench_test.mbt:99 ("bench BytesView::find single byte miss n=4096") ok
time (mean ± σ)         range (min … max) 
   2.30 µs ±   5.11 ns     2.29 µs …   2.31 µs  in 10 ×  45418 runs
[moonbitlang/core] bench bytes/find_bench_test.mbt:106 ("bench BytesView::find substring rare hit end n=4096") ok
time (mean ± σ)         range (min … max) 
   2.38 µs ±  22.37 ns     2.36 µs …   2.43 µs  in 10 ×  41301 runs
[moonbitlang/core] bench bytes/find_bench_test.mbt:113 ("bench BytesView::find substring dense miss n=4096") ok
time (mean ± σ)         range (min … max) 
   2.40 µs ±  21.07 ns     2.37 µs …   2.42 µs  in 10 ×  40545 runs
[moonbitlang/core] bench bytes/find_bench_test.mbt:120 ("bench BytesView::find offset view rare hit end n=4096") ok
time (mean ± σ)         range (min … max) 
   2.36 µs ±  24.40 ns     2.33 µs …   2.38 µs  in 10 ×  42100 runs
[moonbitlang/core] bench bytes/find_bench_test.mbt:127 ("bench BytesView::find long dense miss n=4096") ok
time (mean ± σ)         range (min … max) 
   5.22 µs ± 228.12 ns     5.10 µs …   5.72 µs  in 10 ×  19583 runs
[moonbitlang/core] bench bytes/find_bench_test.mbt:134 ("bench BytesView::find single byte miss n=32") ok
time (mean ± σ)         range (min … max) 
  24.32 ns ±   0.20 ns    24.00 ns …  24.61 ns  in 10 × 100000 runs
[moonbitlang/core] bench bytes/find_bench_test.mbt:141 ("bench BytesView::find substring miss n=32") ok
time (mean ± σ)         range (min … max) 
  26.29 ns ±   0.65 ns    25.06 ns …  26.83 ns  in 10 × 100000 runs
[moonbitlang/core] bench bytes/find_bench_test.mbt:148 ("bench BytesView::rev_find single byte hit start n=4096") ok
time (mean ± σ)         range (min … max) 
   2.15 µs ±   7.84 ns     2.14 µs …   2.17 µs  in 10 ×  46079 runs
[moonbitlang/core] bench bytes/find_bench_test.mbt:155 ("bench BytesView::rev_find single byte miss n=4096") ok
time (mean ± σ)         range (min … max) 
   2.31 µs ±  55.34 ns     2.23 µs …   2.36 µs  in 10 ×  45116 runs
[moonbitlang/core] bench bytes/find_bench_test.mbt:162 ("bench BytesView::rev_find substring rare hit start n=4096") ok
time (mean ± σ)         range (min … max) 
   3.49 µs ±  21.22 ns     3.45 µs …   3.51 µs  in 10 ×  29448 runs
[moonbitlang/core] bench bytes/find_bench_test.mbt:169 ("bench BytesView::rev_find substring dense miss n=4096") ok
time (mean ± σ)         range (min … max) 
   3.79 µs ±  13.09 ns     3.76 µs …   3.81 µs  in 10 ×  26264 runs
[moonbitlang/core] bench bytes/find_bench_test.mbt:176 ("bench BytesView::rev_find offset view rare hit start n=4096") ok
time (mean ± σ)         range (min … max) 
   3.48 µs ±  11.17 ns     3.46 µs …   3.50 µs  in 10 ×  28686 runs
[moonbitlang/core] bench bytes/find_bench_test.mbt:185 ("bench BytesView::rev_find long dense miss n=4096") ok
time (mean ± σ)         range (min … max) 
   3.77 µs ±   9.38 ns     3.76 µs …   3.79 µs  in 10 ×  26474 runs
[moonbitlang/core] bench debug/debug_inspect_bench_test.mbt:16 ("bench debug_inspect passing Int") ok
time (mean ± σ)         range (min … max) 
  66.70 ns ±   1.32 ns    65.39 ns …  69.44 ns  in 10 × 100000 runs
[moonbitlang/core] bench debug/debug_inspect_bench_test.mbt:21 ("bench debug_inspect passing Array") ok
time (mean ± σ)         range (min … max) 
 841.80 ns ±   3.18 ns   834.75 ns … 846.22 ns  in 10 × 100000 runs
[moonbitlang/core] bench deque/deque_bench_test.mbt:22 ("bench Deque::to_array Int n=50000") ok
time (mean ± σ)         range (min … max) 
 107.26 µs ±   1.87 µs   105.90 µs … 112.02 µs  in 10 ×    741 runs
[moonbitlang/core] bench deque/deque_bench_test.mbt:28 ("bench Deque::to_array Ref n=50000") ok
time (mean ± σ)         range (min … max) 
 134.23 µs ±   1.68 µs   132.32 µs … 137.51 µs  in 10 ×    738 runs
[moonbitlang/core] bench deque/deque_bench_test.mbt:34 ("bench Deque steady-state pop_front/push_back x100000 len=1000") ok
time (mean ± σ)         range (min … max) 
 396.29 µs ±   2.37 µs   392.79 µs … 398.08 µs  in 10 ×    252 runs
[moonbitlang/core] bench deque/deque_bench_test.mbt:51 ("bench Deque steady-state push_front/pop_back x100000 len=1000") ok
time (mean ± σ)         range (min … max) 
 394.73 µs ±   1.14 µs   392.56 µs … 395.54 µs  in 10 ×    254 runs
[moonbitlang/core] bench deque/deque_bench_test.mbt:67 ("bench Deque::get x100000 len=1000") ok
time (mean ± σ)         range (min … max) 
 638.18 µs ±   1.72 µs   637.31 µs … 643.06 µs  in 10 ×    157 runs
[moonbitlang/core] bench encoding/ascii/ascii_bench_test.mbt:40 ("bench ASCII decode n=15") ok
time (mean ± σ)         range (min … max) 
  56.84 ns ±   0.79 ns    56.17 ns …  58.35 ns  in 10 × 100000 runs
[moonbitlang/core] bench encoding/ascii/ascii_bench_test.mbt:46 ("bench ASCII decode n=16") ok
time (mean ± σ)         range (min … max) 
  60.57 ns ±   0.29 ns    60.25 ns …  61.00 ns  in 10 × 100000 runs
[moonbitlang/core] bench encoding/ascii/ascii_bench_test.mbt:52 ("bench ASCII decode n=32") ok
time (mean ± σ)         range (min … max) 
 102.04 ns ±   0.36 ns   101.49 ns … 102.53 ns  in 10 × 100000 runs
[moonbitlang/core] bench encoding/ascii/ascii_bench_test.mbt:58 ("bench ASCII decode n=64") ok
time (mean ± σ)         range (min … max) 
 147.77 ns ±   0.63 ns   146.82 ns … 148.65 ns  in 10 × 100000 runs
[moonbitlang/core] bench encoding/ascii/ascii_bench_test.mbt:64 ("bench ASCII decode n=100000") ok
time (mean ± σ)         range (min … max) 
 243.90 µs ±   1.00 µs   242.47 µs … 245.86 µs  in 10 ×    408 runs
[moonbitlang/core] bench encoding/ascii/ascii_bench_test.mbt:70 ("bench ASCII decode n=1000000") ok
time (mean ± σ)         range (min … max) 
   2.33 ms ±   7.99 µs     2.32 ms …   2.34 ms  in 10 ×     43 runs
[moonbitlang/core] bench encoding/base64/v128_bench_wbtest.mbt:38 ("bench encode scalar n=64") ok
time (mean ± σ)         range (min … max) 
   1.69 µs ±   7.58 ns     1.68 µs …   1.71 µs  in 10 ×  54984 runs
[moonbitlang/core] bench encoding/base64/v128_bench_wbtest.mbt:43 ("bench encode v128 n=64") ok
time (mean ± σ)         range (min … max) 
   1.68 µs ±   9.51 ns     1.67 µs …   1.71 µs  in 10 ×  55676 runs
[moonbitlang/core] bench encoding/base64/v128_bench_wbtest.mbt:48 ("bench encode scalar n=1024") ok
time (mean ± σ)         range (min … max) 
  25.80 µs ± 221.45 ns    25.60 µs …  26.23 µs  in 10 ×   3794 runs
[moonbitlang/core] bench encoding/base64/v128_bench_wbtest.mbt:53 ("bench encode v128 n=1024") ok
time (mean ± σ)         range (min … max) 
  25.92 µs ± 315.71 ns    25.64 µs …  26.60 µs  in 10 ×   3726 runs
[moonbitlang/core] bench encoding/base64/v128_bench_wbtest.mbt:58 ("bench encode scalar n=65536") ok
time (mean ± σ)         range (min … max) 
   1.67 ms ±   4.28 µs     1.66 ms …   1.68 ms  in 10 ×     60 runs
[moonbitlang/core] bench encoding/base64/v128_bench_wbtest.mbt:63 ("bench encode v128 n=65536") ok
time (mean ± σ)         range (min … max) 
   1.67 ms ±   3.62 µs     1.67 ms …   1.68 ms  in 10 ×     59 runs
[moonbitlang/core] bench encoding/base64/v128_bench_wbtest.mbt:68 ("bench decode scalar n=64") ok
time (mean ± σ)         range (min … max) 
 276.92 ns ±   0.49 ns   276.25 ns … 277.66 ns  in 10 × 100000 runs
[moonbitlang/core] bench encoding/base64/v128_bench_wbtest.mbt:75 ("bench decode v128 n=64") ok
time (mean ± σ)         range (min … max) 
 283.40 ns ±   0.74 ns   282.10 ns … 284.54 ns  in 10 × 100000 runs
[moonbitlang/core] bench encoding/base64/v128_bench_wbtest.mbt:80 ("bench decode scalar n=1024") ok
time (mean ± σ)         range (min … max) 
   3.96 µs ±  21.12 ns     3.94 µs …   4.00 µs  in 10 ×  23839 runs
[moonbitlang/core] bench encoding/base64/v128_bench_wbtest.mbt:87 ("bench decode v128 n=1024") ok
time (mean ± σ)         range (min … max) 
   4.16 µs ± 448.10 ns     3.98 µs …   5.44 µs  in 10 ×  23821 runs
[moonbitlang/core] bench encoding/base64/v128_bench_wbtest.mbt:92 ("bench decode scalar n=65536") ok
time (mean ± σ)         range (min … max) 
 626.13 µs ±   2.73 µs   621.19 µs … 628.65 µs  in 10 ×    160 runs
[moonbitlang/core] bench encoding/base64/v128_bench_wbtest.mbt:99 ("bench decode v128 n=65536") ok
time (mean ± σ)         range (min … max) 
 618.47 µs ±   1.57 µs   616.00 µs … 620.21 µs  in 10 ×    162 runs
[moonbitlang/core] bench encoding/hex/v128_bench_wbtest.mbt:34 ("bench encode scalar 4k") ok
time (mean ± σ)         range (min … max) 
 148.64 µs ± 522.22 ns   148.03 µs … 149.31 µs  in 10 ×    671 runs
[moonbitlang/core] bench encoding/hex/v128_bench_wbtest.mbt:39 ("bench encode public 64") ok
time (mean ± σ)         range (min … max) 
   2.34 µs ±  13.72 ns     2.33 µs …   2.37 µs  in 10 ×  41475 runs
[moonbitlang/core] bench encoding/hex/v128_bench_wbtest.mbt:44 ("bench encode public 4k") ok
time (mean ± σ)         range (min … max) 
 148.08 µs ± 475.55 ns   147.67 µs … 148.84 µs  in 10 ×    673 runs
[moonbitlang/core] bench encoding/hex/v128_bench_wbtest.mbt:49 ("bench encode public 64k") ok
time (mean ± σ)         range (min … max) 
   2.38 ms ±  12.84 µs     2.36 ms …   2.40 ms  in 10 ×     43 runs
[moonbitlang/core] bench encoding/hex/v128_bench_wbtest.mbt:54 ("bench decode scalar 4k") ok
time (mean ± σ)         range (min … max) 
  29.24 µs ±   1.23 µs    28.07 µs …  31.54 µs  in 10 ×   3330 runs
[moonbitlang/core] bench encoding/hex/v128_bench_wbtest.mbt:62 ("bench decode public 4k") ok
time (mean ± σ)         range (min … max) 
  22.30 µs ±   1.20 µs    20.51 µs …  23.42 µs  in 10 ×   4238 runs
[moonbitlang/core] bench encoding/hex/v128_bench_wbtest.mbt:70 ("bench decode public 64k") ok
time (mean ± σ)         range (min … max) 
 600.23 µs ±   1.26 µs   598.53 µs … 602.09 µs  in 10 ×    167 runs
[moonbitlang/core] bench encoding/utf16/utf16_v128_bench_test.mbt:57 ("bench utf16 encode ASCII LE n=100000") ok
time (mean ± σ)         range (min … max) 
 112.23 µs ± 195.88 ns   111.93 µs … 112.49 µs  in 10 ×    888 runs
[moonbitlang/core] bench encoding/utf16/utf16_v128_bench_test.mbt:63 ("bench utf16 encode ASCII BE n=100000") ok
time (mean ± σ)         range (min … max) 
 119.73 µs ± 650.51 ns   118.74 µs … 120.75 µs  in 10 ×    829 runs
[moonbitlang/core] bench encoding/utf16/utf16_v128_bench_test.mbt:69 ("bench utf16 encode mixed LE n=100000") ok
time (mean ± σ)         range (min … max) 
 112.31 µs ± 224.91 ns   111.89 µs … 112.61 µs  in 10 ×    877 runs
[moonbitlang/core] bench encoding/utf16/utf16_v128_bench_test.mbt:75 ("bench utf16 encode mixed BE n=100000") ok
time (mean ± σ)         range (min … max) 
 118.71 µs ± 252.10 ns   118.30 µs … 119.14 µs  in 10 ×    836 runs
[moonbitlang/core] bench encoding/utf16/utf16_v128_bench_test.mbt:81 ("bench utf16 decode ASCII LE n=100000") ok
time (mean ± σ)         range (min … max) 
 206.25 µs ±   2.98 µs   200.39 µs … 208.56 µs  in 10 ×    507 runs
[moonbitlang/core] bench encoding/utf16/utf16_v128_bench_test.mbt:87 ("bench utf16 decode ASCII BE n=100000") ok
time (mean ± σ)         range (min … max) 
 358.43 µs ±  18.78 µs   348.77 µs … 411.09 µs  in 10 ×    286 runs
[moonbitlang/core] bench encoding/utf16/utf16_v128_bench_test.mbt:95 ("bench utf16 decode mixed LE n=100000") ok
time (mean ± σ)         range (min … max) 
 206.59 µs ±   3.46 µs   199.80 µs … 208.99 µs  in 10 ×    502 runs
[moonbitlang/core] bench encoding/utf16/utf16_v128_bench_test.mbt:101 ("bench utf16 decode mixed BE n=100000") ok
time (mean ± σ)         range (min … max) 
 357.47 µs ±   7.65 µs   350.46 µs … 368.40 µs  in 10 ×    284 runs
[moonbitlang/core] bench encoding/utf16/utf16_v128_bench_test.mbt:109 ("bench utf16 decode emoji LE n=100000") ok
time (mean ± σ)         range (min … max) 
 305.33 µs ±   2.12 µs   302.36 µs … 307.65 µs  in 10 ×    331 runs
[moonbitlang/core] bench encoding/utf16/utf16_v128_bench_test.mbt:115 ("bench utf16 decode emoji BE n=100000") ok
time (mean ± σ)         range (min … max) 
 358.14 µs ±   1.12 µs   356.38 µs … 360.04 µs  in 10 ×    278 runs
[moonbitlang/core] bench hashmap/hashmap_bench_test.mbt:19 ("bench HashMap::set n=50000") ok
time (mean ± σ)         range (min … max) 
   1.74 ms ±  20.98 µs     1.72 ms …   1.77 ms  in 10 ×     58 runs
[moonbitlang/core] bench hashmap/hashmap_bench_test.mbt:30 ("bench HashMap::get n=50000") ok
time (mean ± σ)         range (min … max) 
 518.19 µs ± 860.41 ns   516.46 µs … 518.99 µs  in 10 ×    193 runs
[moonbitlang/core] bench hashmap/hashmap_bench_test.mbt:47 ("bench HashMap::get miss n=50000") ok
time (mean ± σ)         range (min … max) 
 643.65 µs ±   2.18 µs   641.66 µs … 648.19 µs  in 10 ×    156 runs
[moonbitlang/core] bench hashmap/hashmap_bench_test.mbt:67 ("bench HashMap::set+remove n=50000") ok
time (mean ± σ)         range (min … max) 
   2.51 ms ±  27.81 µs     2.48 ms …   2.57 ms  in 10 ×     36 runs
[moonbitlang/core] bench hashmap/hashmap_bench_test.mbt:87 ("bench HashMap::copy+remove n=50000") ok
time (mean ± σ)         range (min … max) 
   1.32 ms ±  25.73 µs     1.30 ms …   1.36 ms  in 10 ×     77 runs
[moonbitlang/core] bench hashmap/hashmap_bench_test.mbt:102 ("bench HashMap::copy n=50000") ok
time (mean ± σ)         range (min … max) 
 640.99 µs ±  10.48 µs   621.44 µs … 653.07 µs  in 10 ×    156 runs
[moonbitlang/core] bench hashmap/hashmap_bench_test.mbt:114 ("bench HashMap::to_array Int n=50000") ok
time (mean ± σ)         range (min … max) 
 619.71 µs ±  13.75 µs   601.03 µs … 644.63 µs  in 10 ×    163 runs
[moonbitlang/core] bench hashmap/hashmap_bench_test.mbt:123 ("bench HashMap::to_array Ref n=50000") ok
time (mean ± σ)         range (min … max) 
 750.47 µs ±   8.23 µs   733.99 µs … 763.61 µs  in 10 ×    130 runs
[moonbitlang/core] bench hashmap/hashmap_bench_test.mbt:141 ("bench HashMap::filter n=50000") ok
time (mean ± σ)         range (min … max) 
 828.61 µs ±  11.99 µs   815.46 µs … 849.63 µs  in 10 ×    121 runs
[moonbitlang/core] bench hashmap/hashmap_bench_test.mbt:147 ("bench HashMap comprehension filter n=50000") ok
time (mean ± σ)         range (min … max) 
   2.58 ms ±  60.50 µs     2.51 ms …   2.68 ms  in 10 ×     39 runs
[moonbitlang/core] bench hashset/set_algebra_bench_test.mbt:26 ("bench HashSet::union String 10k 50% overlap") ok
time (mean ± σ)         range (min … max) 
 587.01 µs ±  28.25 µs   571.80 µs … 665.64 µs  in 10 ×    174 runs
[moonbitlang/core] bench hashset/set_algebra_bench_test.mbt:33 ("bench HashSet::union Int 10k 50% overlap") ok
time (mean ± σ)         range (min … max) 
 471.34 µs ±   5.12 µs   465.55 µs … 482.40 µs  in 10 ×    211 runs
[moonbitlang/core] bench hashset/set_algebra_bench_test.mbt:40 ("bench HashSet::intersection String 10k 50% overlap") ok
time (mean ± σ)         range (min … max) 
 371.96 µs ±   1.44 µs   369.24 µs … 373.68 µs  in 10 ×    270 runs
[moonbitlang/core] bench hashset/set_algebra_bench_test.mbt:47 ("bench HashSet::difference String 10k 50% overlap") ok
time (mean ± σ)         range (min … max) 
 357.74 µs ±   2.48 µs   354.68 µs … 361.06 µs  in 10 ×    280 runs
[moonbitlang/core] bench hashset/set_algebra_bench_test.mbt:54 ("bench HashSet::is_subset String 10k true") ok
time (mean ± σ)         range (min … max) 
 309.97 µs ±   1.65 µs   307.07 µs … 312.00 µs  in 10 ×    324 runs
[moonbitlang/core] bench hashset/set_algebra_bench_test.mbt:61 ("bench HashSet == String 10k") ok
time (mean ± σ)         range (min … max) 
 303.75 µs ± 220.86 ns   303.41 µs … 304.04 µs  in 10 ×    329 runs
[moonbitlang/core] bench hashset/set_algebra_bench_test.mbt:68 ("bench HashSet == Int 10k") ok
time (mean ± σ)         range (min … max) 
  66.57 µs ±   4.21 µs    62.63 µs …  71.76 µs  in 10 ×   1433 runs
[moonbitlang/core] bench hashset/hashset_bench_test.mbt:19 ("bench HashSet::add n=50000") ok
time (mean ± σ)         range (min … max) 
   2.17 ms ±  35.56 µs     2.12 ms …   2.23 ms  in 10 ×     47 runs
[moonbitlang/core] bench hashset/hashset_bench_test.mbt:30 ("bench HashSet::contains n=50000") ok
time (mean ± σ)         range (min … max) 
   1.17 ms ±   4.98 µs     1.16 ms …   1.17 ms  in 10 ×     85 runs
[moonbitlang/core] bench hashset/hashset_bench_test.mbt:56 ("bench HashSet::filter n=50000") ok
time (mean ± σ)         range (min … max) 
 382.86 µs ±   3.73 µs   377.63 µs … 390.77 µs  in 10 ×    271 runs
[moonbitlang/core] bench hashset/hashset_bench_test.mbt:62 ("bench HashSet comprehension filter n=50000") ok
time (mean ± σ)         range (min … max) 
   1.01 ms ±   5.91 µs     1.00 ms …   1.02 ms  in 10 ×     96 runs
[moonbitlang/core] bench immut/hashmap/update_bench_test.mbt:21 ("bench HashMap::remove absent x1000 n=100000") ok
time (mean ± σ)         range (min … max) 
  27.68 µs ± 107.19 ns    27.53 µs …  27.79 µs  in 10 ×   3634 runs
[moonbitlang/core] bench immut/hashmap/update_bench_test.mbt:32 ("bench HashMap::remove present x1000 n=100000") ok
time (mean ± σ)         range (min … max) 
 193.94 µs ± 972.91 ns   192.74 µs … 195.59 µs  in 10 ×    513 runs
[moonbitlang/core] bench immut/hashmap/update_bench_test.mbt:43 ("bench HashMap::union with a derived version n=100000") ok
time (mean ± σ)         range (min … max) 
 485.17 ns ±   0.47 ns   484.60 ns … 485.88 ns  in 10 × 100000 runs
[moonbitlang/core] bench immut/hashmap/update_bench_test.mbt:49 ("bench HashMap::intersection with a derived version n=100000") ok
time (mean ± σ)         range (min … max) 
 461.43 ns ±   0.36 ns   460.91 ns … 462.21 ns  in 10 × 100000 runs
[moonbitlang/core] bench immut/hashmap/hashmap_build_bench_test.mbt:37 ("bench HashMap constructor ordered n=10000") ok
time (mean ± σ)         range (min … max) 
 603.41 µs ±   2.84 µs   599.82 µs … 608.31 µs  in 10 ×    167 runs
[moonbitlang/core] bench immut/hashmap/hashmap_build_bench_test.mbt:43 ("bench HashMap constructor random n=10000") ok
time (mean ± σ)         range (min … max) 
 626.54 µs ±  50.79 µs   601.89 µs … 767.78 µs  in 10 ×    166 runs
[moonbitlang/core] bench immut/hashmap/hashmap_build_bench_test.mbt:49 ("bench HashMap::from_iter random n=10000") ok
time (mean ± σ)         range (min … max) 
 641.29 µs ±   2.93 µs   636.11 µs … 645.22 µs  in 10 ×    156 runs
[moonbitlang/core] bench immut/hashset/update_bench_test.mbt:21 ("bench HashSet::add existing x1000 n=100000") ok
time (mean ± σ)         range (min … max) 
  34.20 µs ± 176.47 ns    34.10 µs …  34.62 µs  in 10 ×   2933 runs
[moonbitlang/core] bench immut/hashset/update_bench_test.mbt:32 ("bench HashSet::remove absent x1000 n=100000") ok
time (mean ± σ)         range (min … max) 
  27.75 µs ± 104.00 ns    27.63 µs …  27.92 µs  in 10 ×   3611 runs
[moonbitlang/core] bench immut/hashset/update_bench_test.mbt:43 ("bench HashSet::add new x1000 n=100000") ok
time (mean ± σ)         range (min … max) 
 192.61 µs ±   1.10 µs   191.32 µs … 194.41 µs  in 10 ×    525 runs
[moonbitlang/core] bench immut/hashset/update_bench_test.mbt:54 ("bench HashSet::union with a derived version n=100000") ok
time (mean ± σ)         range (min … max) 
 481.62 ns ±   0.35 ns   481.25 ns … 482.30 ns  in 10 × 100000 runs
[moonbitlang/core] bench immut/hashset/hashset_build_bench_test.mbt:34 ("bench HashSet constructor ordered n=10000") ok
time (mean ± σ)         range (min … max) 
 638.48 µs ±   3.23 µs   634.97 µs … 644.40 µs  in 10 ×    158 runs
[moonbitlang/core] bench immut/hashset/hashset_build_bench_test.mbt:40 ("bench HashSet constructor random n=10000") ok
time (mean ± σ)         range (min … max) 
 634.85 µs ±   2.62 µs   631.88 µs … 638.62 µs  in 10 ×    157 runs
[moonbitlang/core] bench immut/hashset/hashset_build_bench_test.mbt:46 ("bench HashSet::from_iter random n=10000") ok
time (mean ± σ)         range (min … max) 
 669.19 µs ±  15.19 µs   656.11 µs … 701.47 µs  in 10 ×    105 runs
[moonbitlang/core] bench immut/priority_queue/priority_queue_build_bench_test.mbt:38 ("bench PriorityQueue::from_array ordered n=10000") ok
time (mean ± σ)         range (min … max) 
  54.23 µs ±   1.38 µs    52.74 µs …  55.96 µs  in 10 ×   1792 runs
[moonbitlang/core] bench immut/priority_queue/priority_queue_build_bench_test.mbt:44 ("bench PriorityQueue::from_array reverse n=10000") ok
time (mean ± σ)         range (min … max) 
  43.08 µs ± 891.30 ns    42.49 µs …  45.00 µs  in 10 ×   2208 runs
[moonbitlang/core] bench immut/priority_queue/priority_queue_build_bench_test.mbt:50 ("bench PriorityQueue::from_array random n=10000") ok
time (mean ± σ)         range (min … max) 
  55.55 µs ±   1.41 µs    54.12 µs …  57.41 µs  in 10 ×   1758 runs
[moonbitlang/core] bench immut/priority_queue/priority_queue_build_bench_test.mbt:56 ("bench PriorityQueue::from_iter random n=10000") ok
time (mean ± σ)         range (min … max) 
  92.28 µs ± 341.59 ns    91.73 µs …  92.80 µs  in 10 ×   1082 runs
[moonbitlang/core] bench immut/sorted_map/sorted_map_build_bench_test.mbt:54 ("bench SortedMap constructor reverse n=10000") ok
time (mean ± σ)         range (min … max) 
  86.70 µs ± 169.22 ns    86.34 µs …  86.88 µs  in 10 ×   1155 runs
[moonbitlang/core] bench immut/sorted_map/sorted_map_build_bench_test.mbt:60 ("bench SortedMap::from_iter ordered n=10000") ok
time (mean ± σ)         range (min … max) 
   1.89 ms ±  10.70 µs     1.88 ms …   1.91 ms  in 10 ×     53 runs
[moonbitlang/core] bench immut/sorted_map/sorted_map_build_bench_test.mbt:66 ("bench SortedMap::from_iter almost ordered n=10000") ok
time (mean ± σ)         range (min … max) 
   1.90 ms ±  10.49 µs     1.88 ms …   1.91 ms  in 10 ×     53 runs
[moonbitlang/core] bench immut/sorted_map/sorted_map_build_bench_test.mbt:72 ("bench SortedMap::from_iter random n=10000") ok
time (mean ± σ)         range (min … max) 
   1.19 ms ±  11.55 µs     1.18 ms …   1.22 ms  in 10 ×     52 runs
[moonbitlang/core] bench immut/sorted_map/sorted_map_build_bench_test.mbt:78 ("bench SortedMap constructor ordered n=10000") ok
time (mean ± σ)         range (min … max) 
  88.87 µs ± 333.31 ns    88.36 µs …  89.55 µs  in 10 ×   1124 runs
[moonbitlang/core] bench immut/sorted_map/sorted_map_build_bench_test.mbt:84 ("bench SortedMap constructor almost ordered n=10000") ok
time (mean ± σ)         range (min … max) 
 188.00 µs ± 870.01 ns   186.73 µs … 189.36 µs  in 10 ×    532 runs
[moonbitlang/core] bench immut/sorted_map/sorted_map_build_bench_test.mbt:90 ("bench SortedMap constructor random n=10000") ok
time (mean ± σ)         range (min … max) 
 744.09 µs ±   4.19 µs   737.40 µs … 749.17 µs  in 10 ×    136 runs
[moonbitlang/core] bench immut/sorted_map/merge_bench_test.mbt:29 ("bench merge disjoint n=1000") ok
time (mean ± σ)         range (min … max) 
   2.32 µs ±  10.65 ns     2.31 µs …   2.34 µs  in 10 ×  41860 runs
[moonbitlang/core] bench immut/sorted_map/merge_bench_test.mbt:36 ("bench merge disjoint n=5000") ok
time (mean ± σ)         range (min … max) 
   3.57 µs ±  20.86 ns     3.55 µs …   3.61 µs  in 10 ×  27766 runs
[moonbitlang/core] bench immut/sorted_map/merge_bench_test.mbt:43 ("bench merge disjoint n=10000") ok
time (mean ± σ)         range (min … max) 
   4.17 µs ±  17.73 ns     4.15 µs …   4.20 µs  in 10 ×  24007 runs
[moonbitlang/core] bench immut/sorted_map/merge_bench_test.mbt:50 ("bench merge overlapping 50% n=1000") ok
time (mean ± σ)         range (min … max) 
   7.30 µs ± 311.62 ns     7.17 µs …   8.17 µs  in 10 ×  13676 runs
[moonbitlang/core] bench immut/sorted_map/merge_bench_test.mbt:57 ("bench merge overlapping 50% n=5000") ok
time (mean ± σ)         range (min … max) 
  35.65 µs ± 111.90 ns    35.45 µs …  35.79 µs  in 10 ×   2803 runs
[moonbitlang/core] bench immut/sorted_map/merge_bench_test.mbt:64 ("bench merge overlapping 50% n=10000") ok
time (mean ± σ)         range (min … max) 
  63.26 µs ± 173.90 ns    63.00 µs …  63.47 µs  in 10 ×   1582 runs
[moonbitlang/core] bench immut/sorted_map/merge_bench_test.mbt:71 ("bench merge identical n=1000") ok
time (mean ± σ)         range (min … max) 
  10.17 µs ±  11.29 ns    10.15 µs …  10.19 µs  in 10 ×   9808 runs
[moonbitlang/core] bench immut/sorted_map/merge_bench_test.mbt:78 ("bench merge identical n=5000") ok
time (mean ± σ)         range (min … max) 
  54.23 µs ± 111.84 ns    54.03 µs …  54.35 µs  in 10 ×   1849 runs
[moonbitlang/core] bench immut/sorted_map/merge_bench_test.mbt:85 ("bench merge interleaved n=1000") ok
time (mean ± σ)         range (min … max) 
  39.29 µs ±  58.43 ns    39.20 µs …  39.38 µs  in 10 ×   2542 runs
[moonbitlang/core] bench immut/sorted_map/merge_bench_test.mbt:92 ("bench merge interleaved n=5000") ok
time (mean ± σ)         range (min … max) 
 214.60 µs ± 684.02 ns   214.00 µs … 216.27 µs  in 10 ×    464 runs
[moonbitlang/core] bench immut/sorted_map/merge_bench_test.mbt:99 ("bench merge small into large n=100+10000") ok
time (mean ± σ)         range (min … max) 
   3.08 µs ±  13.03 ns     3.07 µs …   3.11 µs  in 10 ×  31858 runs
[moonbitlang/core] bench immut/sorted_set/sorted_set_build_bench_test.mbt:51 ("bench SortedSet constructor reverse n=10000") ok
time (mean ± σ)         range (min … max) 
  83.00 µs ±   6.87 µs    79.96 µs … 102.33 µs  in 10 ×   1250 runs
[moonbitlang/core] bench immut/sorted_set/sorted_set_build_bench_test.mbt:57 ("bench SortedSet::from_iter ordered n=10000") ok
time (mean ± σ)         range (min … max) 
   1.91 ms ±  24.53 µs     1.88 ms …   1.95 ms  in 10 ×     53 runs
[moonbitlang/core] bench immut/sorted_set/sorted_set_build_bench_test.mbt:63 ("bench SortedSet::from_iter almost ordered n=10000") ok
time (mean ± σ)         range (min … max) 
   1.89 ms ±  10.77 µs     1.88 ms …   1.91 ms  in 10 ×     54 runs
[moonbitlang/core] bench immut/sorted_set/sorted_set_build_bench_test.mbt:69 ("bench SortedSet::from_iter rev almost ordered n=10000") ok
time (mean ± σ)         range (min … max) 
   1.88 ms ±   8.53 µs     1.87 ms …   1.90 ms  in 10 ×     54 runs
[moonbitlang/core] bench immut/sorted_set/sorted_set_build_bench_test.mbt:75 ("bench SortedSet::from_iter random n=10000") ok
time (mean ± σ)         range (min … max) 
   1.16 ms ±   4.67 µs     1.15 ms …   1.16 ms  in 10 ×     87 runs
[moonbitlang/core] bench immut/sorted_set/sorted_set_build_bench_test.mbt:81 ("bench SortedSet constructor ordered n=10000") ok
time (mean ± σ)         range (min … max) 
  83.47 µs ± 230.22 ns    83.14 µs …  83.84 µs  in 10 ×   1203 runs
[moonbitlang/core] bench immut/sorted_set/sorted_set_build_bench_test.mbt:87 ("bench SortedSet constructor almost ordered n=10000") ok
time (mean ± σ)         range (min … max) 
 112.47 µs ±   1.40 µs   110.90 µs … 114.76 µs  in 10 ×    886 runs
[moonbitlang/core] bench immut/sorted_set/sorted_set_build_bench_test.mbt:93 ("bench SortedSet constructor random n=10000") ok
time (mean ± σ)         range (min … max) 
 305.67 µs ±   1.26 µs   303.57 µs … 307.63 µs  in 10 ×    326 runs
[moonbitlang/core] bench immut/vector/vector_iter_bench_test.mbt:24 ("bench Vector::iter fold n=100000") ok
time (mean ± σ)         range (min … max) 
 508.71 µs ±  13.47 µs   501.14 µs … 535.03 µs  in 10 ×    200 runs
[moonbitlang/core] bench immut/vector/vector_iter_bench_test.mbt:30 ("bench Vector::iter each n=100000") ok
time (mean ± σ)         range (min … max) 
 516.74 µs ± 226.20 ns   516.46 µs … 517.13 µs  in 10 ×    194 runs
[moonbitlang/core] bench immut/vector/vector_iter_bench_test.mbt:40 ("bench Vector::iter to_array n=100000") ok
time (mean ± σ)         range (min … max) 
 646.01 µs ±   3.69 µs   635.88 µs … 648.10 µs  in 10 ×    158 runs
[moonbitlang/core] bench immut/vector/vector_iter_bench_test.mbt:46 ("bench Vector::for-in n=100000") ok
time (mean ± σ)         range (min … max) 
 501.14 µs ± 285.74 ns   500.77 µs … 501.63 µs  in 10 ×    199 runs
[moonbitlang/core] bench immut/vector/vector_contains_bench_test.mbt:24 ("bench Vector::contains missing n=100000") ok
time (mean ± σ)         range (min … max) 
  56.55 µs ± 420.19 ns    56.06 µs …  57.09 µs  in 10 ×   1755 runs
[moonbitlang/core] bench immut/vector/vector_contains_bench_test.mbt:30 ("bench Vector::contains tree-end n=100000") ok
time (mean ± σ)         range (min … max) 
  56.99 µs ±  26.83 ns    56.95 µs …  57.03 µs  in 10 ×   1758 runs
[moonbitlang/core] bench immut/vector/vector_contains_bench_test.mbt:36 ("bench Vector::contains tail-end n=100000") ok
time (mean ± σ)         range (min … max) 
  57.63 µs ± 282.07 ns    57.13 µs …  57.83 µs  in 10 ×   1753 runs
[moonbitlang/core] bench internal/strconv/parse_double_bench_test.mbt:48 ("bench parse_double fast digits n=4096") ok
time (mean ± σ)         range (min … max) 
 385.13 µs ±  14.58 µs   361.35 µs … 404.29 µs  in 10 ×    249 runs
[moonbitlang/core] bench internal/strconv/parse_double_bench_test.mbt:55 ("bench parse_double underscores n=4096") ok
time (mean ± σ)         range (min … max) 
 661.26 µs ±   4.41 µs   656.82 µs … 670.90 µs  in 10 ×    115 runs
[moonbitlang/core] bench internal/strconv/parse_double_bench_test.mbt:62 ("bench parse_double long mantissa n=4096") ok
time (mean ± σ)         range (min … max) 
 548.55 µs ±  13.39 µs   537.49 µs … 566.14 µs  in 10 ×    177 runs
[moonbitlang/core] bench json/stringify_indent_bench_test.mbt:45 ("bench Json::stringify deep wide indent=2 n=10000") ok
time (mean ± σ)         range (min … max) 
 427.39 µs ±   1.88 µs   425.53 µs … 431.01 µs  in 10 ×    166 runs
[moonbitlang/core] bench json/stringify_indent_bench_test.mbt:54 ("bench Json::stringify compact n=10000") ok
time (mean ± σ)         range (min … max) 
 200.73 µs ± 344.05 ns   200.36 µs … 201.47 µs  in 10 ×    444 runs
[moonbitlang/core] bench json/stringify_indent_bench_test.mbt:60 ("bench Json::stringify shallow wide indent=2 n=500") ok
time (mean ± σ)         range (min … max) 
 175.25 µs ± 365.02 ns   174.94 µs … 176.22 µs  in 10 ×    567 runs
[moonbitlang/core] bench json/stringify_indent_bench_test.mbt:66 ("bench Json::stringify shallow wide compact n=500") ok
time (mean ± σ)         range (min … max) 
 130.12 µs ± 577.56 ns   129.56 µs … 131.23 µs  in 10 ×    764 runs
[moonbitlang/core] bench json/stringify_escape_bench_test.mbt:24 ("bench Json::stringify strings no escape n=2048") ok
time (mean ± σ)         range (min … max) 
 138.21 µs ± 357.06 ns   137.87 µs … 138.80 µs  in 10 ×    716 runs
[moonbitlang/core] bench json/stringify_escape_bench_test.mbt:30 ("bench Json::stringify strings slash no escape n=2048") ok
time (mean ± σ)         range (min … max) 
 138.57 µs ± 417.75 ns   138.06 µs … 139.36 µs  in 10 ×    717 runs
[moonbitlang/core] bench json/stringify_escape_bench_test.mbt:36 ("bench Json::stringify strings slash escaped n=2048") ok
time (mean ± σ)         range (min … max) 
 262.43 µs ±  25.03 µs   252.89 µs … 333.40 µs  in 10 ×    239 runs
[moonbitlang/core] bench json/stringify_escape_bench_test.mbt:42 ("bench Json::stringify strings quotes controls n=2048") ok
time (mean ± σ)         range (min … max) 
 237.79 µs ±   1.15 µs   236.47 µs … 239.83 µs  in 10 ×    357 runs
[moonbitlang/core] bench json/stringify_escape_bench_test.mbt:48 ("bench Json::stringify 2KB prose one newline n=64") ok
time (mean ± σ)         range (min … max) 
 345.67 µs ±  43.94 µs   319.99 µs … 425.63 µs  in 10 ×    233 runs
[moonbitlang/core] bench json/parse_bench_test.mbt:45 ("bench json parse mixed object array n=1000") ok
time (mean ± σ)         range (min … max) 
   1.19 ms ±  10.30 µs     1.17 ms …   1.20 ms  in 10 ×     85 runs
[moonbitlang/core] bench json/number_bench_test.mbt:64 ("bench json parse int array n=10000") ok
time (mean ± σ)         range (min … max) 
 772.20 µs ±  12.63 µs   752.41 µs … 787.46 µs  in 10 ×    131 runs
[moonbitlang/core] bench json/number_bench_test.mbt:70 ("bench json parse float array n=10000") ok
time (mean ± σ)         range (min … max) 
   1.15 ms ±   6.73 µs     1.15 ms …   1.17 ms  in 10 ×     88 runs
[moonbitlang/core] bench json/number_bench_test.mbt:76 ("bench json parse long mantissa array n=10000") ok
time (mean ± σ)         range (min … max) 
   1.83 ms ±  19.48 µs     1.81 ms …   1.86 ms  in 10 ×     55 runs
[moonbitlang/core] bench json/json_inspect_bench_test.mbt:16 ("bench json_inspect passing Int") ok
time (mean ± σ)         range (min … max) 
  71.97 ns ±   2.14 ns    69.20 ns …  74.36 ns  in 10 × 100000 runs
[moonbitlang/core] bench lazy_list/concat_bench_test.mbt:40 ("bench LazyList build and traverse n=2048") ok
time (mean ± σ)         range (min … max) 
  34.23 µs ± 313.16 ns    33.34 µs …  34.35 µs  in 10 ×   2912 runs
[moonbitlang/core] bench lazy_list/concat_bench_test.mbt:49 ("bench LazyList re-traverse a forced list n=2048") ok
time (mean ± σ)         range (min … max) 
  14.80 µs ± 290.89 ns    14.60 µs …  15.40 µs  in 10 ×   6394 runs
[moonbitlang/core] bench lazy_list/concat_bench_test.mbt:57 ("bench LazyList left-nested concat, build only n=2048") ok
time (mean ± σ)         range (min … max) 
  78.07 µs ± 226.61 ns    77.80 µs …  78.39 µs  in 10 ×   1281 runs
[moonbitlang/core] bench lazy_list/concat_bench_test.mbt:62 ("bench LazyList left-nested concat, build and traverse n=2048") ok
time (mean ± σ)         range (min … max) 
 149.40 µs ± 220.47 ns   149.18 µs … 149.91 µs  in 10 ×    669 runs
[moonbitlang/core] bench lazy_list/concat_bench_test.mbt:69 ("bench LazyList concat while consuming n=2048") ok
time (mean ± σ)         range (min … max) 
 116.45 µs ± 122.18 ns   116.34 µs … 116.68 µs  in 10 ×    857 runs
[moonbitlang/core] bench lexbuf/lexbuf_bench_test.mbt:47 ("bench Lexbuf retained token chunks=10000 size=1") ok
time (mean ± σ)         range (min … max) 
 321.19 µs ± 805.15 ns   320.52 µs … 323.19 µs  in 10 ×    309 runs
[moonbitlang/core] bench lexbuf/lexbuf_bench_test.mbt:52 ("bench Lexbuf retained token chunks=1250 size=8") ok
time (mean ± σ)         range (min … max) 
  96.42 µs ± 320.88 ns    96.11 µs …  97.02 µs  in 10 ×   1032 runs
[moonbitlang/core] bench lexbuf/lexbuf_bench_test.mbt:57 ("bench Lexbuf retained token chunks=157 size=64") ok
time (mean ± σ)         range (min … max) 
  47.59 µs ±  71.07 ns    47.50 µs …  47.75 µs  in 10 ×   2087 runs
[moonbitlang/core] bench lexbuf/lexbuf_bench_test.mbt:62 ("bench Lexbuf retained token chunks=20 size=512") ok
time (mean ± σ)         range (min … max) 
  44.84 µs ±   3.01 µs    43.66 µs …  53.31 µs  in 10 ×   2287 runs
[moonbitlang/core] bench quickcheck/shrink_collection_bench_test.mbt:16 ("bench shrink Array first candidate size=10000") ok
time (mean ± σ)         range (min … max) 
 134.88 ns ±   2.39 ns   132.34 ns … 138.08 ns  in 10 × 100000 runs
[moonbitlang/core] bench quickcheck/shrink_collection_bench_test.mbt:22 ("bench shrink List first candidate size=10000") ok
time (mean ± σ)         range (min … max) 
  80.23 µs ± 138.89 ns    80.00 µs …  80.40 µs  in 10 ×   1241 runs
[moonbitlang/core] bench quickcheck/generator_bench_test.mbt:16 ("bench Generator::zip_with n=1000000") ok
time (mean ± σ)         range (min … max) 
  12.06 ms ±  87.09 µs    11.98 ms …  12.19 ms  in 10 ×      9 runs
[moonbitlang/core] bench quickcheck/arbitrary_string_bench_test.mbt:16 ("bench Arbitrary String size=10000 count=100") ok
time (mean ± σ)         range (min … max) 
   5.50 ms ±  40.12 µs     5.45 ms …   5.57 ms  in 10 ×     17 runs
[moonbitlang/core] bench random/random_test.mbt:409 ("bench random") ok
time (mean ± σ)         range (min … max) 
  32.44 ms ± 804.73 µs    31.44 ms …  33.21 ms  in 10 ×      4 runs
[moonbitlang/core] bench set/set_algebra_bench_test.mbt:26 ("bench Set::union String 10k 50% overlap") ok
time (mean ± σ)         range (min … max) 
 607.07 µs ±   5.81 µs   600.18 µs … 615.15 µs  in 10 ×    165 runs
[moonbitlang/core] bench set/set_algebra_bench_test.mbt:33 ("bench Set::union Int 10k 50% overlap") ok
time (mean ± σ)         range (min … max) 
 488.95 µs ±   6.11 µs   482.63 µs … 500.38 µs  in 10 ×    202 runs
[moonbitlang/core] bench set/set_algebra_bench_test.mbt:40 ("bench Set::intersection String 10k 50% overlap") ok
time (mean ± σ)         range (min … max) 
 386.67 µs ±  16.88 µs   375.91 µs … 430.79 µs  in 10 ×    263 runs
[moonbitlang/core] bench set/set_algebra_bench_test.mbt:47 ("bench Set::difference String 10k 50% overlap") ok
time (mean ± σ)         range (min … max) 
 391.82 µs ±   6.59 µs   387.76 µs … 408.66 µs  in 10 ×    256 runs
[moonbitlang/core] bench set/set_algebra_bench_test.mbt:54 ("bench Set::is_subset String 10k true") ok
time (mean ± σ)         range (min … max) 
 303.52 µs ±   2.59 µs   299.76 µs … 306.96 µs  in 10 ×    328 runs
[moonbitlang/core] bench set/set_algebra_bench_test.mbt:61 ("bench Set == String 10k") ok
time (mean ± σ)         range (min … max) 
 307.32 µs ± 200.07 ns   307.08 µs … 307.62 µs  in 10 ×    326 runs
[moonbitlang/core] bench set/set_algebra_bench_test.mbt:68 ("bench Set == Int 10k") ok
time (mean ± σ)         range (min … max) 
 110.47 µs ± 290.71 ns   109.83 µs … 110.79 µs  in 10 ×    903 runs
[moonbitlang/core] bench set/linked_hash_set_bench_test.mbt:19 ("bench Set::add n=50000") ok
time (mean ± σ)         range (min … max) 
   2.33 ms ±  21.30 µs     2.30 ms …   2.36 ms  in 10 ×     43 runs
[moonbitlang/core] bench set/linked_hash_set_bench_test.mbt:30 ("bench Set::contains n=50000") ok
time (mean ± σ)         range (min … max) 
   1.17 ms ±   1.25 µs     1.16 ms …   1.17 ms  in 10 ×     86 runs
[moonbitlang/core] bench set/linked_hash_set_bench_test.mbt:47 ("bench Set::contains miss n=50000") ok
time (mean ± σ)         range (min … max) 
   1.23 ms ±  41.36 µs     1.20 ms …   1.33 ms  in 10 ×     84 runs
[moonbitlang/core] bench set/linked_hash_set_bench_test.mbt:67 ("bench Set::add+remove n=50000") ok
time (mean ± σ)         range (min … max) 
   3.55 ms ±   8.97 µs     3.54 ms …   3.57 ms  in 10 ×     28 runs
[moonbitlang/core] bench set/linked_hash_set_bench_test.mbt:86 ("bench Set::filter n=50000") ok
time (mean ± σ)         range (min … max) 
 452.03 µs ±   5.32 µs   442.94 µs … 458.49 µs  in 10 ×    228 runs
[moonbitlang/core] bench set/linked_hash_set_bench_test.mbt:92 ("bench Set comprehension filter n=50000") ok
time (mean ± σ)         range (min … max) 
   1.03 ms ±   4.57 µs     1.02 ms …   1.04 ms  in 10 ×     98 runs
[moonbitlang/core] bench sorted_set/sorted_set_bench_test.mbt:22 ("bench SortedSet::to_array Int n=50000") ok
time (mean ± σ)         range (min … max) 
 167.62 µs ± 582.00 ns   167.19 µs … 169.09 µs  in 10 ×    593 runs
[moonbitlang/core] bench sorted_set/sorted_set_bench_test.mbt:30 ("bench SortedSet::to_array Ref n=50000") ok
time (mean ± σ)         range (min … max) 
 176.97 µs ±   1.54 µs   175.02 µs … 178.85 µs  in 10 ×    557 runs
[moonbitlang/core] bench string/regex_bench_test.mbt:16 ("bench regex /aa?b/ on 1MB string") ok
time (mean ± σ)         range (min … max) 
   2.69 ms ±   3.69 µs     2.68 ms …   2.69 ms  in 10 ×     38 runs
[moonbitlang/core] bench string/regex_bench_test.mbt:23 ("bench regex phone lines") ok
time (mean ± σ)         range (min … max) 
   2.54 µs ±  11.80 ns     2.53 µs …   2.57 µs  in 10 ×  39960 runs
[moonbitlang/core] bench string/regex_bench_test.mbt:43 ("bench regex large pattern") ok
time (mean ± σ)         range (min … max) 
   1.95 ms ±  86.47 µs     1.92 ms …   2.20 ms  in 10 ×     52 runs
[moonbitlang/core] bench v128/v128_bench_test.mbt:32 ("bench V128 i64x2_add n=10000") ok
time (mean ± σ)         range (min … max) 
   5.89 µs ±  12.11 ns     5.86 µs …   5.90 µs  in 10 ×  16943 runs
[moonbitlang/core] bench v128/v128_bench_test.mbt:44 ("bench V128 i32x4_add n=10000") ok
time (mean ± σ)         range (min … max) 
   5.89 µs ±  13.63 ns     5.86 µs …   5.90 µs  in 10 ×  16946 runs
[moonbitlang/core] bench v128/v128_bench_test.mbt:56 ("bench V128 i8x16_add n=10000") ok
time (mean ± σ)         range (min … max) 
   5.88 µs ±  21.14 ns     5.84 µs …   5.91 µs  in 10 ×  17019 runs
[moonbitlang/core] bench v128/v128_bench_test.mbt:68 ("bench V128 i8x16_splat n=10000") ok
time (mean ± σ)         range (min … max) 
   5.62 µs ±  67.22 ns     5.53 µs …   5.70 µs  in 10 ×  17561 runs
[moonbitlang/core] bench v128/v128_bench_test.mbt:79 ("bench V128 i8x16_extract_lane_u n=10000") ok
time (mean ± σ)         range (min … max) 
   8.84 µs ± 286.29 ns     8.43 µs …   9.31 µs  in 10 ×  10875 runs
[moonbitlang/core] bench v128/v128_bench_test.mbt:93 ("bench V128 i8x16_replace_lane n=10000") ok
time (mean ± σ)         range (min … max) 
  41.69 µs ± 485.86 ns    41.09 µs …  42.24 µs  in 10 ×   2425 runs
[moonbitlang/core] bench v128/v128_bench_test.mbt:108 ("bench V128 i8x16_bitmask n=10000") ok
time (mean ± σ)         range (min … max) 
   8.35 µs ±  86.31 ns     8.30 µs …   8.57 µs  in 10 ×  12069 runs
[moonbitlang/core] bench v128/v128_bench_test.mbt:120 ("bench V128 load/store n=10000") ok
time (mean ± σ)         range (min … max) 
 134.30 µs ±  69.80 ns   134.15 µs … 134.39 µs  in 10 ×    745 runs
[moonbitlang/core] bench v128/v128_bench_test.mbt:135 ("bench V128 load8x8_u n=10000") ok
time (mean ± σ)         range (min … max) 
  44.83 µs ± 147.05 ns    44.60 µs …  44.98 µs  in 10 ×   2241 runs
[moonbitlang/core] bench v128/v128_bench_test.mbt:147 ("bench V128 load8x8_s n=10000") ok
time (mean ± σ)         range (min … max) 
  50.27 µs ±  51.04 ns    50.22 µs …  50.37 µs  in 10 ×   1990 runs
[moonbitlang/core] bench v128/v128_bench_test.mbt:159 ("bench V128 load16x4_u n=10000") ok
time (mean ± σ)         range (min … max) 
  38.39 µs ± 242.12 ns    38.04 µs …  38.59 µs  in 10 ×   2628 runs
[moonbitlang/core] bench v128/v128_bench_test.mbt:171 ("bench V128 load16x4_s n=10000") ok
time (mean ± σ)         range (min … max) 
  43.55 µs ±  25.84 ns    43.50 µs …  43.60 µs  in 10 ×   2301 runs
[moonbitlang/core] bench v128/v128_bench_test.mbt:183 ("bench V128 load32x2_u n=10000") ok
time (mean ± σ)         range (min … max) 
  36.15 µs ± 131.14 ns    35.96 µs …  36.26 µs  in 10 ×   2782 runs
[moonbitlang/core] bench v128/v128_bench_test.mbt:195 ("bench V128 load32x2_s n=10000") ok
time (mean ± σ)         range (min … max) 
  38.80 µs ±  39.90 ns    38.74 µs …  38.85 µs  in 10 ×   2580 runs
[moonbitlang/core] bench v128/v128_bench_test.mbt:207 ("bench V128 load_splat n=10000") ok
time (mean ± σ)         range (min … max) 
  53.87 µs ±   2.12 µs    53.01 µs …  59.88 µs  in 10 ×   1887 runs
[moonbitlang/core] bench v128/v128_bench_test.mbt:223 ("bench V128 load8_lane n=10000") ok
time (mean ± σ)         range (min … max) 
  42.37 µs ± 351.15 ns    41.79 µs …  42.67 µs  in 10 ×   2344 runs
[moonbitlang/core] bench v128/v128_bench_test.mbt:235 ("bench V128 load16_lane n=10000") ok
time (mean ± σ)         range (min … max) 
  42.72 µs ± 288.16 ns    42.20 µs …  42.91 µs  in 10 ×   2331 runs
[moonbitlang/core] bench v128/v128_bench_test.mbt:247 ("bench V128 load32_lane n=10000") ok
time (mean ± σ)         range (min … max) 
  43.16 µs ± 115.98 ns    42.91 µs …  43.24 µs  in 10 ×   2313 runs
[moonbitlang/core] bench v128/v128_bench_test.mbt:259 ("bench V128 load64_lane n=10000") ok
time (mean ± σ)         range (min … max) 
  66.54 µs ± 333.62 ns    65.82 µs …  66.91 µs  in 10 ×   1521 runs
[moonbitlang/core] bench v128/v128_bench_test.mbt:271 ("bench V128 extend i8x16 to i16x8 n=10000") ok
time (mean ± σ)         range (min … max) 
  11.07 µs ±  72.38 ns    10.99 µs …  11.20 µs  in 10 ×   8928 runs
[moonbitlang/core] bench v128/v128_bench_test.mbt:285 ("bench V128 extend i16x8 to i32x4 n=10000") ok
time (mean ± σ)         range (min … max) 
  11.03 µs ±  56.27 ns    10.95 µs …  11.13 µs  in 10 ×   9092 runs
[moonbitlang/core] bench v128/v128_bench_test.mbt:299 ("bench V128 extend i32x4 to i64x2 n=10000") ok
time (mean ± σ)         range (min … max) 
  11.38 µs ± 345.34 ns    11.16 µs …  12.09 µs  in 10 ×   8950 runs
[moonbitlang/core] bench v128/v128_bench_test.mbt:313 ("bench V128 all_true n=10000") ok
time (mean ± σ)         range (min … max) 
  15.45 µs ±  70.63 ns    15.36 µs …  15.56 µs  in 10 ×   6580 runs
[moonbitlang/core] bench v128/v128_bench_test.mbt:337 ("bench V128 bitmask all widths n=10000") ok
time (mean ± σ)         range (min … max) 
  17.68 µs ±  26.85 ns    17.65 µs …  17.72 µs  in 10 ×   5652 runs
[moonbitlang/core] bench v128/v128_bench_test.mbt:353 ("bench V128 swizzle n=10000") ok
time (mean ± σ)         range (min … max) 
   5.90 µs ±   5.63 ns     5.89 µs …   5.91 µs  in 10 ×  16938 runs
[moonbitlang/core] bench v128/v128_bench_test.mbt:371 ("bench V128 shuffle n=10000") ok
time (mean ± σ)         range (min … max) 
  11.68 µs ± 108.41 ns    11.51 µs …  11.79 µs  in 10 ×   8492 runs
Total tests: 490, passed: 490, failed: 0.
