[moonbitlang/core] bench argparse/globals_bench_test.mbt:16 ("bench parse inherited globals with an override") ok
time (mean ± σ)         range (min … max) 
   2.68 µs ±   9.27 ns     2.67 µs …   2.70 µs  in 10 ×  37164 runs
[moonbitlang/core] bench bench/hash_bench_test.mbt:16 ("bench Hash for Bytes (small)") ok
time (mean ± σ)         range (min … max) 
  13.24 ns ±   0.44 ns    12.74 ns …  14.06 ns  in 10 × 100000 runs
[moonbitlang/core] bench bench/hash_bench_test.mbt:22 ("bench Hash for Bytes (medium)") ok
time (mean ± σ)         range (min … max) 
 137.31 ns ±   0.19 ns   136.97 ns … 137.61 ns  in 10 × 100000 runs
[moonbitlang/core] bench bench/hash_bench_test.mbt:28 ("bench Hash for Bytes (large)") ok
time (mean ± σ)         range (min … max) 
   2.29 µs ±   2.00 ns     2.29 µs …   2.29 µs  in 10 ×  43558 runs
[moonbitlang/core] bench bench/hash_bench_test.mbt:34 ("bench Hash for BytesView (small)") ok
time (mean ± σ)         range (min … max) 
  16.64 ns ±   0.29 ns    16.06 ns …  17.03 ns  in 10 × 100000 runs
[moonbitlang/core] bench bench/hash_bench_test.mbt:41 ("bench Hash for BytesView (medium)") ok
time (mean ± σ)         range (min … max) 
 142.26 ns ±   0.79 ns   140.99 ns … 143.38 ns  in 10 × 100000 runs
[moonbitlang/core] bench bench/hash_bench_test.mbt:48 ("bench Hash for BytesView (large)") ok
time (mean ± σ)         range (min … max) 
   2.32 µs ±   3.73 ns     2.31 µs …   2.32 µs  in 10 ×  43087 runs
[moonbitlang/core] bench bench/hash_bench_test.mbt:55 ("bench Hasher::combine_bytes (small)") ok
time (mean ± σ)         range (min … max) 
  15.60 ns ±   0.23 ns    15.11 ns …  15.86 ns  in 10 × 100000 runs
[moonbitlang/core] bench bench/hash_bench_test.mbt:65 ("bench Hasher::combine_bytes (medium)") ok
time (mean ± σ)         range (min … max) 
 127.86 ns ±   0.33 ns   127.48 ns … 128.40 ns  in 10 × 100000 runs
[moonbitlang/core] bench bench/hash_bench_test.mbt:75 ("bench Hasher::combine_bytes (large)") ok
time (mean ± σ)         range (min … max) 
   2.06 µs ±   8.19 ns     2.04 µs …   2.07 µs  in 10 ×  48669 runs
[moonbitlang/core] bench bigint/to_string_radix_bench_test.mbt:23 ("bench bigint to_string radix=7 (4000 bits)") ok
time (mean ± σ)         range (min … max) 
  31.96 µs ± 112.77 ns    31.87 µs …  32.24 µs  in 10 ×   3081 runs
[moonbitlang/core] bench bigint/to_string_radix_bench_test.mbt:29 ("bench bigint to_string radix=36 (4000 bits)") ok
time (mean ± σ)         range (min … max) 
  36.19 µs ±  99.78 ns    36.06 µs …  36.37 µs  in 10 ×   2745 runs
[moonbitlang/core] bench bigint/to_string_radix_bench_test.mbt:35 ("bench bigint to_string radix=10 reference (4000 bits)") ok
time (mean ± σ)         range (min … max) 
  29.87 µs ± 110.47 ns    29.81 µs …  30.17 µs  in 10 ×   3298 runs
[moonbitlang/core] bench bigint/to_string_bench_test.mbt:30 ("bench BigInt::to_string n=40 digits") ok
time (mean ± σ)         range (min … max) 
 205.37 ns ±   2.18 ns   202.56 ns … 207.98 ns  in 10 × 100000 runs
[moonbitlang/core] bench bigint/to_string_bench_test.mbt:36 ("bench BigInt::to_string n=400 digits") ok
time (mean ± σ)         range (min … max) 
   4.06 µs ±  14.24 ns     4.04 µs …   4.08 µs  in 10 ×  24538 runs
[moonbitlang/core] bench bigint/to_string_bench_test.mbt:42 ("bench BigInt::to_string n=4000 digits") ok
time (mean ± σ)         range (min … max) 
 307.31 µs ± 181.98 ns   306.97 µs … 307.53 µs  in 10 ×    325 runs
[moonbitlang/core] bench bigint/to_string_bench_test.mbt:48 ("bench BigInt::to_string n=40000 digits") ok
time (mean ± σ)         range (min … max) 
  29.19 ms ±  15.88 µs    29.17 ms …  29.22 ms  in 10 ×      4 runs
[moonbitlang/core] bench bigint/to_string_bench_test.mbt:54 ("bench BigInt::to_string n=250000 digits") ok
time (mean ± σ)         range (min … max) 
   1.14 s ± 671.91 µs     1.14 s …   1.14 s  in 10 ×      1 runs
[moonbitlang/core] bench bigint/from_octets_bench_test.mbt:21 ("bench BigInt::from_octets n=64") ok
time (mean ± σ)         range (min … max) 
  62.33 ns ±   2.58 ns    59.81 ns …  65.69 ns  in 10 × 100000 runs
[moonbitlang/core] bench bigint/from_octets_bench_test.mbt:27 ("bench BigInt::from_octets n=1024") ok
time (mean ± σ)         range (min … max) 
 763.87 ns ±  18.03 ns   743.56 ns … 794.71 ns  in 10 × 100000 runs
[moonbitlang/core] bench bigint/division_bench_test.mbt:66 ("bench BigInt balanced division n=4000 digits") ok
time (mean ± σ)         range (min … max) 
 211.82 µs ± 132.14 ns   211.62 µs … 212.01 µs  in 10 ×    472 runs
[moonbitlang/core] bench bigint/division_bench_test.mbt:72 ("bench BigInt balanced division n=40000 digits") ok
time (mean ± σ)         range (min … max) 
  20.49 ms ±  41.92 µs    20.45 ms …  20.59 ms  in 10 ×      5 runs
[moonbitlang/core] bench bigint/division_bench_test.mbt:78 ("bench BigInt balanced division n=250000 digits") ok
time (mean ± σ)         range (min … max) 
 801.05 ms ±   3.38 ms   797.55 ms … 808.23 ms  in 10 ×      1 runs
[moonbitlang/core] bench bigint/division_bench_test.mbt:84 ("bench BigInt unbalanced division q=65536 d=64 limbs") ok
time (mean ± σ)         range (min … max) 
  21.24 ms ±  62.02 µs    21.18 ms …  21.35 ms  in 10 ×      5 runs
[moonbitlang/core] bench bigint/division_bench_test.mbt:90 ("bench BigInt narrow division q=9 d=64 limbs") ok
time (mean ± σ)         range (min … max) 
 880.03 ns ±  16.21 ns   862.32 ns … 896.64 ns  in 10 × 100000 runs
[moonbitlang/core] bench buffer/write_bench_test.mbt:30 ("bench Buffer::write_byte n=4096") ok
time (mean ± σ)         range (min … max) 
   8.10 µs ± 225.93 ns     7.96 µs …   8.43 µs  in 10 ×  12639 runs
[moonbitlang/core] bench buffer/write_bench_test.mbt:42 ("bench Buffer::write_uint16_be n=4096") ok
time (mean ± σ)         range (min … max) 
   8.55 µs ±  30.12 ns     8.50 µs …   8.58 µs  in 10 ×  11647 runs
[moonbitlang/core] bench buffer/write_bench_test.mbt:54 ("bench Buffer::write_uint_le n=4096") ok
time (mean ± σ)         range (min … max) 
  10.67 µs ±  72.11 ns    10.58 µs …  10.79 µs  in 10 ×   9278 runs
[moonbitlang/core] bench buffer/write_bench_test.mbt:66 ("bench Buffer::write_uint64_be n=4096") ok
time (mean ± σ)         range (min … max) 
  14.58 µs ± 109.25 ns    14.43 µs …  14.71 µs  in 10 ×   6845 runs
[moonbitlang/core] bench buffer/write_bench_test.mbt:78 ("bench Buffer::write_char_utf8 ASCII n=4096") ok
time (mean ± σ)         range (min … max) 
   8.45 µs ±   3.54 ns     8.44 µs …   8.45 µs  in 10 ×  11819 runs
[moonbitlang/core] bench buffer/write_bench_test.mbt:90 ("bench Buffer::write_char_utf8 non-BMP n=4096") ok
time (mean ± σ)         range (min … max) 
  13.22 µs ±  73.56 ns    13.12 µs …  13.30 µs  in 10 ×   7565 runs
[moonbitlang/core] bench buffer/write_bench_test.mbt:103 ("bench Buffer::write_char_utf16le BMP n=4096") ok
time (mean ± σ)         range (min … max) 
   8.95 µs ±  76.55 ns     8.83 µs …   9.06 µs  in 10 ×  11050 runs
[moonbitlang/core] bench buffer/write_bench_test.mbt:115 ("bench Buffer::write_string_utf16le chunks n=4096") ok
time (mean ± σ)         range (min … max) 
  74.90 µs ±  51.96 ns    74.82 µs …  74.96 µs  in 10 ×   1338 runs
[moonbitlang/core] bench buffer/write_bench_test.mbt:130 ("bench @buffer.from_array n=4096") ok
time (mean ± σ)         range (min … max) 
   2.64 µs ±  12.66 ns     2.62 µs …   2.66 µs  in 10 ×  37740 runs
[moonbitlang/core] bench builtin/view_bench_test.mbt:34 ("bench ArrayView::at Int n=100000") ok
time (mean ± σ)         range (min … max) 
  81.37 µs ±  38.47 ns    81.31 µs …  81.42 µs  in 10 ×   1230 runs
[moonbitlang/core] bench builtin/view_bench_test.mbt:47 ("bench ArrayView::get Int n=100000") ok
time (mean ± σ)         range (min … max) 
  69.58 µs ± 129.78 ns    69.48 µs …  69.93 µs  in 10 ×   1437 runs
[moonbitlang/core] bench builtin/view_bench_test.mbt:62 ("bench ArrayView::unsafe_get Int n=100000") ok
time (mean ± σ)         range (min … max) 
  58.61 µs ±  67.17 ns    58.50 µs …  58.70 µs  in 10 ×   1708 runs
[moonbitlang/core] bench builtin/view_bench_test.mbt:75 ("bench ArrayView::rev_fold Int n=100000") ok
time (mean ± σ)         range (min … max) 
  56.80 µs ±  27.03 ns    56.76 µs …  56.84 µs  in 10 ×   1762 runs
[moonbitlang/core] bench builtin/view_bench_test.mbt:82 ("bench ArrayView::rev_foldi Int n=100000") ok
time (mean ± σ)         range (min … max) 
  56.80 µs ±  42.48 ns    56.75 µs …  56.87 µs  in 10 ×   1763 runs
[moonbitlang/core] bench builtin/view_bench_test.mbt:91 ("bench ArrayView::equal Int n=100000") ok
time (mean ± σ)         range (min … max) 
  76.95 µs ± 322.41 ns    76.67 µs …  77.63 µs  in 10 ×   1305 runs
[moonbitlang/core] bench builtin/view_bench_test.mbt:99 ("bench ArrayView::compare Int n=100000") ok
time (mean ± σ)         range (min … max) 
  98.28 µs ±  37.39 ns    98.22 µs …  98.33 µs  in 10 ×   1019 runs
[moonbitlang/core] bench builtin/view_bench_test.mbt:107 ("bench MutArrayView::at Int n=100000") ok
time (mean ± σ)         range (min … max) 
  81.36 µs ±  27.96 ns    81.33 µs …  81.42 µs  in 10 ×   1231 runs
[moonbitlang/core] bench builtin/view_bench_test.mbt:120 ("bench MutArrayView::unsafe_get Int n=100000") ok
time (mean ± σ)         range (min … max) 
  58.61 µs ± 126.44 ns    58.46 µs …  58.78 µs  in 10 ×   1704 runs
[moonbitlang/core] bench builtin/view_bench_test.mbt:133 ("bench MutArrayView::set Int n=100000") ok
time (mean ± σ)         range (min … max) 
 111.02 µs ± 362.84 ns   110.54 µs … 111.70 µs  in 10 ×    900 runs
[moonbitlang/core] bench builtin/view_bench_test.mbt:145 ("bench MutArrayView::unsafe_set Int n=100000") ok
time (mean ± σ)         range (min … max) 
  58.92 µs ± 534.63 ns    58.16 µs …  59.65 µs  in 10 ×   1713 runs
[moonbitlang/core] bench builtin/view_bench_test.mbt:157 ("bench BytesView::at n=100000") ok
time (mean ± σ)         range (min … max) 
  81.31 µs ±  53.20 ns    81.22 µs …  81.39 µs  in 10 ×   1231 runs
[moonbitlang/core] bench builtin/view_bench_test.mbt:170 ("bench BytesView::unsafe_get n=100000") ok
time (mean ± σ)         range (min … max) 
  52.94 µs ±  54.31 ns    52.85 µs …  53.02 µs  in 10 ×   1868 runs
[moonbitlang/core] bench builtin/stringbuilder_bench_test.mbt:28 ("bench StringBuilder::write_string chunks n=4096") ok
time (mean ± σ)         range (min … max) 
  83.26 µs ±   1.84 µs    79.16 µs …  84.32 µs  in 10 ×   1296 runs
[moonbitlang/core] bench builtin/stringbuilder_bench_test.mbt:41 ("bench StringBuilder::write_view chunks n=4096") ok
time (mean ± σ)         range (min … max) 
  78.70 µs ± 534.14 ns    77.99 µs …  79.40 µs  in 10 ×   1270 runs
[moonbitlang/core] bench builtin/stringbuilder_bench_test.mbt:54 ("bench StringBuilder::write_stringview chunks n=4096") ok
time (mean ± σ)         range (min … max) 
  79.22 µs ± 448.19 ns    78.83 µs …  80.06 µs  in 10 ×   1243 runs
[moonbitlang/core] bench builtin/stringbuilder_bench_test.mbt:67 ("bench StringBuilder::write_char ASCII n=4096") ok
time (mean ± σ)         range (min … max) 
   8.96 µs ± 486.58 ns     8.59 µs …   9.70 µs  in 10 ×  11577 runs
[moonbitlang/core] bench builtin/stringbuilder_bench_test.mbt:79 ("bench StringBuilder::write_char non-BMP n=4096") ok
time (mean ± σ)         range (min … max) 
  11.36 µs ± 349.10 ns    11.17 µs …  12.34 µs  in 10 ×   9025 runs
[moonbitlang/core] bench builtin/stringbuilder_bench_test.mbt:92 ("bench StringBuilder::reset reuse spare capacity n=4096") ok
time (mean ± σ)         range (min … max) 
 136.19 µs ± 519.16 ns   134.94 µs … 136.66 µs  in 10 ×    744 runs
[moonbitlang/core] bench builtin/string_to_upper_bench_test.mbt:61 ("bench String::to_upper short") ok
time (mean ± σ)         range (min … max) 
  30.87 ns ±   0.71 ns    29.96 ns …  31.83 ns  in 10 × 100000 runs
[moonbitlang/core] bench builtin/string_to_upper_bench_test.mbt:66 ("bench String::to_upper long") ok
time (mean ± σ)         range (min … max) 
   1.13 µs ±   5.09 ns     1.12 µs …   1.14 µs  in 10 ×  88553 runs
[moonbitlang/core] bench builtin/string_to_upper_bench_test.mbt:71 ("bench String::to_upper sparse") ok
time (mean ± σ)         range (min … max) 
   1.11 µs ±   3.26 ns     1.10 µs …   1.11 µs  in 10 ×  90326 runs
[moonbitlang/core] bench builtin/string_to_upper_bench_test.mbt:76 ("bench String::to_upper late-lowercase") ok
time (mean ± σ)         range (min … max) 
   1.02 µs ±   3.12 ns     1.01 µs …   1.02 µs  in 10 ×  98151 runs
[moonbitlang/core] bench builtin/string_to_upper_bench_test.mbt:81 ("bench String::to_upper one-unit runs") ok
time (mean ± σ)         range (min … max) 
   1.07 µs ±   4.51 ns     1.06 µs …   1.07 µs  in 10 ×  93156 runs
[moonbitlang/core] bench builtin/string_to_upper_bench_test.mbt:86 ("bench String::to_upper all-lowercase") ok
time (mean ± σ)         range (min … max) 
   1.21 µs ±   4.34 ns     1.20 µs …   1.22 µs  in 10 ×  82480 runs
[moonbitlang/core] bench builtin/string_to_upper_bench_test.mbt:91 ("bench String::to_upper no-change short") ok
time (mean ± σ)         range (min … max) 
  13.33 ns ±   0.31 ns    13.01 ns …  13.77 ns  in 10 × 100000 runs
[moonbitlang/core] bench builtin/string_to_upper_bench_test.mbt:96 ("bench String::to_upper no-change long") ok
time (mean ± σ)         range (min … max) 
 492.97 ns ±   0.29 ns   492.58 ns … 493.47 ns  in 10 × 100000 runs
[moonbitlang/core] bench builtin/string_to_upper_bench_test.mbt:101 ("bench StringView::to_upper short") ok
time (mean ± σ)         range (min … max) 
  31.71 ns ±   0.55 ns    31.07 ns …  32.51 ns  in 10 × 100000 runs
[moonbitlang/core] bench builtin/string_to_upper_bench_test.mbt:106 ("bench StringView::to_upper long") ok
time (mean ± σ)         range (min … max) 
   1.13 µs ±   5.01 ns     1.13 µs …   1.14 µs  in 10 ×  87753 runs
[moonbitlang/core] bench builtin/string_to_upper_bench_test.mbt:111 ("bench StringView::to_upper no-change long") ok
time (mean ± σ)         range (min … max) 
 493.64 ns ±   0.74 ns   492.88 ns … 494.99 ns  in 10 × 100000 runs
[moonbitlang/core] bench builtin/string_to_lower_bench_test.mbt:61 ("bench String::to_lower short") ok
time (mean ± σ)         range (min … max) 
  30.29 ns ±   0.38 ns    29.61 ns …  30.82 ns  in 10 × 100000 runs
[moonbitlang/core] bench builtin/string_to_lower_bench_test.mbt:66 ("bench String::to_lower long") ok
time (mean ± σ)         range (min … max) 
   1.14 µs ±   7.22 ns     1.13 µs …   1.15 µs  in 10 ×  87549 runs
[moonbitlang/core] bench builtin/string_to_lower_bench_test.mbt:71 ("bench String::to_lower sparse") ok
time (mean ± σ)         range (min … max) 
   1.04 µs ±   2.99 ns     1.03 µs …   1.04 µs  in 10 ×  95928 runs
[moonbitlang/core] bench builtin/string_to_lower_bench_test.mbt:76 ("bench String::to_lower late-uppercase") ok
time (mean ± σ)         range (min … max) 
   1.03 µs ±   3.75 ns     1.03 µs …   1.04 µs  in 10 ×  96030 runs
[moonbitlang/core] bench builtin/string_to_lower_bench_test.mbt:81 ("bench String::to_lower one-unit runs") ok
time (mean ± σ)         range (min … max) 
   1.10 µs ±   4.43 ns     1.09 µs …   1.10 µs  in 10 ×  89818 runs
[moonbitlang/core] bench builtin/string_to_lower_bench_test.mbt:86 ("bench String::to_lower all-uppercase") ok
time (mean ± σ)         range (min … max) 
   1.20 µs ±   3.87 ns     1.20 µs …   1.21 µs  in 10 ×  82623 runs
[moonbitlang/core] bench builtin/string_to_lower_bench_test.mbt:91 ("bench String::to_lower no-change short") ok
time (mean ± σ)         range (min … max) 
  14.01 ns ±   0.47 ns    13.58 ns …  14.75 ns  in 10 × 100000 runs
[moonbitlang/core] bench builtin/string_to_lower_bench_test.mbt:96 ("bench String::to_lower no-change long") ok
time (mean ± σ)         range (min … max) 
 502.11 ns ±   0.52 ns   501.34 ns … 502.77 ns  in 10 × 100000 runs
[moonbitlang/core] bench builtin/string_to_lower_bench_test.mbt:101 ("bench StringView::to_lower short") ok
time (mean ± σ)         range (min … max) 
  30.19 ns ±   0.42 ns    29.79 ns …  30.86 ns  in 10 × 100000 runs
[moonbitlang/core] bench builtin/string_to_lower_bench_test.mbt:106 ("bench StringView::to_lower long") ok
time (mean ± σ)         range (min … max) 
   1.14 µs ±   7.58 ns     1.13 µs …   1.15 µs  in 10 ×  87432 runs
[moonbitlang/core] bench builtin/string_to_lower_bench_test.mbt:111 ("bench StringView::to_lower no-change long") ok
time (mean ± σ)         range (min … max) 
 502.50 ns ±   0.22 ns   502.12 ns … 502.91 ns  in 10 × 100000 runs
[moonbitlang/core] bench builtin/string_to_array_bench_test.mbt:24 ("bench String::to_array ASCII 51 chars") ok
time (mean ± σ)         range (min … max) 
 106.42 ns ±   1.63 ns   103.57 ns … 108.12 ns  in 10 × 100000 runs
[moonbitlang/core] bench builtin/string_to_array_bench_test.mbt:29 ("bench String::to_array mixed 1KB") ok
time (mean ± σ)         range (min … max) 
   1.87 µs ±  12.89 ns     1.86 µs …   1.89 µs  in 10 ×  52596 runs
[moonbitlang/core] bench builtin/string_to_array_bench_test.mbt:34 ("bench StringView::to_array mixed 1KB") ok
time (mean ± σ)         range (min … max) 
   1.89 µs ±   8.16 ns     1.87 µs …   1.90 µs  in 10 ×  52597 runs
[moonbitlang/core] bench builtin/string_methods_bench_test.mbt:36 ("bench StringView::has_prefix match n=100000 needle=128") ok
time (mean ± σ)         range (min … max) 
 103.95 ns ±   0.13 ns   103.78 ns … 104.15 ns  in 10 × 100000 runs
[moonbitlang/core] bench builtin/string_methods_bench_test.mbt:45 ("bench StringView::has_prefix mismatch n=100000 needle=128") ok
time (mean ± σ)         range (min … max) 
  10.28 ns ±   0.20 ns     9.94 ns …  10.55 ns  in 10 × 100000 runs
[moonbitlang/core] bench builtin/string_methods_bench_test.mbt:54 ("bench StringView::has_suffix match n=100000 needle=128") ok
time (mean ± σ)         range (min … max) 
 103.86 ns ±   0.20 ns   103.65 ns … 104.34 ns  in 10 × 100000 runs
[moonbitlang/core] bench builtin/string_methods_bench_test.mbt:63 ("bench StringView::has_suffix mismatch n=100000 needle=128") ok
time (mean ± σ)         range (min … max) 
  10.11 ns ±   0.20 ns     9.81 ns …  10.40 ns  in 10 × 100000 runs
[moonbitlang/core] bench builtin/string_find_code_unit_bench_test.mbt:16 ("bench find one code unit absent n=4") ok
time (mean ± σ)         range (min … max) 
  12.03 ns ±   0.27 ns    11.68 ns …  12.53 ns  in 10 × 100000 runs
[moonbitlang/core] bench builtin/string_find_code_unit_bench_test.mbt:22 ("bench find one code unit absent n=8") ok
time (mean ± σ)         range (min … max) 
  13.74 ns ±   0.35 ns    13.22 ns …  14.19 ns  in 10 × 100000 runs
[moonbitlang/core] bench builtin/string_find_code_unit_bench_test.mbt:28 ("bench find one code unit present@0 n=8") ok
time (mean ± σ)         range (min … max) 
   9.90 ns ±   0.27 ns     9.63 ns …  10.54 ns  in 10 × 100000 runs
[moonbitlang/core] bench builtin/string_find_code_unit_bench_test.mbt:34 ("bench find one code unit absent n=64") ok
time (mean ± σ)         range (min … max) 
  44.41 ns ±   0.49 ns    43.92 ns …  45.16 ns  in 10 × 100000 runs
[moonbitlang/core] bench builtin/string_find_code_unit_bench_test.mbt:40 ("bench find one code unit absent n=256") ok
time (mean ± σ)         range (min … max) 
 154.07 ns ±   0.27 ns   153.58 ns … 154.49 ns  in 10 × 100000 runs
[moonbitlang/core] bench builtin/string_find_code_unit_bench_test.mbt:46 ("bench find one code unit present@end n=256") ok
time (mean ± σ)         range (min … max) 
 147.79 ns ±   0.38 ns   147.36 ns … 148.29 ns  in 10 × 100000 runs
[moonbitlang/core] bench builtin/string_find_code_unit_bench_test.mbt:52 ("bench rev_find one code unit absent n=256") ok
time (mean ± σ)         range (min … max) 
 154.21 ns ±   0.28 ns   153.86 ns … 154.67 ns  in 10 × 100000 runs
[moonbitlang/core] bench builtin/string_find_code_unit_bench_test.mbt:58 ("bench rev_find one code unit present@start n=256") ok
time (mean ± σ)         range (min … max) 
 148.72 ns ±   0.17 ns   148.53 ns … 148.96 ns  in 10 × 100000 runs
[moonbitlang/core] bench builtin/string_find_code_unit_bench_test.mbt:64 ("bench rev_find one code unit present@end n=8") ok
time (mean ± σ)         range (min … max) 
   9.94 ns ±   0.24 ns     9.59 ns …  10.37 ns  in 10 × 100000 runs
[moonbitlang/core] bench builtin/string_find_code_unit_bench_test.mbt:70 ("bench StringView find one code unit absent n=256") ok
time (mean ± σ)         range (min … max) 
 142.96 ns ±   1.51 ns   140.35 ns … 144.42 ns  in 10 × 100000 runs
[moonbitlang/core] bench builtin/string_find_code_unit_bench_test.mbt:77 ("bench StringView rev_find one code unit absent n=256") ok
time (mean ± σ)         range (min … max) 
 148.09 ns ±   0.99 ns   146.77 ns … 149.46 ns  in 10 × 100000 runs
[moonbitlang/core] bench builtin/string_find_code_unit_bench_test.mbt:84 ("bench find two anchors absent n=256") ok
time (mean ± σ)         range (min … max) 
 231.01 ns ±   0.34 ns   230.50 ns … 231.39 ns  in 10 × 100000 runs
[moonbitlang/core] bench builtin/string_find_code_unit_bench_test.mbt:90 ("bench find two anchors present@end n=256") ok
time (mean ± σ)         range (min … max) 
 253.27 ns ±   0.27 ns   252.89 ns … 253.76 ns  in 10 × 100000 runs
[moonbitlang/core] bench builtin/string_find_code_unit_bench_test.mbt:96 ("bench find two anchors dense false positives n=256") ok
time (mean ± σ)         range (min … max) 
 703.01 ns ±  23.52 ns   676.25 ns … 734.73 ns  in 10 × 100000 runs
[moonbitlang/core] bench builtin/string_find_code_unit_bench_test.mbt:102 ("bench find two anchors long absent n=256") ok
time (mean ± σ)         range (min … max) 
 204.38 ns ±   0.22 ns   204.09 ns … 204.81 ns  in 10 × 100000 runs
[moonbitlang/core] bench builtin/string_find_code_unit_bench_test.mbt:108 ("bench rev_find two anchors absent n=256") ok
time (mean ± σ)         range (min … max) 
 216.43 ns ±   0.27 ns   216.04 ns … 216.85 ns  in 10 × 100000 runs
[moonbitlang/core] bench builtin/string_find_code_unit_bench_test.mbt:114 ("bench rev_find two anchors present@start n=256") ok
time (mean ± σ)         range (min … max) 
 224.64 ns ±   0.21 ns   224.27 ns … 224.99 ns  in 10 × 100000 runs
[moonbitlang/core] bench builtin/string_find_code_unit_bench_test.mbt:120 ("bench rev_find two anchors dense false positives n=256") ok
time (mean ± σ)         range (min … max) 
 696.21 ns ±   7.21 ns   685.09 ns … 702.19 ns  in 10 × 100000 runs
[moonbitlang/core] bench builtin/string_find_code_unit_bench_test.mbt:126 ("bench StringView find two anchors absent n=256") ok
time (mean ± σ)         range (min … max) 
 244.51 ns ±   0.80 ns   243.40 ns … 245.38 ns  in 10 × 100000 runs
[moonbitlang/core] bench builtin/string_find_adversary_bench_test.mbt:26 ("bench find adversary m=64 n=4096") ok
time (mean ± σ)         range (min … max) 
   9.79 µs ±  27.58 ns     9.75 µs …   9.84 µs  in 10 ×  10194 runs
[moonbitlang/core] bench builtin/string_find_adversary_bench_test.mbt:33 ("bench rev_find adversary m=64 n=4096") ok
time (mean ± σ)         range (min … max) 
  12.75 µs ± 829.68 ns    11.41 µs …  13.98 µs  in 10 ×   9004 runs
[moonbitlang/core] bench builtin/string_find_adversary_bench_test.mbt:40 ("bench find adversary m=512 n=65536") ok
time (mean ± σ)         range (min … max) 
 162.96 µs ±   8.86 µs   151.41 µs … 170.86 µs  in 10 ×    584 runs
[moonbitlang/core] bench builtin/string_find_adversary_bench_test.mbt:47 ("bench find dense miss fast path n=4096") ok
time (mean ± σ)         range (min … max) 
   3.48 µs ± 219.65 ns     3.37 µs …   3.90 µs  in 10 ×  25637 runs
[moonbitlang/core] bench builtin/string_find_adversary_bench_test.mbt:53 ("bench find rare hit end fast path n=4096") ok
time (mean ± σ)         range (min … max) 
   3.34 µs ±   1.80 ns     3.34 µs …   3.34 µs  in 10 ×  29888 runs
[moonbitlang/core] bench builtin/string_escape_bench_test.mbt:61 ("bench String::escape short plain") ok
time (mean ± σ)         range (min … max) 
  72.79 ns ±   0.96 ns    71.26 ns …  73.99 ns  in 10 × 100000 runs
[moonbitlang/core] bench builtin/string_escape_bench_test.mbt:66 ("bench String::escape short escaped") ok
time (mean ± σ)         range (min … max) 
  86.85 ns ±   1.46 ns    84.70 ns …  88.86 ns  in 10 × 100000 runs
[moonbitlang/core] bench builtin/string_escape_bench_test.mbt:71 ("bench String::escape threshold plain") ok
time (mean ± σ)         range (min … max) 
  83.22 ns ±   1.01 ns    81.53 ns …  84.49 ns  in 10 × 100000 runs
[moonbitlang/core] bench builtin/string_escape_bench_test.mbt:76 ("bench String::escape prose") ok
time (mean ± σ)         range (min … max) 
 262.62 ns ±   1.74 ns   259.22 ns … 264.31 ns  in 10 × 100000 runs
[moonbitlang/core] bench builtin/string_escape_bench_test.mbt:81 ("bench String::escape escape-first") ok
time (mean ± σ)         range (min … max) 
 275.92 ns ±   0.72 ns   275.02 ns … 277.09 ns  in 10 × 100000 runs
[moonbitlang/core] bench builtin/string_escape_bench_test.mbt:86 ("bench String::escape long plain") ok
time (mean ± σ)         range (min … max) 
   9.39 µs ±  48.85 ns     9.31 µs …   9.48 µs  in 10 ×  10587 runs
[moonbitlang/core] bench builtin/string_escape_bench_test.mbt:91 ("bench String::escape long dense") ok
time (mean ± σ)         range (min … max) 
  17.73 µs ± 135.57 ns    17.56 µs …  17.98 µs  in 10 ×   5749 runs
[moonbitlang/core] bench builtin/string_escape_bench_test.mbt:96 ("bench String::escape long all-escaped") ok
time (mean ± σ)         range (min … max) 
  19.62 µs ± 184.43 ns    19.31 µs …  20.01 µs  in 10 ×   5115 runs
[moonbitlang/core] bench builtin/string_escape_bench_test.mbt:101 ("bench String::escape long unicode") ok
time (mean ± σ)         range (min … max) 
   9.96 µs ±  35.13 ns     9.92 µs …  10.04 µs  in 10 ×   9747 runs
[moonbitlang/core] bench builtin/string_escape_bench_test.mbt:106 ("bench StringView::escape long plain view") ok
time (mean ± σ)         range (min … max) 
   8.65 µs ±  70.98 ns     8.60 µs …   8.83 µs  in 10 ×  11347 runs
[moonbitlang/core] bench builtin/string_escape_bench_test.mbt:112 ("bench debug to_string short plain") ok
time (mean ± σ)         range (min … max) 
 128.59 ns ±   1.01 ns   126.72 ns … 129.87 ns  in 10 × 100000 runs
[moonbitlang/core] bench builtin/string_escape_bench_test.mbt:117 ("bench debug to_string prose") ok
time (mean ± σ)         range (min … max) 
 381.16 ns ±   3.05 ns   374.89 ns … 384.50 ns  in 10 × 100000 runs
[moonbitlang/core] bench builtin/string_escape_bench_test.mbt:122 ("bench debug to_string long plain") ok
time (mean ± σ)         range (min … max) 
  12.36 µs ±  55.87 ns    12.31 µs …  12.48 µs  in 10 ×   7791 runs
[moonbitlang/core] bench builtin/string_equal_bench_test.mbt:28 ("bench StringView::equal n=100000 equal") ok
time (mean ± σ)         range (min … max) 
  75.11 µs ±  27.83 ns    75.08 µs …  75.16 µs  in 10 ×   1331 runs
[moonbitlang/core] bench builtin/string_equal_bench_test.mbt:35 ("bench StringView::equal n=100000 mismatch at end") ok
time (mean ± σ)         range (min … max) 
  75.86 µs ± 860.39 ns    75.12 µs …  77.01 µs  in 10 ×   1321 runs
[moonbitlang/core] bench builtin/string_equal_bench_test.mbt:44 ("bench StringView::equal_to_string n=100000 equal") ok
time (mean ± σ)         range (min … max) 
  74.30 µs ±  56.71 ns    74.21 µs …  74.38 µs  in 10 ×   1347 runs
[moonbitlang/core] bench builtin/string_char_set_bench_test.mbt:43 ("bench StringView::contains_any ASCII miss n=100000") ok
time (mean ± σ)         range (min … max) 
 135.62 µs ±  63.22 ns   135.54 µs … 135.69 µs  in 10 ×    738 runs
[moonbitlang/core] bench builtin/string_char_set_bench_test.mbt:54 ("bench StringView::contains_any ASCII match at end n=100000") ok
time (mean ± σ)         range (min … max) 
 135.63 µs ±  68.14 ns   135.56 µs … 135.76 µs  in 10 ×    738 runs
[moonbitlang/core] bench builtin/string_char_set_bench_test.mbt:67 ("bench StringView::trim_start ASCII n=100000") ok
time (mean ± σ)         range (min … max) 
 135.60 µs ±  55.98 ns   135.53 µs … 135.69 µs  in 10 ×    738 runs
[moonbitlang/core] bench builtin/string_char_set_bench_test.mbt:74 ("bench StringView::trim_end ASCII n=100000") ok
time (mean ± σ)         range (min … max) 
 135.69 µs ±  80.00 ns   135.62 µs … 135.86 µs  in 10 ×    738 runs
[moonbitlang/core] bench builtin/string_char_set_bench_test.mbt:79 ("bench StringView::trim ASCII n=100000") ok
time (mean ± σ)         range (min … max) 
 271.54 µs ± 643.30 ns   271.15 µs … 273.33 µs  in 10 ×    369 runs
[moonbitlang/core] bench builtin/string_char_set_bench_test.mbt:96 ("bench StringView::trim short inputs") ok
time (mean ± σ)         range (min … max) 
 138.14 ns ±   0.23 ns   137.81 ns … 138.44 ns  in 10 × 100000 runs
[moonbitlang/core] bench builtin/string_char_set_bench_test.mbt:107 ("bench StringView::contains_any short inputs") ok
time (mean ± σ)         range (min … max) 
  81.18 ns ±   0.44 ns    80.59 ns …  82.01 ns  in 10 × 100000 runs
[moonbitlang/core] bench builtin/string_char_length_bench_test.mbt:51 ("bench char_length ascii 8") ok
time (mean ± σ)         range (min … max) 
  14.85 ns ±   0.51 ns    14.17 ns …  15.57 ns  in 10 × 100000 runs
[moonbitlang/core] bench builtin/string_char_length_bench_test.mbt:56 ("bench char_length ascii 16") ok
time (mean ± σ)         range (min … max) 
  23.06 ns ±   0.11 ns    22.87 ns …  23.21 ns  in 10 × 100000 runs
[moonbitlang/core] bench builtin/string_char_length_bench_test.mbt:61 ("bench char_length ascii 100") ok
time (mean ± σ)         range (min … max) 
 114.17 ns ±   0.13 ns   113.96 ns … 114.37 ns  in 10 × 100000 runs
[moonbitlang/core] bench builtin/string_char_length_bench_test.mbt:66 ("bench char_length ascii 4k") ok
time (mean ± σ)         range (min … max) 
   4.45 µs ±   3.58 ns     4.45 µs …   4.46 µs  in 10 ×  22449 runs
[moonbitlang/core] bench builtin/string_char_length_bench_test.mbt:71 ("bench char_length ascii 64k") ok
time (mean ± σ)         range (min … max) 
  71.12 µs ±  30.86 ns    71.08 µs …  71.17 µs  in 10 ×   1407 runs
[moonbitlang/core] bench builtin/string_char_length_bench_test.mbt:76 ("bench char_length cjk 4k") ok
time (mean ± σ)         range (min … max) 
   4.45 µs ±   4.19 ns     4.44 µs …   4.46 µs  in 10 ×  22451 runs
[moonbitlang/core] bench builtin/string_char_length_bench_test.mbt:81 ("bench char_length emoji 4k") ok
time (mean ± σ)         range (min … max) 
   3.35 µs ±   8.24 ns     3.34 µs …   3.37 µs  in 10 ×  29854 runs
[moonbitlang/core] bench builtin/string_char_length_bench_test.mbt:86 ("bench char_length mixed 4k") ok
time (mean ± σ)         range (min … max) 
   4.38 µs ±   2.89 ns     4.38 µs …   4.39 µs  in 10 ×  22782 runs
[moonbitlang/core] bench builtin/string_char_length_bench_test.mbt:91 ("bench StringView::char_length ascii 4k unaligned") ok
time (mean ± σ)         range (min … max) 
   4.44 µs ±   3.56 ns     4.44 µs …   4.45 µs  in 10 ×  22467 runs
[moonbitlang/core] bench builtin/string_char_length_bench_test.mbt:97 ("bench char_length_eq ascii 16") ok
time (mean ± σ)         range (min … max) 
  27.60 ns ±   0.16 ns    27.42 ns …  27.86 ns  in 10 × 100000 runs
[moonbitlang/core] bench builtin/string_char_length_bench_test.mbt:102 ("bench char_length_eq ascii 4k") ok
time (mean ± σ)         range (min … max) 
   5.56 µs ±   4.05 ns     5.55 µs …   5.57 µs  in 10 ×  17959 runs
[moonbitlang/core] bench builtin/string_char_length_bench_test.mbt:107 ("bench char_length_eq emoji 4k") ok
time (mean ± σ)         range (min … max) 
   3.92 µs ±  42.40 ns     3.90 µs …   4.03 µs  in 10 ×  25611 runs
[moonbitlang/core] bench builtin/string_char_length_bench_test.mbt:112 ("bench char_length_eq mixed 4k") ok
time (mean ± σ)         range (min … max) 
   5.42 µs ±   3.49 ns     5.42 µs …   5.43 µs  in 10 ×  18410 runs
[moonbitlang/core] bench builtin/string_char_length_bench_test.mbt:119 ("bench char_length_ge ascii 4k len 3") ok
time (mean ± σ)         range (min … max) 
  10.96 ns ±   0.29 ns    10.48 ns …  11.26 ns  in 10 × 100000 runs
[moonbitlang/core] bench builtin/string_char_length_bench_test.mbt:124 ("bench char_length_ge ascii 4k len 2000") ok
time (mean ± σ)         range (min … max) 
   2.72 µs ±   7.10 ns     2.71 µs …   2.74 µs  in 10 ×  36779 runs
[moonbitlang/core] bench builtin/string_char_length_bench_test.mbt:129 ("bench char_length_ge cjk 4k len 4096") ok
time (mean ± σ)         range (min … max) 
   5.56 µs ±   3.81 ns     5.55 µs …   5.57 µs  in 10 ×  17970 runs
[moonbitlang/core] bench builtin/string_char_length_bench_test.mbt:134 ("bench char_length_ge emoji 4k len 2048") ok
time (mean ± σ)         range (min … max) 
   3.90 µs ±   1.68 ns     3.90 µs …   3.90 µs  in 10 ×  25595 runs
[moonbitlang/core] bench builtin/sort_bench_test.mbt:21 ("bench Array::sort n=1000") ok
time (mean ± σ)         range (min … max) 
  14.93 µs ± 148.82 ns    14.80 µs …  15.22 µs  in 10 ×   6679 runs
[moonbitlang/core] bench builtin/sort_bench_test.mbt:31 ("bench Array::sort n=100000") ok
time (mean ± σ)         range (min … max) 
   5.49 ms ±  19.69 µs     5.48 ms …   5.53 ms  in 10 ×     19 runs
[moonbitlang/core] bench builtin/sort_bench_test.mbt:41 ("bench Array::sort_by n=10000") ok
time (mean ± σ)         range (min … max) 
 433.47 µs ± 976.76 ns   432.53 µs … 436.01 µs  in 10 ×    231 runs
[moonbitlang/core] bench builtin/range_equal_bench_test.mbt:56 ("bench range_equal StringView== n=4 equal") ok
time (mean ± σ)         range (min … max) 
   9.89 ns ±   0.18 ns     9.54 ns …  10.15 ns  in 10 × 100000 runs
[moonbitlang/core] bench builtin/range_equal_bench_test.mbt:61 ("bench range_equal StringView== n=8 equal") ok
time (mean ± σ)         range (min … max) 
  12.31 ns ±   0.22 ns    11.98 ns …  12.73 ns  in 10 × 100000 runs
[moonbitlang/core] bench builtin/range_equal_bench_test.mbt:66 ("bench range_equal StringView== n=8 mismatch at end") ok
time (mean ± σ)         range (min … max) 
  11.98 ns ±   0.19 ns    11.77 ns …  12.29 ns  in 10 × 100000 runs
[moonbitlang/core] bench builtin/range_equal_bench_test.mbt:71 ("bench range_equal StringView== n=16 equal") ok
time (mean ± σ)         range (min … max) 
  18.19 ns ±   0.47 ns    17.62 ns …  19.03 ns  in 10 × 100000 runs
[moonbitlang/core] bench builtin/range_equal_bench_test.mbt:76 ("bench range_equal StringView== n=16 mismatch at end") ok
time (mean ± σ)         range (min … max) 
  17.40 ns ±   0.15 ns    17.23 ns …  17.62 ns  in 10 × 100000 runs
[moonbitlang/core] bench builtin/range_equal_bench_test.mbt:81 ("bench range_equal StringView== n=15 equal") ok
time (mean ± σ)         range (min … max) 
  17.63 ns ±   0.29 ns    17.20 ns …  17.98 ns  in 10 × 100000 runs
[moonbitlang/core] bench builtin/range_equal_bench_test.mbt:86 ("bench range_equal StringView== n=64 equal") ok
time (mean ± σ)         range (min … max) 
  51.18 ns ±   0.17 ns    51.01 ns …  51.53 ns  in 10 × 100000 runs
[moonbitlang/core] bench builtin/range_equal_bench_test.mbt:91 ("bench range_equal StringView== n=64 mismatch at end") ok
time (mean ± σ)         range (min … max) 
  51.09 ns ±   0.16 ns    50.92 ns …  51.36 ns  in 10 × 100000 runs
[moonbitlang/core] bench builtin/range_equal_bench_test.mbt:96 ("bench range_equal StringView== n=1024 equal") ok
time (mean ± σ)         range (min … max) 
 777.03 ns ±   3.61 ns   769.73 ns … 780.41 ns  in 10 × 100000 runs
[moonbitlang/core] bench builtin/range_equal_bench_test.mbt:101 ("bench range_equal StringView== n=1024 mismatch at end") ok
time (mean ± σ)         range (min … max) 
 771.20 ns ±   0.42 ns   770.55 ns … 771.77 ns  in 10 × 100000 runs
[moonbitlang/core] bench builtin/range_equal_bench_test.mbt:106 ("bench range_equal StringView== n=1024 mismatch at 0") ok
time (mean ± σ)         range (min … max) 
   7.09 ns ±   0.19 ns     6.86 ns …   7.53 ns  in 10 × 100000 runs
[moonbitlang/core] bench builtin/range_equal_bench_test.mbt:111 ("bench range_equal StringView== n=65536 equal") ok
time (mean ± σ)         range (min … max) 
  49.57 µs ±  48.52 ns    49.50 µs …  49.66 µs  in 10 ×   2021 runs
[moonbitlang/core] bench builtin/range_equal_bench_test.mbt:116 ("bench range_equal StringView== n=65536 mismatch at end") ok
time (mean ± σ)         range (min … max) 
  49.49 µs ±  67.25 ns    49.41 µs …  49.60 µs  in 10 ×   2022 runs
[moonbitlang/core] bench builtin/range_equal_bench_test.mbt:121 ("bench range_equal BytesView== n=4 equal") ok
time (mean ± σ)         range (min … max) 
   8.40 ns ±   0.18 ns     8.11 ns …   8.67 ns  in 10 × 100000 runs
[moonbitlang/core] bench builtin/range_equal_bench_test.mbt:126 ("bench range_equal BytesView== n=8 equal") ok
time (mean ± σ)         range (min … max) 
  11.24 ns ±   0.34 ns    10.62 ns …  11.64 ns  in 10 × 100000 runs
[moonbitlang/core] bench builtin/range_equal_bench_test.mbt:131 ("bench range_equal BytesView== n=8 mismatch at end") ok
time (mean ± σ)         range (min … max) 
  10.81 ns ±   0.37 ns    10.38 ns …  11.37 ns  in 10 × 100000 runs
[moonbitlang/core] bench builtin/range_equal_bench_test.mbt:136 ("bench range_equal BytesView== n=16 equal") ok
time (mean ± σ)         range (min … max) 
  15.49 ns ±   0.12 ns    15.33 ns …  15.71 ns  in 10 × 100000 runs
[moonbitlang/core] bench builtin/range_equal_bench_test.mbt:141 ("bench range_equal BytesView== n=16 mismatch at end") ok
time (mean ± σ)         range (min … max) 
  15.96 ns ±   0.52 ns    15.34 ns …  16.72 ns  in 10 × 100000 runs
[moonbitlang/core] bench builtin/range_equal_bench_test.mbt:146 ("bench range_equal BytesView== n=31 equal") ok
time (mean ± σ)         range (min … max) 
  25.57 ns ±   0.53 ns    24.99 ns …  26.33 ns  in 10 × 100000 runs
[moonbitlang/core] bench builtin/range_equal_bench_test.mbt:151 ("bench range_equal BytesView== n=64 equal") ok
time (mean ± σ)         range (min … max) 
  48.15 ns ±   0.62 ns    47.10 ns …  48.82 ns  in 10 × 100000 runs
[moonbitlang/core] bench builtin/range_equal_bench_test.mbt:156 ("bench range_equal BytesView== n=64 mismatch at end") ok
time (mean ± σ)         range (min … max) 
  47.25 ns ±   0.42 ns    46.76 ns …  47.79 ns  in 10 × 100000 runs
[moonbitlang/core] bench builtin/range_equal_bench_test.mbt:161 ("bench range_equal BytesView== n=1024 equal") ok
time (mean ± σ)         range (min … max) 
 744.85 ns ±   2.45 ns   740.60 ns … 748.42 ns  in 10 × 100000 runs
[moonbitlang/core] bench builtin/range_equal_bench_test.mbt:166 ("bench range_equal BytesView== n=1024 mismatch at end") ok
time (mean ± σ)         range (min … max) 
 732.03 ns ±   3.38 ns   727.25 ns … 735.96 ns  in 10 × 100000 runs
[moonbitlang/core] bench builtin/range_equal_bench_test.mbt:171 ("bench range_equal BytesView== n=1024 mismatch at 0") ok
time (mean ± σ)         range (min … max) 
   6.51 ns ±   0.13 ns     6.36 ns …   6.71 ns  in 10 × 100000 runs
[moonbitlang/core] bench builtin/range_equal_bench_test.mbt:176 ("bench range_equal BytesView== n=65536 equal") ok
time (mean ± σ)         range (min … max) 
  46.83 µs ±  79.75 ns    46.73 µs …  46.99 µs  in 10 ×   2136 runs
[moonbitlang/core] bench builtin/range_equal_bench_test.mbt:181 ("bench range_equal BytesView== n=65536 mismatch at end") ok
time (mean ± σ)         range (min … max) 
  47.42 µs ±  43.03 ns    47.34 µs …  47.47 µs  in 10 ×   2126 runs
[moonbitlang/core] bench builtin/range_equal_bench_test.mbt:186 ("bench range_equal StringView::has_prefix prefix=32 hit") ok
time (mean ± σ)         range (min … max) 
  31.48 ns ±   0.38 ns    30.83 ns …  32.06 ns  in 10 × 100000 runs
[moonbitlang/core] bench builtin/range_equal_bench_test.mbt:193 ("bench range_equal StringView::has_prefix prefix=32 miss at end") ok
time (mean ± σ)         range (min … max) 
  32.03 ns ±   0.38 ns    31.58 ns …  32.54 ns  in 10 × 100000 runs
[moonbitlang/core] bench builtin/linked_hash_map_bench_test.mbt:19 ("bench Map::set n=50000") ok
time (mean ± σ)         range (min … max) 
   2.34 ms ±  44.89 µs     2.28 ms …   2.40 ms  in 10 ×     42 runs
[moonbitlang/core] bench builtin/linked_hash_map_bench_test.mbt:30 ("bench Map::get n=50000") ok
time (mean ± σ)         range (min … max) 
   1.15 ms ±   1.24 µs     1.15 ms …   1.15 ms  in 10 ×     88 runs
[moonbitlang/core] bench builtin/linked_hash_map_bench_test.mbt:47 ("bench Map::get miss n=50000") ok
time (mean ± σ)         range (min … max) 
   1.10 ms ±   2.43 µs     1.09 ms …   1.10 ms  in 10 ×     91 runs
[moonbitlang/core] bench builtin/linked_hash_map_bench_test.mbt:67 ("bench Map::set+remove n=50000") ok
time (mean ± σ)         range (min … max) 
   3.39 ms ±  29.91 µs     3.36 ms …   3.44 ms  in 10 ×     30 runs
[moonbitlang/core] bench builtin/linked_hash_map_bench_test.mbt:83 ("bench Map::each n=50000") ok
time (mean ± σ)         range (min … max) 
 222.98 µs ±   2.19 µs   219.09 µs … 224.41 µs  in 10 ×    447 runs
[moonbitlang/core] bench builtin/linked_hash_map_bench_test.mbt:101 ("bench Map::filter n=50000") ok
time (mean ± σ)         range (min … max) 
 780.30 µs ±  16.89 µs   751.62 µs … 796.92 µs  in 10 ×    128 runs
[moonbitlang/core] bench builtin/linked_hash_map_bench_test.mbt:107 ("bench Map comprehension filter n=50000") ok
time (mean ± σ)         range (min … max) 
   2.76 ms ±  74.06 µs     2.66 ms …   2.84 ms  in 10 ×     37 runs
[moonbitlang/core] bench builtin/lexical_compare_bench_test.mbt:42 ("bench lexical_compare equal n=256") ok
time (mean ± σ)         range (min … max) 
 198.31 ns ±   0.84 ns   196.31 ns … 199.07 ns  in 10 × 100000 runs
[moonbitlang/core] bench builtin/lexical_compare_bench_test.mbt:47 ("bench lexical_compare common-prefix n=256") ok
time (mean ± σ)         range (min … max) 
 196.31 ns ±   1.50 ns   193.99 ns … 198.18 ns  in 10 × 100000 runs
[moonbitlang/core] bench builtin/lexical_compare_bench_test.mbt:52 ("bench lexical_compare early-diff n=256") ok
time (mean ± σ)         range (min … max) 
  10.48 ns ±   0.30 ns    10.16 ns …  11.08 ns  in 10 × 100000 runs
[moonbitlang/core] bench builtin/lexical_compare_bench_test.mbt:89 ("bench String::lexical_compare equal n=256") ok
time (mean ± σ)         range (min … max) 
 209.64 ns ±   0.93 ns   207.74 ns … 210.83 ns  in 10 × 100000 runs
[moonbitlang/core] bench builtin/lexical_compare_bench_test.mbt:94 ("bench String::lexical_compare common-prefix n=256") ok
time (mean ± σ)         range (min … max) 
 207.63 ns ±   1.40 ns   204.94 ns … 209.07 ns  in 10 × 100000 runs
[moonbitlang/core] bench builtin/lexical_compare_bench_test.mbt:99 ("bench String::lexical_compare early-diff n=256") ok
time (mean ± σ)         range (min … max) 
  11.44 ns ±   0.17 ns    11.23 ns …  11.66 ns  in 10 × 100000 runs
[moonbitlang/core] bench builtin/lexical_compare_bench_test.mbt:104 ("bench StringView::lexical_compare equal n=256") ok
time (mean ± σ)         range (min … max) 
 206.49 ns ±   0.90 ns   205.29 ns … 207.81 ns  in 10 × 100000 runs
[moonbitlang/core] bench builtin/lexical_compare_bench_test.mbt:109 ("bench StringView::lexical_compare common-prefix n=256") ok
time (mean ± σ)         range (min … max) 
 207.96 ns ±   1.29 ns   205.84 ns … 209.62 ns  in 10 × 100000 runs
[moonbitlang/core] bench builtin/lexical_compare_bench_test.mbt:114 ("bench StringView::lexical_compare early-diff n=256") ok
time (mean ± σ)         range (min … max) 
  11.08 ns ±   0.19 ns    10.65 ns …  11.30 ns  in 10 × 100000 runs
[moonbitlang/core] bench builtin/lexical_compare_bench_test.mbt:121 ("bench String::compare equal-length common-prefix n=256") ok
time (mean ± σ)         range (min … max) 
 169.23 ns ±   0.32 ns   168.74 ns … 169.72 ns  in 10 × 100000 runs
[moonbitlang/core] bench builtin/lexical_compare_bench_test.mbt:128 ("bench StringView::compare equal-length common-prefix n=256") ok
time (mean ± σ)         range (min … max) 
 207.77 ns ±   1.19 ns   206.07 ns … 209.40 ns  in 10 × 100000 runs
[moonbitlang/core] bench builtin/lexical_compare_bench_test.mbt:135 ("bench StringView::compare_ignore_ascii_case common-prefix n=256") ok
time (mean ± σ)         range (min … max) 
 422.83 ns ±   0.37 ns   422.28 ns … 423.41 ns  in 10 × 100000 runs
[moonbitlang/core] bench builtin/contains_code_unit_bench_test.mbt:19 ("bench contains_code_unit absent n=4") ok
time (mean ± σ)         range (min … max) 
   7.20 ns ±   0.22 ns     6.87 ns …   7.47 ns  in 10 × 100000 runs
[moonbitlang/core] bench builtin/contains_code_unit_bench_test.mbt:25 ("bench contains_code_unit absent n=8") ok
time (mean ± σ)         range (min … max) 
   8.54 ns ±   0.24 ns     8.28 ns …   8.97 ns  in 10 × 100000 runs
[moonbitlang/core] bench builtin/contains_code_unit_bench_test.mbt:31 ("bench contains_code_unit present@0 n=8") ok
time (mean ± σ)         range (min … max) 
   5.63 ns ±   0.11 ns     5.51 ns …   5.79 ns  in 10 × 100000 runs
[moonbitlang/core] bench builtin/contains_code_unit_bench_test.mbt:37 ("bench contains_code_unit absent n=16") ok
time (mean ± σ)         range (min … max) 
  12.22 ns ±   0.35 ns    11.84 ns …  12.71 ns  in 10 × 100000 runs
[moonbitlang/core] bench builtin/contains_code_unit_bench_test.mbt:43 ("bench contains_code_unit absent n=64") ok
time (mean ± σ)         range (min … max) 
  34.28 ns ±   0.14 ns    34.12 ns …  34.56 ns  in 10 × 100000 runs
[moonbitlang/core] bench builtin/contains_code_unit_bench_test.mbt:49 ("bench contains_code_unit absent n=256") ok
time (mean ± σ)         range (min … max) 
 132.05 ns ±   0.24 ns   131.69 ns … 132.41 ns  in 10 × 100000 runs
[moonbitlang/core] bench builtin/contains_code_unit_bench_test.mbt:55 ("bench contains_code_unit present@end n=256") ok
time (mean ± σ)         range (min … max) 
 133.10 ns ±   0.43 ns   132.71 ns … 134.23 ns  in 10 × 100000 runs
[moonbitlang/core] bench builtin/contains_code_unit_bench_test.mbt:61 ("bench contains_code_unit present@0 n=256") ok
time (mean ± σ)         range (min … max) 
   5.54 ns ±   0.14 ns     5.34 ns …   5.77 ns  in 10 × 100000 runs
[moonbitlang/core] bench builtin/contains_code_unit_bench_test.mbt:67 ("bench StringView contains_code_unit absent n=256") ok
time (mean ± σ)         range (min … max) 
 150.50 ns ±   1.85 ns   146.53 ns … 152.09 ns  in 10 × 100000 runs
[moonbitlang/core] bench builtin/bytesview_compare_bench_test.mbt:16 ("bench BytesView Compare equal n=1000000") ok
time (mean ± σ)         range (min … max) 
 730.38 µs ±   7.23 µs   718.25 µs … 740.31 µs  in 10 ×    138 runs
[moonbitlang/core] bench builtin/bytesview_compare_bench_test.mbt:23 ("bench BytesView Compare last-diff n=1000000") ok
time (mean ± σ)         range (min … max) 
 724.71 µs ±   8.11 µs   714.49 µs … 740.42 µs  in 10 ×    141 runs
[moonbitlang/core] bench builtin/bytes_unsafe_bench_test.mbt:31 ("bench Bytes::unsafe_read_uint16_le n=4096") ok
time (mean ± σ)         range (min … max) 
   2.75 µs ±  73.03 ns     2.68 µs …   2.88 µs  in 10 ×  36459 runs
[moonbitlang/core] bench builtin/bytes_unsafe_bench_test.mbt:43 ("bench Bytes::unsafe_read_uint32_le n=4096") ok
time (mean ± σ)         range (min … max) 
   5.13 µs ±  28.07 ns     5.07 µs …   5.16 µs  in 10 ×  19930 runs
[moonbitlang/core] bench builtin/bytes_unsafe_bench_test.mbt:55 ("bench Bytes::unsafe_read_uint64_le n=4096") ok
time (mean ± σ)         range (min … max) 
  10.27 µs ±   1.52 µs     9.48 µs …  13.18 µs  in 10 ×  10556 runs
[moonbitlang/core] bench builtin/bytes_unsafe_bench_test.mbt:67 ("bench FixedArray::unsafe_write_uint16_le n=4096") ok
time (mean ± σ)         range (min … max) 
   2.11 µs ±   2.14 ns     2.10 µs …   2.11 µs  in 10 ×  47211 runs
[moonbitlang/core] bench builtin/bytes_unsafe_bench_test.mbt:78 ("bench FixedArray::unsafe_write_uint32_le n=4096") ok
time (mean ± σ)         range (min … max) 
   4.60 µs ±   9.54 ns     4.59 µs …   4.61 µs  in 10 ×  21773 runs
[moonbitlang/core] bench builtin/bytes_unsafe_bench_test.mbt:89 ("bench FixedArray::unsafe_write_uint64_le n=4096") ok
time (mean ± σ)         range (min … max) 
  11.63 µs ±  74.20 ns    11.52 µs …  11.72 µs  in 10 ×   8699 runs
[moonbitlang/core] bench builtin/bytes_output_bench_test.mbt:19 ("bench Bytes Show binary n=100000") ok
time (mean ± σ)         range (min … max) 
   1.09 ms ± 165.35 µs   934.78 µs …   1.29 ms  in 10 ×     78 runs
[moonbitlang/core] bench builtin/bytes_output_bench_test.mbt:24 ("bench Bytes ToJson binary n=100000") ok
time (mean ± σ)         range (min … max) 
 964.00 µs ± 165.25 µs   828.02 µs …   1.17 ms  in 10 ×     86 runs
[moonbitlang/core] bench builtin/bytes_hash_bench_test.mbt:54 ("bench Hash::hash(Bytes) n=32") ok
time (mean ± σ)         range (min … max) 
  19.46 ns ±   0.22 ns    19.15 ns …  19.77 ns  in 10 × 100000 runs
[moonbitlang/core] bench builtin/bytes_hash_bench_test.mbt:60 ("bench Hash::hash(Bytes) n=8192") ok
time (mean ± σ)         range (min … max) 
   4.58 µs ±   4.71 ns     4.58 µs …   4.59 µs  in 10 ×  21779 runs
[moonbitlang/core] bench builtin/bytes_hash_bench_test.mbt:66 ("bench Map::at Bytes n=1024 key_bytes=32") ok
time (mean ± σ)         range (min … max) 
  51.46 µs ±  32.98 ns    51.43 µs …  51.52 µs  in 10 ×   1943 runs
[moonbitlang/core] bench builtin/bytes_from_array_bench_test.mbt:30 ("bench Bytes::from_array n=262144 full") ok
time (mean ± σ)         range (min … max) 
  97.01 µs ± 590.12 ns    95.78 µs …  97.89 µs  in 10 ×   1046 runs
[moonbitlang/core] bench builtin/bytes_from_array_bench_test.mbt:41 ("bench Bytes::from_array n=262144 sliced") ok
time (mean ± σ)         range (min … max) 
  97.01 µs ± 524.06 ns    96.10 µs …  97.86 µs  in 10 ×   1048 runs
[moonbitlang/core] bench builtin/bytes_from_array_bench_test.mbt:48 ("bench Bytes::makei from ArrayView n=262144 full") ok
time (mean ± σ)         range (min … max) 
 410.30 µs ±   2.96 µs   404.52 µs … 413.15 µs  in 10 ×    248 runs
[moonbitlang/core] bench builtin/bytes_from_array_bench_test.mbt:59 ("bench Bytes::makei from ArrayView n=262144 sliced") ok
time (mean ± σ)         range (min … max) 
 432.54 µs ±   5.73 µs   424.31 µs … 443.00 µs  in 10 ×    237 runs
[moonbitlang/core] bench builtin/bytes_equal_bench_test.mbt:37 ("bench Bytes::equal n=100000 equal") ok
time (mean ± σ)         range (min … max) 
  61.84 µs ±  21.28 ns    61.80 µs …  61.88 µs  in 10 ×   1619 runs
[moonbitlang/core] bench builtin/bytes_equal_bench_test.mbt:44 ("bench Bytes::equal n=100000 aliased object") ok
time (mean ± σ)         range (min … max) 
  61.01 µs ±  18.80 ns    60.99 µs …  61.05 µs  in 10 ×   1639 runs
[moonbitlang/core] bench builtin/bytes_equal_bench_test.mbt:54 ("bench Bytes::equal n=100000 mismatch at end") ok
time (mean ± σ)         range (min … max) 
  61.87 µs ±  22.82 ns    61.84 µs …  61.90 µs  in 10 ×   1618 runs
[moonbitlang/core] bench builtin/bytes_add_bench_test.mbt:16 ("bench Bytes add total=1000000") ok
time (mean ± σ)         range (min … max) 
 353.80 µs ±   1.15 µs   351.94 µs … 355.09 µs  in 10 ×    284 runs
[moonbitlang/core] bench builtin/bitstring_uint_aligned_bench_test.mbt:24 ("bench Bytes::unsafe_extract_uint_le_aligned n=8192") ok
time (mean ± σ)         range (min … max) 
   2.74 µs ±   4.83 ns     2.74 µs …   2.75 µs  in 10 ×  36389 runs
[moonbitlang/core] bench builtin/bitstring_uint64_aligned_bench_test.mbt:24 ("bench Bytes::unsafe_extract_uint64_le_aligned n=8192") ok
time (mean ± σ)         range (min … max) 
   3.29 µs ±  10.96 ns     3.28 µs …   3.31 µs  in 10 ×  39218 runs
[moonbitlang/core] bench builtin/bitstring_extract_bench_test.mbt:35 ("bench BytesView uint_le aligned len=32") ok
time (mean ± σ)         range (min … max) 
   4.80 µs ±  50.11 ns     4.69 µs …   4.83 µs  in 10 ×  21316 runs
[moonbitlang/core] bench builtin/bitstring_extract_bench_test.mbt:48 ("bench BytesView uint_be aligned len=32") ok
time (mean ± σ)         range (min … max) 
   4.81 µs ±  47.60 ns     4.74 µs …   4.88 µs  in 10 ×  20961 runs
[moonbitlang/core] bench builtin/bitstring_extract_bench_test.mbt:61 ("bench ArrayView uint_le aligned len=32") ok
time (mean ± σ)         range (min … max) 
   4.84 µs ±  39.55 ns     4.77 µs …   4.87 µs  in 10 ×  21114 runs
[moonbitlang/core] bench builtin/bitstring_extract_bench_test.mbt:75 ("bench ArrayView uint_be aligned len=32") ok
time (mean ± σ)         range (min … max) 
   4.82 µs ±  36.81 ns     4.73 µs …   4.84 µs  in 10 ×  21238 runs
[moonbitlang/core] bench builtin/bitstring_extract_bench_test.mbt:89 ("bench BytesView uint64_le aligned len=64") ok
time (mean ± σ)         range (min … max) 
   3.65 µs ±  12.35 ns     3.62 µs …   3.67 µs  in 10 ×  27626 runs
[moonbitlang/core] bench builtin/bitstring_extract_bench_test.mbt:102 ("bench BytesView uint64_be aligned len=64") ok
time (mean ± σ)         range (min … max) 
   3.62 µs ±  32.28 ns     3.57 µs …   3.66 µs  in 10 ×  27769 runs
[moonbitlang/core] bench builtin/bitstring_extract_bench_test.mbt:115 ("bench ArrayView uint64_le aligned len=64") ok
time (mean ± σ)         range (min … max) 
   3.61 µs ±  17.16 ns     3.60 µs …   3.65 µs  in 10 ×  27503 runs
[moonbitlang/core] bench builtin/bitstring_extract_bench_test.mbt:129 ("bench ArrayView uint64_be aligned len=64") ok
time (mean ± σ)         range (min … max) 
   3.60 µs ±  22.99 ns     3.56 µs …   3.62 µs  in 10 ×  27751 runs
[moonbitlang/core] bench builtin/bitstring_extract_bench_test.mbt:143 ("bench BytesView uint_le unaligned len=32") ok
time (mean ± σ)         range (min … max) 
  18.69 µs ±  47.66 ns    18.59 µs …  18.77 µs  in 10 ×   5336 runs
[moonbitlang/core] bench builtin/bitstring_extract_bench_test.mbt:156 ("bench BytesView uint64_le unaligned len=64") ok
time (mean ± σ)         range (min … max) 
  16.17 µs ±  17.07 ns    16.14 µs …  16.20 µs  in 10 ×   6186 runs
[moonbitlang/core] bench builtin/bitstring_extract_bench_test.mbt:169 ("bench BytesView uint_le aligned len=16") ok
time (mean ± σ)         range (min … max) 
   6.90 µs ±   1.95 µs     4.07 µs …   8.21 µs  in 10 ×  12390 runs
[moonbitlang/core] bench builtin/bitstring_extract_bench_test.mbt:182 ("bench BytesView uint_le aligned len=24") ok
time (mean ± σ)         range (min … max) 
  13.83 µs ±  42.35 ns    13.76 µs …  13.90 µs  in 10 ×   7197 runs
[moonbitlang/core] bench builtin/array_retain_bench_test.mbt:29 ("bench Array::retain all keep Int n=100000") ok
time (mean ± σ)         range (min … max) 
  63.36 µs ±  51.29 ns    63.29 µs …  63.45 µs  in 10 ×   1576 runs
[moonbitlang/core] bench builtin/array_retain_bench_test.mbt:42 ("bench Array::retain all keep Ref n=100000") ok
time (mean ± σ)         range (min … max) 
  75.69 µs ± 193.50 ns    75.37 µs …  75.95 µs  in 10 ×   1322 runs
[moonbitlang/core] bench builtin/array_retain_bench_test.mbt:55 ("bench Array::retain drop tail n=100000") ok
time (mean ± σ)         range (min … max) 
 132.04 µs ± 986.12 ns   130.55 µs … 133.72 µs  in 10 ×    750 runs
[moonbitlang/core] bench builtin/array_retain_bench_test.mbt:66 ("bench Array::retain late sparse drop n=100000") ok
time (mean ± σ)         range (min … max) 
 177.49 µs ± 836.82 ns   176.35 µs … 179.12 µs  in 10 ×    548 runs
[moonbitlang/core] bench builtin/array_retain_bench_test.mbt:77 ("bench Array::retain drop first n=100000") ok
time (mean ± σ)         range (min … max) 
 147.60 µs ±   1.37 µs   144.92 µs … 148.99 µs  in 10 ×    683 runs
[moonbitlang/core] bench builtin/array_make_blit_bench_test.mbt:32 ("bench FixedArray::copy Ref n=1000000") ok
time (mean ± σ)         range (min … max) 
   2.31 ms ±  53.80 µs     2.16 ms …   2.34 ms  in 10 ×     43 runs
[moonbitlang/core] bench builtin/array_make_blit_bench_test.mbt:38 ("bench Array::from_fixed_array Ref n=1000000") ok
time (mean ± σ)         range (min … max) 
   2.30 ms ±  52.94 µs     2.16 ms …   2.34 ms  in 10 ×     43 runs
[moonbitlang/core] bench builtin/array_make_blit_bench_test.mbt:44 ("bench Array::add Ref n=500000+500000") ok
time (mean ± σ)         range (min … max) 
   2.18 ms ±  93.76 µs     2.12 ms …   2.36 ms  in 10 ×     46 runs
[moonbitlang/core] bench builtin/array_make_blit_bench_test.mbt:51 ("bench ArrayView::add Ref n=500000+500000") ok
time (mean ± σ)         range (min … max) 
   2.17 ms ±  45.07 µs     2.15 ms …   2.30 ms  in 10 ×     45 runs
[moonbitlang/core] bench builtin/array_make_blit_bench_test.mbt:60 ("bench Array::blit_to Ref n=1000000 overwrite") ok
time (mean ± σ)         range (min … max) 
 144.69 µs ± 159.22 ns   144.47 µs … 144.93 µs  in 10 ×    691 runs
[moonbitlang/core] bench builtin/array_make_blit_bench_test.mbt:70 ("bench Array::blit_to Ref n=1000000 grow") ok
time (mean ± σ)         range (min … max) 
   3.38 ms ±  63.40 µs     3.34 ms …   3.56 ms  in 10 ×     31 runs
[moonbitlang/core] bench builtin/array_make_blit_bench_test.mbt:80 ("bench ArrayView::blit_to Ref n=1000000 overwrite") ok
time (mean ± σ)         range (min … max) 
 156.52 µs ± 629.33 ns   156.03 µs … 157.58 µs  in 10 ×    639 runs
[moonbitlang/core] bench builtin/array_make_blit_bench_test.mbt:90 ("bench ArrayView::blit_to Ref n=1000000 grow") ok
time (mean ± σ)         range (min … max) 
   3.41 ms ±  98.44 µs     3.34 ms …   3.64 ms  in 10 ×     31 runs
[moonbitlang/core] bench builtin/array_make_blit_bench_test.mbt:100 ("bench Array::append Ref n=1000000 grow") ok
time (mean ± σ)         range (min … max) 
   3.44 ms ± 142.00 µs     3.35 ms …   3.71 ms  in 10 ×     31 runs
[moonbitlang/core] bench builtin/array_make_blit_bench_test.mbt:110 ("bench Array::push Ref n=1000000 resize") ok
time (mean ± σ)         range (min … max) 
   5.01 ms ±  81.43 µs     4.87 ms …   5.11 ms  in 10 ×     20 runs
[moonbitlang/core] bench builtin/array_make_blit_bench_test.mbt:129 ("bench Array::copy Int n=1000000") ok
time (mean ± σ)         range (min … max) 
 577.80 µs ± 857.36 ns   576.70 µs … 579.48 µs  in 10 ×    174 runs
[moonbitlang/core] bench builtin/array_make_blit_bench_test.mbt:135 ("bench Array::copy Ref n=1000000") ok
time (mean ± σ)         range (min … max) 
   2.18 ms ± 103.20 µs     2.13 ms …   2.38 ms  in 10 ×     46 runs
[moonbitlang/core] bench builtin/array_locals_bench_test.mbt:29 ("bench Array::retain_map n=100000") ok
time (mean ± σ)         range (min … max) 
  65.79 µs ± 600.47 ns    65.00 µs …  66.38 µs  in 10 ×   1535 runs
[moonbitlang/core] bench builtin/array_locals_bench_test.mbt:38 ("bench Array::shuffle_in_place n=100000") ok
time (mean ± σ)         range (min … max) 
 154.38 µs ± 135.64 ns   154.21 µs … 154.61 µs  in 10 ×    646 runs
[moonbitlang/core] bench builtin/array_locals_bench_test.mbt:50 ("bench Array::filter_map n=100000") ok
time (mean ± σ)         range (min … max) 
 179.31 µs ± 766.89 ns   178.59 µs … 180.88 µs  in 10 ×    494 runs
[moonbitlang/core] bench builtin/array_locals_bench_test.mbt:58 ("bench FixedArray::each n=100000") ok
time (mean ± σ)         range (min … max) 
  46.02 µs ±  47.35 ns    45.93 µs …  46.07 µs  in 10 ×   2169 runs
[moonbitlang/core] bench builtin/array_locals_bench_test.mbt:68 ("bench FixedArray::eachi n=100000") ok
time (mean ± σ)         range (min … max) 
  60.77 µs ±  72.86 ns    60.67 µs …  60.90 µs  in 10 ×   1641 runs
[moonbitlang/core] bench builtin/array_locals_bench_test.mbt:78 ("bench FixedArray::rev_each n=100000") ok
time (mean ± σ)         range (min … max) 
  51.71 µs ±  67.34 ns    51.57 µs …  51.79 µs  in 10 ×   1926 runs
[moonbitlang/core] bench builtin/array_locals_bench_test.mbt:88 ("bench FixedArray::rev_eachi n=100000") ok
time (mean ± σ)         range (min … max) 
  72.09 µs ± 772.62 ns    71.18 µs …  73.04 µs  in 10 ×   1398 runs
[moonbitlang/core] bench builtin/array_locals_bench_test.mbt:98 ("bench FixedArray::map n=100000") ok
time (mean ± σ)         range (min … max) 
  86.02 µs ± 537.03 ns    85.42 µs …  87.11 µs  in 10 ×   1164 runs
[moonbitlang/core] bench builtin/array_locals_bench_test.mbt:104 ("bench FixedArray::mapi n=100000") ok
time (mean ± σ)         range (min … max) 
  83.84 µs ± 322.27 ns    83.41 µs …  84.27 µs  in 10 ×   1201 runs
[moonbitlang/core] bench builtin/array_locals_bench_test.mbt:110 ("bench FixedArray::makei n=100000") ok
time (mean ± σ)         range (min … max) 
  82.45 µs ± 231.27 ns    82.19 µs …  82.77 µs  in 10 ×   1253 runs
[moonbitlang/core] bench builtin/array_locals_bench_test.mbt:115 ("bench FixedArray::fold n=100000") ok
time (mean ± σ)         range (min … max) 
  51.63 µs ±  29.61 ns    51.59 µs …  51.67 µs  in 10 ×   1938 runs
[moonbitlang/core] bench builtin/array_locals_bench_test.mbt:121 ("bench FixedArray::rev_fold n=100000") ok
time (mean ± σ)         range (min … max) 
  51.03 µs ±  32.06 ns    50.98 µs …  51.07 µs  in 10 ×   1964 runs
[moonbitlang/core] bench builtin/array_locals_bench_test.mbt:127 ("bench FixedArray::foldi n=100000") ok
time (mean ± σ)         range (min … max) 
  54.42 µs ±  32.58 ns    54.39 µs …  54.47 µs  in 10 ×   1839 runs
[moonbitlang/core] bench builtin/array_locals_bench_test.mbt:133 ("bench FixedArray::rev_foldi n=100000") ok
time (mean ± σ)         range (min … max) 
  59.74 µs ± 143.66 ns    59.66 µs …  60.14 µs  in 10 ×   1677 runs
[moonbitlang/core] bench builtin/array_locals_bench_test.mbt:139 ("bench ArrayView::chunk_by n=100000") ok
time (mean ± σ)         range (min … max) 
  90.16 µs ± 916.64 ns    89.28 µs …  91.68 µs  in 10 ×   1115 runs
[moonbitlang/core] bench builtin/array_locals_bench_test.mbt:146 ("bench ArrayView::each n=100000") ok
time (mean ± σ)         range (min … max) 
  60.23 µs ± 142.36 ns    60.01 µs …  60.41 µs  in 10 ×   1658 runs
[moonbitlang/core] bench builtin/array_locals_bench_test.mbt:157 ("bench ArrayView::eachi n=100000") ok
time (mean ± σ)         range (min … max) 
  68.18 µs ± 141.53 ns    67.92 µs …  68.32 µs  in 10 ×   1493 runs
[moonbitlang/core] bench builtin/array_locals_bench_test.mbt:168 ("bench ArrayView::rev_each n=100000") ok
time (mean ± σ)         range (min … max) 
  66.03 µs ±  76.76 ns    65.88 µs …  66.15 µs  in 10 ×   1513 runs
[moonbitlang/core] bench builtin/array_locals_bench_test.mbt:179 ("bench ArrayView::rev_eachi n=100000") ok
time (mean ± σ)         range (min … max) 
  73.80 µs ± 168.79 ns    73.44 µs …  74.10 µs  in 10 ×   1351 runs
[moonbitlang/core] bench builtin/array_locals_bench_test.mbt:190 ("bench ArrayView::all n=100000") ok
time (mean ± σ)         range (min … max) 
  59.15 µs ± 187.66 ns    58.98 µs …  59.61 µs  in 10 ×   1692 runs
[moonbitlang/core] bench builtin/array_locals_bench_test.mbt:197 ("bench ArrayView::any n=100000") ok
time (mean ± σ)         range (min … max) 
  58.59 µs ±  92.74 ns    58.48 µs …  58.73 µs  in 10 ×   1714 runs
[moonbitlang/core] bench builtin/array_locals_bench_test.mbt:204 ("bench ArrayView::search_by n=100000") ok
time (mean ± σ)         range (min … max) 
  58.58 µs ± 102.05 ns    58.40 µs …  58.70 µs  in 10 ×   1707 runs
[moonbitlang/core] bench builtin/array_locals_bench_test.mbt:213 ("bench ArrayView::fold n=100000") ok
time (mean ± σ)         range (min … max) 
  58.52 µs ±  92.73 ns    58.40 µs …  58.65 µs  in 10 ×   1712 runs
[moonbitlang/core] bench builtin/array_locals_bench_test.mbt:220 ("bench ArrayView::rev_fold n=100000") ok
time (mean ± σ)         range (min … max) 
  56.80 µs ±  40.06 ns    56.75 µs …  56.87 µs  in 10 ×   1762 runs
[moonbitlang/core] bench builtin/array_locals_bench_test.mbt:227 ("bench ArrayView::foldi n=100000") ok
time (mean ± σ)         range (min … max) 
  65.37 µs ±  45.78 ns    65.29 µs …  65.41 µs  in 10 ×   1531 runs
[moonbitlang/core] bench builtin/array_locals_bench_test.mbt:234 ("bench ArrayView::rev_foldi n=100000") ok
time (mean ± σ)         range (min … max) 
  72.16 µs ± 188.73 ns    72.04 µs …  72.67 µs  in 10 ×   1387 runs
[moonbitlang/core] bench builtin/array_locals_bench_test.mbt:241 ("bench ArrayView::map n=100000") ok
time (mean ± σ)         range (min … max) 
 130.76 µs ± 489.88 ns   130.19 µs … 131.49 µs  in 10 ×    759 runs
[moonbitlang/core] bench builtin/array_locals_bench_test.mbt:248 ("bench ArrayView::mapi n=100000") ok
time (mean ± σ)         range (min … max) 
 133.01 µs ± 453.86 ns   132.66 µs … 133.95 µs  in 10 ×    745 runs
[moonbitlang/core] bench builtin/array_locals_bench_test.mbt:255 ("bench ArrayView::filter n=100000") ok
time (mean ± σ)         range (min … max) 
 142.52 µs ± 625.62 ns   141.54 µs … 143.62 µs  in 10 ×    699 runs
[moonbitlang/core] bench builtin/array_locals_bench_test.mbt:262 ("bench ArrayView::filter_map n=100000") ok
time (mean ± σ)         range (min … max) 
 179.75 µs ±   1.19 µs   178.72 µs … 182.54 µs  in 10 ×    494 runs
[moonbitlang/core] bench bytes/find_bench_test.mbt:92 ("bench BytesView::find single byte hit end n=4096") ok
time (mean ± σ)         range (min … max) 
   2.07 µs ±   2.80 ns     2.07 µs …   2.08 µs  in 10 ×  49811 runs
[moonbitlang/core] bench bytes/find_bench_test.mbt:99 ("bench BytesView::find single byte miss n=4096") ok
time (mean ± σ)         range (min … max) 
   2.13 µs ±   7.90 ns     2.12 µs …   2.14 µs  in 10 ×  49056 runs
[moonbitlang/core] bench bytes/find_bench_test.mbt:106 ("bench BytesView::find substring rare hit end n=4096") ok
time (mean ± σ)         range (min … max) 
   2.23 µs ±   1.52 ns     2.23 µs …   2.23 µs  in 10 ×  44811 runs
[moonbitlang/core] bench bytes/find_bench_test.mbt:113 ("bench BytesView::find substring dense miss n=4096") ok
time (mean ± σ)         range (min … max) 
   2.27 µs ±  24.22 ns     2.24 µs …   2.32 µs  in 10 ×  43167 runs
[moonbitlang/core] bench bytes/find_bench_test.mbt:120 ("bench BytesView::find offset view rare hit end n=4096") ok
time (mean ± σ)         range (min … max) 
   2.20 µs ±   1.52 ns     2.20 µs …   2.20 µs  in 10 ×  44783 runs
[moonbitlang/core] bench bytes/find_bench_test.mbt:127 ("bench BytesView::find long dense miss n=4096") ok
time (mean ± σ)         range (min … max) 
   4.78 µs ±   6.58 ns     4.77 µs …   4.79 µs  in 10 ×  20892 runs
[moonbitlang/core] bench bytes/find_bench_test.mbt:134 ("bench BytesView::find single byte miss n=32") ok
time (mean ± σ)         range (min … max) 
  23.28 ns ±   0.55 ns    22.52 ns …  24.04 ns  in 10 × 100000 runs
[moonbitlang/core] bench bytes/find_bench_test.mbt:141 ("bench BytesView::find substring miss n=32") ok
time (mean ± σ)         range (min … max) 
  25.31 ns ±   0.61 ns    24.53 ns …  26.17 ns  in 10 × 100000 runs
[moonbitlang/core] bench bytes/find_bench_test.mbt:148 ("bench BytesView::rev_find single byte hit start n=4096") ok
time (mean ± σ)         range (min … max) 
   2.07 µs ±   5.82 ns     2.06 µs …   2.08 µs  in 10 ×  49917 runs
[moonbitlang/core] bench bytes/find_bench_test.mbt:155 ("bench BytesView::rev_find single byte miss n=4096") ok
time (mean ± σ)         range (min … max) 
   2.05 µs ±  11.87 ns     2.03 µs …   2.08 µs  in 10 ×  49523 runs
[moonbitlang/core] bench bytes/find_bench_test.mbt:162 ("bench BytesView::rev_find substring rare hit start n=4096") ok
time (mean ± σ)         range (min … max) 
   3.35 µs ±   1.03 ns     3.35 µs …   3.35 µs  in 10 ×  29843 runs
[moonbitlang/core] bench bytes/find_bench_test.mbt:169 ("bench BytesView::rev_find substring dense miss n=4096") ok
time (mean ± σ)         range (min … max) 
   3.50 µs ±   7.35 ns     3.49 µs …   3.51 µs  in 10 ×  28441 runs
[moonbitlang/core] bench bytes/find_bench_test.mbt:176 ("bench BytesView::rev_find offset view rare hit start n=4096") ok
time (mean ± σ)         range (min … max) 
   3.34 µs ±   1.75 ns     3.34 µs …   3.34 µs  in 10 ×  29919 runs
[moonbitlang/core] bench bytes/find_bench_test.mbt:185 ("bench BytesView::rev_find long dense miss n=4096") ok
time (mean ± σ)         range (min … max) 
   3.53 µs ±   5.13 ns     3.52 µs …   3.54 µs  in 10 ×  28361 runs
[moonbitlang/core] bench debug/debug_inspect_bench_test.mbt:16 ("bench debug_inspect passing Int") ok
time (mean ± σ)         range (min … max) 
  66.24 ns ±   1.12 ns    64.73 ns …  68.52 ns  in 10 × 100000 runs
[moonbitlang/core] bench debug/debug_inspect_bench_test.mbt:21 ("bench debug_inspect passing Array") ok
time (mean ± σ)         range (min … max) 
 842.24 ns ±   5.03 ns   833.35 ns … 849.41 ns  in 10 × 100000 runs
[moonbitlang/core] bench deque/deque_bench_test.mbt:22 ("bench Deque::to_array Int n=50000") ok
time (mean ± σ)         range (min … max) 
 101.65 µs ± 727.96 ns   100.52 µs … 102.59 µs  in 10 ×    994 runs
[moonbitlang/core] bench deque/deque_bench_test.mbt:28 ("bench Deque::to_array Ref n=50000") ok
time (mean ± σ)         range (min … max) 
 124.83 µs ±   1.03 µs   123.93 µs … 126.72 µs  in 10 ×    793 runs
[moonbitlang/core] bench deque/deque_bench_test.mbt:34 ("bench Deque steady-state pop_front/push_back x100000 len=1000") ok
time (mean ± σ)         range (min … max) 
 365.93 µs ± 976.92 ns   364.71 µs … 367.01 µs  in 10 ×    273 runs
[moonbitlang/core] bench deque/deque_bench_test.mbt:51 ("bench Deque steady-state push_front/pop_back x100000 len=1000") ok
time (mean ± σ)         range (min … max) 
 366.02 µs ± 987.69 ns   364.54 µs … 367.29 µs  in 10 ×    273 runs
[moonbitlang/core] bench deque/deque_bench_test.mbt:67 ("bench Deque::get x100000 len=1000") ok
time (mean ± σ)         range (min … max) 
 637.72 µs ± 364.08 ns   637.16 µs … 638.35 µs  in 10 ×    157 runs
[moonbitlang/core] bench encoding/ascii/ascii_bench_test.mbt:40 ("bench ASCII decode n=15") ok
time (mean ± σ)         range (min … max) 
  54.44 ns ±   0.85 ns    52.91 ns …  55.90 ns  in 10 × 100000 runs
[moonbitlang/core] bench encoding/ascii/ascii_bench_test.mbt:46 ("bench ASCII decode n=16") ok
time (mean ± σ)         range (min … max) 
  57.31 ns ±   0.52 ns    56.33 ns …  57.88 ns  in 10 × 100000 runs
[moonbitlang/core] bench encoding/ascii/ascii_bench_test.mbt:52 ("bench ASCII decode n=32") ok
time (mean ± σ)         range (min … max) 
  99.95 ns ±   0.62 ns    98.83 ns … 100.80 ns  in 10 × 100000 runs
[moonbitlang/core] bench encoding/ascii/ascii_bench_test.mbt:58 ("bench ASCII decode n=64") ok
time (mean ± σ)         range (min … max) 
 141.51 ns ±   0.70 ns   140.68 ns … 142.60 ns  in 10 × 100000 runs
[moonbitlang/core] bench encoding/ascii/ascii_bench_test.mbt:64 ("bench ASCII decode n=100000") ok
time (mean ± σ)         range (min … max) 
 231.25 µs ±   1.56 µs   229.00 µs … 233.93 µs  in 10 ×    432 runs
[moonbitlang/core] bench encoding/ascii/ascii_bench_test.mbt:70 ("bench ASCII decode n=1000000") ok
time (mean ± σ)         range (min … max) 
   2.21 ms ±  14.33 µs     2.18 ms …   2.22 ms  in 10 ×     46 runs
[moonbitlang/core] bench encoding/base64/v128_bench_wbtest.mbt:38 ("bench encode scalar n=64") ok
time (mean ± σ)         range (min … max) 
   1.69 µs ±  14.45 ns     1.67 µs …   1.72 µs  in 10 ×  56140 runs
[moonbitlang/core] bench encoding/base64/v128_bench_wbtest.mbt:43 ("bench encode v128 n=64") ok
time (mean ± σ)         range (min … max) 
   1.68 µs ±   4.02 ns     1.67 µs …   1.69 µs  in 10 ×  57397 runs
[moonbitlang/core] bench encoding/base64/v128_bench_wbtest.mbt:48 ("bench encode scalar n=1024") ok
time (mean ± σ)         range (min … max) 
  25.88 µs ± 420.48 ns    25.50 µs …  26.59 µs  in 10 ×   3804 runs
[moonbitlang/core] bench encoding/base64/v128_bench_wbtest.mbt:53 ("bench encode v128 n=1024") ok
time (mean ± σ)         range (min … max) 
  25.80 µs ± 253.43 ns    25.59 µs …  26.31 µs  in 10 ×   3786 runs
[moonbitlang/core] bench encoding/base64/v128_bench_wbtest.mbt:58 ("bench encode scalar n=65536") ok
time (mean ± σ)         range (min … max) 
   1.67 ms ±   3.66 µs     1.66 ms …   1.67 ms  in 10 ×     60 runs
[moonbitlang/core] bench encoding/base64/v128_bench_wbtest.mbt:63 ("bench encode v128 n=65536") ok
time (mean ± σ)         range (min … max) 
   1.67 ms ±   5.64 µs     1.67 ms …   1.68 ms  in 10 ×     60 runs
[moonbitlang/core] bench encoding/base64/v128_bench_wbtest.mbt:68 ("bench decode scalar n=64") ok
time (mean ± σ)         range (min … max) 
 259.08 ns ±   1.12 ns   257.49 ns … 260.62 ns  in 10 × 100000 runs
[moonbitlang/core] bench encoding/base64/v128_bench_wbtest.mbt:75 ("bench decode v128 n=64") ok
time (mean ± σ)         range (min … max) 
 260.06 ns ±   1.24 ns   258.53 ns … 261.60 ns  in 10 × 100000 runs
[moonbitlang/core] bench encoding/base64/v128_bench_wbtest.mbt:80 ("bench decode scalar n=1024") ok
time (mean ± σ)         range (min … max) 
   3.65 µs ±  17.86 ns     3.64 µs …   3.68 µs  in 10 ×  25889 runs
[moonbitlang/core] bench encoding/base64/v128_bench_wbtest.mbt:87 ("bench decode v128 n=1024") ok
time (mean ± σ)         range (min … max) 
   3.65 µs ±  13.45 ns     3.64 µs …   3.67 µs  in 10 ×  25764 runs
[moonbitlang/core] bench encoding/base64/v128_bench_wbtest.mbt:92 ("bench decode scalar n=65536") ok
time (mean ± σ)         range (min … max) 
 583.55 µs ±   2.61 µs   579.67 µs … 586.02 µs  in 10 ×    171 runs
[moonbitlang/core] bench encoding/base64/v128_bench_wbtest.mbt:99 ("bench decode v128 n=65536") ok
time (mean ± σ)         range (min … max) 
 580.00 µs ± 998.69 ns   578.94 µs … 582.31 µs  in 10 ×    173 runs
[moonbitlang/core] bench encoding/hex/v128_bench_wbtest.mbt:34 ("bench encode scalar 4k") ok
time (mean ± σ)         range (min … max) 
 147.82 µs ± 582.55 ns   147.11 µs … 148.76 µs  in 10 ×    678 runs
[moonbitlang/core] bench encoding/hex/v128_bench_wbtest.mbt:39 ("bench encode public 64") ok
time (mean ± σ)         range (min … max) 
   2.34 µs ±  10.87 ns     2.33 µs …   2.36 µs  in 10 ×  41667 runs
[moonbitlang/core] bench encoding/hex/v128_bench_wbtest.mbt:44 ("bench encode public 4k") ok
time (mean ± σ)         range (min … max) 
 147.80 µs ± 439.68 ns   147.28 µs … 148.68 µs  in 10 ×    682 runs
[moonbitlang/core] bench encoding/hex/v128_bench_wbtest.mbt:49 ("bench encode public 64k") ok
time (mean ± σ)         range (min … max) 
   2.37 ms ±  13.67 µs     2.35 ms …   2.39 ms  in 10 ×     43 runs
[moonbitlang/core] bench encoding/hex/v128_bench_wbtest.mbt:54 ("bench decode scalar 4k") ok
time (mean ± σ)         range (min … max) 
  27.67 µs ± 722.66 ns    26.81 µs …  28.47 µs  in 10 ×   3492 runs
[moonbitlang/core] bench encoding/hex/v128_bench_wbtest.mbt:62 ("bench decode public 4k") ok
time (mean ± σ)         range (min … max) 
  20.85 µs ±   1.68 µs    18.79 µs …  22.92 µs  in 10 ×   4302 runs
[moonbitlang/core] bench encoding/hex/v128_bench_wbtest.mbt:70 ("bench decode public 64k") ok
time (mean ± σ)         range (min … max) 
 566.33 µs ±   1.26 µs   564.87 µs … 568.41 µs  in 10 ×    177 runs
[moonbitlang/core] bench encoding/utf16/utf16_v128_bench_test.mbt:57 ("bench utf16 encode ASCII LE n=100000") ok
time (mean ± σ)         range (min … max) 
 104.48 µs ±   1.14 µs   103.67 µs … 106.32 µs  in 10 ×    939 runs
[moonbitlang/core] bench encoding/utf16/utf16_v128_bench_test.mbt:63 ("bench utf16 encode ASCII BE n=100000") ok
time (mean ± σ)         range (min … max) 
 111.39 µs ± 432.44 ns   110.38 µs … 111.79 µs  in 10 ×    906 runs
[moonbitlang/core] bench encoding/utf16/utf16_v128_bench_test.mbt:69 ("bench utf16 encode mixed LE n=100000") ok
time (mean ± σ)         range (min … max) 
 104.38 µs ± 609.31 ns   103.89 µs … 105.58 µs  in 10 ×    944 runs
[moonbitlang/core] bench encoding/utf16/utf16_v128_bench_test.mbt:75 ("bench utf16 encode mixed BE n=100000") ok
time (mean ± σ)         range (min … max) 
 111.38 µs ± 413.90 ns   110.51 µs … 111.81 µs  in 10 ×    900 runs
[moonbitlang/core] bench encoding/utf16/utf16_v128_bench_test.mbt:81 ("bench utf16 decode ASCII LE n=100000") ok
time (mean ± σ)         range (min … max) 
 192.99 µs ±   1.05 µs   190.35 µs … 194.22 µs  in 10 ×    535 runs
[moonbitlang/core] bench encoding/utf16/utf16_v128_bench_test.mbt:87 ("bench utf16 decode ASCII BE n=100000") ok
time (mean ± σ)         range (min … max) 
 330.37 µs ±   2.13 µs   326.71 µs … 334.11 µs  in 10 ×    304 runs
[moonbitlang/core] bench encoding/utf16/utf16_v128_bench_test.mbt:95 ("bench utf16 decode mixed LE n=100000") ok
time (mean ± σ)         range (min … max) 
 193.52 µs ±   1.33 µs   189.94 µs … 194.48 µs  in 10 ×    534 runs
[moonbitlang/core] bench encoding/utf16/utf16_v128_bench_test.mbt:101 ("bench utf16 decode mixed BE n=100000") ok
time (mean ± σ)         range (min … max) 
 332.52 µs ±   3.63 µs   327.28 µs … 338.31 µs  in 10 ×    304 runs
[moonbitlang/core] bench encoding/utf16/utf16_v128_bench_test.mbt:109 ("bench utf16 decode emoji LE n=100000") ok
time (mean ± σ)         range (min … max) 
 289.58 µs ±   1.12 µs   287.00 µs … 290.57 µs  in 10 ×    344 runs
[moonbitlang/core] bench encoding/utf16/utf16_v128_bench_test.mbt:115 ("bench utf16 decode emoji BE n=100000") ok
time (mean ± σ)         range (min … max) 
 342.20 µs ±   1.61 µs   340.12 µs … 344.83 µs  in 10 ×    291 runs
[moonbitlang/core] bench hashmap/hashmap_bench_test.mbt:19 ("bench HashMap::set n=50000") ok
time (mean ± σ)         range (min … max) 
   1.65 ms ±  15.03 µs     1.63 ms …   1.67 ms  in 10 ×     60 runs
[moonbitlang/core] bench hashmap/hashmap_bench_test.mbt:30 ("bench HashMap::get n=50000") ok
time (mean ± σ)         range (min … max) 
 495.20 µs ±   3.63 µs   490.54 µs … 498.91 µs  in 10 ×    201 runs
[moonbitlang/core] bench hashmap/hashmap_bench_test.mbt:47 ("bench HashMap::get miss n=50000") ok
time (mean ± σ)         range (min … max) 
 618.80 µs ±   1.12 µs   617.77 µs … 621.54 µs  in 10 ×    165 runs
[moonbitlang/core] bench hashmap/hashmap_bench_test.mbt:67 ("bench HashMap::set+remove n=50000") ok
time (mean ± σ)         range (min … max) 
   2.31 ms ±  26.39 µs     2.28 ms …   2.36 ms  in 10 ×     44 runs
[moonbitlang/core] bench hashmap/hashmap_bench_test.mbt:87 ("bench HashMap::copy+remove n=50000") ok
time (mean ± σ)         range (min … max) 
   1.26 ms ±  21.00 µs     1.24 ms …   1.29 ms  in 10 ×     81 runs
[moonbitlang/core] bench hashmap/hashmap_bench_test.mbt:102 ("bench HashMap::copy n=50000") ok
time (mean ± σ)         range (min … max) 
 614.54 µs ±   9.11 µs   603.58 µs … 626.00 µs  in 10 ×    162 runs
[moonbitlang/core] bench hashmap/hashmap_bench_test.mbt:114 ("bench HashMap::to_array Int n=50000") ok
time (mean ± σ)         range (min … max) 
 599.03 µs ±  10.04 µs   582.64 µs … 611.37 µs  in 10 ×    172 runs
[moonbitlang/core] bench hashmap/hashmap_bench_test.mbt:123 ("bench HashMap::to_array Ref n=50000") ok
time (mean ± σ)         range (min … max) 
 726.63 µs ±  18.48 µs   697.47 µs … 755.71 µs  in 10 ×    137 runs
[moonbitlang/core] bench hashmap/hashmap_bench_test.mbt:141 ("bench HashMap::filter n=50000") ok
time (mean ± σ)         range (min … max) 
 788.31 µs ±  10.19 µs   771.09 µs … 797.22 µs  in 10 ×    128 runs
[moonbitlang/core] bench hashmap/hashmap_bench_test.mbt:147 ("bench HashMap comprehension filter n=50000") ok
time (mean ± σ)         range (min … max) 
   2.47 ms ±  26.75 µs     2.44 ms …   2.51 ms  in 10 ×     41 runs
[moonbitlang/core] bench hashset/set_algebra_bench_test.mbt:26 ("bench HashSet::union String 10k 50% overlap") ok
time (mean ± σ)         range (min … max) 
 541.58 µs ±   3.59 µs   535.35 µs … 547.90 µs  in 10 ×    184 runs
[moonbitlang/core] bench hashset/set_algebra_bench_test.mbt:33 ("bench HashSet::union Int 10k 50% overlap") ok
time (mean ± σ)         range (min … max) 
 440.71 µs ±   3.94 µs   436.72 µs … 449.50 µs  in 10 ×    223 runs
[moonbitlang/core] bench hashset/set_algebra_bench_test.mbt:40 ("bench HashSet::intersection String 10k 50% overlap") ok
time (mean ± σ)         range (min … max) 
 348.91 µs ±   2.48 µs   345.50 µs … 353.12 µs  in 10 ×    286 runs
[moonbitlang/core] bench hashset/set_algebra_bench_test.mbt:47 ("bench HashSet::difference String 10k 50% overlap") ok
time (mean ± σ)         range (min … max) 
 334.20 µs ±   1.89 µs   331.03 µs … 336.76 µs  in 10 ×    296 runs
[moonbitlang/core] bench hashset/set_algebra_bench_test.mbt:54 ("bench HashSet::is_subset String 10k true") ok
time (mean ± σ)         range (min … max) 
 275.68 µs ± 768.49 ns   274.93 µs … 276.70 µs  in 10 ×    359 runs
[moonbitlang/core] bench hashset/set_algebra_bench_test.mbt:61 ("bench HashSet == String 10k") ok
time (mean ± σ)         range (min … max) 
 285.72 µs ±   1.44 µs   283.54 µs … 286.93 µs  in 10 ×    353 runs
[moonbitlang/core] bench hashset/set_algebra_bench_test.mbt:68 ("bench HashSet == Int 10k") ok
time (mean ± σ)         range (min … max) 
  58.27 µs ±   2.98 µs    52.69 µs …  61.19 µs  in 10 ×   1492 runs
[moonbitlang/core] bench hashset/hashset_bench_test.mbt:19 ("bench HashSet::add n=50000") ok
time (mean ± σ)         range (min … max) 
   2.04 ms ±  30.98 µs     2.01 ms …   2.10 ms  in 10 ×     49 runs
[moonbitlang/core] bench hashset/hashset_bench_test.mbt:30 ("bench HashSet::contains n=50000") ok
time (mean ± σ)         range (min … max) 
   1.08 ms ±   2.53 µs     1.08 ms …   1.08 ms  in 10 ×     93 runs
[moonbitlang/core] bench hashset/hashset_bench_test.mbt:56 ("bench HashSet::filter n=50000") ok
time (mean ± σ)         range (min … max) 
 367.01 µs ±   4.41 µs   360.77 µs … 373.22 µs  in 10 ×    280 runs
[moonbitlang/core] bench hashset/hashset_bench_test.mbt:62 ("bench HashSet comprehension filter n=50000") ok
time (mean ± σ)         range (min … max) 
 939.76 µs ±   8.55 µs   930.54 µs … 952.53 µs  in 10 ×    106 runs
[moonbitlang/core] bench immut/hashmap/update_bench_test.mbt:21 ("bench HashMap::remove absent x1000 n=100000") ok
time (mean ± σ)         range (min … max) 
  26.23 µs ±  27.09 ns    26.19 µs …  26.27 µs  in 10 ×   3813 runs
[moonbitlang/core] bench immut/hashmap/update_bench_test.mbt:32 ("bench HashMap::remove present x1000 n=100000") ok
time (mean ± σ)         range (min … max) 
 186.32 µs ± 436.75 ns   185.53 µs … 186.87 µs  in 10 ×    537 runs
[moonbitlang/core] bench immut/hashmap/update_bench_test.mbt:43 ("bench HashMap::union with a derived version n=100000") ok
time (mean ± σ)         range (min … max) 
 478.27 ns ±   2.18 ns   474.38 ns … 480.88 ns  in 10 × 100000 runs
[moonbitlang/core] bench immut/hashmap/update_bench_test.mbt:49 ("bench HashMap::intersection with a derived version n=100000") ok
time (mean ± σ)         range (min … max) 
 457.98 ns ±   1.93 ns   454.68 ns … 460.29 ns  in 10 × 100000 runs
[moonbitlang/core] bench immut/hashmap/hashmap_build_bench_test.mbt:37 ("bench HashMap constructor ordered n=10000") ok
time (mean ± σ)         range (min … max) 
 568.04 µs ±   1.43 µs   566.34 µs … 570.76 µs  in 10 ×    177 runs
[moonbitlang/core] bench immut/hashmap/hashmap_build_bench_test.mbt:43 ("bench HashMap constructor random n=10000") ok
time (mean ± σ)         range (min … max) 
 571.51 µs ±   4.02 µs   566.42 µs … 577.90 µs  in 10 ×    175 runs
[moonbitlang/core] bench immut/hashmap/hashmap_build_bench_test.mbt:49 ("bench HashMap::from_iter random n=10000") ok
time (mean ± σ)         range (min … max) 
 603.65 µs ±   3.01 µs   599.83 µs … 608.04 µs  in 10 ×    164 runs
[moonbitlang/core] bench immut/hashset/update_bench_test.mbt:21 ("bench HashSet::add existing x1000 n=100000") ok
time (mean ± σ)         range (min … max) 
  31.64 µs ± 207.06 ns    31.45 µs …  31.96 µs  in 10 ×   3139 runs
[moonbitlang/core] bench immut/hashset/update_bench_test.mbt:32 ("bench HashSet::remove absent x1000 n=100000") ok
time (mean ± σ)         range (min … max) 
  26.21 µs ±  50.46 ns    26.15 µs …  26.33 µs  in 10 ×   3833 runs
[moonbitlang/core] bench immut/hashset/update_bench_test.mbt:43 ("bench HashSet::add new x1000 n=100000") ok
time (mean ± σ)         range (min … max) 
 183.13 µs ± 244.83 ns   182.88 µs … 183.64 µs  in 10 ×    547 runs
[moonbitlang/core] bench immut/hashset/update_bench_test.mbt:54 ("bench HashSet::union with a derived version n=100000") ok
time (mean ± σ)         range (min … max) 
 473.41 ns ±   2.21 ns   469.03 ns … 475.04 ns  in 10 × 100000 runs
[moonbitlang/core] bench immut/hashset/hashset_build_bench_test.mbt:34 ("bench HashSet constructor ordered n=10000") ok
time (mean ± σ)         range (min … max) 
 608.65 µs ±   2.85 µs   605.68 µs … 615.06 µs  in 10 ×    164 runs
[moonbitlang/core] bench immut/hashset/hashset_build_bench_test.mbt:40 ("bench HashSet constructor random n=10000") ok
time (mean ± σ)         range (min … max) 
 608.93 µs ±   4.54 µs   602.18 µs … 614.81 µs  in 10 ×    165 runs
[moonbitlang/core] bench immut/hashset/hashset_build_bench_test.mbt:46 ("bench HashSet::from_iter random n=10000") ok
time (mean ± σ)         range (min … max) 
 634.64 µs ±   3.66 µs   629.35 µs … 639.12 µs  in 10 ×    157 runs
[moonbitlang/core] bench immut/priority_queue/priority_queue_build_bench_test.mbt:38 ("bench PriorityQueue::from_array ordered n=10000") ok
time (mean ± σ)         range (min … max) 
  51.97 µs ±   1.42 µs    50.36 µs …  53.73 µs  in 10 ×   1860 runs
[moonbitlang/core] bench immut/priority_queue/priority_queue_build_bench_test.mbt:44 ("bench PriorityQueue::from_array reverse n=10000") ok
time (mean ± σ)         range (min … max) 
  41.40 µs ± 692.22 ns    40.76 µs …  42.99 µs  in 10 ×   2292 runs
[moonbitlang/core] bench immut/priority_queue/priority_queue_build_bench_test.mbt:50 ("bench PriorityQueue::from_array random n=10000") ok
time (mean ± σ)         range (min … max) 
  53.18 µs ±   1.28 µs    51.82 µs …  54.94 µs  in 10 ×   1838 runs
[moonbitlang/core] bench immut/priority_queue/priority_queue_build_bench_test.mbt:56 ("bench PriorityQueue::from_iter random n=10000") ok
time (mean ± σ)         range (min … max) 
  89.86 µs ± 808.44 ns    88.83 µs …  91.37 µs  in 10 ×   1116 runs
[moonbitlang/core] bench immut/sorted_map/sorted_map_build_bench_test.mbt:54 ("bench SortedMap constructor reverse n=10000") ok
time (mean ± σ)         range (min … max) 
  83.27 µs ± 442.32 ns    82.58 µs …  83.80 µs  in 10 ×   1204 runs
[moonbitlang/core] bench immut/sorted_map/sorted_map_build_bench_test.mbt:60 ("bench SortedMap::from_iter ordered n=10000") ok
time (mean ± σ)         range (min … max) 
   1.83 ms ±   8.00 µs     1.82 ms …   1.84 ms  in 10 ×     55 runs
[moonbitlang/core] bench immut/sorted_map/sorted_map_build_bench_test.mbt:66 ("bench SortedMap::from_iter almost ordered n=10000") ok
time (mean ± σ)         range (min … max) 
   1.83 ms ±  15.20 µs     1.81 ms …   1.86 ms  in 10 ×     55 runs
[moonbitlang/core] bench immut/sorted_map/sorted_map_build_bench_test.mbt:72 ("bench SortedMap::from_iter random n=10000") ok
time (mean ± σ)         range (min … max) 
   1.13 ms ±   6.83 µs     1.12 ms …   1.14 ms  in 10 ×     90 runs
[moonbitlang/core] bench immut/sorted_map/sorted_map_build_bench_test.mbt:78 ("bench SortedMap constructor ordered n=10000") ok
time (mean ± σ)         range (min … max) 
  85.50 µs ± 442.68 ns    84.90 µs …  86.16 µs  in 10 ×   1179 runs
[moonbitlang/core] bench immut/sorted_map/sorted_map_build_bench_test.mbt:84 ("bench SortedMap constructor almost ordered n=10000") ok
time (mean ± σ)         range (min … max) 
 180.27 µs ± 597.01 ns   179.46 µs … 181.09 µs  in 10 ×    553 runs
[moonbitlang/core] bench immut/sorted_map/sorted_map_build_bench_test.mbt:90 ("bench SortedMap constructor random n=10000") ok
time (mean ± σ)         range (min … max) 
 701.61 µs ±   2.65 µs   699.20 µs … 707.70 µs  in 10 ×    142 runs
[moonbitlang/core] bench immut/sorted_map/merge_bench_test.mbt:29 ("bench merge disjoint n=1000") ok
time (mean ± σ)         range (min … max) 
   1.87 µs ±  11.56 ns     1.84 µs …   1.88 µs  in 10 ×  51461 runs
[moonbitlang/core] bench immut/sorted_map/merge_bench_test.mbt:36 ("bench merge disjoint n=5000") ok
time (mean ± σ)         range (min … max) 
   2.78 µs ±  12.77 ns     2.76 µs …   2.80 µs  in 10 ×  36045 runs
[moonbitlang/core] bench immut/sorted_map/merge_bench_test.mbt:43 ("bench merge disjoint n=10000") ok
time (mean ± σ)         range (min … max) 
   3.24 µs ±   6.17 ns     3.23 µs …   3.25 µs  in 10 ×  31046 runs
[moonbitlang/core] bench immut/sorted_map/merge_bench_test.mbt:50 ("bench merge overlapping 50% n=1000") ok
time (mean ± σ)         range (min … max) 
   7.66 µs ±  47.09 ns     7.60 µs …   7.73 µs  in 10 ×  12916 runs
[moonbitlang/core] bench immut/sorted_map/merge_bench_test.mbt:57 ("bench merge overlapping 50% n=5000") ok
time (mean ± σ)         range (min … max) 
  37.24 µs ± 372.56 ns    36.78 µs …  38.00 µs  in 10 ×   2668 runs
[moonbitlang/core] bench immut/sorted_map/merge_bench_test.mbt:64 ("bench merge overlapping 50% n=10000") ok
time (mean ± σ)         range (min … max) 
  67.60 µs ± 626.80 ns    66.66 µs …  68.70 µs  in 10 ×   1467 runs
[moonbitlang/core] bench immut/sorted_map/merge_bench_test.mbt:71 ("bench merge identical n=1000") ok
time (mean ± σ)         range (min … max) 
  11.43 µs ±   7.97 ns    11.42 µs …  11.44 µs  in 10 ×   8731 runs
[moonbitlang/core] bench immut/sorted_map/merge_bench_test.mbt:78 ("bench merge identical n=5000") ok
time (mean ± σ)         range (min … max) 
  59.11 µs ± 387.19 ns    58.35 µs …  59.66 µs  in 10 ×   1688 runs
[moonbitlang/core] bench immut/sorted_map/merge_bench_test.mbt:85 ("bench merge interleaved n=1000") ok
time (mean ± σ)         range (min … max) 
  38.98 µs ± 181.61 ns    38.77 µs …  39.33 µs  in 10 ×   2572 runs
[moonbitlang/core] bench immut/sorted_map/merge_bench_test.mbt:92 ("bench merge interleaved n=5000") ok
time (mean ± σ)         range (min … max) 
 215.29 µs ±   1.42 µs   213.11 µs … 217.28 µs  in 10 ×    468 runs
[moonbitlang/core] bench immut/sorted_map/merge_bench_test.mbt:99 ("bench merge small into large n=100+10000") ok
time (mean ± σ)         range (min … max) 
   2.63 µs ±   5.26 ns     2.63 µs …   2.64 µs  in 10 ×  37488 runs
[moonbitlang/core] bench immut/sorted_set/sorted_set_build_bench_test.mbt:51 ("bench SortedSet constructor reverse n=10000") ok
time (mean ± σ)         range (min … max) 
  76.70 µs ± 304.00 ns    76.31 µs …  77.26 µs  in 10 ×   1292 runs
[moonbitlang/core] bench immut/sorted_set/sorted_set_build_bench_test.mbt:57 ("bench SortedSet::from_iter ordered n=10000") ok
time (mean ± σ)         range (min … max) 
   1.83 ms ±  12.20 µs     1.81 ms …   1.85 ms  in 10 ×     55 runs
[moonbitlang/core] bench immut/sorted_set/sorted_set_build_bench_test.mbt:63 ("bench SortedSet::from_iter almost ordered n=10000") ok
time (mean ± σ)         range (min … max) 
   1.83 ms ±   7.38 µs     1.82 ms …   1.84 ms  in 10 ×     55 runs
[moonbitlang/core] bench immut/sorted_set/sorted_set_build_bench_test.mbt:69 ("bench SortedSet::from_iter rev almost ordered n=10000") ok
time (mean ± σ)         range (min … max) 
   1.82 ms ±  13.56 µs     1.80 ms …   1.85 ms  in 10 ×     56 runs
[moonbitlang/core] bench immut/sorted_set/sorted_set_build_bench_test.mbt:75 ("bench SortedSet::from_iter random n=10000") ok
time (mean ± σ)         range (min … max) 
   1.12 ms ±   5.77 µs     1.11 ms …   1.13 ms  in 10 ×     90 runs
[moonbitlang/core] bench immut/sorted_set/sorted_set_build_bench_test.mbt:81 ("bench SortedSet constructor ordered n=10000") ok
time (mean ± σ)         range (min … max) 
  78.97 µs ± 302.97 ns    78.60 µs …  79.51 µs  in 10 ×   1267 runs
[moonbitlang/core] bench immut/sorted_set/sorted_set_build_bench_test.mbt:87 ("bench SortedSet constructor almost ordered n=10000") ok
time (mean ± σ)         range (min … max) 
 107.54 µs ±   1.44 µs   105.80 µs … 109.28 µs  in 10 ×    911 runs
[moonbitlang/core] bench immut/sorted_set/sorted_set_build_bench_test.mbt:93 ("bench SortedSet constructor random n=10000") ok
time (mean ± σ)         range (min … max) 
 291.08 µs ±   2.31 µs   288.05 µs … 295.11 µs  in 10 ×    344 runs
[moonbitlang/core] bench immut/vector/vector_iter_bench_test.mbt:24 ("bench Vector::iter fold n=100000") ok
time (mean ± σ)         range (min … max) 
 500.86 µs ± 458.82 ns   499.89 µs … 501.30 µs  in 10 ×    200 runs
[moonbitlang/core] bench immut/vector/vector_iter_bench_test.mbt:30 ("bench Vector::iter each n=100000") ok
time (mean ± σ)         range (min … max) 
 514.50 µs ±   3.40 µs   507.88 µs … 518.01 µs  in 10 ×    194 runs
[moonbitlang/core] bench immut/vector/vector_iter_bench_test.mbt:40 ("bench Vector::iter to_array n=100000") ok
time (mean ± σ)         range (min … max) 
 639.98 µs ±   1.93 µs   636.73 µs … 642.00 µs  in 10 ×    162 runs
[moonbitlang/core] bench immut/vector/vector_iter_bench_test.mbt:46 ("bench Vector::for-in n=100000") ok
time (mean ± σ)         range (min … max) 
 500.53 µs ± 737.30 ns   498.78 µs … 501.01 µs  in 10 ×    200 runs
[moonbitlang/core] bench immut/vector/vector_contains_bench_test.mbt:24 ("bench Vector::contains missing n=100000") ok
time (mean ± σ)         range (min … max) 
  53.04 µs ± 114.17 ns    52.75 µs …  53.12 µs  in 10 ×   1901 runs
[moonbitlang/core] bench immut/vector/vector_contains_bench_test.mbt:30 ("bench Vector::contains tree-end n=100000") ok
time (mean ± σ)         range (min … max) 
  53.30 µs ± 233.60 ns    52.80 µs …  53.71 µs  in 10 ×   1903 runs
[moonbitlang/core] bench immut/vector/vector_contains_bench_test.mbt:36 ("bench Vector::contains tail-end n=100000") ok
time (mean ± σ)         range (min … max) 
  53.34 µs ± 178.64 ns    52.92 µs …  53.50 µs  in 10 ×   1898 runs
[moonbitlang/core] bench internal/strconv/parse_double_bench_test.mbt:48 ("bench parse_double fast digits n=4096") ok
time (mean ± σ)         range (min … max) 
 366.92 µs ±  17.60 µs   347.07 µs … 392.59 µs  in 10 ×    263 runs
[moonbitlang/core] bench internal/strconv/parse_double_bench_test.mbt:55 ("bench parse_double underscores n=4096") ok
time (mean ± σ)         range (min … max) 
 660.74 µs ±  17.10 µs   639.86 µs … 681.78 µs  in 10 ×    153 runs
[moonbitlang/core] bench internal/strconv/parse_double_bench_test.mbt:62 ("bench parse_double long mantissa n=4096") ok
time (mean ± σ)         range (min … max) 
 521.09 µs ±   5.97 µs   515.03 µs … 535.08 µs  in 10 ×    193 runs
[moonbitlang/core] bench json/stringify_indent_bench_test.mbt:45 ("bench Json::stringify deep wide indent=2 n=10000") ok
time (mean ± σ)         range (min … max) 
 409.94 µs ±   1.71 µs   408.45 µs … 413.82 µs  in 10 ×    178 runs
[moonbitlang/core] bench json/stringify_indent_bench_test.mbt:54 ("bench Json::stringify compact n=10000") ok
time (mean ± σ)         range (min … max) 
 200.34 µs ± 339.77 ns   199.89 µs … 200.97 µs  in 10 ×    452 runs
[moonbitlang/core] bench json/stringify_indent_bench_test.mbt:60 ("bench Json::stringify shallow wide indent=2 n=500") ok
time (mean ± σ)         range (min … max) 
 171.82 µs ± 903.79 ns   170.68 µs … 173.66 µs  in 10 ×    580 runs
[moonbitlang/core] bench json/stringify_indent_bench_test.mbt:66 ("bench Json::stringify shallow wide compact n=500") ok
time (mean ± σ)         range (min … max) 
 126.93 µs ± 527.95 ns   126.27 µs … 128.04 µs  in 10 ×    782 runs
[moonbitlang/core] bench json/stringify_escape_bench_test.mbt:24 ("bench Json::stringify strings no escape n=2048") ok
time (mean ± σ)         range (min … max) 
 128.33 µs ± 599.25 ns   127.88 µs … 129.60 µs  in 10 ×    774 runs
[moonbitlang/core] bench json/stringify_escape_bench_test.mbt:30 ("bench Json::stringify strings slash no escape n=2048") ok
time (mean ± σ)         range (min … max) 
 128.49 µs ± 605.62 ns   127.90 µs … 129.55 µs  in 10 ×    767 runs
[moonbitlang/core] bench json/stringify_escape_bench_test.mbt:36 ("bench Json::stringify strings slash escaped n=2048") ok
time (mean ± σ)         range (min … max) 
 236.15 µs ± 856.39 ns   235.20 µs … 238.06 µs  in 10 ×    362 runs
[moonbitlang/core] bench json/stringify_escape_bench_test.mbt:42 ("bench Json::stringify strings quotes controls n=2048") ok
time (mean ± σ)         range (min … max) 
 215.84 µs ±   1.10 µs   214.71 µs … 217.53 µs  in 10 ×    393 runs
[moonbitlang/core] bench json/stringify_escape_bench_test.mbt:48 ("bench Json::stringify 2KB prose one newline n=64") ok
time (mean ± σ)         range (min … max) 
 321.81 µs ±  43.01 µs   297.45 µs … 403.78 µs  in 10 ×    248 runs
[moonbitlang/core] bench json/parse_bench_test.mbt:45 ("bench json parse mixed object array n=1000") ok
time (mean ± σ)         range (min … max) 
   1.16 ms ±   5.19 µs     1.15 ms …   1.16 ms  in 10 ×     87 runs
[moonbitlang/core] bench json/number_bench_test.mbt:64 ("bench json parse int array n=10000") ok
time (mean ± σ)         range (min … max) 
 737.82 µs ±  10.88 µs   722.59 µs … 752.50 µs  in 10 ×    138 runs
[moonbitlang/core] bench json/number_bench_test.mbt:70 ("bench json parse float array n=10000") ok
time (mean ± σ)         range (min … max) 
   1.10 ms ±   7.10 µs     1.09 ms …   1.11 ms  in 10 ×     92 runs
[moonbitlang/core] bench json/number_bench_test.mbt:76 ("bench json parse long mantissa array n=10000") ok
time (mean ± σ)         range (min … max) 
   1.74 ms ±  16.81 µs     1.71 ms …   1.77 ms  in 10 ×     57 runs
[moonbitlang/core] bench json/json_inspect_bench_test.mbt:16 ("bench json_inspect passing Int") ok
time (mean ± σ)         range (min … max) 
  72.54 ns ±   3.56 ns    66.03 ns …  75.30 ns  in 10 × 100000 runs
[moonbitlang/core] bench lazy_list/concat_bench_test.mbt:40 ("bench LazyList build and traverse n=2048") ok
time (mean ± σ)         range (min … max) 
  34.35 µs ± 327.36 ns    33.42 µs …  34.49 µs  in 10 ×   2902 runs
[moonbitlang/core] bench lazy_list/concat_bench_test.mbt:49 ("bench LazyList re-traverse a forced list n=2048") ok
time (mean ± σ)         range (min … max) 
  15.38 µs ± 199.71 ns    15.24 µs …  15.80 µs  in 10 ×   6359 runs
[moonbitlang/core] bench lazy_list/concat_bench_test.mbt:57 ("bench LazyList left-nested concat, build only n=2048") ok
time (mean ± σ)         range (min … max) 
  77.50 µs ± 441.36 ns    76.57 µs …  77.91 µs  in 10 ×   1291 runs
[moonbitlang/core] bench lazy_list/concat_bench_test.mbt:62 ("bench LazyList left-nested concat, build and traverse n=2048") ok
time (mean ± σ)         range (min … max) 
 148.16 µs ± 302.02 ns   147.75 µs … 148.49 µs  in 10 ×    675 runs
[moonbitlang/core] bench lazy_list/concat_bench_test.mbt:69 ("bench LazyList concat while consuming n=2048") ok
time (mean ± σ)         range (min … max) 
 115.86 µs ± 215.36 ns   115.61 µs … 116.15 µs  in 10 ×    862 runs
[moonbitlang/core] bench lexbuf/lexbuf_bench_test.mbt:47 ("bench Lexbuf retained token chunks=10000 size=1") ok
time (mean ± σ)         range (min … max) 
 319.38 µs ±   1.04 µs   317.31 µs … 321.21 µs  in 10 ×    313 runs
[moonbitlang/core] bench lexbuf/lexbuf_bench_test.mbt:52 ("bench Lexbuf retained token chunks=1250 size=8") ok
time (mean ± σ)         range (min … max) 
  95.63 µs ± 206.83 ns    95.47 µs …  96.19 µs  in 10 ×   1041 runs
[moonbitlang/core] bench lexbuf/lexbuf_bench_test.mbt:57 ("bench Lexbuf retained token chunks=157 size=64") ok
time (mean ± σ)         range (min … max) 
  46.83 µs ± 142.13 ns    46.57 µs …  46.98 µs  in 10 ×   2121 runs
[moonbitlang/core] bench lexbuf/lexbuf_bench_test.mbt:62 ("bench Lexbuf retained token chunks=20 size=512") ok
time (mean ± σ)         range (min … max) 
  44.02 µs ±  71.55 ns    43.85 µs …  44.10 µs  in 10 ×   2257 runs
[moonbitlang/core] bench quickcheck/shrink_collection_bench_test.mbt:16 ("bench shrink Array first candidate size=10000") ok
time (mean ± σ)         range (min … max) 
 148.47 ns ±   0.65 ns   147.66 ns … 149.57 ns  in 10 × 100000 runs
[moonbitlang/core] bench quickcheck/shrink_collection_bench_test.mbt:22 ("bench shrink List first candidate size=10000") ok
time (mean ± σ)         range (min … max) 
  79.36 µs ± 218.69 ns    79.09 µs …  79.68 µs  in 10 ×   1253 runs
[moonbitlang/core] bench quickcheck/generator_bench_test.mbt:16 ("bench Generator::zip_with n=1000000") ok
time (mean ± σ)         range (min … max) 
  11.98 ms ±   8.81 µs    11.97 ms …  11.99 ms  in 10 ×      9 runs
[moonbitlang/core] bench quickcheck/arbitrary_string_bench_test.mbt:16 ("bench Arbitrary String size=10000 count=100") ok
time (mean ± σ)         range (min … max) 
   5.27 ms ±  34.66 µs     5.22 ms …   5.32 ms  in 10 ×     18 runs
[moonbitlang/core] bench random/random_test.mbt:409 ("bench random") ok
time (mean ± σ)         range (min … max) 
  30.34 ms ± 361.90 µs    30.06 ms …  31.26 ms  in 10 ×      4 runs
[moonbitlang/core] bench set/set_algebra_bench_test.mbt:26 ("bench Set::union String 10k 50% overlap") ok
time (mean ± σ)         range (min … max) 
 576.21 µs ±   7.10 µs   569.81 µs … 587.89 µs  in 10 ×    175 runs
[moonbitlang/core] bench set/set_algebra_bench_test.mbt:33 ("bench Set::union Int 10k 50% overlap") ok
time (mean ± σ)         range (min … max) 
 467.78 µs ±   4.31 µs   462.88 µs … 475.87 µs  in 10 ×    213 runs
[moonbitlang/core] bench set/set_algebra_bench_test.mbt:40 ("bench Set::intersection String 10k 50% overlap") ok
time (mean ± σ)         range (min … max) 
 354.01 µs ±   2.48 µs   351.37 µs … 358.68 µs  in 10 ×    280 runs
[moonbitlang/core] bench set/set_algebra_bench_test.mbt:47 ("bench Set::difference String 10k 50% overlap") ok
time (mean ± σ)         range (min … max) 
 363.45 µs ±   2.25 µs   360.95 µs … 367.68 µs  in 10 ×    273 runs
[moonbitlang/core] bench set/set_algebra_bench_test.mbt:54 ("bench Set::is_subset String 10k true") ok
time (mean ± σ)         range (min … max) 
 284.14 µs ± 261.71 ns   283.84 µs … 284.69 µs  in 10 ×    356 runs
[moonbitlang/core] bench set/set_algebra_bench_test.mbt:61 ("bench Set == String 10k") ok
time (mean ± σ)         range (min … max) 
 282.49 µs ±   1.03 µs   280.62 µs … 284.83 µs  in 10 ×    358 runs
[moonbitlang/core] bench set/set_algebra_bench_test.mbt:68 ("bench Set == Int 10k") ok
time (mean ± σ)         range (min … max) 
  99.08 µs ± 566.87 ns    97.92 µs …  99.83 µs  in 10 ×    999 runs
[moonbitlang/core] bench set/linked_hash_set_bench_test.mbt:19 ("bench Set::add n=50000") ok
time (mean ± σ)         range (min … max) 
   2.21 ms ±  35.97 µs     2.16 ms …   2.27 ms  in 10 ×     47 runs
[moonbitlang/core] bench set/linked_hash_set_bench_test.mbt:30 ("bench Set::contains n=50000") ok
time (mean ± σ)         range (min … max) 
   1.07 ms ± 745.04 ns     1.07 ms …   1.07 ms  in 10 ×     94 runs
[moonbitlang/core] bench set/linked_hash_set_bench_test.mbt:47 ("bench Set::contains miss n=50000") ok
time (mean ± σ)         range (min … max) 
   1.11 ms ± 772.25 ns     1.11 ms …   1.11 ms  in 10 ×     90 runs
[moonbitlang/core] bench set/linked_hash_set_bench_test.mbt:67 ("bench Set::add+remove n=50000") ok
time (mean ± σ)         range (min … max) 
   3.34 ms ±  36.53 µs     3.31 ms …   3.41 ms  in 10 ×     30 runs
[moonbitlang/core] bench set/linked_hash_set_bench_test.mbt:86 ("bench Set::filter n=50000") ok
time (mean ± σ)         range (min … max) 
 435.93 µs ±   6.51 µs   424.59 µs … 443.28 µs  in 10 ×    234 runs
[moonbitlang/core] bench set/linked_hash_set_bench_test.mbt:92 ("bench Set comprehension filter n=50000") ok
time (mean ± σ)         range (min … max) 
 970.92 µs ±   5.46 µs   964.25 µs … 979.41 µs  in 10 ×    103 runs
[moonbitlang/core] bench sorted_set/sorted_set_bench_test.mbt:22 ("bench SortedSet::to_array Int n=50000") ok
time (mean ± σ)         range (min … max) 
 162.20 µs ± 488.00 ns   161.62 µs … 163.26 µs  in 10 ×    616 runs
[moonbitlang/core] bench sorted_set/sorted_set_bench_test.mbt:30 ("bench SortedSet::to_array Ref n=50000") ok
time (mean ± σ)         range (min … max) 
 173.89 µs ± 671.82 ns   172.92 µs … 175.37 µs  in 10 ×    573 runs
[moonbitlang/core] bench string/regex_bench_test.mbt:16 ("bench regex /aa?b/ on 1MB string") ok
time (mean ± σ)         range (min … max) 
   2.57 ms ±   9.04 µs     2.54 ms …   2.57 ms  in 10 ×     39 runs
[moonbitlang/core] bench string/regex_bench_test.mbt:23 ("bench regex phone lines") ok
time (mean ± σ)         range (min … max) 
   2.48 µs ±  11.54 ns     2.45 µs …   2.49 µs  in 10 ×  41075 runs
[moonbitlang/core] bench string/regex_bench_test.mbt:43 ("bench regex large pattern") ok
time (mean ± σ)         range (min … max) 
   1.92 ms ±   3.25 µs     1.92 ms …   1.93 ms  in 10 ×     53 runs
[moonbitlang/core] bench v128/v128_bench_test.mbt:32 ("bench V128 i64x2_add n=10000") ok
time (mean ± σ)         range (min … max) 
   5.44 µs ±   9.27 ns     5.43 µs …   5.46 µs  in 10 ×  18312 runs
[moonbitlang/core] bench v128/v128_bench_test.mbt:44 ("bench V128 i32x4_add n=10000") ok
time (mean ± σ)         range (min … max) 
   5.43 µs ±   7.59 ns     5.43 µs …   5.45 µs  in 10 ×  18368 runs
[moonbitlang/core] bench v128/v128_bench_test.mbt:56 ("bench V128 i8x16_add n=10000") ok
time (mean ± σ)         range (min … max) 
   5.44 µs ±  16.06 ns     5.43 µs …   5.48 µs  in 10 ×  18267 runs
[moonbitlang/core] bench v128/v128_bench_test.mbt:68 ("bench V128 i8x16_splat n=10000") ok
time (mean ± σ)         range (min … max) 
   5.40 µs ±   2.39 ns     5.39 µs …   5.40 µs  in 10 ×  18528 runs
[moonbitlang/core] bench v128/v128_bench_test.mbt:79 ("bench V128 i8x16_extract_lane_u n=10000") ok
time (mean ± σ)         range (min … max) 
   8.29 µs ± 142.86 ns     8.15 µs …   8.50 µs  in 10 ×  11630 runs
[moonbitlang/core] bench v128/v128_bench_test.mbt:93 ("bench V128 i8x16_replace_lane n=10000") ok
time (mean ± σ)         range (min … max) 
  39.34 µs ±  95.05 ns    39.28 µs …  39.56 µs  in 10 ×   2545 runs
[moonbitlang/core] bench v128/v128_bench_test.mbt:108 ("bench V128 i8x16_bitmask n=10000") ok
time (mean ± σ)         range (min … max) 
   7.95 µs ±  17.16 ns     7.90 µs …   7.96 µs  in 10 ×  12574 runs
[moonbitlang/core] bench v128/v128_bench_test.mbt:120 ("bench V128 load/store n=10000") ok
time (mean ± σ)         range (min … max) 
 130.33 µs ± 489.51 ns   129.44 µs … 130.65 µs  in 10 ×    759 runs
[moonbitlang/core] bench v128/v128_bench_test.mbt:135 ("bench V128 load8x8_u n=10000") ok
time (mean ± σ)         range (min … max) 
  43.19 µs ± 489.73 ns    42.44 µs …  43.74 µs  in 10 ×   2302 runs
[moonbitlang/core] bench v128/v128_bench_test.mbt:147 ("bench V128 load8x8_s n=10000") ok
time (mean ± σ)         range (min … max) 
  48.34 µs ± 289.44 ns    47.74 µs …  48.68 µs  in 10 ×   2054 runs
[moonbitlang/core] bench v128/v128_bench_test.mbt:159 ("bench V128 load16x4_u n=10000") ok
time (mean ± σ)         range (min … max) 
  37.57 µs ± 523.01 ns    37.08 µs …  38.36 µs  in 10 ×   2684 runs
[moonbitlang/core] bench v128/v128_bench_test.mbt:171 ("bench V128 load16x4_s n=10000") ok
time (mean ± σ)         range (min … max) 
  43.02 µs ±  42.17 ns    42.96 µs …  43.09 µs  in 10 ×   2329 runs
[moonbitlang/core] bench v128/v128_bench_test.mbt:183 ("bench V128 load32x2_u n=10000") ok
time (mean ± σ)         range (min … max) 
  35.64 µs ± 442.76 ns    35.00 µs …  36.11 µs  in 10 ×   2801 runs
[moonbitlang/core] bench v128/v128_bench_test.mbt:195 ("bench V128 load32x2_s n=10000") ok
time (mean ± σ)         range (min … max) 
  37.51 µs ± 329.35 ns    37.18 µs …  38.00 µs  in 10 ×   2639 runs
[moonbitlang/core] bench v128/v128_bench_test.mbt:207 ("bench V128 load_splat n=10000") ok
time (mean ± σ)         range (min … max) 
  51.69 µs ± 284.69 ns    51.37 µs …  52.43 µs  in 10 ×   1893 runs
[moonbitlang/core] bench v128/v128_bench_test.mbt:223 ("bench V128 load8_lane n=10000") ok
time (mean ± σ)         range (min … max) 
  39.38 µs ± 154.48 ns    39.30 µs …  39.81 µs  in 10 ×   2545 runs
[moonbitlang/core] bench v128/v128_bench_test.mbt:235 ("bench V128 load16_lane n=10000") ok
time (mean ± σ)         range (min … max) 
  39.56 µs ±  27.55 ns    39.53 µs …  39.62 µs  in 10 ×   2530 runs
[moonbitlang/core] bench v128/v128_bench_test.mbt:247 ("bench V128 load32_lane n=10000") ok
time (mean ± σ)         range (min … max) 
  39.86 µs ±  38.95 ns    39.81 µs …  39.93 µs  in 10 ×   2511 runs
[moonbitlang/core] bench v128/v128_bench_test.mbt:259 ("bench V128 load64_lane n=10000") ok
time (mean ± σ)         range (min … max) 
  62.37 µs ±  26.51 ns    62.33 µs …  62.43 µs  in 10 ×   1605 runs
[moonbitlang/core] bench v128/v128_bench_test.mbt:271 ("bench V128 extend i8x16 to i16x8 n=10000") ok
time (mean ± σ)         range (min … max) 
  10.85 µs ±   8.30 ns    10.84 µs …  10.87 µs  in 10 ×   9197 runs
[moonbitlang/core] bench v128/v128_bench_test.mbt:285 ("bench V128 extend i16x8 to i32x4 n=10000") ok
time (mean ± σ)         range (min … max) 
  10.85 µs ±   7.28 ns    10.84 µs …  10.86 µs  in 10 ×   9212 runs
[moonbitlang/core] bench v128/v128_bench_test.mbt:299 ("bench V128 extend i32x4 to i64x2 n=10000") ok
time (mean ± σ)         range (min … max) 
  10.84 µs ±   6.66 ns    10.83 µs …  10.85 µs  in 10 ×   9212 runs
[moonbitlang/core] bench v128/v128_bench_test.mbt:313 ("bench V128 all_true n=10000") ok
time (mean ± σ)         range (min … max) 
  14.27 µs ±  14.10 ns    14.24 µs …  14.29 µs  in 10 ×   7039 runs
[moonbitlang/core] bench v128/v128_bench_test.mbt:337 ("bench V128 bitmask all widths n=10000") ok
time (mean ± σ)         range (min … max) 
  16.65 µs ±  21.09 ns    16.62 µs …  16.68 µs  in 10 ×   6004 runs
[moonbitlang/core] bench v128/v128_bench_test.mbt:353 ("bench V128 swizzle n=10000") ok
time (mean ± σ)         range (min … max) 
   5.44 µs ±   4.19 ns     5.43 µs …   5.45 µs  in 10 ×  18378 runs
[moonbitlang/core] bench v128/v128_bench_test.mbt:371 ("bench V128 shuffle n=10000") ok
time (mean ± σ)         range (min … max) 
  10.86 µs ±   2.89 ns    10.86 µs …  10.87 µs  in 10 ×   9194 runs
Total tests: 490, passed: 490, failed: 0.
