[moonbitlang/core] bench argparse/globals_bench_test.mbt:16 ("bench parse inherited globals with an override") ok
time (mean ± σ)         range (min … max) 
   4.26 µs ±  40.69 ns     4.20 µs …   4.31 µs  in 10 ×  23320 runs
[moonbitlang/core] bench bench/hash_bench_test.mbt:16 ("bench Hash for Bytes (small)") ok
time (mean ± σ)         range (min … max) 
   8.05 ns ±   0.07 ns     7.98 ns …   8.17 ns  in 10 × 100000 runs
[moonbitlang/core] bench bench/hash_bench_test.mbt:22 ("bench Hash for Bytes (medium)") ok
time (mean ± σ)         range (min … max) 
 106.29 ns ±   0.17 ns   106.08 ns … 106.53 ns  in 10 × 100000 runs
[moonbitlang/core] bench bench/hash_bench_test.mbt:28 ("bench Hash for Bytes (large)") ok
time (mean ± σ)         range (min … max) 
   2.18 µs ±   1.10 ns     2.18 µs …   2.19 µs  in 10 ×  45806 runs
[moonbitlang/core] bench bench/hash_bench_test.mbt:34 ("bench Hash for BytesView (small)") ok
time (mean ± σ)         range (min … max) 
  13.65 ns ±   0.04 ns    13.60 ns …  13.72 ns  in 10 × 100000 runs
[moonbitlang/core] bench bench/hash_bench_test.mbt:41 ("bench Hash for BytesView (medium)") ok
time (mean ± σ)         range (min … max) 
 103.86 ns ±   0.20 ns   103.62 ns … 104.22 ns  in 10 × 100000 runs
[moonbitlang/core] bench bench/hash_bench_test.mbt:48 ("bench Hash for BytesView (large)") ok
time (mean ± σ)         range (min … max) 
   2.19 µs ±   1.02 ns     2.19 µs …   2.19 µs  in 10 ×  45745 runs
[moonbitlang/core] bench bench/hash_bench_test.mbt:55 ("bench Hasher::combine_bytes (small)") ok
time (mean ± σ)         range (min … max) 
  13.08 ns ±   0.06 ns    13.02 ns …  13.19 ns  in 10 × 100000 runs
[moonbitlang/core] bench bench/hash_bench_test.mbt:65 ("bench Hasher::combine_bytes (medium)") ok
time (mean ± σ)         range (min … max) 
  90.81 ns ±   0.19 ns    90.65 ns …  91.25 ns  in 10 × 100000 runs
[moonbitlang/core] bench bench/hash_bench_test.mbt:75 ("bench Hasher::combine_bytes (large)") ok
time (mean ± σ)         range (min … max) 
   1.91 µs ±   4.68 ns     1.91 µs …   1.92 µs  in 10 ×  52295 runs
[moonbitlang/core] bench bigint/to_string_radix_bench_test.mbt:23 ("bench bigint to_string radix=7 (4000 bits)") ok
time (mean ± σ)         range (min … max) 
 232.44 µs ± 109.75 ns   232.32 µs … 232.64 µs  in 10 ×    431 runs
[moonbitlang/core] bench bigint/to_string_radix_bench_test.mbt:29 ("bench bigint to_string radix=36 (4000 bits)") ok
time (mean ± σ)         range (min … max) 
 125.33 µs ±  46.43 ns   125.26 µs … 125.39 µs  in 10 ×    799 runs
[moonbitlang/core] bench bigint/to_string_radix_bench_test.mbt:35 ("bench bigint to_string radix=10 reference (4000 bits)") ok
time (mean ± σ)         range (min … max) 
   6.31 µs ±   2.19 ns     6.30 µs …   6.31 µs  in 10 ×  15832 runs
[moonbitlang/core] bench bigint/to_string_bench_test.mbt:30 ("bench BigInt::to_string n=40 digits") ok
time (mean ± σ)         range (min … max) 
 165.18 ns ±   0.94 ns   164.19 ns … 166.73 ns  in 10 × 100000 runs
[moonbitlang/core] bench bigint/to_string_bench_test.mbt:36 ("bench BigInt::to_string n=400 digits") ok
time (mean ± σ)         range (min … max) 
   1.28 µs ±   1.71 ns     1.28 µs …   1.29 µs  in 10 ×  78007 runs
[moonbitlang/core] bench bigint/to_string_bench_test.mbt:42 ("bench BigInt::to_string n=4000 digits") ok
time (mean ± σ)         range (min … max) 
  37.20 µs ±  62.28 ns    37.13 µs …  37.32 µs  in 10 ×   2648 runs
[moonbitlang/core] bench bigint/to_string_bench_test.mbt:48 ("bench BigInt::to_string n=40000 digits") ok
time (mean ± σ)         range (min … max) 
   1.43 ms ±   5.85 µs     1.43 ms …   1.44 ms  in 10 ×     70 runs
[moonbitlang/core] bench bigint/to_string_bench_test.mbt:54 ("bench BigInt::to_string n=250000 digits") ok
time (mean ± σ)         range (min … max) 
  21.41 ms ± 143.40 µs    21.15 ms …  21.57 ms  in 10 ×      5 runs
[moonbitlang/core] bench bigint/from_octets_bench_test.mbt:21 ("bench BigInt::from_octets n=64") ok
time (mean ± σ)         range (min … max) 
  25.14 ns ±   0.33 ns    24.85 ns …  25.70 ns  in 10 × 100000 runs
[moonbitlang/core] bench bigint/from_octets_bench_test.mbt:27 ("bench BigInt::from_octets n=1024") ok
time (mean ± σ)         range (min … max) 
 157.41 ns ±   1.73 ns   155.80 ns … 160.51 ns  in 10 × 100000 runs
[moonbitlang/core] bench bigint/division_bench_test.mbt:66 ("bench BigInt balanced division n=4000 digits") ok
time (mean ± σ)         range (min … max) 
  37.28 µs ± 222.18 ns    37.06 µs …  37.66 µs  in 10 ×   2709 runs
[moonbitlang/core] bench bigint/division_bench_test.mbt:72 ("bench BigInt balanced division n=40000 digits") ok
time (mean ± σ)         range (min … max) 
   1.33 ms ±  16.63 µs     1.30 ms …   1.34 ms  in 10 ×     75 runs
[moonbitlang/core] bench bigint/division_bench_test.mbt:78 ("bench BigInt balanced division n=250000 digits") ok
time (mean ± σ)         range (min … max) 
  26.94 ms ± 273.68 µs    26.65 ms …  27.31 ms  in 10 ×      4 runs
[moonbitlang/core] bench bigint/division_bench_test.mbt:84 ("bench BigInt unbalanced division q=65536 d=64 limbs") ok
time (mean ± σ)         range (min … max) 
   5.34 ms ±  12.21 µs     5.33 ms …   5.37 ms  in 10 ×     19 runs
[moonbitlang/core] bench bigint/division_bench_test.mbt:90 ("bench BigInt narrow division q=9 d=64 limbs") ok
time (mean ± σ)         range (min … max) 
 332.70 ns ±   0.95 ns   330.40 ns … 333.39 ns  in 10 × 100000 runs
[moonbitlang/core] bench buffer/write_bench_test.mbt:30 ("bench Buffer::write_byte n=4096") ok
time (mean ± σ)         range (min … max) 
   1.66 µs ±   1.54 ns     1.66 µs …   1.66 µs  in 10 ×  60470 runs
[moonbitlang/core] bench buffer/write_bench_test.mbt:42 ("bench Buffer::write_uint16_be n=4096") ok
time (mean ± σ)         range (min … max) 
   2.22 µs ±   0.86 ns     2.22 µs …   2.22 µs  in 10 ×  45102 runs
[moonbitlang/core] bench buffer/write_bench_test.mbt:54 ("bench Buffer::write_uint_le n=4096") ok
time (mean ± σ)         range (min … max) 
   2.57 µs ±   2.87 ns     2.57 µs …   2.58 µs  in 10 ×  38864 runs
[moonbitlang/core] bench buffer/write_bench_test.mbt:66 ("bench Buffer::write_uint64_be n=4096") ok
time (mean ± σ)         range (min … max) 
   3.56 µs ±   1.67 ns     3.56 µs …   3.56 µs  in 10 ×  28091 runs
[moonbitlang/core] bench buffer/write_bench_test.mbt:78 ("bench Buffer::write_char_utf8 ASCII n=4096") ok
time (mean ± σ)         range (min … max) 
   1.52 µs ±  16.12 ns     1.50 µs …   1.53 µs  in 10 ×  65441 runs
[moonbitlang/core] bench buffer/write_bench_test.mbt:90 ("bench Buffer::write_char_utf8 non-BMP n=4096") ok
time (mean ± σ)         range (min … max) 
   9.12 µs ±  90.20 ns     8.97 µs …   9.21 µs  in 10 ×  10958 runs
[moonbitlang/core] bench buffer/write_bench_test.mbt:103 ("bench Buffer::write_char_utf16le BMP n=4096") ok
time (mean ± σ)         range (min … max) 
   1.97 µs ±  10.53 ns     1.95 µs …   1.98 µs  in 10 ×  50543 runs
[moonbitlang/core] bench buffer/write_bench_test.mbt:115 ("bench Buffer::write_string_utf16le chunks n=4096") ok
time (mean ± σ)         range (min … max) 
  33.07 µs ± 221.56 ns    32.69 µs …  33.32 µs  in 10 ×   3008 runs
[moonbitlang/core] bench buffer/write_bench_test.mbt:130 ("bench @buffer.from_array n=4096") ok
time (mean ± σ)         range (min … max) 
 134.70 ns ±   1.42 ns   133.69 ns … 138.19 ns  in 10 × 100000 runs
[moonbitlang/core] bench builtin/view_bench_test.mbt:34 ("bench ArrayView::at Int n=100000") ok
time (mean ± σ)         range (min … max) 
   4.32 µs ±  47.22 ns     4.26 µs …   4.39 µs  in 10 ×  22917 runs
[moonbitlang/core] bench builtin/view_bench_test.mbt:47 ("bench ArrayView::get Int n=100000") ok
time (mean ± σ)         range (min … max) 
  44.86 µs ±  39.95 ns    44.82 µs …  44.94 µs  in 10 ×   2230 runs
[moonbitlang/core] bench builtin/view_bench_test.mbt:62 ("bench ArrayView::unsafe_get Int n=100000") ok
time (mean ± σ)         range (min … max) 
   4.29 µs ±   3.60 ns     4.28 µs …   4.30 µs  in 10 ×  23555 runs
[moonbitlang/core] bench builtin/view_bench_test.mbt:75 ("bench ArrayView::rev_fold Int n=100000") ok
time (mean ± σ)         range (min … max) 
   5.45 µs ±  19.63 ns     5.43 µs …   5.50 µs  in 10 ×  18061 runs
[moonbitlang/core] bench builtin/view_bench_test.mbt:82 ("bench ArrayView::rev_foldi Int n=100000") ok
time (mean ± σ)         range (min … max) 
   5.48 µs ±  54.95 ns     5.41 µs …   5.56 µs  in 10 ×  18012 runs
[moonbitlang/core] bench builtin/view_bench_test.mbt:91 ("bench ArrayView::equal Int n=100000") ok
time (mean ± σ)         range (min … max) 
  41.21 µs ± 708.18 ns    39.74 µs …  41.70 µs  in 10 ×   2398 runs
[moonbitlang/core] bench builtin/view_bench_test.mbt:99 ("bench ArrayView::compare Int n=100000") ok
time (mean ± σ)         range (min … max) 
  48.35 µs ± 383.47 ns    47.66 µs …  48.60 µs  in 10 ×   2061 runs
[moonbitlang/core] bench builtin/view_bench_test.mbt:107 ("bench MutArrayView::at Int n=100000") ok
time (mean ± σ)         range (min … max) 
   4.33 µs ±  52.87 ns     4.28 µs …   4.41 µs  in 10 ×  23388 runs
[moonbitlang/core] bench builtin/view_bench_test.mbt:120 ("bench MutArrayView::unsafe_get Int n=100000") ok
time (mean ± σ)         range (min … max) 
   4.42 µs ±   6.72 ns     4.42 µs …   4.44 µs  in 10 ×  22660 runs
[moonbitlang/core] bench builtin/view_bench_test.mbt:133 ("bench MutArrayView::set Int n=100000") ok
time (mean ± σ)         range (min … max) 
   7.54 µs ± 135.90 ns     7.28 µs …   7.75 µs  in 10 ×  15127 runs
[moonbitlang/core] bench builtin/view_bench_test.mbt:145 ("bench MutArrayView::unsafe_set Int n=100000") ok
time (mean ± σ)         range (min … max) 
   7.69 µs ± 185.28 ns     7.40 µs …   7.91 µs  in 10 ×  14661 runs
[moonbitlang/core] bench builtin/view_bench_test.mbt:157 ("bench BytesView::at n=100000") ok
time (mean ± σ)         range (min … max) 
   7.24 ns ±   0.03 ns     7.20 ns …   7.28 ns  in 10 × 100000 runs
[moonbitlang/core] bench builtin/view_bench_test.mbt:170 ("bench BytesView::unsafe_get n=100000") ok
time (mean ± σ)         range (min … max) 
   7.29 ns ±   0.02 ns     7.27 ns …   7.34 ns  in 10 × 100000 runs
[moonbitlang/core] bench builtin/stringbuilder_bench_test.mbt:28 ("bench StringBuilder::write_string chunks n=4096") ok
time (mean ± σ)         range (min … max) 
  15.27 µs ± 271.34 ns    14.79 µs …  15.53 µs  in 10 ×   6453 runs
[moonbitlang/core] bench builtin/stringbuilder_bench_test.mbt:41 ("bench StringBuilder::write_view chunks n=4096") ok
time (mean ± σ)         range (min … max) 
  34.78 µs ± 177.55 ns    34.63 µs …  35.07 µs  in 10 ×   2842 runs
[moonbitlang/core] bench builtin/stringbuilder_bench_test.mbt:54 ("bench StringBuilder::write_stringview chunks n=4096") ok
time (mean ± σ)         range (min … max) 
  34.77 µs ± 145.89 ns    34.63 µs …  34.99 µs  in 10 ×   2867 runs
[moonbitlang/core] bench builtin/stringbuilder_bench_test.mbt:67 ("bench StringBuilder::write_char ASCII n=4096") ok
time (mean ± σ)         range (min … max) 
   2.48 µs ±  23.43 ns     2.45 µs …   2.51 µs  in 10 ×  39738 runs
[moonbitlang/core] bench builtin/stringbuilder_bench_test.mbt:79 ("bench StringBuilder::write_char non-BMP n=4096") ok
time (mean ± σ)         range (min … max) 
   8.70 µs ±   5.44 ns     8.69 µs …   8.71 µs  in 10 ×  11530 runs
[moonbitlang/core] bench builtin/stringbuilder_bench_test.mbt:92 ("bench StringBuilder::reset reuse spare capacity n=4096") ok
time (mean ± σ)         range (min … max) 
 129.07 µs ±   1.50 µs   127.57 µs … 131.60 µs  in 10 ×    762 runs
[moonbitlang/core] bench builtin/string_to_upper_bench_test.mbt:61 ("bench String::to_upper short") ok
time (mean ± σ)         range (min … max) 
  24.26 ns ±   0.47 ns    23.63 ns …  24.84 ns  in 10 × 100000 runs
[moonbitlang/core] bench builtin/string_to_upper_bench_test.mbt:66 ("bench String::to_upper long") ok
time (mean ± σ)         range (min … max) 
  87.90 ns ±   0.36 ns    87.26 ns …  88.21 ns  in 10 × 100000 runs
[moonbitlang/core] bench builtin/string_to_upper_bench_test.mbt:71 ("bench String::to_upper sparse") ok
time (mean ± σ)         range (min … max) 
  86.09 ns ±   0.32 ns    85.52 ns …  86.44 ns  in 10 × 100000 runs
[moonbitlang/core] bench builtin/string_to_upper_bench_test.mbt:76 ("bench String::to_upper late-lowercase") ok
time (mean ± σ)         range (min … max) 
  96.40 ns ±   0.52 ns    95.75 ns …  97.08 ns  in 10 × 100000 runs
[moonbitlang/core] bench builtin/string_to_upper_bench_test.mbt:81 ("bench String::to_upper one-unit runs") ok
time (mean ± σ)         range (min … max) 
  85.27 ns ±   0.25 ns    85.00 ns …  85.61 ns  in 10 × 100000 runs
[moonbitlang/core] bench builtin/string_to_upper_bench_test.mbt:86 ("bench String::to_upper all-lowercase") ok
time (mean ± σ)         range (min … max) 
  85.99 ns ±   0.39 ns    85.44 ns …  86.49 ns  in 10 × 100000 runs
[moonbitlang/core] bench builtin/string_to_upper_bench_test.mbt:91 ("bench String::to_upper no-change short") ok
time (mean ± σ)         range (min … max) 
  14.44 ns ±   0.44 ns    13.95 ns …  15.11 ns  in 10 × 100000 runs
[moonbitlang/core] bench builtin/string_to_upper_bench_test.mbt:96 ("bench String::to_upper no-change long") ok
time (mean ± σ)         range (min … max) 
  50.32 ns ±   0.39 ns    49.73 ns …  50.95 ns  in 10 × 100000 runs
[moonbitlang/core] bench builtin/string_to_upper_bench_test.mbt:101 ("bench StringView::to_upper short") ok
time (mean ± σ)         range (min … max) 
  24.61 ns ±   0.50 ns    23.99 ns …  25.27 ns  in 10 × 100000 runs
[moonbitlang/core] bench builtin/string_to_upper_bench_test.mbt:106 ("bench StringView::to_upper long") ok
time (mean ± σ)         range (min … max) 
  87.48 ns ±   0.38 ns    86.97 ns …  88.02 ns  in 10 × 100000 runs
[moonbitlang/core] bench builtin/string_to_upper_bench_test.mbt:111 ("bench StringView::to_upper no-change long") ok
time (mean ± σ)         range (min … max) 
  55.06 ns ±   0.71 ns    53.91 ns …  55.77 ns  in 10 × 100000 runs
[moonbitlang/core] bench builtin/string_to_lower_bench_test.mbt:61 ("bench String::to_lower short") ok
time (mean ± σ)         range (min … max) 
  24.48 ns ±   0.57 ns    23.65 ns …  25.22 ns  in 10 × 100000 runs
[moonbitlang/core] bench builtin/string_to_lower_bench_test.mbt:66 ("bench String::to_lower long") ok
time (mean ± σ)         range (min … max) 
  85.19 ns ±   1.66 ns    82.51 ns …  86.95 ns  in 10 × 100000 runs
[moonbitlang/core] bench builtin/string_to_lower_bench_test.mbt:71 ("bench String::to_lower sparse") ok
time (mean ± σ)         range (min … max) 
  84.21 ns ±   1.44 ns    82.05 ns …  86.16 ns  in 10 × 100000 runs
[moonbitlang/core] bench builtin/string_to_lower_bench_test.mbt:76 ("bench String::to_lower late-uppercase") ok
time (mean ± σ)         range (min … max) 
  96.25 ns ±   0.42 ns    95.58 ns …  96.99 ns  in 10 × 100000 runs
[moonbitlang/core] bench builtin/string_to_lower_bench_test.mbt:81 ("bench String::to_lower one-unit runs") ok
time (mean ± σ)         range (min … max) 
  85.22 ns ±   0.33 ns    84.87 ns …  85.95 ns  in 10 × 100000 runs
[moonbitlang/core] bench builtin/string_to_lower_bench_test.mbt:86 ("bench String::to_lower all-uppercase") ok
time (mean ± σ)         range (min … max) 
  85.28 ns ±   0.28 ns    84.93 ns …  85.66 ns  in 10 × 100000 runs
[moonbitlang/core] bench builtin/string_to_lower_bench_test.mbt:91 ("bench String::to_lower no-change short") ok
time (mean ± σ)         range (min … max) 
  14.37 ns ±   0.45 ns    13.84 ns …  14.96 ns  in 10 × 100000 runs
[moonbitlang/core] bench builtin/string_to_lower_bench_test.mbt:96 ("bench String::to_lower no-change long") ok
time (mean ± σ)         range (min … max) 
  50.14 ns ±   0.53 ns    49.18 ns …  50.77 ns  in 10 × 100000 runs
[moonbitlang/core] bench builtin/string_to_lower_bench_test.mbt:101 ("bench StringView::to_lower short") ok
time (mean ± σ)         range (min … max) 
  25.35 ns ±   0.45 ns    24.76 ns …  25.91 ns  in 10 × 100000 runs
[moonbitlang/core] bench builtin/string_to_lower_bench_test.mbt:106 ("bench StringView::to_lower long") ok
time (mean ± σ)         range (min … max) 
  88.12 ns ±   1.49 ns    84.85 ns …  89.43 ns  in 10 × 100000 runs
[moonbitlang/core] bench builtin/string_to_lower_bench_test.mbt:111 ("bench StringView::to_lower no-change long") ok
time (mean ± σ)         range (min … max) 
  54.08 ns ±   0.38 ns    53.78 ns …  54.81 ns  in 10 × 100000 runs
[moonbitlang/core] bench builtin/string_to_array_bench_test.mbt:24 ("bench String::to_array ASCII 51 chars") ok
time (mean ± σ)         range (min … max) 
  55.27 ns ±   0.31 ns    54.98 ns …  55.86 ns  in 10 × 100000 runs
[moonbitlang/core] bench builtin/string_to_array_bench_test.mbt:29 ("bench String::to_array mixed 1KB") ok
time (mean ± σ)         range (min … max) 
 795.35 ns ±   0.43 ns   794.93 ns … 796.26 ns  in 10 × 100000 runs
[moonbitlang/core] bench builtin/string_to_array_bench_test.mbt:34 ("bench StringView::to_array mixed 1KB") ok
time (mean ± σ)         range (min … max) 
 803.69 ns ±   4.92 ns   798.75 ns … 810.54 ns  in 10 × 100000 runs
[moonbitlang/core] bench builtin/string_methods_bench_test.mbt:36 ("bench StringView::has_prefix match n=100000 needle=128") ok
time (mean ± σ)         range (min … max) 
  13.93 ns ±   0.35 ns    13.36 ns …  14.21 ns  in 10 × 100000 runs
[moonbitlang/core] bench builtin/string_methods_bench_test.mbt:45 ("bench StringView::has_prefix mismatch n=100000 needle=128") ok
time (mean ± σ)         range (min … max) 
   7.88 ns ±   0.15 ns     7.54 ns …   7.97 ns  in 10 × 100000 runs
[moonbitlang/core] bench builtin/string_methods_bench_test.mbt:54 ("bench StringView::has_suffix match n=100000 needle=128") ok
time (mean ± σ)         range (min … max) 
  13.94 ns ±   0.35 ns    13.32 ns …  14.20 ns  in 10 × 100000 runs
[moonbitlang/core] bench builtin/string_methods_bench_test.mbt:63 ("bench StringView::has_suffix mismatch n=100000 needle=128") ok
time (mean ± σ)         range (min … max) 
   8.22 ns ±   0.02 ns     8.20 ns …   8.26 ns  in 10 × 100000 runs
[moonbitlang/core] bench builtin/string_find_code_unit_bench_test.mbt:16 ("bench find one code unit absent n=4") ok
time (mean ± σ)         range (min … max) 
  11.19 ns ±   0.38 ns    10.87 ns …  11.81 ns  in 10 × 100000 runs
[moonbitlang/core] bench builtin/string_find_code_unit_bench_test.mbt:22 ("bench find one code unit absent n=8") ok
time (mean ± σ)         range (min … max) 
  10.02 ns ±   0.31 ns     9.54 ns …  10.36 ns  in 10 × 100000 runs
[moonbitlang/core] bench builtin/string_find_code_unit_bench_test.mbt:28 ("bench find one code unit present@0 n=8") ok
time (mean ± σ)         range (min … max) 
   9.56 ns ±   0.33 ns     9.07 ns …   9.88 ns  in 10 × 100000 runs
[moonbitlang/core] bench builtin/string_find_code_unit_bench_test.mbt:34 ("bench find one code unit absent n=64") ok
time (mean ± σ)         range (min … max) 
  12.63 ns ±   0.39 ns    12.01 ns …  13.05 ns  in 10 × 100000 runs
[moonbitlang/core] bench builtin/string_find_code_unit_bench_test.mbt:40 ("bench find one code unit absent n=256") ok
time (mean ± σ)         range (min … max) 
  22.57 ns ±   0.49 ns    22.24 ns …  23.47 ns  in 10 × 100000 runs
[moonbitlang/core] bench builtin/string_find_code_unit_bench_test.mbt:46 ("bench find one code unit present@end n=256") ok
time (mean ± σ)         range (min … max) 
  21.99 ns ±   0.04 ns    21.94 ns …  22.07 ns  in 10 × 100000 runs
[moonbitlang/core] bench builtin/string_find_code_unit_bench_test.mbt:52 ("bench rev_find one code unit absent n=256") ok
time (mean ± σ)         range (min … max) 
  20.92 ns ±   0.69 ns    20.11 ns …  21.63 ns  in 10 × 100000 runs
[moonbitlang/core] bench builtin/string_find_code_unit_bench_test.mbt:58 ("bench rev_find one code unit present@start n=256") ok
time (mean ± σ)         range (min … max) 
  20.05 ns ±   0.40 ns    19.78 ns …  20.88 ns  in 10 × 100000 runs
[moonbitlang/core] bench builtin/string_find_code_unit_bench_test.mbt:64 ("bench rev_find one code unit present@end n=8") ok
time (mean ± σ)         range (min … max) 
   9.18 ns ±   0.32 ns     8.71 ns …   9.48 ns  in 10 × 100000 runs
[moonbitlang/core] bench builtin/string_find_code_unit_bench_test.mbt:70 ("bench StringView find one code unit absent n=256") ok
time (mean ± σ)         range (min … max) 
  21.90 ns ±   0.42 ns    21.69 ns …  22.80 ns  in 10 × 100000 runs
[moonbitlang/core] bench builtin/string_find_code_unit_bench_test.mbt:77 ("bench StringView rev_find one code unit absent n=256") ok
time (mean ± σ)         range (min … max) 
  20.18 ns ±   0.57 ns    19.54 ns …  21.03 ns  in 10 × 100000 runs
[moonbitlang/core] bench builtin/string_find_code_unit_bench_test.mbt:84 ("bench find two anchors absent n=256") ok
time (mean ± σ)         range (min … max) 
  32.72 ns ±   0.48 ns    32.15 ns …  33.55 ns  in 10 × 100000 runs
[moonbitlang/core] bench builtin/string_find_code_unit_bench_test.mbt:90 ("bench find two anchors present@end n=256") ok
time (mean ± σ)         range (min … max) 
  32.00 ns ±   0.63 ns    31.29 ns …  33.29 ns  in 10 × 100000 runs
[moonbitlang/core] bench builtin/string_find_code_unit_bench_test.mbt:96 ("bench find two anchors dense false positives n=256") ok
time (mean ± σ)         range (min … max) 
 694.08 ns ±   1.73 ns   691.61 ns … 696.62 ns  in 10 × 100000 runs
[moonbitlang/core] bench builtin/string_find_code_unit_bench_test.mbt:102 ("bench find two anchors long absent n=256") ok
time (mean ± σ)         range (min … max) 
  29.15 ns ±   0.46 ns    28.46 ns …  29.73 ns  in 10 × 100000 runs
[moonbitlang/core] bench builtin/string_find_code_unit_bench_test.mbt:108 ("bench rev_find two anchors absent n=256") ok
time (mean ± σ)         range (min … max) 
  32.85 ns ±   1.14 ns    31.42 ns …  34.52 ns  in 10 × 100000 runs
[moonbitlang/core] bench builtin/string_find_code_unit_bench_test.mbt:114 ("bench rev_find two anchors present@start n=256") ok
time (mean ± σ)         range (min … max) 
  31.60 ns ±   0.77 ns    30.92 ns …  32.60 ns  in 10 × 100000 runs
[moonbitlang/core] bench builtin/string_find_code_unit_bench_test.mbt:120 ("bench rev_find two anchors dense false positives n=256") ok
time (mean ± σ)         range (min … max) 
 704.29 ns ±   1.15 ns   702.34 ns … 705.37 ns  in 10 × 100000 runs
[moonbitlang/core] bench builtin/string_find_code_unit_bench_test.mbt:126 ("bench StringView find two anchors absent n=256") ok
time (mean ± σ)         range (min … max) 
  31.24 ns ±   0.59 ns    30.73 ns …  32.23 ns  in 10 × 100000 runs
[moonbitlang/core] bench builtin/string_find_adversary_bench_test.mbt:26 ("bench find adversary m=64 n=4096") ok
time (mean ± σ)         range (min … max) 
   5.86 µs ±  56.05 ns     5.78 µs …   5.94 µs  in 10 ×  17623 runs
[moonbitlang/core] bench builtin/string_find_adversary_bench_test.mbt:33 ("bench rev_find adversary m=64 n=4096") ok
time (mean ± σ)         range (min … max) 
   7.51 µs ±  14.75 ns     7.50 µs …   7.54 µs  in 10 ×  13352 runs
[moonbitlang/core] bench builtin/string_find_adversary_bench_test.mbt:40 ("bench find adversary m=512 n=65536") ok
time (mean ± σ)         range (min … max) 
  80.81 µs ± 670.28 ns    79.74 µs …  81.53 µs  in 10 ×   1234 runs
[moonbitlang/core] bench builtin/string_find_adversary_bench_test.mbt:47 ("bench find dense miss fast path n=4096") ok
time (mean ± σ)         range (min … max) 
 323.97 ns ±   0.34 ns   323.55 ns … 324.62 ns  in 10 × 100000 runs
[moonbitlang/core] bench builtin/string_find_adversary_bench_test.mbt:53 ("bench find rare hit end fast path n=4096") ok
time (mean ± σ)         range (min … max) 
 323.36 ns ±   0.71 ns   322.44 ns … 324.58 ns  in 10 × 100000 runs
[moonbitlang/core] bench builtin/string_escape_bench_test.mbt:61 ("bench String::escape short plain") ok
time (mean ± σ)         range (min … max) 
  81.71 ns ±   0.29 ns    81.32 ns …  82.25 ns  in 10 × 100000 runs
[moonbitlang/core] bench builtin/string_escape_bench_test.mbt:66 ("bench String::escape short escaped") ok
time (mean ± σ)         range (min … max) 
  97.37 ns ±   0.77 ns    96.24 ns …  98.28 ns  in 10 × 100000 runs
[moonbitlang/core] bench builtin/string_escape_bench_test.mbt:71 ("bench String::escape threshold plain") ok
time (mean ± σ)         range (min … max) 
  74.29 ns ±   0.36 ns    73.61 ns …  74.62 ns  in 10 × 100000 runs
[moonbitlang/core] bench builtin/string_escape_bench_test.mbt:76 ("bench String::escape prose") ok
time (mean ± σ)         range (min … max) 
 100.26 ns ±   0.38 ns    99.66 ns … 100.90 ns  in 10 × 100000 runs
[moonbitlang/core] bench builtin/string_escape_bench_test.mbt:81 ("bench String::escape escape-first") ok
time (mean ± σ)         range (min … max) 
 104.68 ns ±   0.91 ns   103.62 ns … 106.38 ns  in 10 × 100000 runs
[moonbitlang/core] bench builtin/string_escape_bench_test.mbt:86 ("bench String::escape long plain") ok
time (mean ± σ)         range (min … max) 
   1.30 µs ±  24.16 ns     1.27 µs …   1.33 µs  in 10 ×  79680 runs
[moonbitlang/core] bench builtin/string_escape_bench_test.mbt:91 ("bench String::escape long dense") ok
time (mean ± σ)         range (min … max) 
  11.28 µs ±  43.70 ns    11.18 µs …  11.33 µs  in 10 ×   8837 runs
[moonbitlang/core] bench builtin/string_escape_bench_test.mbt:96 ("bench String::escape long all-escaped") ok
time (mean ± σ)         range (min … max) 
  17.22 µs ±  21.22 ns    17.17 µs …  17.24 µs  in 10 ×   5792 runs
[moonbitlang/core] bench builtin/string_escape_bench_test.mbt:101 ("bench String::escape long unicode") ok
time (mean ± σ)         range (min … max) 
   1.24 µs ±  24.42 ns     1.21 µs …   1.27 µs  in 10 ×  81300 runs
[moonbitlang/core] bench builtin/string_escape_bench_test.mbt:106 ("bench StringView::escape long plain view") ok
time (mean ± σ)         range (min … max) 
 928.38 ns ±  25.19 ns   890.77 ns … 968.50 ns  in 10 × 100000 runs
[moonbitlang/core] bench builtin/string_escape_bench_test.mbt:112 ("bench debug to_string short plain") ok
time (mean ± σ)         range (min … max) 
 234.88 ns ±   0.49 ns   234.30 ns … 235.84 ns  in 10 × 100000 runs
[moonbitlang/core] bench builtin/string_escape_bench_test.mbt:117 ("bench debug to_string prose") ok
time (mean ± σ)         range (min … max) 
 256.23 ns ±   0.59 ns   255.50 ns … 257.16 ns  in 10 × 100000 runs
[moonbitlang/core] bench builtin/string_escape_bench_test.mbt:122 ("bench debug to_string long plain") ok
time (mean ± σ)         range (min … max) 
   1.69 µs ±  14.30 ns     1.66 µs …   1.71 µs  in 10 ×  59058 runs
[moonbitlang/core] bench builtin/string_equal_bench_test.mbt:28 ("bench StringView::equal n=100000 equal") ok
time (mean ± σ)         range (min … max) 
   4.79 µs ±  49.12 ns     4.71 µs …   4.84 µs  in 10 ×  20785 runs
[moonbitlang/core] bench builtin/string_equal_bench_test.mbt:35 ("bench StringView::equal n=100000 mismatch at end") ok
time (mean ± σ)         range (min … max) 
   4.80 µs ±  23.01 ns     4.74 µs …   4.81 µs  in 10 ×  20844 runs
[moonbitlang/core] bench builtin/string_equal_bench_test.mbt:44 ("bench StringView::equal_to_string n=100000 equal") ok
time (mean ± σ)         range (min … max) 
   4.81 µs ±  48.77 ns     4.73 µs …   4.85 µs  in 10 ×  20699 runs
[moonbitlang/core] bench builtin/string_char_set_bench_test.mbt:43 ("bench StringView::contains_any ASCII miss n=100000") ok
time (mean ± σ)         range (min … max) 
  14.45 µs ±   4.90 ns    14.44 µs …  14.45 µs  in 10 ×   6928 runs
[moonbitlang/core] bench builtin/string_char_set_bench_test.mbt:54 ("bench StringView::contains_any ASCII match at end n=100000") ok
time (mean ± σ)         range (min … max) 
  14.45 µs ±   3.33 ns    14.45 µs …  14.46 µs  in 10 ×   6924 runs
[moonbitlang/core] bench builtin/string_char_set_bench_test.mbt:67 ("bench StringView::trim_start ASCII n=100000") ok
time (mean ± σ)         range (min … max) 
  16.15 µs ±  11.10 ns    16.14 µs …  16.17 µs  in 10 ×   6198 runs
[moonbitlang/core] bench builtin/string_char_set_bench_test.mbt:74 ("bench StringView::trim_end ASCII n=100000") ok
time (mean ± σ)         range (min … max) 
  16.16 µs ±   8.05 ns    16.15 µs …  16.18 µs  in 10 ×   6159 runs
[moonbitlang/core] bench builtin/string_char_set_bench_test.mbt:79 ("bench StringView::trim ASCII n=100000") ok
time (mean ± σ)         range (min … max) 
  32.30 µs ±  16.16 ns    32.28 µs …  32.32 µs  in 10 ×   3094 runs
[moonbitlang/core] bench builtin/string_char_set_bench_test.mbt:96 ("bench StringView::trim short inputs") ok
time (mean ± σ)         range (min … max) 
 135.38 ns ±   0.19 ns   135.17 ns … 135.81 ns  in 10 × 100000 runs
[moonbitlang/core] bench builtin/string_char_set_bench_test.mbt:107 ("bench StringView::contains_any short inputs") ok
time (mean ± σ)         range (min … max) 
  72.39 ns ±   0.37 ns    71.87 ns …  72.95 ns  in 10 × 100000 runs
[moonbitlang/core] bench builtin/string_char_length_bench_test.mbt:51 ("bench char_length ascii 8") ok
time (mean ± σ)         range (min … max) 
  12.30 ns ±   0.79 ns    11.53 ns …  13.32 ns  in 10 × 100000 runs
[moonbitlang/core] bench builtin/string_char_length_bench_test.mbt:56 ("bench char_length ascii 16") ok
time (mean ± σ)         range (min … max) 
   9.48 ns ±   0.33 ns     9.17 ns …   9.95 ns  in 10 × 100000 runs
[moonbitlang/core] bench builtin/string_char_length_bench_test.mbt:61 ("bench char_length ascii 100") ok
time (mean ± σ)         range (min … max) 
  14.75 ns ±   0.44 ns    14.06 ns …  15.16 ns  in 10 × 100000 runs
[moonbitlang/core] bench builtin/string_char_length_bench_test.mbt:66 ("bench char_length ascii 4k") ok
time (mean ± σ)         range (min … max) 
 223.72 ns ±   0.91 ns   222.29 ns … 225.16 ns  in 10 × 100000 runs
[moonbitlang/core] bench builtin/string_char_length_bench_test.mbt:71 ("bench char_length ascii 64k") ok
time (mean ± σ)         range (min … max) 
   3.72 µs ±  24.03 ns     3.69 µs …   3.77 µs  in 10 ×  26788 runs
[moonbitlang/core] bench builtin/string_char_length_bench_test.mbt:76 ("bench char_length cjk 4k") ok
time (mean ± σ)         range (min … max) 
 223.52 ns ±   1.07 ns   222.03 ns … 225.16 ns  in 10 × 100000 runs
[moonbitlang/core] bench builtin/string_char_length_bench_test.mbt:81 ("bench char_length emoji 4k") ok
time (mean ± σ)         range (min … max) 
 602.21 ns ±   2.98 ns   599.69 ns … 606.41 ns  in 10 × 100000 runs
[moonbitlang/core] bench builtin/string_char_length_bench_test.mbt:86 ("bench char_length mixed 4k") ok
time (mean ± σ)         range (min … max) 
 331.58 ns ±   0.55 ns   330.44 ns … 332.15 ns  in 10 × 100000 runs
[moonbitlang/core] bench builtin/string_char_length_bench_test.mbt:91 ("bench StringView::char_length ascii 4k unaligned") ok
time (mean ± σ)         range (min … max) 
 224.62 ns ±   0.74 ns   223.38 ns … 225.65 ns  in 10 × 100000 runs
[moonbitlang/core] bench builtin/string_char_length_bench_test.mbt:97 ("bench char_length_eq ascii 16") ok
time (mean ± σ)         range (min … max) 
  10.14 ns ±   0.31 ns     9.78 ns …  10.62 ns  in 10 × 100000 runs
[moonbitlang/core] bench builtin/string_char_length_bench_test.mbt:102 ("bench char_length_eq ascii 4k") ok
time (mean ± σ)         range (min … max) 
 295.91 ns ±   2.14 ns   294.66 ns … 301.68 ns  in 10 × 100000 runs
[moonbitlang/core] bench builtin/string_char_length_bench_test.mbt:107 ("bench char_length_eq emoji 4k") ok
time (mean ± σ)         range (min … max) 
 668.45 ns ±   3.33 ns   659.28 ns … 670.26 ns  in 10 × 100000 runs
[moonbitlang/core] bench builtin/string_char_length_bench_test.mbt:112 ("bench char_length_eq mixed 4k") ok
time (mean ± σ)         range (min … max) 
 415.44 ns ±   0.91 ns   414.36 ns … 417.70 ns  in 10 × 100000 runs
[moonbitlang/core] bench builtin/string_char_length_bench_test.mbt:119 ("bench char_length_ge ascii 4k len 3") ok
time (mean ± σ)         range (min … max) 
   8.60 ns ±   0.13 ns     8.40 ns …   8.85 ns  in 10 × 100000 runs
[moonbitlang/core] bench builtin/string_char_length_bench_test.mbt:124 ("bench char_length_ge ascii 4k len 2000") ok
time (mean ± σ)         range (min … max) 
 152.79 ns ±   0.36 ns   152.45 ns … 153.71 ns  in 10 × 100000 runs
[moonbitlang/core] bench builtin/string_char_length_bench_test.mbt:129 ("bench char_length_ge cjk 4k len 4096") ok
time (mean ± σ)         range (min … max) 
 294.54 ns ±   0.13 ns   294.34 ns … 294.79 ns  in 10 × 100000 runs
[moonbitlang/core] bench builtin/string_char_length_bench_test.mbt:134 ("bench char_length_ge emoji 4k len 2048") ok
time (mean ± σ)         range (min … max) 
 648.49 ns ±   2.09 ns   647.34 ns … 654.38 ns  in 10 × 100000 runs
[moonbitlang/core] bench builtin/sort_bench_test.mbt:21 ("bench Array::sort n=1000") ok
time (mean ± σ)         range (min … max) 
  10.61 µs ± 103.80 ns    10.45 µs …  10.70 µs  in 10 ×   9516 runs
[moonbitlang/core] bench builtin/sort_bench_test.mbt:31 ("bench Array::sort n=100000") ok
time (mean ± σ)         range (min … max) 
   4.54 ms ±   2.13 µs     4.54 ms …   4.54 ms  in 10 ×     23 runs
[moonbitlang/core] bench builtin/sort_bench_test.mbt:41 ("bench Array::sort_by n=10000") ok
time (mean ± σ)         range (min … max) 
 412.50 µs ±   1.23 µs   411.56 µs … 415.64 µs  in 10 ×    243 runs
[moonbitlang/core] bench builtin/range_equal_bench_test.mbt:56 ("bench range_equal StringView== n=4 equal") ok
time (mean ± σ)         range (min … max) 
   9.08 ns ±   0.33 ns     8.65 ns …   9.43 ns  in 10 × 100000 runs
[moonbitlang/core] bench builtin/range_equal_bench_test.mbt:61 ("bench range_equal StringView== n=8 equal") ok
time (mean ± σ)         range (min … max) 
   8.70 ns ±   0.21 ns     8.35 ns …   8.86 ns  in 10 × 100000 runs
[moonbitlang/core] bench builtin/range_equal_bench_test.mbt:66 ("bench range_equal StringView== n=8 mismatch at end") ok
time (mean ± σ)         range (min … max) 
   9.01 ns ±   0.14 ns     8.64 ns …   9.21 ns  in 10 × 100000 runs
[moonbitlang/core] bench builtin/range_equal_bench_test.mbt:71 ("bench range_equal StringView== n=16 equal") ok
time (mean ± σ)         range (min … max) 
   8.86 ns ±   0.27 ns     8.33 ns …   9.04 ns  in 10 × 100000 runs
[moonbitlang/core] bench builtin/range_equal_bench_test.mbt:76 ("bench range_equal StringView== n=16 mismatch at end") ok
time (mean ± σ)         range (min … max) 
   8.92 ns ±   0.21 ns     8.53 ns …   9.11 ns  in 10 × 100000 runs
[moonbitlang/core] bench builtin/range_equal_bench_test.mbt:81 ("bench range_equal StringView== n=15 equal") ok
time (mean ± σ)         range (min … max) 
   8.80 ns ±   0.16 ns     8.47 ns …   8.91 ns  in 10 × 100000 runs
[moonbitlang/core] bench builtin/range_equal_bench_test.mbt:86 ("bench range_equal StringView== n=64 equal") ok
time (mean ± σ)         range (min … max) 
  10.89 ns ±   0.28 ns    10.39 ns …  11.14 ns  in 10 × 100000 runs
[moonbitlang/core] bench builtin/range_equal_bench_test.mbt:91 ("bench range_equal StringView== n=64 mismatch at end") ok
time (mean ± σ)         range (min … max) 
  11.04 ns ±   0.15 ns    10.74 ns …  11.19 ns  in 10 × 100000 runs
[moonbitlang/core] bench builtin/range_equal_bench_test.mbt:96 ("bench range_equal StringView== n=1024 equal") ok
time (mean ± σ)         range (min … max) 
  58.68 ns ±   0.39 ns    57.83 ns …  59.28 ns  in 10 × 100000 runs
[moonbitlang/core] bench builtin/range_equal_bench_test.mbt:101 ("bench range_equal StringView== n=1024 mismatch at end") ok
time (mean ± σ)         range (min … max) 
  59.05 ns ±   0.15 ns    58.75 ns …  59.28 ns  in 10 × 100000 runs
[moonbitlang/core] bench builtin/range_equal_bench_test.mbt:106 ("bench range_equal StringView== n=1024 mismatch at 0") ok
time (mean ± σ)         range (min … max) 
   8.84 ns ±   0.14 ns     8.49 ns …   8.99 ns  in 10 × 100000 runs
[moonbitlang/core] bench builtin/range_equal_bench_test.mbt:111 ("bench range_equal StringView== n=65536 equal") ok
time (mean ± σ)         range (min … max) 
   3.11 µs ±   2.51 ns     3.10 µs …   3.11 µs  in 10 ×  32190 runs
[moonbitlang/core] bench builtin/range_equal_bench_test.mbt:116 ("bench range_equal StringView== n=65536 mismatch at end") ok
time (mean ± σ)         range (min … max) 
   3.12 µs ±   8.74 ns     3.11 µs …   3.14 µs  in 10 ×  32086 runs
[moonbitlang/core] bench builtin/range_equal_bench_test.mbt:121 ("bench range_equal BytesView== n=4 equal") ok
time (mean ± σ)         range (min … max) 
   9.31 ns ±   0.29 ns     8.84 ns …   9.69 ns  in 10 × 100000 runs
[moonbitlang/core] bench builtin/range_equal_bench_test.mbt:126 ("bench range_equal BytesView== n=8 equal") ok
time (mean ± σ)         range (min … max) 
   9.27 ns ±   0.33 ns     8.79 ns …   9.68 ns  in 10 × 100000 runs
[moonbitlang/core] bench builtin/range_equal_bench_test.mbt:131 ("bench range_equal BytesView== n=8 mismatch at end") ok
time (mean ± σ)         range (min … max) 
   9.74 ns ±   0.65 ns     9.14 ns …  11.41 ns  in 10 × 100000 runs
[moonbitlang/core] bench builtin/range_equal_bench_test.mbt:136 ("bench range_equal BytesView== n=16 equal") ok
time (mean ± σ)         range (min … max) 
   9.37 ns ±   0.27 ns     8.95 ns …   9.65 ns  in 10 × 100000 runs
[moonbitlang/core] bench builtin/range_equal_bench_test.mbt:141 ("bench range_equal BytesView== n=16 mismatch at end") ok
time (mean ± σ)         range (min … max) 
   8.99 ns ±   0.14 ns     8.63 ns …   9.08 ns  in 10 × 100000 runs
[moonbitlang/core] bench builtin/range_equal_bench_test.mbt:146 ("bench range_equal BytesView== n=31 equal") ok
time (mean ± σ)         range (min … max) 
   9.21 ns ±   0.22 ns     8.78 ns …   9.39 ns  in 10 × 100000 runs
[moonbitlang/core] bench builtin/range_equal_bench_test.mbt:151 ("bench range_equal BytesView== n=64 equal") ok
time (mean ± σ)         range (min … max) 
   9.79 ns ±   0.23 ns     9.34 ns …   9.97 ns  in 10 × 100000 runs
[moonbitlang/core] bench builtin/range_equal_bench_test.mbt:156 ("bench range_equal BytesView== n=64 mismatch at end") ok
time (mean ± σ)         range (min … max) 
   9.77 ns ±   0.21 ns     9.38 ns …   9.93 ns  in 10 × 100000 runs
[moonbitlang/core] bench builtin/range_equal_bench_test.mbt:161 ("bench range_equal BytesView== n=1024 equal") ok
time (mean ± σ)         range (min … max) 
  28.09 ns ±   0.40 ns    27.72 ns …  28.61 ns  in 10 × 100000 runs
[moonbitlang/core] bench builtin/range_equal_bench_test.mbt:166 ("bench range_equal BytesView== n=1024 mismatch at end") ok
time (mean ± σ)         range (min … max) 
  27.44 ns ±   0.54 ns    26.59 ns …  28.22 ns  in 10 × 100000 runs
[moonbitlang/core] bench builtin/range_equal_bench_test.mbt:171 ("bench range_equal BytesView== n=1024 mismatch at 0") ok
time (mean ± σ)         range (min … max) 
   8.64 ns ±   0.22 ns     8.21 ns …   8.80 ns  in 10 × 100000 runs
[moonbitlang/core] bench builtin/range_equal_bench_test.mbt:176 ("bench range_equal BytesView== n=65536 equal") ok
time (mean ± σ)         range (min … max) 
   1.54 µs ±  12.45 ns     1.51 µs …   1.55 µs  in 10 ×  64816 runs
[moonbitlang/core] bench builtin/range_equal_bench_test.mbt:181 ("bench range_equal BytesView== n=65536 mismatch at end") ok
time (mean ± σ)         range (min … max) 
   1.55 µs ±   1.32 ns     1.55 µs …   1.55 µs  in 10 ×  64871 runs
[moonbitlang/core] bench builtin/range_equal_bench_test.mbt:186 ("bench range_equal StringView::has_prefix prefix=32 hit") ok
time (mean ± σ)         range (min … max) 
   9.49 ns ±   0.31 ns     9.14 ns …   9.93 ns  in 10 × 100000 runs
[moonbitlang/core] bench builtin/range_equal_bench_test.mbt:193 ("bench range_equal StringView::has_prefix prefix=32 miss at end") ok
time (mean ± σ)         range (min … max) 
   9.68 ns ±   0.32 ns     9.19 ns …   9.92 ns  in 10 × 100000 runs
[moonbitlang/core] bench builtin/linked_hash_map_bench_test.mbt:19 ("bench Map::set n=50000") ok
time (mean ± σ)         range (min … max) 
   2.56 ms ±  19.79 µs     2.53 ms …   2.59 ms  in 10 ×     40 runs
[moonbitlang/core] bench builtin/linked_hash_map_bench_test.mbt:30 ("bench Map::get n=50000") ok
time (mean ± σ)         range (min … max) 
 808.02 µs ±   3.42 µs   804.24 µs … 812.75 µs  in 10 ×    125 runs
[moonbitlang/core] bench builtin/linked_hash_map_bench_test.mbt:47 ("bench Map::get miss n=50000") ok
time (mean ± σ)         range (min … max) 
 938.92 µs ±   4.13 µs   932.69 µs … 947.27 µs  in 10 ×    109 runs
[moonbitlang/core] bench builtin/linked_hash_map_bench_test.mbt:67 ("bench Map::set+remove n=50000") ok
time (mean ± σ)         range (min … max) 
   3.69 ms ±  28.65 µs     3.66 ms …   3.73 ms  in 10 ×     27 runs
[moonbitlang/core] bench builtin/linked_hash_map_bench_test.mbt:83 ("bench Map::each n=50000") ok
time (mean ± σ)         range (min … max) 
  88.51 µs ± 336.28 ns    88.32 µs …  89.45 µs  in 10 ×   1132 runs
[moonbitlang/core] bench builtin/linked_hash_map_bench_test.mbt:101 ("bench Map::filter n=50000") ok
time (mean ± σ)         range (min … max) 
 947.37 µs ±   6.64 µs   934.50 µs … 952.06 µs  in 10 ×    106 runs
[moonbitlang/core] bench builtin/linked_hash_map_bench_test.mbt:107 ("bench Map comprehension filter n=50000") ok
time (mean ± σ)         range (min … max) 
   2.87 ms ±   2.34 µs     2.86 ms …   2.87 ms  in 10 ×     35 runs
[moonbitlang/core] bench builtin/lexical_compare_bench_test.mbt:42 ("bench lexical_compare equal n=256") ok
time (mean ± σ)         range (min … max) 
  18.70 ns ±   0.33 ns    18.42 ns …  19.26 ns  in 10 × 100000 runs
[moonbitlang/core] bench builtin/lexical_compare_bench_test.mbt:47 ("bench lexical_compare common-prefix n=256") ok
time (mean ± σ)         range (min … max) 
  20.69 ns ±   0.20 ns    20.37 ns …  20.99 ns  in 10 × 100000 runs
[moonbitlang/core] bench builtin/lexical_compare_bench_test.mbt:52 ("bench lexical_compare early-diff n=256") ok
time (mean ± σ)         range (min … max) 
   9.58 ns ±   0.22 ns     9.22 ns …   9.77 ns  in 10 × 100000 runs
[moonbitlang/core] bench builtin/lexical_compare_bench_test.mbt:89 ("bench String::lexical_compare equal n=256") ok
time (mean ± σ)         range (min … max) 
  95.32 ns ±   0.07 ns    95.22 ns …  95.42 ns  in 10 × 100000 runs
[moonbitlang/core] bench builtin/lexical_compare_bench_test.mbt:94 ("bench String::lexical_compare common-prefix n=256") ok
time (mean ± σ)         range (min … max) 
  96.73 ns ±   0.11 ns    96.61 ns …  96.94 ns  in 10 × 100000 runs
[moonbitlang/core] bench builtin/lexical_compare_bench_test.mbt:99 ("bench String::lexical_compare early-diff n=256") ok
time (mean ± σ)         range (min … max) 
   9.32 ns ±   0.09 ns     9.26 ns …   9.50 ns  in 10 × 100000 runs
[moonbitlang/core] bench builtin/lexical_compare_bench_test.mbt:104 ("bench StringView::lexical_compare equal n=256") ok
time (mean ± σ)         range (min … max) 
  94.95 ns ±   0.31 ns    94.73 ns …  95.70 ns  in 10 × 100000 runs
[moonbitlang/core] bench builtin/lexical_compare_bench_test.mbt:109 ("bench StringView::lexical_compare common-prefix n=256") ok
time (mean ± σ)         range (min … max) 
  96.68 ns ±   0.08 ns    96.57 ns …  96.82 ns  in 10 × 100000 runs
[moonbitlang/core] bench builtin/lexical_compare_bench_test.mbt:114 ("bench StringView::lexical_compare early-diff n=256") ok
time (mean ± σ)         range (min … max) 
   8.82 ns ±   0.12 ns     8.50 ns …   8.93 ns  in 10 × 100000 runs
[moonbitlang/core] bench builtin/lexical_compare_bench_test.mbt:121 ("bench String::compare equal-length common-prefix n=256") ok
time (mean ± σ)         range (min … max) 
  96.45 ns ±   0.46 ns    95.60 ns …  96.84 ns  in 10 × 100000 runs
[moonbitlang/core] bench builtin/lexical_compare_bench_test.mbt:128 ("bench StringView::compare equal-length common-prefix n=256") ok
time (mean ± σ)         range (min … max) 
  96.74 ns ±   0.12 ns    96.61 ns …  96.94 ns  in 10 × 100000 runs
[moonbitlang/core] bench builtin/lexical_compare_bench_test.mbt:135 ("bench StringView::compare_ignore_ascii_case common-prefix n=256") ok
time (mean ± σ)         range (min … max) 
 169.67 ns ±   3.41 ns   166.64 ns … 174.83 ns  in 10 × 100000 runs
[moonbitlang/core] bench builtin/contains_code_unit_bench_test.mbt:19 ("bench contains_code_unit absent n=4") ok
time (mean ± σ)         range (min … max) 
   8.13 ns ±   0.17 ns     7.81 ns …   8.24 ns  in 10 × 100000 runs
[moonbitlang/core] bench builtin/contains_code_unit_bench_test.mbt:25 ("bench contains_code_unit absent n=8") ok
time (mean ± σ)         range (min … max) 
   8.36 ns ±   0.27 ns     7.91 ns …   8.71 ns  in 10 × 100000 runs
[moonbitlang/core] bench builtin/contains_code_unit_bench_test.mbt:31 ("bench contains_code_unit present@0 n=8") ok
time (mean ± σ)         range (min … max) 
   7.75 ns ±   0.16 ns     7.40 ns …   7.90 ns  in 10 × 100000 runs
[moonbitlang/core] bench builtin/contains_code_unit_bench_test.mbt:37 ("bench contains_code_unit absent n=16") ok
time (mean ± σ)         range (min … max) 
   8.90 ns ±   0.32 ns     8.63 ns …   9.45 ns  in 10 × 100000 runs
[moonbitlang/core] bench builtin/contains_code_unit_bench_test.mbt:43 ("bench contains_code_unit absent n=64") ok
time (mean ± σ)         range (min … max) 
  10.93 ns ±   0.31 ns    10.47 ns …  11.24 ns  in 10 × 100000 runs
[moonbitlang/core] bench builtin/contains_code_unit_bench_test.mbt:49 ("bench contains_code_unit absent n=256") ok
time (mean ± σ)         range (min … max) 
  18.92 ns ±   0.63 ns    18.20 ns …  19.65 ns  in 10 × 100000 runs
[moonbitlang/core] bench builtin/contains_code_unit_bench_test.mbt:55 ("bench contains_code_unit present@end n=256") ok
time (mean ± σ)         range (min … max) 
  17.78 ns ±   0.50 ns    17.37 ns …  18.65 ns  in 10 × 100000 runs
[moonbitlang/core] bench builtin/contains_code_unit_bench_test.mbt:61 ("bench contains_code_unit present@0 n=256") ok
time (mean ± σ)         range (min … max) 
   7.82 ns ±   0.22 ns     7.46 ns …   8.07 ns  in 10 × 100000 runs
[moonbitlang/core] bench builtin/contains_code_unit_bench_test.mbt:67 ("bench StringView contains_code_unit absent n=256") ok
time (mean ± σ)         range (min … max) 
  18.74 ns ±   0.30 ns    18.31 ns …  19.16 ns  in 10 × 100000 runs
[moonbitlang/core] bench builtin/bytesview_compare_bench_test.mbt:16 ("bench BytesView Compare equal n=1000000") ok
time (mean ± σ)         range (min … max) 
  39.00 µs ± 334.71 ns    38.37 µs …  39.29 µs  in 10 ×   2540 runs
[moonbitlang/core] bench builtin/bytesview_compare_bench_test.mbt:23 ("bench BytesView Compare last-diff n=1000000") ok
time (mean ± σ)         range (min … max) 
  39.37 µs ±  26.23 ns    39.33 µs …  39.40 µs  in 10 ×   2545 runs
[moonbitlang/core] bench builtin/bytes_unsafe_bench_test.mbt:31 ("bench Bytes::unsafe_read_uint16_le n=4096") ok
time (mean ± σ)         range (min … max) 
 435.94 ns ±   1.66 ns   434.80 ns … 440.32 ns  in 10 × 100000 runs
[moonbitlang/core] bench builtin/bytes_unsafe_bench_test.mbt:43 ("bench Bytes::unsafe_read_uint32_le n=4096") ok
time (mean ± σ)         range (min … max) 
 433.47 ns ±   0.43 ns   432.76 ns … 434.05 ns  in 10 × 100000 runs
[moonbitlang/core] bench builtin/bytes_unsafe_bench_test.mbt:55 ("bench Bytes::unsafe_read_uint64_le n=4096") ok
time (mean ± σ)         range (min … max) 
 453.81 ns ±   0.30 ns   453.21 ns … 454.21 ns  in 10 × 100000 runs
[moonbitlang/core] bench builtin/bytes_unsafe_bench_test.mbt:67 ("bench FixedArray::unsafe_write_uint16_le n=4096") ok
time (mean ± σ)         range (min … max) 
 560.69 ns ±   0.47 ns   560.09 ns … 561.34 ns  in 10 × 100000 runs
[moonbitlang/core] bench builtin/bytes_unsafe_bench_test.mbt:78 ("bench FixedArray::unsafe_write_uint32_le n=4096") ok
time (mean ± σ)         range (min … max) 
 560.75 ns ±   0.25 ns   560.35 ns … 561.16 ns  in 10 × 100000 runs
[moonbitlang/core] bench builtin/bytes_unsafe_bench_test.mbt:89 ("bench FixedArray::unsafe_write_uint64_le n=4096") ok
time (mean ± σ)         range (min … max) 
 559.95 ns ±   0.41 ns   559.46 ns … 560.58 ns  in 10 × 100000 runs
[moonbitlang/core] bench builtin/bytes_output_bench_test.mbt:19 ("bench Bytes Show binary n=100000") ok
time (mean ± σ)         range (min … max) 
 548.15 µs ±   4.99 µs   537.67 µs … 551.37 µs  in 10 ×    184 runs
[moonbitlang/core] bench builtin/bytes_output_bench_test.mbt:24 ("bench Bytes ToJson binary n=100000") ok
time (mean ± σ)         range (min … max) 
 512.94 µs ±   3.41 µs   506.25 µs … 516.61 µs  in 10 ×    196 runs
[moonbitlang/core] bench builtin/bytes_hash_bench_test.mbt:54 ("bench Hash::hash(Bytes) n=32") ok
time (mean ± σ)         range (min … max) 
   9.93 ns ±   0.34 ns     9.52 ns …  10.40 ns  in 10 × 100000 runs
[moonbitlang/core] bench builtin/bytes_hash_bench_test.mbt:60 ("bench Hash::hash(Bytes) n=8192") ok
time (mean ± σ)         range (min … max) 
   4.41 µs ±   9.04 ns     4.40 µs …   4.43 µs  in 10 ×  22692 runs
[moonbitlang/core] bench builtin/bytes_hash_bench_test.mbt:66 ("bench Map::at Bytes n=1024 key_bytes=32") ok
time (mean ± σ)         range (min … max) 
  15.10 µs ±  58.49 ns    15.01 µs …  15.19 µs  in 10 ×   6567 runs
[moonbitlang/core] bench builtin/bytes_from_array_bench_test.mbt:30 ("bench Bytes::from_array n=262144 full") ok
time (mean ± σ)         range (min … max) 
   4.62 µs ±  19.61 ns     4.59 µs …   4.64 µs  in 10 ×  21591 runs
[moonbitlang/core] bench builtin/bytes_from_array_bench_test.mbt:41 ("bench Bytes::from_array n=262144 sliced") ok
time (mean ± σ)         range (min … max) 
   4.73 µs ±   6.30 ns     4.72 µs …   4.74 µs  in 10 ×  21125 runs
[moonbitlang/core] bench builtin/bytes_from_array_bench_test.mbt:48 ("bench Bytes::makei from ArrayView n=262144 full") ok
time (mean ± σ)         range (min … max) 
 222.91 µs ± 498.31 ns   221.88 µs … 223.48 µs  in 10 ×    452 runs
[moonbitlang/core] bench builtin/bytes_from_array_bench_test.mbt:59 ("bench Bytes::makei from ArrayView n=262144 sliced") ok
time (mean ± σ)         range (min … max) 
 230.14 µs ± 539.52 ns   229.31 µs … 231.04 µs  in 10 ×    434 runs
[moonbitlang/core] bench builtin/bytes_equal_bench_test.mbt:37 ("bench Bytes::equal n=100000 equal") ok
time (mean ± σ)         range (min … max) 
   2.46 µs ±   5.33 ns     2.45 µs …   2.47 µs  in 10 ×  40749 runs
[moonbitlang/core] bench builtin/bytes_equal_bench_test.mbt:44 ("bench Bytes::equal n=100000 aliased object") ok
time (mean ± σ)         range (min … max) 
   8.56 ns ±   0.23 ns     8.08 ns …   8.90 ns  in 10 × 100000 runs
[moonbitlang/core] bench builtin/bytes_equal_bench_test.mbt:54 ("bench Bytes::equal n=100000 mismatch at end") ok
time (mean ± σ)         range (min … max) 
   2.63 µs ±  31.95 ns     2.60 µs …   2.68 µs  in 10 ×  37368 runs
[moonbitlang/core] bench builtin/bytes_add_bench_test.mbt:16 ("bench Bytes add total=1000000") ok
time (mean ± σ)         range (min … max) 
  16.87 µs ±   9.23 ns    16.86 µs …  16.89 µs  in 10 ×   5931 runs
[moonbitlang/core] bench builtin/bitstring_uint_aligned_bench_test.mbt:24 ("bench Bytes::unsafe_extract_uint_le_aligned n=8192") ok
time (mean ± σ)         range (min … max) 
  70.29 ns ±   1.89 ns    67.14 ns …  71.90 ns  in 10 × 100000 runs
[moonbitlang/core] bench builtin/bitstring_uint64_aligned_bench_test.mbt:24 ("bench Bytes::unsafe_extract_uint64_le_aligned n=8192") ok
time (mean ± σ)         range (min … max) 
  74.81 ns ±   0.39 ns    74.04 ns …  75.29 ns  in 10 × 100000 runs
[moonbitlang/core] bench builtin/bitstring_extract_bench_test.mbt:35 ("bench BytesView uint_le aligned len=32") ok
time (mean ± σ)         range (min … max) 
  75.41 ns ±   0.46 ns    74.85 ns …  76.08 ns  in 10 × 100000 runs
[moonbitlang/core] bench builtin/bitstring_extract_bench_test.mbt:48 ("bench BytesView uint_be aligned len=32") ok
time (mean ± σ)         range (min … max) 
  86.05 ns ±   0.61 ns    85.04 ns …  86.74 ns  in 10 × 100000 runs
[moonbitlang/core] bench builtin/bitstring_extract_bench_test.mbt:61 ("bench ArrayView uint_le aligned len=32") ok
time (mean ± σ)         range (min … max) 
  71.07 ns ±   0.39 ns    70.31 ns …  71.61 ns  in 10 × 100000 runs
[moonbitlang/core] bench builtin/bitstring_extract_bench_test.mbt:75 ("bench ArrayView uint_be aligned len=32") ok
time (mean ± σ)         range (min … max) 
  85.93 ns ±   0.56 ns    85.18 ns …  86.86 ns  in 10 × 100000 runs
[moonbitlang/core] bench builtin/bitstring_extract_bench_test.mbt:89 ("bench BytesView uint64_le aligned len=64") ok
time (mean ± σ)         range (min … max) 
  74.24 ns ±   0.54 ns    73.56 ns …  75.16 ns  in 10 × 100000 runs
[moonbitlang/core] bench builtin/bitstring_extract_bench_test.mbt:102 ("bench BytesView uint64_be aligned len=64") ok
time (mean ± σ)         range (min … max) 
  87.52 ns ±   0.49 ns    87.02 ns …  88.23 ns  in 10 × 100000 runs
[moonbitlang/core] bench builtin/bitstring_extract_bench_test.mbt:115 ("bench ArrayView uint64_le aligned len=64") ok
time (mean ± σ)         range (min … max) 
  71.54 ns ±   0.36 ns    71.11 ns …  72.10 ns  in 10 × 100000 runs
[moonbitlang/core] bench builtin/bitstring_extract_bench_test.mbt:129 ("bench ArrayView uint64_be aligned len=64") ok
time (mean ± σ)         range (min … max) 
  86.27 ns ±   0.43 ns    85.50 ns …  86.73 ns  in 10 × 100000 runs
[moonbitlang/core] bench builtin/bitstring_extract_bench_test.mbt:143 ("bench BytesView uint_le unaligned len=32") ok
time (mean ± σ)         range (min … max) 
   6.11 µs ±  13.93 ns     6.10 µs …   6.14 µs  in 10 ×  16389 runs
[moonbitlang/core] bench builtin/bitstring_extract_bench_test.mbt:156 ("bench BytesView uint64_le unaligned len=64") ok
time (mean ± σ)         range (min … max) 
   5.20 µs ±   3.41 ns     5.19 µs …   5.20 µs  in 10 ×  19265 runs
[moonbitlang/core] bench builtin/bitstring_extract_bench_test.mbt:169 ("bench BytesView uint_le aligned len=16") ok
time (mean ± σ)         range (min … max) 
 148.95 ns ±   0.16 ns   148.67 ns … 149.11 ns  in 10 × 100000 runs
[moonbitlang/core] bench builtin/bitstring_extract_bench_test.mbt:182 ("bench BytesView uint_le aligned len=24") ok
time (mean ± σ)         range (min … max) 
   5.19 µs ±   2.38 ns     5.19 µs …   5.20 µs  in 10 ×  19249 runs
[moonbitlang/core] bench builtin/array_retain_bench_test.mbt:29 ("bench Array::retain all keep Int n=100000") ok
time (mean ± σ)         range (min … max) 
   4.33 µs ±   3.03 ns     4.33 µs …   4.34 µs  in 10 ×  23117 runs
[moonbitlang/core] bench builtin/array_retain_bench_test.mbt:42 ("bench Array::retain all keep Ref n=100000") ok
time (mean ± σ)         range (min … max) 
  32.24 µs ±  89.56 ns    32.09 µs …  32.32 µs  in 10 ×   3073 runs
[moonbitlang/core] bench builtin/array_retain_bench_test.mbt:55 ("bench Array::retain drop tail n=100000") ok
time (mean ± σ)         range (min … max) 
  36.30 µs ±  15.41 ns    36.27 µs …  36.32 µs  in 10 ×   2768 runs
[moonbitlang/core] bench builtin/array_retain_bench_test.mbt:66 ("bench Array::retain late sparse drop n=100000") ok
time (mean ± σ)         range (min … max) 
  56.70 µs ± 127.03 ns    56.63 µs …  57.06 µs  in 10 ×   1770 runs
[moonbitlang/core] bench builtin/array_retain_bench_test.mbt:77 ("bench Array::retain drop first n=100000") ok
time (mean ± σ)         range (min … max) 
  36.33 µs ± 285.42 ns    35.84 µs …  36.57 µs  in 10 ×   2755 runs
[moonbitlang/core] bench builtin/array_make_blit_bench_test.mbt:32 ("bench FixedArray::copy Ref n=1000000") ok
time (mean ± σ)         range (min … max) 
   1.05 ms ± 875.86 ns     1.05 ms …   1.06 ms  in 10 ×     96 runs
[moonbitlang/core] bench builtin/array_make_blit_bench_test.mbt:38 ("bench Array::from_fixed_array Ref n=1000000") ok
time (mean ± σ)         range (min … max) 
   1.05 ms ± 388.62 ns     1.05 ms …   1.05 ms  in 10 ×     95 runs
[moonbitlang/core] bench builtin/array_make_blit_bench_test.mbt:44 ("bench Array::add Ref n=500000+500000") ok
time (mean ± σ)         range (min … max) 
   1.32 ms ± 762.93 ns     1.32 ms …   1.32 ms  in 10 ×     76 runs
[moonbitlang/core] bench builtin/array_make_blit_bench_test.mbt:51 ("bench ArrayView::add Ref n=500000+500000") ok
time (mean ± σ)         range (min … max) 
   1.33 ms ±   1.30 µs     1.33 ms …   1.33 ms  in 10 ×     76 runs
[moonbitlang/core] bench builtin/array_make_blit_bench_test.mbt:60 ("bench Array::blit_to Ref n=1000000 overwrite") ok
time (mean ± σ)         range (min … max) 
 947.90 µs ±   3.60 µs   945.31 µs … 954.71 µs  in 10 ×    106 runs
[moonbitlang/core] bench builtin/array_make_blit_bench_test.mbt:70 ("bench Array::blit_to Ref n=1000000 grow") ok
time (mean ± σ)         range (min … max) 
   1.62 ms ±   1.39 µs     1.62 ms …   1.63 ms  in 10 ×     62 runs
[moonbitlang/core] bench builtin/array_make_blit_bench_test.mbt:80 ("bench ArrayView::blit_to Ref n=1000000 overwrite") ok
time (mean ± σ)         range (min … max) 
 950.12 µs ± 764.02 ns   949.38 µs … 951.24 µs  in 10 ×    106 runs
[moonbitlang/core] bench builtin/array_make_blit_bench_test.mbt:90 ("bench ArrayView::blit_to Ref n=1000000 grow") ok
time (mean ± σ)         range (min … max) 
   1.64 ms ±  16.67 µs     1.63 ms …   1.67 ms  in 10 ×     62 runs
[moonbitlang/core] bench builtin/array_make_blit_bench_test.mbt:100 ("bench Array::append Ref n=1000000 grow") ok
time (mean ± σ)         range (min … max) 
   1.63 ms ± 692.48 ns     1.62 ms …   1.63 ms  in 10 ×     62 runs
[moonbitlang/core] bench builtin/array_make_blit_bench_test.mbt:110 ("bench Array::push Ref n=1000000 resize") ok
time (mean ± σ)         range (min … max) 
   1.46 ms ± 921.44 ns     1.46 ms …   1.46 ms  in 10 ×     69 runs
[moonbitlang/core] bench builtin/array_make_blit_bench_test.mbt:129 ("bench Array::copy Int n=1000000") ok
time (mean ± σ)         range (min … max) 
  62.88 µs ±  28.14 ns    62.85 µs …  62.93 µs  in 10 ×   1591 runs
[moonbitlang/core] bench builtin/array_make_blit_bench_test.mbt:135 ("bench Array::copy Ref n=1000000") ok
time (mean ± σ)         range (min … max) 
   1.60 ms ± 915.63 ns     1.60 ms …   1.60 ms  in 10 ×     63 runs
[moonbitlang/core] bench builtin/array_locals_bench_test.mbt:29 ("bench Array::retain_map n=100000") ok
time (mean ± σ)         range (min … max) 
   6.80 µs ±   2.69 ns     6.79 µs …   6.80 µs  in 10 ×  14714 runs
[moonbitlang/core] bench builtin/array_locals_bench_test.mbt:38 ("bench Array::shuffle_in_place n=100000") ok
time (mean ± σ)         range (min … max) 
  60.99 µs ± 504.16 ns    60.14 µs …  61.43 µs  in 10 ×   1633 runs
[moonbitlang/core] bench builtin/array_locals_bench_test.mbt:50 ("bench Array::filter_map n=100000") ok
time (mean ± σ)         range (min … max) 
  40.36 µs ±  28.57 ns    40.33 µs …  40.41 µs  in 10 ×   2488 runs
[moonbitlang/core] bench builtin/array_locals_bench_test.mbt:58 ("bench FixedArray::each n=100000") ok
time (mean ± σ)         range (min … max) 
   4.35 µs ±  38.50 ns     4.27 µs …   4.37 µs  in 10 ×  22968 runs
[moonbitlang/core] bench builtin/array_locals_bench_test.mbt:68 ("bench FixedArray::eachi n=100000") ok
time (mean ± σ)         range (min … max) 
  10.43 µs ±   4.15 ns    10.43 µs …  10.44 µs  in 10 ×   9519 runs
[moonbitlang/core] bench builtin/array_locals_bench_test.mbt:78 ("bench FixedArray::rev_each n=100000") ok
time (mean ± σ)         range (min … max) 
   5.43 µs ±   5.26 ns     5.42 µs …   5.44 µs  in 10 ×  18587 runs
[moonbitlang/core] bench builtin/array_locals_bench_test.mbt:88 ("bench FixedArray::rev_eachi n=100000") ok
time (mean ± σ)         range (min … max) 
  10.44 µs ±   3.83 ns    10.43 µs …  10.44 µs  in 10 ×   9584 runs
[moonbitlang/core] bench builtin/array_locals_bench_test.mbt:98 ("bench FixedArray::map n=100000") ok
time (mean ± σ)         range (min … max) 
  13.66 µs ± 269.84 ns    13.35 µs …  14.06 µs  in 10 ×   7399 runs
[moonbitlang/core] bench builtin/array_locals_bench_test.mbt:104 ("bench FixedArray::mapi n=100000") ok
time (mean ± σ)         range (min … max) 
  13.76 µs ± 319.22 ns    13.48 µs …  14.23 µs  in 10 ×   7378 runs
[moonbitlang/core] bench builtin/array_locals_bench_test.mbt:110 ("bench FixedArray::makei n=100000") ok
time (mean ± σ)         range (min … max) 
  13.52 µs ±  43.51 ns    13.44 µs …  13.56 µs  in 10 ×   7640 runs
[moonbitlang/core] bench builtin/array_locals_bench_test.mbt:115 ("bench FixedArray::fold n=100000") ok
time (mean ± σ)         range (min … max) 
   4.40 µs ±  11.43 ns     4.38 µs …   4.42 µs  in 10 ×  22957 runs
[moonbitlang/core] bench builtin/array_locals_bench_test.mbt:121 ("bench FixedArray::rev_fold n=100000") ok
time (mean ± σ)         range (min … max) 
   5.45 µs ±  60.91 ns     5.37 µs …   5.53 µs  in 10 ×  18551 runs
[moonbitlang/core] bench builtin/array_locals_bench_test.mbt:127 ("bench FixedArray::foldi n=100000") ok
time (mean ± σ)         range (min … max) 
  10.43 µs ±   2.49 ns    10.42 µs …  10.43 µs  in 10 ×   9588 runs
[moonbitlang/core] bench builtin/array_locals_bench_test.mbt:133 ("bench FixedArray::rev_foldi n=100000") ok
time (mean ± σ)         range (min … max) 
  10.44 µs ±   2.00 ns    10.43 µs …  10.44 µs  in 10 ×   9585 runs
[moonbitlang/core] bench builtin/array_locals_bench_test.mbt:139 ("bench ArrayView::chunk_by n=100000") ok
time (mean ± σ)         range (min … max) 
  46.64 µs ± 352.31 ns    46.22 µs …  47.18 µs  in 10 ×   2080 runs
[moonbitlang/core] bench builtin/array_locals_bench_test.mbt:146 ("bench ArrayView::each n=100000") ok
time (mean ± σ)         range (min … max) 
   4.42 µs ±   4.08 ns     4.42 µs …   4.43 µs  in 10 ×  22672 runs
[moonbitlang/core] bench builtin/array_locals_bench_test.mbt:157 ("bench ArrayView::eachi n=100000") ok
time (mean ± σ)         range (min … max) 
  10.45 µs ±  22.84 ns    10.44 µs …  10.51 µs  in 10 ×   9580 runs
[moonbitlang/core] bench builtin/array_locals_bench_test.mbt:168 ("bench ArrayView::rev_each n=100000") ok
time (mean ± σ)         range (min … max) 
   5.48 µs ±  65.10 ns     5.41 µs …   5.59 µs  in 10 ×  17903 runs
[moonbitlang/core] bench builtin/array_locals_bench_test.mbt:179 ("bench ArrayView::rev_eachi n=100000") ok
time (mean ± σ)         range (min … max) 
  10.38 µs ±   4.65 ns    10.37 µs …  10.38 µs  in 10 ×   9637 runs
[moonbitlang/core] bench builtin/array_locals_bench_test.mbt:190 ("bench ArrayView::all n=100000") ok
time (mean ± σ)         range (min … max) 
  27.24 µs ±  31.61 ns    27.20 µs …  27.28 µs  in 10 ×   3674 runs
[moonbitlang/core] bench builtin/array_locals_bench_test.mbt:197 ("bench ArrayView::any n=100000") ok
time (mean ± σ)         range (min … max) 
  27.25 µs ±  57.03 ns    27.19 µs …  27.32 µs  in 10 ×   3666 runs
[moonbitlang/core] bench builtin/array_locals_bench_test.mbt:204 ("bench ArrayView::search_by n=100000") ok
time (mean ± σ)         range (min … max) 
  32.95 µs ±  32.05 ns    32.90 µs …  33.00 µs  in 10 ×   3034 runs
[moonbitlang/core] bench builtin/array_locals_bench_test.mbt:213 ("bench ArrayView::fold n=100000") ok
time (mean ± σ)         range (min … max) 
   4.29 µs ±  11.14 ns     4.27 µs …   4.31 µs  in 10 ×  23497 runs
[moonbitlang/core] bench builtin/array_locals_bench_test.mbt:220 ("bench ArrayView::rev_fold n=100000") ok
time (mean ± σ)         range (min … max) 
   5.45 µs ±  13.56 ns     5.43 µs …   5.46 µs  in 10 ×  18412 runs
[moonbitlang/core] bench builtin/array_locals_bench_test.mbt:227 ("bench ArrayView::foldi n=100000") ok
time (mean ± σ)         range (min … max) 
  10.44 µs ±   4.07 ns    10.43 µs …  10.45 µs  in 10 ×   9580 runs
[moonbitlang/core] bench builtin/array_locals_bench_test.mbt:234 ("bench ArrayView::rev_foldi n=100000") ok
time (mean ± σ)         range (min … max) 
  13.84 µs ±   6.07 ns    13.83 µs …  13.85 µs  in 10 ×   7227 runs
[moonbitlang/core] bench builtin/array_locals_bench_test.mbt:241 ("bench ArrayView::map n=100000") ok
time (mean ± σ)         range (min … max) 
   8.26 µs ±  45.72 ns     8.20 µs …   8.35 µs  in 10 ×  12237 runs
[moonbitlang/core] bench builtin/array_locals_bench_test.mbt:248 ("bench ArrayView::mapi n=100000") ok
time (mean ± σ)         range (min … max) 
   8.41 µs ±  37.63 ns     8.37 µs …   8.46 µs  in 10 ×  11999 runs
[moonbitlang/core] bench builtin/array_locals_bench_test.mbt:255 ("bench ArrayView::filter n=100000") ok
time (mean ± σ)         range (min … max) 
  40.54 µs ± 101.34 ns    40.46 µs …  40.79 µs  in 10 ×   2461 runs
[moonbitlang/core] bench builtin/array_locals_bench_test.mbt:262 ("bench ArrayView::filter_map n=100000") ok
time (mean ± σ)         range (min … max) 
  40.80 µs ±  18.31 ns    40.78 µs …  40.82 µs  in 10 ×   2446 runs
[moonbitlang/core] bench bytes/find_bench_test.mbt:92 ("bench BytesView::find single byte hit end n=4096") ok
time (mean ± σ)         range (min … max) 
 150.90 ns ±   0.34 ns   150.57 ns … 151.43 ns  in 10 × 100000 runs
[moonbitlang/core] bench bytes/find_bench_test.mbt:99 ("bench BytesView::find single byte miss n=4096") ok
time (mean ± σ)         range (min … max) 
 142.89 ns ±   0.11 ns   142.78 ns … 143.08 ns  in 10 × 100000 runs
[moonbitlang/core] bench bytes/find_bench_test.mbt:106 ("bench BytesView::find substring rare hit end n=4096") ok
time (mean ± σ)         range (min … max) 
 181.20 ns ±   0.19 ns   181.00 ns … 181.52 ns  in 10 × 100000 runs
[moonbitlang/core] bench bytes/find_bench_test.mbt:113 ("bench BytesView::find substring dense miss n=4096") ok
time (mean ± σ)         range (min … max) 
 178.23 ns ±   0.36 ns   177.95 ns … 179.08 ns  in 10 × 100000 runs
[moonbitlang/core] bench bytes/find_bench_test.mbt:120 ("bench BytesView::find offset view rare hit end n=4096") ok
time (mean ± σ)         range (min … max) 
 181.14 ns ±   0.17 ns   180.97 ns … 181.44 ns  in 10 × 100000 runs
[moonbitlang/core] bench bytes/find_bench_test.mbt:127 ("bench BytesView::find long dense miss n=4096") ok
time (mean ± σ)         range (min … max) 
   4.49 µs ±   1.53 ns     4.49 µs …   4.49 µs  in 10 ×  22275 runs
[moonbitlang/core] bench bytes/find_bench_test.mbt:134 ("bench BytesView::find single byte miss n=32") ok
time (mean ± σ)         range (min … max) 
  10.25 ns ±   0.03 ns    10.21 ns …  10.31 ns  in 10 × 100000 runs
[moonbitlang/core] bench bytes/find_bench_test.mbt:141 ("bench BytesView::find substring miss n=32") ok
time (mean ± σ)         range (min … max) 
  15.28 ns ±   0.40 ns    14.78 ns …  15.89 ns  in 10 × 100000 runs
[moonbitlang/core] bench bytes/find_bench_test.mbt:148 ("bench BytesView::rev_find single byte hit start n=4096") ok
time (mean ± σ)         range (min … max) 
 143.23 ns ±   0.25 ns   142.99 ns … 143.68 ns  in 10 × 100000 runs
[moonbitlang/core] bench bytes/find_bench_test.mbt:155 ("bench BytesView::rev_find single byte miss n=4096") ok
time (mean ± σ)         range (min … max) 
 133.34 ns ±   0.13 ns   133.18 ns … 133.59 ns  in 10 × 100000 runs
[moonbitlang/core] bench bytes/find_bench_test.mbt:162 ("bench BytesView::rev_find substring rare hit start n=4096") ok
time (mean ± σ)         range (min … max) 
 194.18 ns ±   2.01 ns   192.93 ns … 198.64 ns  in 10 × 100000 runs
[moonbitlang/core] bench bytes/find_bench_test.mbt:169 ("bench BytesView::rev_find substring dense miss n=4096") ok
time (mean ± σ)         range (min … max) 
 190.33 ns ±   0.43 ns   189.67 ns … 191.03 ns  in 10 × 100000 runs
[moonbitlang/core] bench bytes/find_bench_test.mbt:176 ("bench BytesView::rev_find offset view rare hit start n=4096") ok
time (mean ± σ)         range (min … max) 
 188.71 ns ±   0.90 ns   188.13 ns … 191.18 ns  in 10 × 100000 runs
[moonbitlang/core] bench bytes/find_bench_test.mbt:185 ("bench BytesView::rev_find long dense miss n=4096") ok
time (mean ± σ)         range (min … max) 
 188.38 ns ±   0.52 ns   187.56 ns … 188.99 ns  in 10 × 100000 runs
[moonbitlang/core] bench debug/debug_inspect_bench_test.mbt:16 ("bench debug_inspect passing Int") ok
time (mean ± σ)         range (min … max) 
 178.99 ns ±   0.36 ns   178.25 ns … 179.38 ns  in 10 × 100000 runs
[moonbitlang/core] bench debug/debug_inspect_bench_test.mbt:21 ("bench debug_inspect passing Array") ok
time (mean ± σ)         range (min … max) 
   1.77 µs ±  11.12 ns     1.76 µs …   1.79 µs  in 10 ×  56005 runs
[moonbitlang/core] bench deque/deque_bench_test.mbt:22 ("bench Deque::to_array Int n=50000") ok
time (mean ± σ)         range (min … max) 
  29.09 µs ±  53.66 ns    29.03 µs …  29.18 µs  in 10 ×   3424 runs
[moonbitlang/core] bench deque/deque_bench_test.mbt:28 ("bench Deque::to_array Ref n=50000") ok
time (mean ± σ)         range (min … max) 
 102.93 µs ± 707.04 ns   101.46 µs … 103.42 µs  in 10 ×    970 runs
[moonbitlang/core] bench deque/deque_bench_test.mbt:34 ("bench Deque steady-state pop_front/push_back x100000 len=1000") ok
time (mean ± σ)         range (min … max) 
 370.17 µs ±   1.84 µs   366.42 µs … 373.07 µs  in 10 ×    267 runs
[moonbitlang/core] bench deque/deque_bench_test.mbt:51 ("bench Deque steady-state push_front/pop_back x100000 len=1000") ok
time (mean ± σ)         range (min … max) 
 362.40 µs ±   4.12 µs   358.25 µs … 367.75 µs  in 10 ×    274 runs
[moonbitlang/core] bench deque/deque_bench_test.mbt:67 ("bench Deque::get x100000 len=1000") ok
time (mean ± σ)         range (min … max) 
 584.96 µs ± 174.53 ns   584.64 µs … 585.17 µs  in 10 ×    172 runs
[moonbitlang/core] bench encoding/ascii/ascii_bench_test.mbt:40 ("bench ASCII decode n=15") ok
time (mean ± σ)         range (min … max) 
  22.38 ns ±   0.48 ns    21.61 ns …  22.97 ns  in 10 × 100000 runs
[moonbitlang/core] bench encoding/ascii/ascii_bench_test.mbt:46 ("bench ASCII decode n=16") ok
time (mean ± σ)         range (min … max) 
  21.58 ns ±   0.54 ns    20.82 ns …  22.13 ns  in 10 × 100000 runs
[moonbitlang/core] bench encoding/ascii/ascii_bench_test.mbt:52 ("bench ASCII decode n=32") ok
time (mean ± σ)         range (min … max) 
  25.84 ns ±   0.50 ns    25.18 ns …  26.51 ns  in 10 × 100000 runs
[moonbitlang/core] bench encoding/ascii/ascii_bench_test.mbt:58 ("bench ASCII decode n=64") ok
time (mean ± σ)         range (min … max) 
  32.89 ns ±   0.41 ns    32.47 ns …  33.36 ns  in 10 × 100000 runs
[moonbitlang/core] bench encoding/ascii/ascii_bench_test.mbt:64 ("bench ASCII decode n=100000") ok
time (mean ± σ)         range (min … max) 
  10.82 µs ±  19.56 ns    10.79 µs …  10.84 µs  in 10 ×   9284 runs
[moonbitlang/core] bench encoding/ascii/ascii_bench_test.mbt:70 ("bench ASCII decode n=1000000") ok
time (mean ± σ)         range (min … max) 
  97.53 µs ± 718.16 ns    97.06 µs …  98.94 µs  in 10 ×   1010 runs
[moonbitlang/core] bench encoding/base64/v128_bench_wbtest.mbt:38 ("bench encode scalar n=64") ok
time (mean ± σ)         range (min … max) 
 211.75 ns ±   0.38 ns   211.39 ns … 212.38 ns  in 10 × 100000 runs
[moonbitlang/core] bench encoding/base64/v128_bench_wbtest.mbt:43 ("bench encode v128 n=64") ok
time (mean ± σ)         range (min … max) 
  39.48 ns ±   0.40 ns    39.16 ns …  40.13 ns  in 10 × 100000 runs
[moonbitlang/core] bench encoding/base64/v128_bench_wbtest.mbt:48 ("bench encode scalar n=1024") ok
time (mean ± σ)         range (min … max) 
   2.79 µs ±   1.95 ns     2.78 µs …   2.79 µs  in 10 ×  35858 runs
[moonbitlang/core] bench encoding/base64/v128_bench_wbtest.mbt:53 ("bench encode v128 n=1024") ok
time (mean ± σ)         range (min … max) 
 242.71 ns ±   0.45 ns   242.20 ns … 243.43 ns  in 10 × 100000 runs
[moonbitlang/core] bench encoding/base64/v128_bench_wbtest.mbt:58 ("bench encode scalar n=65536") ok
time (mean ± σ)         range (min … max) 
 173.24 µs ± 666.04 ns   172.54 µs … 174.79 µs  in 10 ×    564 runs
[moonbitlang/core] bench encoding/base64/v128_bench_wbtest.mbt:63 ("bench encode v128 n=65536") ok
time (mean ± σ)         range (min … max) 
  18.35 µs ±  48.67 ns    18.27 µs …  18.42 µs  in 10 ×   5132 runs
[moonbitlang/core] bench encoding/base64/v128_bench_wbtest.mbt:68 ("bench decode scalar n=64") ok
time (mean ± σ)         range (min … max) 
 173.32 ns ±   0.80 ns   172.24 ns … 174.65 ns  in 10 × 100000 runs
[moonbitlang/core] bench encoding/base64/v128_bench_wbtest.mbt:75 ("bench decode v128 n=64") ok
time (mean ± σ)         range (min … max) 
  71.28 ns ±   0.71 ns    69.34 ns …  71.88 ns  in 10 × 100000 runs
[moonbitlang/core] bench encoding/base64/v128_bench_wbtest.mbt:80 ("bench decode scalar n=1024") ok
time (mean ± σ)         range (min … max) 
   1.99 µs ±   1.34 ns     1.99 µs …   2.00 µs  in 10 ×  50229 runs
[moonbitlang/core] bench encoding/base64/v128_bench_wbtest.mbt:87 ("bench decode v128 n=1024") ok
time (mean ± σ)         range (min … max) 
 245.02 ns ±   0.65 ns   244.10 ns … 245.80 ns  in 10 × 100000 runs
[moonbitlang/core] bench encoding/base64/v128_bench_wbtest.mbt:92 ("bench decode scalar n=65536") ok
time (mean ± σ)         range (min … max) 
 419.59 µs ±   3.49 µs   414.85 µs … 424.18 µs  in 10 ×    241 runs
[moonbitlang/core] bench encoding/base64/v128_bench_wbtest.mbt:99 ("bench decode v128 n=65536") ok
time (mean ± σ)         range (min … max) 
  11.87 µs ±   9.27 ns    11.86 µs …  11.89 µs  in 10 ×   8439 runs
[moonbitlang/core] bench encoding/hex/v128_bench_wbtest.mbt:34 ("bench encode scalar 4k") ok
time (mean ± σ)         range (min … max) 
  15.90 µs ± 218.72 ns    15.64 µs …  16.17 µs  in 10 ×   6214 runs
[moonbitlang/core] bench encoding/hex/v128_bench_wbtest.mbt:39 ("bench encode public 64") ok
time (mean ± σ)         range (min … max) 
  35.71 ns ±   0.14 ns    35.34 ns …  35.90 ns  in 10 × 100000 runs
[moonbitlang/core] bench encoding/hex/v128_bench_wbtest.mbt:44 ("bench encode public 4k") ok
time (mean ± σ)         range (min … max) 
 602.74 ns ±   0.69 ns   601.78 ns … 603.81 ns  in 10 × 100000 runs
[moonbitlang/core] bench encoding/hex/v128_bench_wbtest.mbt:49 ("bench encode public 64k") ok
time (mean ± σ)         range (min … max) 
  17.88 µs ±   6.92 ns    17.88 µs …  17.90 µs  in 10 ×   5518 runs
[moonbitlang/core] bench encoding/hex/v128_bench_wbtest.mbt:54 ("bench decode scalar 4k") ok
time (mean ± σ)         range (min … max) 
   7.30 µs ±  73.60 ns     7.20 µs …   7.40 µs  in 10 ×  13467 runs
[moonbitlang/core] bench encoding/hex/v128_bench_wbtest.mbt:62 ("bench decode public 4k") ok
time (mean ± σ)         range (min … max) 
 776.36 ns ±   2.25 ns   775.00 ns … 782.66 ns  in 10 × 100000 runs
[moonbitlang/core] bench encoding/hex/v128_bench_wbtest.mbt:70 ("bench decode public 64k") ok
time (mean ± σ)         range (min … max) 
  11.94 µs ±   2.83 ns    11.94 µs …  11.94 µs  in 10 ×   8365 runs
[moonbitlang/core] bench encoding/utf16/utf16_v128_bench_test.mbt:57 ("bench utf16 encode ASCII LE n=100000") ok
time (mean ± σ)         range (min … max) 
  62.11 µs ± 730.17 ns    61.39 µs …  63.43 µs  in 10 ×   1624 runs
[moonbitlang/core] bench encoding/utf16/utf16_v128_bench_test.mbt:63 ("bench utf16 encode ASCII BE n=100000") ok
time (mean ± σ)         range (min … max) 
   5.29 µs ±  33.07 ns     5.22 µs …   5.33 µs  in 10 ×  19029 runs
[moonbitlang/core] bench encoding/utf16/utf16_v128_bench_test.mbt:69 ("bench utf16 encode mixed LE n=100000") ok
time (mean ± σ)         range (min … max) 
  60.60 µs ± 894.15 ns    59.93 µs …  62.27 µs  in 10 ×   1619 runs
[moonbitlang/core] bench encoding/utf16/utf16_v128_bench_test.mbt:75 ("bench utf16 encode mixed BE n=100000") ok
time (mean ± σ)         range (min … max) 
   5.27 µs ±  62.93 ns     5.16 µs …   5.34 µs  in 10 ×  18962 runs
[moonbitlang/core] bench encoding/utf16/utf16_v128_bench_test.mbt:81 ("bench utf16 decode ASCII LE n=100000") ok
time (mean ± σ)         range (min … max) 
   8.95 µs ±  53.47 ns     8.88 µs …   9.04 µs  in 10 ×  11183 runs
[moonbitlang/core] bench encoding/utf16/utf16_v128_bench_test.mbt:87 ("bench utf16 decode ASCII BE n=100000") ok
time (mean ± σ)         range (min … max) 
  15.58 µs ±  94.45 ns    15.45 µs …  15.74 µs  in 10 ×   6450 runs
[moonbitlang/core] bench encoding/utf16/utf16_v128_bench_test.mbt:95 ("bench utf16 decode mixed LE n=100000") ok
time (mean ± σ)         range (min … max) 
   8.89 µs ±  21.25 ns     8.88 µs …   8.95 µs  in 10 ×  11121 runs
[moonbitlang/core] bench encoding/utf16/utf16_v128_bench_test.mbt:101 ("bench utf16 decode mixed BE n=100000") ok
time (mean ± σ)         range (min … max) 
  15.75 µs ±  38.45 ns    15.71 µs …  15.85 µs  in 10 ×   6426 runs
[moonbitlang/core] bench encoding/utf16/utf16_v128_bench_test.mbt:109 ("bench utf16 decode emoji LE n=100000") ok
time (mean ± σ)         range (min … max) 
 126.77 µs ±  47.92 ns   126.70 µs … 126.83 µs  in 10 ×    789 runs
[moonbitlang/core] bench encoding/utf16/utf16_v128_bench_test.mbt:115 ("bench utf16 decode emoji BE n=100000") ok
time (mean ± σ)         range (min … max) 
 135.39 µs ±  99.50 ns   135.19 µs … 135.49 µs  in 10 ×    740 runs
[moonbitlang/core] bench hashmap/hashmap_bench_test.mbt:19 ("bench HashMap::set n=50000") ok
time (mean ± σ)         range (min … max) 
   2.18 ms ±   4.70 µs     2.18 ms …   2.19 ms  in 10 ×     46 runs
[moonbitlang/core] bench hashmap/hashmap_bench_test.mbt:30 ("bench HashMap::get n=50000") ok
time (mean ± σ)         range (min … max) 
 304.78 µs ± 475.66 ns   304.26 µs … 305.92 µs  in 10 ×    328 runs
[moonbitlang/core] bench hashmap/hashmap_bench_test.mbt:47 ("bench HashMap::get miss n=50000") ok
time (mean ± σ)         range (min … max) 
 464.46 µs ±   9.08 µs   452.41 µs … 477.49 µs  in 10 ×    222 runs
[moonbitlang/core] bench hashmap/hashmap_bench_test.mbt:67 ("bench HashMap::set+remove n=50000") ok
time (mean ± σ)         range (min … max) 
   2.50 ms ±  14.75 µs     2.46 ms …   2.51 ms  in 10 ×     40 runs
[moonbitlang/core] bench hashmap/hashmap_bench_test.mbt:87 ("bench HashMap::copy+remove n=50000") ok
time (mean ± σ)         range (min … max) 
   1.29 ms ±  14.36 µs     1.28 ms …   1.32 ms  in 10 ×     77 runs
[moonbitlang/core] bench hashmap/hashmap_bench_test.mbt:102 ("bench HashMap::copy n=50000") ok
time (mean ± σ)         range (min … max) 
 976.37 µs ± 793.22 ns   975.37 µs … 977.67 µs  in 10 ×    103 runs
[moonbitlang/core] bench hashmap/hashmap_bench_test.mbt:114 ("bench HashMap::to_array Int n=50000") ok
time (mean ± σ)         range (min … max) 
 611.94 µs ±   3.12 µs   608.91 µs … 617.76 µs  in 10 ×    162 runs
[moonbitlang/core] bench hashmap/hashmap_bench_test.mbt:123 ("bench HashMap::to_array Ref n=50000") ok
time (mean ± σ)         range (min … max) 
 840.30 µs ±   3.55 µs   836.77 µs … 846.26 µs  in 10 ×    119 runs
[moonbitlang/core] bench hashmap/hashmap_bench_test.mbt:141 ("bench HashMap::filter n=50000") ok
time (mean ± σ)         range (min … max) 
   1.07 ms ± 960.15 ns     1.07 ms …   1.07 ms  in 10 ×     94 runs
[moonbitlang/core] bench hashmap/hashmap_bench_test.mbt:147 ("bench HashMap comprehension filter n=50000") ok
time (mean ± σ)         range (min … max) 
   2.83 ms ±   2.12 µs     2.83 ms …   2.84 ms  in 10 ×     36 runs
[moonbitlang/core] bench hashset/set_algebra_bench_test.mbt:26 ("bench HashSet::union String 10k 50% overlap") ok
time (mean ± σ)         range (min … max) 
 637.74 µs ±   4.04 µs   631.63 µs … 641.24 µs  in 10 ×    158 runs
[moonbitlang/core] bench hashset/set_algebra_bench_test.mbt:33 ("bench HashSet::union Int 10k 50% overlap") ok
time (mean ± σ)         range (min … max) 
 560.69 µs ± 770.25 ns   559.62 µs … 562.05 µs  in 10 ×    179 runs
[moonbitlang/core] bench hashset/set_algebra_bench_test.mbt:40 ("bench HashSet::intersection String 10k 50% overlap") ok
time (mean ± σ)         range (min … max) 
 330.53 µs ±   5.11 µs   323.08 µs … 334.80 µs  in 10 ×    296 runs
[moonbitlang/core] bench hashset/set_algebra_bench_test.mbt:47 ("bench HashSet::difference String 10k 50% overlap") ok
time (mean ± σ)         range (min … max) 
 344.76 µs ± 431.01 ns   344.22 µs … 345.42 µs  in 10 ×    290 runs
[moonbitlang/core] bench hashset/set_algebra_bench_test.mbt:54 ("bench HashSet::is_subset String 10k true") ok
time (mean ± σ)         range (min … max) 
  99.64 µs ±   1.81 µs    96.76 µs … 103.00 µs  in 10 ×    973 runs
[moonbitlang/core] bench hashset/set_algebra_bench_test.mbt:61 ("bench HashSet == String 10k") ok
time (mean ± σ)         range (min … max) 
 100.14 µs ±   2.45 µs    96.55 µs … 102.54 µs  in 10 ×    981 runs
[moonbitlang/core] bench hashset/set_algebra_bench_test.mbt:68 ("bench HashSet == Int 10k") ok
time (mean ± σ)         range (min … max) 
  81.32 µs ±   2.67 µs    76.33 µs …  82.91 µs  in 10 ×   1203 runs
[moonbitlang/core] bench hashset/hashset_bench_test.mbt:19 ("bench HashSet::add n=50000") ok
time (mean ± σ)         range (min … max) 
   2.23 ms ±  18.33 µs     2.20 ms …   2.24 ms  in 10 ×     45 runs
[moonbitlang/core] bench hashset/hashset_bench_test.mbt:30 ("bench HashSet::contains n=50000") ok
time (mean ± σ)         range (min … max) 
 812.97 µs ±   2.99 µs   810.65 µs … 820.88 µs  in 10 ×    123 runs
[moonbitlang/core] bench hashset/hashset_bench_test.mbt:56 ("bench HashSet::filter n=50000") ok
time (mean ± σ)         range (min … max) 
 448.87 µs ± 513.69 ns   448.19 µs … 449.64 µs  in 10 ×    223 runs
[moonbitlang/core] bench hashset/hashset_bench_test.mbt:62 ("bench HashSet comprehension filter n=50000") ok
time (mean ± σ)         range (min … max) 
 999.87 µs ±   1.12 µs   998.51 µs …   1.00 ms  in 10 ×    101 runs
[moonbitlang/core] bench immut/hashmap/update_bench_test.mbt:21 ("bench HashMap::remove absent x1000 n=100000") ok
time (mean ± σ)         range (min … max) 
  35.22 µs ±  51.25 ns    35.14 µs …  35.28 µs  in 10 ×   2841 runs
[moonbitlang/core] bench immut/hashmap/update_bench_test.mbt:32 ("bench HashMap::remove present x1000 n=100000") ok
time (mean ± σ)         range (min … max) 
 375.90 µs ± 274.52 ns   375.50 µs … 376.26 µs  in 10 ×    267 runs
[moonbitlang/core] bench immut/hashmap/update_bench_test.mbt:43 ("bench HashMap::union with a derived version n=100000") ok
time (mean ± σ)         range (min … max) 
 702.87 ns ±   2.40 ns   699.16 ns … 707.33 ns  in 10 × 100000 runs
[moonbitlang/core] bench immut/hashmap/update_bench_test.mbt:49 ("bench HashMap::intersection with a derived version n=100000") ok
time (mean ± σ)         range (min … max) 
 713.04 ns ±   3.56 ns   708.01 ns … 719.63 ns  in 10 × 100000 runs
[moonbitlang/core] bench immut/hashmap/hashmap_build_bench_test.mbt:37 ("bench HashMap constructor ordered n=10000") ok
time (mean ± σ)         range (min … max) 
 687.61 µs ±   6.61 µs   677.83 µs … 694.89 µs  in 10 ×    149 runs
[moonbitlang/core] bench immut/hashmap/hashmap_build_bench_test.mbt:43 ("bench HashMap constructor random n=10000") ok
time (mean ± σ)         range (min … max) 
 687.45 µs ±   7.69 µs   676.78 µs … 696.87 µs  in 10 ×    144 runs
[moonbitlang/core] bench immut/hashmap/hashmap_build_bench_test.mbt:49 ("bench HashMap::from_iter random n=10000") ok
time (mean ± σ)         range (min … max) 
 688.60 µs ± 531.39 ns   687.81 µs … 689.32 µs  in 10 ×    146 runs
[moonbitlang/core] bench immut/hashset/update_bench_test.mbt:21 ("bench HashSet::add existing x1000 n=100000") ok
time (mean ± σ)         range (min … max) 
  38.19 µs ±  59.78 ns    38.15 µs …  38.34 µs  in 10 ×   2619 runs
[moonbitlang/core] bench immut/hashset/update_bench_test.mbt:32 ("bench HashSet::remove absent x1000 n=100000") ok
time (mean ± σ)         range (min … max) 
  34.98 µs ±  47.35 ns    34.85 µs …  35.02 µs  in 10 ×   2876 runs
[moonbitlang/core] bench immut/hashset/update_bench_test.mbt:43 ("bench HashSet::add new x1000 n=100000") ok
time (mean ± σ)         range (min … max) 
 391.08 µs ±   3.55 µs   388.17 µs … 397.90 µs  in 10 ×    255 runs
[moonbitlang/core] bench immut/hashset/update_bench_test.mbt:54 ("bench HashSet::union with a derived version n=100000") ok
time (mean ± σ)         range (min … max) 
 688.03 ns ±   5.25 ns   684.22 ns … 698.03 ns  in 10 × 100000 runs
[moonbitlang/core] bench immut/hashset/hashset_build_bench_test.mbt:34 ("bench HashSet constructor ordered n=10000") ok
time (mean ± σ)         range (min … max) 
 733.43 µs ± 736.16 ns   732.37 µs … 734.59 µs  in 10 ×    137 runs
[moonbitlang/core] bench immut/hashset/hashset_build_bench_test.mbt:40 ("bench HashSet constructor random n=10000") ok
time (mean ± σ)         range (min … max) 
 724.21 µs ±   2.03 µs   718.48 µs … 725.46 µs  in 10 ×    139 runs
[moonbitlang/core] bench immut/hashset/hashset_build_bench_test.mbt:46 ("bench HashSet::from_iter random n=10000") ok
time (mean ± σ)         range (min … max) 
 747.79 µs ±   1.02 µs   745.27 µs … 748.77 µs  in 10 ×    134 runs
[moonbitlang/core] bench immut/priority_queue/priority_queue_build_bench_test.mbt:38 ("bench PriorityQueue::from_array ordered n=10000") ok
time (mean ± σ)         range (min … max) 
 118.16 µs ±   1.40 µs   115.83 µs … 119.58 µs  in 10 ×    845 runs
[moonbitlang/core] bench immut/priority_queue/priority_queue_build_bench_test.mbt:44 ("bench PriorityQueue::from_array reverse n=10000") ok
time (mean ± σ)         range (min … max) 
 112.42 µs ± 369.45 ns   111.84 µs … 113.09 µs  in 10 ×    891 runs
[moonbitlang/core] bench immut/priority_queue/priority_queue_build_bench_test.mbt:50 ("bench PriorityQueue::from_array random n=10000") ok
time (mean ± σ)         range (min … max) 
 120.87 µs ± 544.15 ns   119.68 µs … 121.70 µs  in 10 ×    833 runs
[moonbitlang/core] bench immut/priority_queue/priority_queue_build_bench_test.mbt:56 ("bench PriorityQueue::from_iter random n=10000") ok
time (mean ± σ)         range (min … max) 
 140.23 µs ± 444.48 ns   139.20 µs … 140.56 µs  in 10 ×    716 runs
[moonbitlang/core] bench immut/sorted_map/sorted_map_build_bench_test.mbt:54 ("bench SortedMap constructor reverse n=10000") ok
time (mean ± σ)         range (min … max) 
 169.60 µs ± 508.57 ns   168.81 µs … 170.71 µs  in 10 ×    594 runs
[moonbitlang/core] bench immut/sorted_map/sorted_map_build_bench_test.mbt:60 ("bench SortedMap::from_iter ordered n=10000") ok
time (mean ± σ)         range (min … max) 
   4.19 ms ±  37.06 µs     4.13 ms …   4.23 ms  in 10 ×     24 runs
[moonbitlang/core] bench immut/sorted_map/sorted_map_build_bench_test.mbt:66 ("bench SortedMap::from_iter almost ordered n=10000") ok
time (mean ± σ)         range (min … max) 
   4.22 ms ±  11.04 µs     4.21 ms …   4.24 ms  in 10 ×     24 runs
[moonbitlang/core] bench immut/sorted_map/sorted_map_build_bench_test.mbt:72 ("bench SortedMap::from_iter random n=10000") ok
time (mean ± σ)         range (min … max) 
   3.04 ms ±   1.32 µs     3.03 ms …   3.04 ms  in 10 ×     33 runs
[moonbitlang/core] bench immut/sorted_map/sorted_map_build_bench_test.mbt:78 ("bench SortedMap constructor ordered n=10000") ok
time (mean ± σ)         range (min … max) 
 184.13 µs ± 483.71 ns   183.46 µs … 184.85 µs  in 10 ×    543 runs
[moonbitlang/core] bench immut/sorted_map/sorted_map_build_bench_test.mbt:84 ("bench SortedMap constructor almost ordered n=10000") ok
time (mean ± σ)         range (min … max) 
 360.60 µs ±   2.14 µs   356.50 µs … 362.80 µs  in 10 ×    277 runs
[moonbitlang/core] bench immut/sorted_map/sorted_map_build_bench_test.mbt:90 ("bench SortedMap constructor random n=10000") ok
time (mean ± σ)         range (min … max) 
 922.49 µs ±   4.89 µs   918.00 µs … 930.18 µs  in 10 ×    108 runs
[moonbitlang/core] bench immut/sorted_map/merge_bench_test.mbt:29 ("bench merge disjoint n=1000") ok
time (mean ± σ)         range (min … max) 
   4.05 µs ±  12.98 ns     4.02 µs …   4.06 µs  in 10 ×  24543 runs
[moonbitlang/core] bench immut/sorted_map/merge_bench_test.mbt:36 ("bench merge disjoint n=5000") ok
time (mean ± σ)         range (min … max) 
   6.14 µs ±  19.97 ns     6.10 µs …   6.16 µs  in 10 ×  16200 runs
[moonbitlang/core] bench immut/sorted_map/merge_bench_test.mbt:43 ("bench merge disjoint n=10000") ok
time (mean ± σ)         range (min … max) 
   7.53 µs ±   9.65 ns     7.52 µs …   7.55 µs  in 10 ×  13439 runs
[moonbitlang/core] bench immut/sorted_map/merge_bench_test.mbt:50 ("bench merge overlapping 50% n=1000") ok
time (mean ± σ)         range (min … max) 
  18.06 µs ± 240.42 ns    17.67 µs …  18.33 µs  in 10 ×   5413 runs
[moonbitlang/core] bench immut/sorted_map/merge_bench_test.mbt:57 ("bench merge overlapping 50% n=5000") ok
time (mean ± σ)         range (min … max) 
  92.97 µs ±  82.45 ns    92.84 µs …  93.09 µs  in 10 ×   1078 runs
[moonbitlang/core] bench immut/sorted_map/merge_bench_test.mbt:64 ("bench merge overlapping 50% n=10000") ok
time (mean ± σ)         range (min … max) 
 159.56 µs ± 120.53 ns   159.44 µs … 159.81 µs  in 10 ×    627 runs
[moonbitlang/core] bench immut/sorted_map/merge_bench_test.mbt:71 ("bench merge identical n=1000") ok
time (mean ± σ)         range (min … max) 
  26.88 µs ± 161.61 ns    26.60 µs …  27.03 µs  in 10 ×   3665 runs
[moonbitlang/core] bench immut/sorted_map/merge_bench_test.mbt:78 ("bench merge identical n=5000") ok
time (mean ± σ)         range (min … max) 
 135.62 µs ± 672.13 ns   134.57 µs … 136.17 µs  in 10 ×    744 runs
[moonbitlang/core] bench immut/sorted_map/merge_bench_test.mbt:85 ("bench merge interleaved n=1000") ok
time (mean ± σ)         range (min … max) 
  93.37 µs ± 697.47 ns    92.53 µs …  94.50 µs  in 10 ×   1059 runs
[moonbitlang/core] bench immut/sorted_map/merge_bench_test.mbt:92 ("bench merge interleaved n=5000") ok
time (mean ± σ)         range (min … max) 
 476.97 µs ±   4.57 µs   469.58 µs … 480.79 µs  in 10 ×    209 runs
[moonbitlang/core] bench immut/sorted_map/merge_bench_test.mbt:99 ("bench merge small into large n=100+10000") ok
time (mean ± σ)         range (min … max) 
   6.11 µs ±  10.94 ns     6.10 µs …   6.13 µs  in 10 ×  16316 runs
[moonbitlang/core] bench immut/sorted_set/sorted_set_build_bench_test.mbt:51 ("bench SortedSet constructor reverse n=10000") ok
time (mean ± σ)         range (min … max) 
 175.41 µs ±   1.57 µs   174.02 µs … 178.34 µs  in 10 ×    571 runs
[moonbitlang/core] bench immut/sorted_set/sorted_set_build_bench_test.mbt:57 ("bench SortedSet::from_iter ordered n=10000") ok
time (mean ± σ)         range (min … max) 
   4.48 ms ±  18.68 µs     4.45 ms …   4.51 ms  in 10 ×     23 runs
[moonbitlang/core] bench immut/sorted_set/sorted_set_build_bench_test.mbt:63 ("bench SortedSet::from_iter almost ordered n=10000") ok
time (mean ± σ)         range (min … max) 
   4.45 ms ±  16.18 µs     4.42 ms …   4.47 ms  in 10 ×     23 runs
[moonbitlang/core] bench immut/sorted_set/sorted_set_build_bench_test.mbt:69 ("bench SortedSet::from_iter rev almost ordered n=10000") ok
time (mean ± σ)         range (min … max) 
   5.04 ms ±  12.58 µs     5.02 ms …   5.06 ms  in 10 ×     20 runs
[moonbitlang/core] bench immut/sorted_set/sorted_set_build_bench_test.mbt:75 ("bench SortedSet::from_iter random n=10000") ok
time (mean ± σ)         range (min … max) 
   2.95 ms ±   8.45 µs     2.93 ms …   2.96 ms  in 10 ×     34 runs
[moonbitlang/core] bench immut/sorted_set/sorted_set_build_bench_test.mbt:81 ("bench SortedSet constructor ordered n=10000") ok
time (mean ± σ)         range (min … max) 
 196.32 µs ± 819.70 ns   195.16 µs … 197.42 µs  in 10 ×    514 runs
[moonbitlang/core] bench immut/sorted_set/sorted_set_build_bench_test.mbt:87 ("bench SortedSet constructor almost ordered n=10000") ok
time (mean ± σ)         range (min … max) 
 206.74 µs ± 939.72 ns   205.46 µs … 208.18 µs  in 10 ×    482 runs
[moonbitlang/core] bench immut/sorted_set/sorted_set_build_bench_test.mbt:93 ("bench SortedSet constructor random n=10000") ok
time (mean ± σ)         range (min … max) 
 355.59 µs ± 585.12 ns   354.28 µs … 356.23 µs  in 10 ×    283 runs
[moonbitlang/core] bench immut/vector/vector_iter_bench_test.mbt:24 ("bench Vector::iter fold n=100000") ok
time (mean ± σ)         range (min … max) 
 352.79 µs ±   1.37 µs   351.44 µs … 355.39 µs  in 10 ×    285 runs
[moonbitlang/core] bench immut/vector/vector_iter_bench_test.mbt:30 ("bench Vector::iter each n=100000") ok
time (mean ± σ)         range (min … max) 
 361.08 µs ± 470.43 ns   360.20 µs … 361.72 µs  in 10 ×    278 runs
[moonbitlang/core] bench immut/vector/vector_iter_bench_test.mbt:40 ("bench Vector::iter to_array n=100000") ok
time (mean ± σ)         range (min … max) 
 372.60 µs ±   1.06 µs   370.42 µs … 373.27 µs  in 10 ×    269 runs
[moonbitlang/core] bench immut/vector/vector_iter_bench_test.mbt:46 ("bench Vector::for-in n=100000") ok
time (mean ± σ)         range (min … max) 
 360.01 µs ± 693.09 ns   358.71 µs … 360.79 µs  in 10 ×    283 runs
[moonbitlang/core] bench immut/vector/vector_contains_bench_test.mbt:24 ("bench Vector::contains missing n=100000") ok
time (mean ± σ)         range (min … max) 
  34.23 µs ±  17.42 ns    34.21 µs …  34.25 µs  in 10 ×   2923 runs
[moonbitlang/core] bench immut/vector/vector_contains_bench_test.mbt:30 ("bench Vector::contains tree-end n=100000") ok
time (mean ± σ)         range (min … max) 
  34.22 µs ±  11.37 ns    34.21 µs …  34.24 µs  in 10 ×   2925 runs
[moonbitlang/core] bench immut/vector/vector_contains_bench_test.mbt:36 ("bench Vector::contains tail-end n=100000") ok
time (mean ± σ)         range (min … max) 
  34.25 µs ±  67.60 ns    34.21 µs …  34.42 µs  in 10 ×   2921 runs
[moonbitlang/core] bench internal/strconv/parse_double_bench_test.mbt:48 ("bench parse_double fast digits n=4096") ok
time (mean ± σ)         range (min … max) 
 170.16 µs ±   1.46 µs   168.04 µs … 172.20 µs  in 10 ×    583 runs
[moonbitlang/core] bench internal/strconv/parse_double_bench_test.mbt:55 ("bench parse_double underscores n=4096") ok
time (mean ± σ)         range (min … max) 
 277.36 µs ±   1.29 µs   275.56 µs … 278.98 µs  in 10 ×    358 runs
[moonbitlang/core] bench internal/strconv/parse_double_bench_test.mbt:62 ("bench parse_double long mantissa n=4096") ok
time (mean ± σ)         range (min … max) 
 230.06 µs ±   1.10 µs   228.56 µs … 231.12 µs  in 10 ×    440 runs
[moonbitlang/core] bench json/stringify_indent_bench_test.mbt:45 ("bench Json::stringify deep wide indent=2 n=10000") ok
time (mean ± σ)         range (min … max) 
 281.99 µs ±   1.34 µs   278.21 µs … 282.65 µs  in 10 ×    354 runs
[moonbitlang/core] bench json/stringify_indent_bench_test.mbt:54 ("bench Json::stringify compact n=10000") ok
time (mean ± σ)         range (min … max) 
 191.33 µs ± 374.86 ns   190.46 µs … 191.70 µs  in 10 ×    516 runs
[moonbitlang/core] bench json/stringify_indent_bench_test.mbt:60 ("bench Json::stringify shallow wide indent=2 n=500") ok
time (mean ± σ)         range (min … max) 
 202.58 µs ±   1.61 µs   199.72 µs … 204.53 µs  in 10 ×    494 runs
[moonbitlang/core] bench json/stringify_indent_bench_test.mbt:66 ("bench Json::stringify shallow wide compact n=500") ok
time (mean ± σ)         range (min … max) 
 167.55 µs ±   2.34 µs   165.04 µs … 171.77 µs  in 10 ×    579 runs
[moonbitlang/core] bench json/stringify_escape_bench_test.mbt:24 ("bench Json::stringify strings no escape n=2048") ok
time (mean ± σ)         range (min … max) 
  44.09 µs ±  52.63 ns    44.01 µs …  44.16 µs  in 10 ×   2273 runs
[moonbitlang/core] bench json/stringify_escape_bench_test.mbt:30 ("bench Json::stringify strings slash no escape n=2048") ok
time (mean ± σ)         range (min … max) 
  43.67 µs ± 256.48 ns    43.35 µs …  44.10 µs  in 10 ×   2267 runs
[moonbitlang/core] bench json/stringify_escape_bench_test.mbt:36 ("bench Json::stringify strings slash escaped n=2048") ok
time (mean ± σ)         range (min … max) 
 148.45 µs ± 252.79 ns   148.15 µs … 148.84 µs  in 10 ×    673 runs
[moonbitlang/core] bench json/stringify_escape_bench_test.mbt:42 ("bench Json::stringify strings quotes controls n=2048") ok
time (mean ± σ)         range (min … max) 
 130.55 µs ± 474.52 ns   129.87 µs … 131.31 µs  in 10 ×    747 runs
[moonbitlang/core] bench json/stringify_escape_bench_test.mbt:48 ("bench Json::stringify 2KB prose one newline n=64") ok
time (mean ± σ)         range (min … max) 
 131.74 µs ± 401.92 ns   131.25 µs … 132.72 µs  in 10 ×    765 runs
[moonbitlang/core] bench json/parse_bench_test.mbt:45 ("bench json parse mixed object array n=1000") ok
time (mean ± σ)         range (min … max) 
   1.66 ms ±   8.66 µs     1.65 ms …   1.67 ms  in 10 ×     60 runs
[moonbitlang/core] bench json/number_bench_test.mbt:64 ("bench json parse int array n=10000") ok
time (mean ± σ)         range (min … max) 
 487.55 µs ± 301.60 ns   487.11 µs … 487.95 µs  in 10 ×    206 runs
[moonbitlang/core] bench json/number_bench_test.mbt:70 ("bench json parse float array n=10000") ok
time (mean ± σ)         range (min … max) 
 668.23 µs ± 759.50 ns   667.14 µs … 669.10 µs  in 10 ×    150 runs
[moonbitlang/core] bench json/number_bench_test.mbt:76 ("bench json parse long mantissa array n=10000") ok
time (mean ± σ)         range (min … max) 
   1.02 ms ±   2.74 µs     1.01 ms …   1.02 ms  in 10 ×     98 runs
[moonbitlang/core] bench json/json_inspect_bench_test.mbt:16 ("bench json_inspect passing Int") ok
time (mean ± σ)         range (min … max) 
 171.34 ns ±   0.58 ns   170.66 ns … 172.19 ns  in 10 × 100000 runs
[moonbitlang/core] bench lazy_list/concat_bench_test.mbt:40 ("bench LazyList build and traverse n=2048") ok
time (mean ± σ)         range (min … max) 
 171.99 µs ± 713.95 ns   170.25 µs … 172.93 µs  in 10 ×    582 runs
[moonbitlang/core] bench lazy_list/concat_bench_test.mbt:49 ("bench LazyList re-traverse a forced list n=2048") ok
time (mean ± σ)         range (min … max) 
  80.64 µs ± 580.54 ns    79.75 µs …  81.49 µs  in 10 ×   1240 runs
[moonbitlang/core] bench lazy_list/concat_bench_test.mbt:57 ("bench LazyList left-nested concat, build only n=2048") ok
time (mean ± σ)         range (min … max) 
 406.89 µs ±   5.25 µs   401.22 µs … 416.78 µs  in 10 ×    249 runs
[moonbitlang/core] bench lazy_list/concat_bench_test.mbt:62 ("bench LazyList left-nested concat, build and traverse n=2048") ok
time (mean ± σ)         range (min … max) 
 818.93 µs ±   2.87 µs   815.38 µs … 823.49 µs  in 10 ×    123 runs
[moonbitlang/core] bench lazy_list/concat_bench_test.mbt:69 ("bench LazyList concat while consuming n=2048") ok
time (mean ± σ)         range (min … max) 
 611.00 µs ±   1.37 µs   607.23 µs … 612.10 µs  in 10 ×    164 runs
[moonbitlang/core] bench lexbuf/lexbuf_bench_test.mbt:47 ("bench Lexbuf retained token chunks=10000 size=1") ok
time (mean ± σ)         range (min … max) 
 236.97 µs ± 220.05 ns   236.71 µs … 237.34 µs  in 10 ×    423 runs
[moonbitlang/core] bench lexbuf/lexbuf_bench_test.mbt:52 ("bench Lexbuf retained token chunks=1250 size=8") ok
time (mean ± σ)         range (min … max) 
  49.22 µs ± 388.25 ns    48.93 µs …  49.79 µs  in 10 ×   2034 runs
[moonbitlang/core] bench lexbuf/lexbuf_bench_test.mbt:57 ("bench Lexbuf retained token chunks=157 size=64") ok
time (mean ± σ)         range (min … max) 
  20.57 µs ± 163.73 ns    20.25 µs …  20.66 µs  in 10 ×   4851 runs
[moonbitlang/core] bench lexbuf/lexbuf_bench_test.mbt:62 ("bench Lexbuf retained token chunks=20 size=512") ok
time (mean ± σ)         range (min … max) 
  16.57 µs ±  20.99 ns    16.51 µs …  16.58 µs  in 10 ×   5996 runs
[moonbitlang/core] bench quickcheck/shrink_collection_bench_test.mbt:16 ("bench shrink Array first candidate size=10000") ok
time (mean ± σ)         range (min … max) 
 325.24 ns ±   0.68 ns   324.44 ns … 326.50 ns  in 10 × 100000 runs
[moonbitlang/core] bench quickcheck/shrink_collection_bench_test.mbt:22 ("bench shrink List first candidate size=10000") ok
time (mean ± σ)         range (min … max) 
 280.99 µs ±   6.01 µs   269.70 µs … 288.60 µs  in 10 ×    388 runs
[moonbitlang/core] bench quickcheck/generator_bench_test.mbt:16 ("bench Generator::zip_with n=1000000") ok
time (mean ± σ)         range (min … max) 
   9.99 ms ±  74.69 µs     9.87 ms …  10.10 ms  in 10 ×     10 runs
[moonbitlang/core] bench quickcheck/arbitrary_string_bench_test.mbt:16 ("bench Arbitrary String size=10000 count=100") ok
time (mean ± σ)         range (min … max) 
   2.61 ms ±  23.87 µs     2.57 ms …   2.65 ms  in 10 ×     39 runs
[moonbitlang/core] bench random/random_test.mbt:409 ("bench random") ok
time (mean ± σ)         range (min … max) 
  18.90 ms ±  63.10 µs    18.83 ms …  19.01 ms  in 10 ×      6 runs
[moonbitlang/core] bench set/set_algebra_bench_test.mbt:26 ("bench Set::union String 10k 50% overlap") ok
time (mean ± σ)         range (min … max) 
   1.87 ms ±   4.87 µs     1.86 ms …   1.87 ms  in 10 ×     54 runs
[moonbitlang/core] bench set/set_algebra_bench_test.mbt:33 ("bench Set::union Int 10k 50% overlap") ok
time (mean ± σ)         range (min … max) 
   1.58 ms ±   2.48 µs     1.58 ms …   1.59 ms  in 10 ×     64 runs
[moonbitlang/core] bench set/set_algebra_bench_test.mbt:40 ("bench Set::intersection String 10k 50% overlap") ok
time (mean ± σ)         range (min … max) 
 894.58 µs ±   1.25 µs   893.23 µs … 896.62 µs  in 10 ×    112 runs
[moonbitlang/core] bench set/set_algebra_bench_test.mbt:47 ("bench Set::difference String 10k 50% overlap") ok
time (mean ± σ)         range (min … max) 
 897.59 µs ±   4.07 µs   891.55 µs … 901.77 µs  in 10 ×    112 runs
[moonbitlang/core] bench set/set_algebra_bench_test.mbt:54 ("bench Set::is_subset String 10k true") ok
time (mean ± σ)         range (min … max) 
 141.08 µs ± 840.97 ns   139.65 µs … 142.37 µs  in 10 ×    695 runs
[moonbitlang/core] bench set/set_algebra_bench_test.mbt:61 ("bench Set == String 10k") ok
time (mean ± σ)         range (min … max) 
 146.95 µs ± 259.46 ns   146.48 µs … 147.28 µs  in 10 ×    684 runs
[moonbitlang/core] bench set/set_algebra_bench_test.mbt:68 ("bench Set == Int 10k") ok
time (mean ± σ)         range (min … max) 
  89.81 µs ± 410.11 ns    89.20 µs …  90.47 µs  in 10 ×   1108 runs
[moonbitlang/core] bench set/linked_hash_set_bench_test.mbt:19 ("bench Set::add n=50000") ok
time (mean ± σ)         range (min … max) 
   6.47 ms ±  20.41 µs     6.44 ms …   6.50 ms  in 10 ×     16 runs
[moonbitlang/core] bench set/linked_hash_set_bench_test.mbt:30 ("bench Set::contains n=50000") ok
time (mean ± σ)         range (min … max) 
 946.67 µs ±   5.58 µs   940.13 µs … 955.71 µs  in 10 ×    106 runs
[moonbitlang/core] bench set/linked_hash_set_bench_test.mbt:47 ("bench Set::contains miss n=50000") ok
time (mean ± σ)         range (min … max) 
   1.07 ms ±   5.43 µs     1.06 ms …   1.08 ms  in 10 ×     93 runs
[moonbitlang/core] bench set/linked_hash_set_bench_test.mbt:67 ("bench Set::add+remove n=50000") ok
time (mean ± σ)         range (min … max) 
   7.85 ms ±  34.78 µs     7.81 ms …   7.92 ms  in 10 ×     13 runs
[moonbitlang/core] bench set/linked_hash_set_bench_test.mbt:86 ("bench Set::filter n=50000") ok
time (mean ± σ)         range (min … max) 
   2.41 ms ±   2.35 µs     2.40 ms …   2.41 ms  in 10 ×     42 runs
[moonbitlang/core] bench set/linked_hash_set_bench_test.mbt:92 ("bench Set comprehension filter n=50000") ok
time (mean ± σ)         range (min … max) 
   2.89 ms ±   2.63 µs     2.89 ms …   2.90 ms  in 10 ×     35 runs
[moonbitlang/core] bench sorted_set/sorted_set_bench_test.mbt:22 ("bench SortedSet::to_array Int n=50000") ok
time (mean ± σ)         range (min … max) 
 199.96 µs ±   1.05 µs   198.34 µs … 201.62 µs  in 10 ×    505 runs
[moonbitlang/core] bench sorted_set/sorted_set_bench_test.mbt:30 ("bench SortedSet::to_array Ref n=50000") ok
time (mean ± σ)         range (min … max) 
 244.51 µs ± 242.57 ns   244.15 µs … 244.76 µs  in 10 ×    410 runs
[moonbitlang/core] bench string/regex_bench_test.mbt:16 ("bench regex /aa?b/ on 1MB string") ok
time (mean ± σ)         range (min … max) 
   1.49 ms ±   1.25 µs     1.49 ms …   1.49 ms  in 10 ×     68 runs
[moonbitlang/core] bench string/regex_bench_test.mbt:23 ("bench regex phone lines") ok
time (mean ± σ)         range (min … max) 
   3.15 µs ±   1.97 ns     3.15 µs …   3.16 µs  in 10 ×  31453 runs
[moonbitlang/core] bench string/regex_bench_test.mbt:43 ("bench regex large pattern") ok
time (mean ± σ)         range (min … max) 
   1.48 ms ±   8.14 µs     1.46 ms …   1.49 ms  in 10 ×     67 runs
[moonbitlang/core] bench v128/v128_bench_test.mbt:32 ("bench V128 i64x2_add n=10000") ok
time (mean ± σ)         range (min … max) 
   5.42 µs ±   1.74 ns     5.41 µs …   5.42 µs  in 10 ×  18460 runs
[moonbitlang/core] bench v128/v128_bench_test.mbt:44 ("bench V128 i32x4_add n=10000") ok
time (mean ± σ)         range (min … max) 
   5.42 µs ±   2.89 ns     5.41 µs …   5.42 µs  in 10 ×  18474 runs
[moonbitlang/core] bench v128/v128_bench_test.mbt:56 ("bench V128 i8x16_add n=10000") ok
time (mean ± σ)         range (min … max) 
   5.42 µs ±   3.25 ns     5.41 µs …   5.42 µs  in 10 ×  18469 runs
[moonbitlang/core] bench v128/v128_bench_test.mbt:68 ("bench V128 i8x16_splat n=10000") ok
time (mean ± σ)         range (min … max) 
   5.40 µs ±  11.76 ns     5.40 µs …   5.43 µs  in 10 ×  18514 runs
[moonbitlang/core] bench v128/v128_bench_test.mbt:79 ("bench V128 i8x16_extract_lane_u n=10000") ok
time (mean ± σ)         range (min … max) 
   5.80 µs ±   2.96 ns     5.79 µs …   5.80 µs  in 10 ×  17245 runs
[moonbitlang/core] bench v128/v128_bench_test.mbt:93 ("bench V128 i8x16_replace_lane n=10000") ok
time (mean ± σ)         range (min … max) 
  35.18 µs ±  12.99 ns    35.17 µs …  35.21 µs  in 10 ×   2844 runs
[moonbitlang/core] bench v128/v128_bench_test.mbt:108 ("bench V128 i8x16_bitmask n=10000") ok
time (mean ± σ)         range (min … max) 
   9.39 µs ±  25.00 ns     9.38 µs …   9.46 µs  in 10 ×  10655 runs
[moonbitlang/core] bench v128/v128_bench_test.mbt:120 ("bench V128 load/store n=10000") ok
time (mean ± σ)         range (min … max) 
  32.54 µs ±  10.58 ns    32.52 µs …  32.56 µs  in 10 ×   3075 runs
[moonbitlang/core] bench v128/v128_bench_test.mbt:135 ("bench V128 load8x8_u n=10000") ok
time (mean ± σ)         range (min … max) 
   5.40 µs ±   3.35 ns     5.39 µs …   5.40 µs  in 10 ×  18524 runs
[moonbitlang/core] bench v128/v128_bench_test.mbt:147 ("bench V128 load8x8_s n=10000") ok
time (mean ± σ)         range (min … max) 
   5.40 µs ±  11.56 ns     5.40 µs …   5.43 µs  in 10 ×  18526 runs
[moonbitlang/core] bench v128/v128_bench_test.mbt:159 ("bench V128 load16x4_u n=10000") ok
time (mean ± σ)         range (min … max) 
   5.40 µs ±   2.48 ns     5.40 µs …   5.40 µs  in 10 ×  18526 runs
[moonbitlang/core] bench v128/v128_bench_test.mbt:171 ("bench V128 load16x4_s n=10000") ok
time (mean ± σ)         range (min … max) 
   5.40 µs ±   3.87 ns     5.40 µs …   5.41 µs  in 10 ×  18519 runs
[moonbitlang/core] bench v128/v128_bench_test.mbt:183 ("bench V128 load32x2_u n=10000") ok
time (mean ± σ)         range (min … max) 
   5.40 µs ±   2.76 ns     5.39 µs …   5.40 µs  in 10 ×  18530 runs
[moonbitlang/core] bench v128/v128_bench_test.mbt:195 ("bench V128 load32x2_s n=10000") ok
time (mean ± σ)         range (min … max) 
   5.40 µs ±   1.98 ns     5.39 µs …   5.40 µs  in 10 ×  18537 runs
[moonbitlang/core] bench v128/v128_bench_test.mbt:207 ("bench V128 load_splat n=10000") ok
time (mean ± σ)         range (min … max) 
  16.23 µs ±   3.65 ns    16.22 µs …  16.23 µs  in 10 ×   6162 runs
[moonbitlang/core] bench v128/v128_bench_test.mbt:223 ("bench V128 load8_lane n=10000") ok
time (mean ± σ)         range (min … max) 
  35.20 µs ±  81.47 ns    35.15 µs …  35.42 µs  in 10 ×   2844 runs
[moonbitlang/core] bench v128/v128_bench_test.mbt:235 ("bench V128 load16_lane n=10000") ok
time (mean ± σ)         range (min … max) 
  35.26 µs ±  11.10 ns    35.24 µs …  35.27 µs  in 10 ×   2836 runs
[moonbitlang/core] bench v128/v128_bench_test.mbt:247 ("bench V128 load32_lane n=10000") ok
time (mean ± σ)         range (min … max) 
  35.50 µs ±  10.51 ns    35.49 µs …  35.51 µs  in 10 ×   2816 runs
[moonbitlang/core] bench v128/v128_bench_test.mbt:259 ("bench V128 load64_lane n=10000") ok
time (mean ± σ)         range (min … max) 
   9.92 µs ±   8.58 ns     9.90 µs …   9.93 µs  in 10 ×  10145 runs
[moonbitlang/core] bench v128/v128_bench_test.mbt:271 ("bench V128 extend i8x16 to i16x8 n=10000") ok
time (mean ± σ)         range (min … max) 
  10.80 µs ±   4.32 ns    10.79 µs …  10.81 µs  in 10 ×   9266 runs
[moonbitlang/core] bench v128/v128_bench_test.mbt:285 ("bench V128 extend i16x8 to i32x4 n=10000") ok
time (mean ± σ)         range (min … max) 
  10.80 µs ±   3.15 ns    10.80 µs …  10.81 µs  in 10 ×   9258 runs
[moonbitlang/core] bench v128/v128_bench_test.mbt:299 ("bench V128 extend i32x4 to i64x2 n=10000") ok
time (mean ± σ)         range (min … max) 
  10.81 µs ±  21.85 ns    10.80 µs …  10.87 µs  in 10 ×   9262 runs
[moonbitlang/core] bench v128/v128_bench_test.mbt:313 ("bench V128 all_true n=10000") ok
time (mean ± σ)         range (min … max) 
  12.48 µs ±   4.64 ns    12.47 µs …  12.48 µs  in 10 ×   8015 runs
[moonbitlang/core] bench v128/v128_bench_test.mbt:337 ("bench V128 bitmask all widths n=10000") ok
time (mean ± σ)         range (min … max) 
  16.89 µs ±   7.09 ns    16.88 µs …  16.90 µs  in 10 ×   5920 runs
[moonbitlang/core] bench v128/v128_bench_test.mbt:353 ("bench V128 swizzle n=10000") ok
time (mean ± σ)         range (min … max) 
   5.42 µs ±   1.39 ns     5.42 µs …   5.42 µs  in 10 ×  18469 runs
[moonbitlang/core] bench v128/v128_bench_test.mbt:371 ("bench V128 shuffle n=10000") ok
time (mean ± σ)         range (min … max) 
  10.80 µs ±   3.80 ns    10.80 µs …  10.81 µs  in 10 ×   9258 runs
Total tests: 490, passed: 490, failed: 0.
