[moonbitlang/core] bench argparse/globals_bench_test.mbt:16 ("bench parse inherited globals with an override") ok
time (mean ± σ)         range (min … max) 
   4.54 µs ± 350.94 ns     4.41 µs …   5.54 µs  in 10 ×  22207 runs
[moonbitlang/core] bench bench/hash_bench_test.mbt:16 ("bench Hash for Bytes (small)") ok
time (mean ± σ)         range (min … max) 
  13.38 ns ±   0.22 ns    13.06 ns …  13.56 ns  in 10 × 100000 runs
[moonbitlang/core] bench bench/hash_bench_test.mbt:22 ("bench Hash for Bytes (medium)") ok
time (mean ± σ)         range (min … max) 
 147.55 ns ±   1.16 ns   145.63 ns … 148.52 ns  in 10 × 100000 runs
[moonbitlang/core] bench bench/hash_bench_test.mbt:28 ("bench Hash for Bytes (large)") ok
time (mean ± σ)         range (min … max) 
   2.43 µs ±  29.18 ns     2.40 µs …   2.48 µs  in 10 ×  40513 runs
[moonbitlang/core] bench bench/hash_bench_test.mbt:34 ("bench Hash for BytesView (small)") ok
time (mean ± σ)         range (min … max) 
  11.99 ns ±   0.37 ns    11.33 ns …  12.33 ns  in 10 × 100000 runs
[moonbitlang/core] bench bench/hash_bench_test.mbt:41 ("bench Hash for BytesView (medium)") ok
time (mean ± σ)         range (min … max) 
 132.24 ns ±   2.89 ns   127.79 ns … 135.34 ns  in 10 × 100000 runs
[moonbitlang/core] bench bench/hash_bench_test.mbt:48 ("bench Hash for BytesView (large)") ok
time (mean ± σ)         range (min … max) 
   2.35 µs ±   6.80 ns     2.34 µs …   2.36 µs  in 10 ×  42611 runs
[moonbitlang/core] bench bench/hash_bench_test.mbt:55 ("bench Hasher::combine_bytes (small)") ok
time (mean ± σ)         range (min … max) 
  11.75 ns ±   0.22 ns    11.42 ns …  11.93 ns  in 10 × 100000 runs
[moonbitlang/core] bench bench/hash_bench_test.mbt:65 ("bench Hasher::combine_bytes (medium)") ok
time (mean ± σ)         range (min … max) 
 119.09 ns ±   1.73 ns   116.72 ns … 121.40 ns  in 10 × 100000 runs
[moonbitlang/core] bench bench/hash_bench_test.mbt:75 ("bench Hasher::combine_bytes (large)") ok
time (mean ± σ)         range (min … max) 
   2.09 µs ±  17.58 ns     2.06 µs …   2.11 µs  in 10 ×  48501 runs
[moonbitlang/core] bench bigint/to_string_radix_bench_test.mbt:23 ("bench bigint to_string radix=7 (4000 bits)") ok
time (mean ± σ)         range (min … max) 
  16.48 µs ±  28.33 ns    16.43 µs …  16.52 µs  in 10 ×   6051 runs
[moonbitlang/core] bench bigint/to_string_radix_bench_test.mbt:29 ("bench bigint to_string radix=36 (4000 bits)") ok
time (mean ± σ)         range (min … max) 
  14.60 µs ±  26.99 ns    14.55 µs …  14.64 µs  in 10 ×   6850 runs
[moonbitlang/core] bench bigint/to_string_radix_bench_test.mbt:35 ("bench bigint to_string radix=10 reference (4000 bits)") ok
time (mean ± σ)         range (min … max) 
  13.15 µs ± 455.83 ns    12.89 µs …  14.10 µs  in 10 ×   7650 runs
[moonbitlang/core] bench bigint/to_string_bench_test.mbt:30 ("bench BigInt::to_string n=40 digits") ok
time (mean ± σ)         range (min … max) 
  92.74 ns ±   0.95 ns    91.09 ns …  94.52 ns  in 10 × 100000 runs
[moonbitlang/core] bench bigint/to_string_bench_test.mbt:36 ("bench BigInt::to_string n=400 digits") ok
time (mean ± σ)         range (min … max) 
   2.83 µs ±   3.53 ns     2.82 µs …   2.84 µs  in 10 ×  35320 runs
[moonbitlang/core] bench bigint/to_string_bench_test.mbt:42 ("bench BigInt::to_string n=4000 digits") ok
time (mean ± σ)         range (min … max) 
  66.55 µs ± 162.59 ns    66.24 µs …  66.74 µs  in 10 ×   1497 runs
[moonbitlang/core] bench bigint/to_string_bench_test.mbt:48 ("bench BigInt::to_string n=40000 digits") ok
time (mean ± σ)         range (min … max) 
   2.41 ms ±   4.89 µs     2.40 ms …   2.42 ms  in 10 ×     42 runs
[moonbitlang/core] bench bigint/to_string_bench_test.mbt:54 ("bench BigInt::to_string n=250000 digits") ok
time (mean ± σ)         range (min … max) 
  26.57 ms ± 284.12 µs    26.31 ms …  27.12 ms  in 10 ×      4 runs
[moonbitlang/core] bench bigint/from_octets_bench_test.mbt:21 ("bench BigInt::from_octets n=64") ok
time (mean ± σ)         range (min … max) 
   1.57 µs ±   1.38 ns     1.57 µs …   1.58 µs  in 10 ×  63486 runs
[moonbitlang/core] bench bigint/from_octets_bench_test.mbt:27 ("bench BigInt::from_octets n=1024") ok
time (mean ± σ)         range (min … max) 
  24.27 µs ± 124.23 ns    24.05 µs …  24.49 µs  in 10 ×   4065 runs
[moonbitlang/core] bench bigint/division_bench_test.mbt:66 ("bench BigInt balanced division n=4000 digits") ok
time (mean ± σ)         range (min … max) 
  30.80 ns ±   2.94 ns    29.42 ns …  38.97 ns  in 10 ×   3721 runs
[moonbitlang/core] bench bigint/division_bench_test.mbt:72 ("bench BigInt balanced division n=40000 digits") ok
time (mean ± σ)         range (min … max) 
   1.52 ms ±   6.72 µs     1.51 ms …   1.53 ms  in 10 ×     63 runs
[moonbitlang/core] bench bigint/division_bench_test.mbt:78 ("bench BigInt balanced division n=250000 digits") ok
time (mean ± σ)         range (min … max) 
  17.55 ms ±  47.85 µs    17.45 ms …  17.61 ms  in 10 ×      6 runs
[moonbitlang/core] bench bigint/division_bench_test.mbt:84 ("bench BigInt unbalanced division q=65536 d=64 limbs") ok
time (mean ± σ)         range (min … max) 
   7.28 ms ±  53.89 µs     7.18 ms …   7.33 ms  in 10 ×     14 runs
[moonbitlang/core] bench bigint/division_bench_test.mbt:90 ("bench BigInt narrow division q=9 d=64 limbs") ok
time (mean ± σ)         range (min … max) 
   5.16 ns ±   0.20 ns     4.84 ns …   5.35 ns  in 10 × 100000 runs
[moonbitlang/core] bench buffer/write_bench_test.mbt:30 ("bench Buffer::write_byte n=4096") ok
time (mean ± σ)         range (min … max) 
   5.41 µs ±   5.80 ns     5.39 µs …   5.41 µs  in 10 ×  18471 runs
[moonbitlang/core] bench buffer/write_bench_test.mbt:42 ("bench Buffer::write_uint16_be n=4096") ok
time (mean ± σ)         range (min … max) 
   4.66 µs ±   3.22 ns     4.65 µs …   4.66 µs  in 10 ×  21454 runs
[moonbitlang/core] bench buffer/write_bench_test.mbt:54 ("bench Buffer::write_uint_le n=4096") ok
time (mean ± σ)         range (min … max) 
   5.58 µs ±  11.96 ns     5.56 µs …   5.60 µs  in 10 ×  17854 runs
[moonbitlang/core] bench buffer/write_bench_test.mbt:66 ("bench Buffer::write_uint64_be n=4096") ok
time (mean ± σ)         range (min … max) 
 609.37 µs ±  11.23 µs   596.82 µs … 624.79 µs  in 10 ×    163 runs
[moonbitlang/core] bench buffer/write_bench_test.mbt:78 ("bench Buffer::write_char_utf8 ASCII n=4096") ok
time (mean ± σ)         range (min … max) 
  17.25 µs ±  60.69 ns    17.18 µs …  17.32 µs  in 10 ×   5748 runs
[moonbitlang/core] bench buffer/write_bench_test.mbt:90 ("bench Buffer::write_char_utf8 non-BMP n=4096") ok
time (mean ± σ)         range (min … max) 
  21.38 µs ±  33.11 ns    21.33 µs …  21.42 µs  in 10 ×   4626 runs
[moonbitlang/core] bench buffer/write_bench_test.mbt:103 ("bench Buffer::write_char_utf16le BMP n=4096") ok
time (mean ± σ)         range (min … max) 
   4.68 µs ±   4.56 ns     4.68 µs …   4.69 µs  in 10 ×  21262 runs
[moonbitlang/core] bench buffer/write_bench_test.mbt:115 ("bench Buffer::write_string_utf16le chunks n=4096") ok
time (mean ± σ)         range (min … max) 
  98.90 µs ± 141.99 ns    98.61 µs …  99.06 µs  in 10 ×   1010 runs
[moonbitlang/core] bench buffer/write_bench_test.mbt:130 ("bench @buffer.from_array n=4096") ok
time (mean ± σ)         range (min … max) 
   4.50 µs ±  16.06 ns     4.48 µs …   4.52 µs  in 10 ×  22354 runs
[moonbitlang/core] bench builtin/view_bench_test.mbt:34 ("bench ArrayView::at Int n=100000") ok
time (mean ± σ)         range (min … max) 
  88.46 µs ± 148.81 ns    88.15 µs …  88.68 µs  in 10 ×   1132 runs
[moonbitlang/core] bench builtin/view_bench_test.mbt:47 ("bench ArrayView::get Int n=100000") ok
time (mean ± σ)         range (min … max) 
  73.66 µs ± 123.13 ns    73.49 µs …  73.87 µs  in 10 ×   1355 runs
[moonbitlang/core] bench builtin/view_bench_test.mbt:62 ("bench ArrayView::unsafe_get Int n=100000") ok
time (mean ± σ)         range (min … max) 
  59.78 µs ±   1.42 µs    59.09 µs …  63.68 µs  in 10 ×   1700 runs
[moonbitlang/core] bench builtin/view_bench_test.mbt:75 ("bench ArrayView::rev_fold Int n=100000") ok
time (mean ± σ)         range (min … max) 
  59.13 µs ± 124.52 ns    58.96 µs …  59.33 µs  in 10 ×   1694 runs
[moonbitlang/core] bench builtin/view_bench_test.mbt:82 ("bench ArrayView::rev_foldi Int n=100000") ok
time (mean ± σ)         range (min … max) 
  59.02 µs ± 200.34 ns    58.61 µs …  59.23 µs  in 10 ×   1686 runs
[moonbitlang/core] bench builtin/view_bench_test.mbt:91 ("bench ArrayView::equal Int n=100000") ok
time (mean ± σ)         range (min … max) 
 116.01 µs ±   3.76 µs   112.40 µs … 125.28 µs  in 10 ×    764 runs
[moonbitlang/core] bench builtin/view_bench_test.mbt:99 ("bench ArrayView::compare Int n=100000") ok
time (mean ± σ)         range (min … max) 
 143.27 µs ±   3.06 µs   140.86 µs … 150.34 µs  in 10 ×    650 runs
[moonbitlang/core] bench builtin/view_bench_test.mbt:107 ("bench MutArrayView::at Int n=100000") ok
time (mean ± σ)         range (min … max) 
 102.94 µs ±  91.16 ns   102.77 µs … 103.07 µs  in 10 ×    972 runs
[moonbitlang/core] bench builtin/view_bench_test.mbt:120 ("bench MutArrayView::unsafe_get Int n=100000") ok
time (mean ± σ)         range (min … max) 
  58.59 µs ± 210.42 ns    58.12 µs …  58.89 µs  in 10 ×   1700 runs
[moonbitlang/core] bench builtin/view_bench_test.mbt:133 ("bench MutArrayView::set Int n=100000") ok
time (mean ± σ)         range (min … max) 
 121.04 µs ±   3.79 µs   119.24 µs … 131.53 µs  in 10 ×    835 runs
[moonbitlang/core] bench builtin/view_bench_test.mbt:145 ("bench MutArrayView::unsafe_set Int n=100000") ok
time (mean ± σ)         range (min … max) 
  58.30 µs ± 126.37 ns    58.14 µs …  58.50 µs  in 10 ×   1705 runs
[moonbitlang/core] bench builtin/view_bench_test.mbt:157 ("bench BytesView::at n=100000") ok
time (mean ± σ)         range (min … max) 
  73.53 µs ± 102.29 ns    73.32 µs …  73.73 µs  in 10 ×   1361 runs
[moonbitlang/core] bench builtin/view_bench_test.mbt:170 ("bench BytesView::unsafe_get n=100000") ok
time (mean ± σ)         range (min … max) 
  43.68 µs ± 354.72 ns    43.10 µs …  44.01 µs  in 10 ×   2279 runs
[moonbitlang/core] bench builtin/stringbuilder_bench_test.mbt:28 ("bench StringBuilder::write_string chunks n=4096") ok
time (mean ± σ)         range (min … max) 
  11.56 µs ±  66.01 ns    11.49 µs …  11.64 µs  in 10 ×   8700 runs
[moonbitlang/core] bench builtin/stringbuilder_bench_test.mbt:41 ("bench StringBuilder::write_view chunks n=4096") ok
time (mean ± σ)         range (min … max) 
  17.37 µs ±  67.06 ns    17.28 µs …  17.47 µs  in 10 ×   5835 runs
[moonbitlang/core] bench builtin/stringbuilder_bench_test.mbt:54 ("bench StringBuilder::write_stringview chunks n=4096") ok
time (mean ± σ)         range (min … max) 
  17.37 µs ±  80.20 ns    17.26 µs …  17.46 µs  in 10 ×   5859 runs
[moonbitlang/core] bench builtin/stringbuilder_bench_test.mbt:67 ("bench StringBuilder::write_char ASCII n=4096") ok
time (mean ± σ)         range (min … max) 
  17.72 µs ±   1.12 µs    17.30 µs …  20.89 µs  in 10 ×   5800 runs
[moonbitlang/core] bench builtin/stringbuilder_bench_test.mbt:79 ("bench StringBuilder::write_char non-BMP n=4096") ok
time (mean ± σ)         range (min … max) 
  17.25 µs ±  99.72 ns    17.10 µs …  17.39 µs  in 10 ×   5860 runs
[moonbitlang/core] bench builtin/stringbuilder_bench_test.mbt:92 ("bench StringBuilder::reset reuse spare capacity n=4096") ok
time (mean ± σ)         range (min … max) 
  12.13 µs ±  32.62 ns    12.09 µs …  12.18 µs  in 10 ×   8260 runs
[moonbitlang/core] bench builtin/string_to_upper_bench_test.mbt:61 ("bench String::to_upper short") ok
time (mean ± σ)         range (min … max) 
 114.09 ns ±   0.61 ns   113.34 ns … 114.96 ns  in 10 × 100000 runs
[moonbitlang/core] bench builtin/string_to_upper_bench_test.mbt:66 ("bench String::to_upper long") ok
time (mean ± σ)         range (min … max) 
   5.88 µs ±   8.32 ns     5.86 µs …   5.89 µs  in 10 ×  17034 runs
[moonbitlang/core] bench builtin/string_to_upper_bench_test.mbt:71 ("bench String::to_upper sparse") ok
time (mean ± σ)         range (min … max) 
   4.46 µs ±   3.29 ns     4.46 µs …   4.47 µs  in 10 ×  22560 runs
[moonbitlang/core] bench builtin/string_to_upper_bench_test.mbt:76 ("bench String::to_upper late-lowercase") ok
time (mean ± σ)         range (min … max) 
   1.07 µs ±  13.23 ns     1.05 µs …   1.08 µs  in 10 ×  92762 runs
[moonbitlang/core] bench builtin/string_to_upper_bench_test.mbt:81 ("bench String::to_upper one-unit runs") ok
time (mean ± σ)         range (min … max) 
   4.57 µs ±   4.12 ns     4.56 µs …   4.57 µs  in 10 ×  22001 runs
[moonbitlang/core] bench builtin/string_to_upper_bench_test.mbt:86 ("bench String::to_upper all-lowercase") ok
time (mean ± σ)         range (min … max) 
   5.27 µs ± 316.21 ns     5.14 µs …   6.17 µs  in 10 ×  19462 runs
[moonbitlang/core] bench builtin/string_to_upper_bench_test.mbt:91 ("bench String::to_upper no-change short") ok
time (mean ± σ)         range (min … max) 
  21.63 ns ±   0.69 ns    20.32 ns …  22.46 ns  in 10 × 100000 runs
[moonbitlang/core] bench builtin/string_to_upper_bench_test.mbt:96 ("bench String::to_upper no-change long") ok
time (mean ± σ)         range (min … max) 
   1.71 µs ±  12.25 ns     1.70 µs …   1.74 µs  in 10 ×  57507 runs
[moonbitlang/core] bench builtin/string_to_upper_bench_test.mbt:101 ("bench StringView::to_upper short") ok
time (mean ± σ)         range (min … max) 
 118.22 ns ±   0.31 ns   117.63 ns … 118.61 ns  in 10 × 100000 runs
[moonbitlang/core] bench builtin/string_to_upper_bench_test.mbt:106 ("bench StringView::to_upper long") ok
time (mean ± σ)         range (min … max) 
   5.94 µs ±   8.59 ns     5.93 µs …   5.96 µs  in 10 ×  16870 runs
[moonbitlang/core] bench builtin/string_to_upper_bench_test.mbt:111 ("bench StringView::to_upper no-change long") ok
time (mean ± σ)         range (min … max) 
   1.92 µs ±  13.69 ns     1.92 µs …   1.96 µs  in 10 ×  51502 runs
[moonbitlang/core] bench builtin/string_to_lower_bench_test.mbt:61 ("bench String::to_lower short") ok
time (mean ± σ)         range (min … max) 
 116.26 ns ±   0.35 ns   115.88 ns … 116.89 ns  in 10 × 100000 runs
[moonbitlang/core] bench builtin/string_to_lower_bench_test.mbt:66 ("bench String::to_lower long") ok
time (mean ± σ)         range (min … max) 
   6.14 µs ±   9.17 ns     6.12 µs …   6.15 µs  in 10 ×  16283 runs
[moonbitlang/core] bench builtin/string_to_lower_bench_test.mbt:71 ("bench String::to_lower sparse") ok
time (mean ± σ)         range (min … max) 
   5.41 µs ±   9.98 ns     5.40 µs …   5.42 µs  in 10 ×  18478 runs
[moonbitlang/core] bench builtin/string_to_lower_bench_test.mbt:76 ("bench String::to_lower late-uppercase") ok
time (mean ± σ)         range (min … max) 
   1.08 µs ±  12.87 ns     1.07 µs …   1.12 µs  in 10 ×  92660 runs
[moonbitlang/core] bench builtin/string_to_lower_bench_test.mbt:81 ("bench String::to_lower one-unit runs") ok
time (mean ± σ)         range (min … max) 
   4.57 µs ±   2.09 ns     4.57 µs …   4.57 µs  in 10 ×  22024 runs
[moonbitlang/core] bench builtin/string_to_lower_bench_test.mbt:86 ("bench String::to_lower all-uppercase") ok
time (mean ± σ)         range (min … max) 
   4.32 µs ±   4.76 ns     4.31 µs …   4.32 µs  in 10 ×  23295 runs
[moonbitlang/core] bench builtin/string_to_lower_bench_test.mbt:91 ("bench String::to_lower no-change short") ok
time (mean ± σ)         range (min … max) 
  22.19 ns ±   0.62 ns    21.17 ns …  23.27 ns  in 10 × 100000 runs
[moonbitlang/core] bench builtin/string_to_lower_bench_test.mbt:96 ("bench String::to_lower no-change long") ok
time (mean ± σ)         range (min … max) 
   1.85 µs ±  23.18 ns     1.83 µs …   1.89 µs  in 10 ×  54213 runs
[moonbitlang/core] bench builtin/string_to_lower_bench_test.mbt:101 ("bench StringView::to_lower short") ok
time (mean ± σ)         range (min … max) 
 115.54 ns ±   0.50 ns   114.80 ns … 116.55 ns  in 10 × 100000 runs
[moonbitlang/core] bench builtin/string_to_lower_bench_test.mbt:106 ("bench StringView::to_lower long") ok
time (mean ± σ)         range (min … max) 
   5.96 µs ±   4.13 ns     5.95 µs …   5.97 µs  in 10 ×  16788 runs
[moonbitlang/core] bench builtin/string_to_lower_bench_test.mbt:111 ("bench StringView::to_lower no-change long") ok
time (mean ± σ)         range (min … max) 
   2.06 µs ±  19.52 ns     2.03 µs …   2.11 µs  in 10 ×  48054 runs
[moonbitlang/core] bench builtin/string_to_array_bench_test.mbt:24 ("bench String::to_array ASCII 51 chars") ok
time (mean ± σ)         range (min … max) 
 170.79 ns ±   1.64 ns   168.33 ns … 173.00 ns  in 10 × 100000 runs
[moonbitlang/core] bench builtin/string_to_array_bench_test.mbt:29 ("bench String::to_array mixed 1KB") ok
time (mean ± σ)         range (min … max) 
   3.66 µs ± 202.14 ns     3.57 µs …   4.22 µs  in 10 ×  27917 runs
[moonbitlang/core] bench builtin/string_to_array_bench_test.mbt:34 ("bench StringView::to_array mixed 1KB") ok
time (mean ± σ)         range (min … max) 
   3.60 µs ±  36.31 ns     3.57 µs …   3.69 µs  in 10 ×  27779 runs
[moonbitlang/core] bench builtin/string_methods_bench_test.mbt:36 ("bench StringView::has_prefix match n=100000 needle=128") ok
time (mean ± σ)         range (min … max) 
 567.05 ns ±   3.66 ns   558.27 ns … 570.45 ns  in 10 × 100000 runs
[moonbitlang/core] bench builtin/string_methods_bench_test.mbt:45 ("bench StringView::has_prefix mismatch n=100000 needle=128") ok
time (mean ± σ)         range (min … max) 
   7.44 ns ±   0.38 ns     7.12 ns …   7.93 ns  in 10 × 100000 runs
[moonbitlang/core] bench builtin/string_methods_bench_test.mbt:54 ("bench StringView::has_suffix match n=100000 needle=128") ok
time (mean ± σ)         range (min … max) 
 567.88 ns ±   0.91 ns   566.31 ns … 569.47 ns  in 10 × 100000 runs
[moonbitlang/core] bench builtin/string_methods_bench_test.mbt:63 ("bench StringView::has_suffix mismatch n=100000 needle=128") ok
time (mean ± σ)         range (min … max) 
   7.72 ns ±   0.38 ns     7.41 ns …   8.20 ns  in 10 × 100000 runs
[moonbitlang/core] bench builtin/string_find_code_unit_bench_test.mbt:16 ("bench find one code unit absent n=4") ok
time (mean ± σ)         range (min … max) 
  10.74 ns ±   0.49 ns    10.01 ns …  11.53 ns  in 10 × 100000 runs
[moonbitlang/core] bench builtin/string_find_code_unit_bench_test.mbt:22 ("bench find one code unit absent n=8") ok
time (mean ± σ)         range (min … max) 
  14.80 ns ±   0.44 ns    14.44 ns …  15.36 ns  in 10 × 100000 runs
[moonbitlang/core] bench builtin/string_find_code_unit_bench_test.mbt:28 ("bench find one code unit present@0 n=8") ok
time (mean ± σ)         range (min … max) 
   6.33 ns ±   0.32 ns     6.02 ns …   6.76 ns  in 10 × 100000 runs
[moonbitlang/core] bench builtin/string_find_code_unit_bench_test.mbt:34 ("bench find one code unit absent n=64") ok
time (mean ± σ)         range (min … max) 
  83.58 ns ±   1.78 ns    80.20 ns …  85.26 ns  in 10 × 100000 runs
[moonbitlang/core] bench builtin/string_find_code_unit_bench_test.mbt:40 ("bench find one code unit absent n=256") ok
time (mean ± σ)         range (min … max) 
 308.40 ns ±   3.59 ns   300.14 ns … 311.54 ns  in 10 × 100000 runs
[moonbitlang/core] bench builtin/string_find_code_unit_bench_test.mbt:46 ("bench find one code unit present@end n=256") ok
time (mean ± σ)         range (min … max) 
 308.98 ns ±   1.84 ns   304.14 ns … 310.60 ns  in 10 × 100000 runs
[moonbitlang/core] bench builtin/string_find_code_unit_bench_test.mbt:52 ("bench rev_find one code unit absent n=256") ok
time (mean ± σ)         range (min … max) 
 311.85 ns ±   0.45 ns   311.35 ns … 312.59 ns  in 10 × 100000 runs
[moonbitlang/core] bench builtin/string_find_code_unit_bench_test.mbt:58 ("bench rev_find one code unit present@start n=256") ok
time (mean ± σ)         range (min … max) 
 309.49 ns ±   2.43 ns   302.88 ns … 311.22 ns  in 10 × 100000 runs
[moonbitlang/core] bench builtin/string_find_code_unit_bench_test.mbt:64 ("bench rev_find one code unit present@end n=8") ok
time (mean ± σ)         range (min … max) 
   6.30 ns ±   0.34 ns     6.02 ns …   6.75 ns  in 10 × 100000 runs
[moonbitlang/core] bench builtin/string_find_code_unit_bench_test.mbt:70 ("bench StringView find one code unit absent n=256") ok
time (mean ± σ)         range (min … max) 
 309.40 ns ±   2.40 ns   304.67 ns … 311.07 ns  in 10 × 100000 runs
[moonbitlang/core] bench builtin/string_find_code_unit_bench_test.mbt:77 ("bench StringView rev_find one code unit absent n=256") ok
time (mean ± σ)         range (min … max) 
 310.73 ns ±   0.43 ns   310.24 ns … 311.36 ns  in 10 × 100000 runs
[moonbitlang/core] bench builtin/string_find_code_unit_bench_test.mbt:84 ("bench find two anchors absent n=256") ok
time (mean ± σ)         range (min … max) 
 529.12 ns ±   4.40 ns   524.19 ns … 535.55 ns  in 10 × 100000 runs
[moonbitlang/core] bench builtin/string_find_code_unit_bench_test.mbt:90 ("bench find two anchors present@end n=256") ok
time (mean ± σ)         range (min … max) 
 532.51 ns ±   4.92 ns   524.17 ns … 537.69 ns  in 10 × 100000 runs
[moonbitlang/core] bench builtin/string_find_code_unit_bench_test.mbt:96 ("bench find two anchors dense false positives n=256") ok
time (mean ± σ)         range (min … max) 
   1.28 µs ±   1.75 ns     1.27 µs …   1.28 µs  in 10 ×  78446 runs
[moonbitlang/core] bench builtin/string_find_code_unit_bench_test.mbt:102 ("bench find two anchors long absent n=256") ok
time (mean ± σ)         range (min … max) 
 295.01 ns ±   0.54 ns   294.12 ns … 295.71 ns  in 10 × 100000 runs
[moonbitlang/core] bench builtin/string_find_code_unit_bench_test.mbt:108 ("bench rev_find two anchors absent n=256") ok
time (mean ± σ)         range (min … max) 
 312.76 ns ±   0.44 ns   312.26 ns … 313.46 ns  in 10 × 100000 runs
[moonbitlang/core] bench builtin/string_find_code_unit_bench_test.mbt:114 ("bench rev_find two anchors present@start n=256") ok
time (mean ± σ)         range (min … max) 
 373.07 ns ±   4.62 ns   366.48 ns … 379.10 ns  in 10 × 100000 runs
[moonbitlang/core] bench builtin/string_find_code_unit_bench_test.mbt:120 ("bench rev_find two anchors dense false positives n=256") ok
time (mean ± σ)         range (min … max) 
   1.42 µs ±   1.94 ns     1.42 µs …   1.43 µs  in 10 ×  70139 runs
[moonbitlang/core] bench builtin/string_find_code_unit_bench_test.mbt:126 ("bench StringView find two anchors absent n=256") ok
time (mean ± σ)         range (min … max) 
 534.89 ns ±   4.28 ns   526.33 ns … 538.30 ns  in 10 × 100000 runs
[moonbitlang/core] bench builtin/string_find_adversary_bench_test.mbt:26 ("bench find adversary m=64 n=4096") ok
time (mean ± σ)         range (min … max) 
  31.22 µs ±   9.83 µs    24.84 µs …  46.46 µs  in 10 ×   2029 runs
[moonbitlang/core] bench builtin/string_find_adversary_bench_test.mbt:33 ("bench rev_find adversary m=64 n=4096") ok
time (mean ± σ)         range (min … max) 
  32.27 µs ±   9.62 µs    26.08 µs …  47.68 µs  in 10 ×   2091 runs
[moonbitlang/core] bench builtin/string_find_adversary_bench_test.mbt:40 ("bench find adversary m=512 n=65536") ok
time (mean ± σ)         range (min … max) 
 753.17 µs ±  24.69 µs   730.88 µs … 791.16 µs  in 10 ×    127 runs
[moonbitlang/core] bench builtin/string_find_adversary_bench_test.mbt:47 ("bench find dense miss fast path n=4096") ok
time (mean ± σ)         range (min … max) 
  17.59 µs ± 107.16 ns    17.39 µs …  17.72 µs  in 10 ×   5719 runs
[moonbitlang/core] bench builtin/string_find_adversary_bench_test.mbt:53 ("bench find rare hit end fast path n=4096") ok
time (mean ± σ)         range (min … max) 
  10.54 µs ±  11.50 ns    10.52 µs …  10.56 µs  in 10 ×   9466 runs
[moonbitlang/core] bench builtin/string_escape_bench_test.mbt:61 ("bench String::escape short plain") ok
time (mean ± σ)         range (min … max) 
  50.66 ns ±   0.31 ns    50.07 ns …  51.09 ns  in 10 × 100000 runs
[moonbitlang/core] bench builtin/string_escape_bench_test.mbt:66 ("bench String::escape short escaped") ok
time (mean ± σ)         range (min … max) 
 128.90 ns ±   0.82 ns   127.63 ns … 129.89 ns  in 10 × 100000 runs
[moonbitlang/core] bench builtin/string_escape_bench_test.mbt:71 ("bench String::escape threshold plain") ok
time (mean ± σ)         range (min … max) 
  57.78 ns ±   0.35 ns    56.98 ns …  58.19 ns  in 10 × 100000 runs
[moonbitlang/core] bench builtin/string_escape_bench_test.mbt:76 ("bench String::escape prose") ok
time (mean ± σ)         range (min … max) 
 277.56 ns ±   1.98 ns   275.02 ns … 279.94 ns  in 10 × 100000 runs
[moonbitlang/core] bench builtin/string_escape_bench_test.mbt:81 ("bench String::escape escape-first") ok
time (mean ± σ)         range (min … max) 
 368.79 ns ±   1.84 ns   365.88 ns … 371.16 ns  in 10 × 100000 runs
[moonbitlang/core] bench builtin/string_escape_bench_test.mbt:86 ("bench String::escape long plain") ok
time (mean ± σ)         range (min … max) 
  12.28 µs ± 364.39 ns    12.08 µs …  13.22 µs  in 10 ×   8162 runs
[moonbitlang/core] bench builtin/string_escape_bench_test.mbt:91 ("bench String::escape long dense") ok
time (mean ± σ)         range (min … max) 
  44.30 µs ± 199.37 ns    43.93 µs …  44.57 µs  in 10 ×   2265 runs
[moonbitlang/core] bench builtin/string_escape_bench_test.mbt:96 ("bench String::escape long all-escaped") ok
time (mean ± σ)         range (min … max) 
  27.33 µs ± 122.52 ns    27.15 µs …  27.45 µs  in 10 ×   3679 runs
[moonbitlang/core] bench builtin/string_escape_bench_test.mbt:101 ("bench String::escape long unicode") ok
time (mean ± σ)         range (min … max) 
  13.69 µs ± 166.70 ns    13.59 µs …  14.05 µs  in 10 ×   7344 runs
[moonbitlang/core] bench builtin/string_escape_bench_test.mbt:106 ("bench StringView::escape long plain view") ok
time (mean ± σ)         range (min … max) 
  11.85 µs ±  88.34 ns    11.80 µs …  12.09 µs  in 10 ×   8399 runs
[moonbitlang/core] bench builtin/string_escape_bench_test.mbt:112 ("bench debug to_string short plain") ok
time (mean ± σ)         range (min … max) 
  89.70 ns ±   0.62 ns    88.87 ns …  90.78 ns  in 10 × 100000 runs
[moonbitlang/core] bench builtin/string_escape_bench_test.mbt:117 ("bench debug to_string prose") ok
time (mean ± σ)         range (min … max) 
 314.13 ns ±   1.76 ns   311.53 ns … 316.19 ns  in 10 × 100000 runs
[moonbitlang/core] bench builtin/string_escape_bench_test.mbt:122 ("bench debug to_string long plain") ok
time (mean ± σ)         range (min … max) 
  12.17 µs ± 136.15 ns    12.05 µs …  12.51 µs  in 10 ×   8038 runs
[moonbitlang/core] bench builtin/string_equal_bench_test.mbt:28 ("bench StringView::equal n=100000 equal") ok
time (mean ± σ)         range (min … max) 
   3.42 µs ±  24.50 ns     3.41 µs …   3.49 µs  in 10 ×  28720 runs
[moonbitlang/core] bench builtin/string_equal_bench_test.mbt:35 ("bench StringView::equal n=100000 mismatch at end") ok
time (mean ± σ)         range (min … max) 
 433.48 µs ±   2.32 µs   430.97 µs … 439.65 µs  in 10 ×    222 runs
[moonbitlang/core] bench builtin/string_equal_bench_test.mbt:44 ("bench StringView::equal_to_string n=100000 equal") ok
time (mean ± σ)         range (min … max) 
   3.51 µs ±  79.91 ns     3.44 µs …   3.60 µs  in 10 ×  28069 runs
[moonbitlang/core] bench builtin/string_char_set_bench_test.mbt:43 ("bench StringView::contains_any ASCII miss n=100000") ok
time (mean ± σ)         range (min … max) 
 319.98 µs ±   2.38 µs   316.92 µs … 324.30 µs  in 10 ×    309 runs
[moonbitlang/core] bench builtin/string_char_set_bench_test.mbt:54 ("bench StringView::contains_any ASCII match at end n=100000") ok
time (mean ± σ)         range (min … max) 
 320.81 µs ±   1.16 µs   318.50 µs … 322.44 µs  in 10 ×    312 runs
[moonbitlang/core] bench builtin/string_char_set_bench_test.mbt:67 ("bench StringView::trim_start ASCII n=100000") ok
time (mean ± σ)         range (min … max) 
 322.91 µs ±   1.59 µs   319.69 µs … 324.34 µs  in 10 ×    309 runs
[moonbitlang/core] bench builtin/string_char_set_bench_test.mbt:74 ("bench StringView::trim_end ASCII n=100000") ok
time (mean ± σ)         range (min … max) 
 321.57 µs ±   1.00 µs   319.76 µs … 323.02 µs  in 10 ×    311 runs
[moonbitlang/core] bench builtin/string_char_set_bench_test.mbt:79 ("bench StringView::trim ASCII n=100000") ok
time (mean ± σ)         range (min … max) 
 676.91 µs ± 240.73 ns   676.70 µs … 677.33 µs  in 10 ×    148 runs
[moonbitlang/core] bench builtin/string_char_set_bench_test.mbt:96 ("bench StringView::trim short inputs") ok
time (mean ± σ)         range (min … max) 
 161.84 ns ±   7.60 ns   158.28 ns … 183.36 ns  in 10 × 100000 runs
[moonbitlang/core] bench builtin/string_char_set_bench_test.mbt:107 ("bench StringView::contains_any short inputs") ok
time (mean ± σ)         range (min … max) 
 116.73 ns ±   0.99 ns   114.99 ns … 117.80 ns  in 10 × 100000 runs
[moonbitlang/core] bench builtin/string_char_length_bench_test.mbt:51 ("bench char_length ascii 8") ok
time (mean ± σ)         range (min … max) 
  13.90 ns ±   0.49 ns    13.14 ns …  14.48 ns  in 10 × 100000 runs
[moonbitlang/core] bench builtin/string_char_length_bench_test.mbt:56 ("bench char_length ascii 16") ok
time (mean ± σ)         range (min … max) 
  23.29 ns ±   0.51 ns    22.54 ns …  24.00 ns  in 10 × 100000 runs
[moonbitlang/core] bench builtin/string_char_length_bench_test.mbt:61 ("bench char_length ascii 100") ok
time (mean ± σ)         range (min … max) 
 209.05 ns ±   0.60 ns   208.51 ns … 210.04 ns  in 10 × 100000 runs
[moonbitlang/core] bench builtin/string_char_length_bench_test.mbt:66 ("bench char_length ascii 4k") ok
time (mean ± σ)         range (min … max) 
   9.64 µs ±  25.94 ns     9.58 µs …   9.66 µs  in 10 ×  10362 runs
[moonbitlang/core] bench builtin/string_char_length_bench_test.mbt:71 ("bench char_length ascii 64k") ok
time (mean ± σ)         range (min … max) 
 166.86 µs ±   8.73 µs   154.19 µs … 172.99 µs  in 10 ×    586 runs
[moonbitlang/core] bench builtin/string_char_length_bench_test.mbt:76 ("bench char_length cjk 4k") ok
time (mean ± σ)         range (min … max) 
   9.65 µs ±   9.79 ns     9.62 µs …   9.66 µs  in 10 ×  10367 runs
[moonbitlang/core] bench builtin/string_char_length_bench_test.mbt:81 ("bench char_length emoji 4k") ok
time (mean ± σ)         range (min … max) 
   8.85 µs ± 284.55 ns     8.04 µs …   8.96 µs  in 10 ×  11468 runs
[moonbitlang/core] bench builtin/string_char_length_bench_test.mbt:86 ("bench char_length mixed 4k") ok
time (mean ± σ)         range (min … max) 
  11.14 µs ±   9.57 ns    11.13 µs …  11.16 µs  in 10 ×   9110 runs
[moonbitlang/core] bench builtin/string_char_length_bench_test.mbt:91 ("bench StringView::char_length ascii 4k unaligned") ok
time (mean ± σ)         range (min … max) 
   9.72 µs ± 133.72 ns     9.64 µs …  10.09 µs  in 10 ×  10407 runs
[moonbitlang/core] bench builtin/string_char_length_bench_test.mbt:97 ("bench char_length_eq ascii 16") ok
time (mean ± σ)         range (min … max) 
  23.18 ns ±   0.90 ns    21.66 ns …  24.30 ns  in 10 × 100000 runs
[moonbitlang/core] bench builtin/string_char_length_bench_test.mbt:102 ("bench char_length_eq ascii 4k") ok
time (mean ± σ)         range (min … max) 
   9.55 µs ±  54.55 ns     9.44 µs …   9.62 µs  in 10 ×  10427 runs
[moonbitlang/core] bench builtin/string_char_length_bench_test.mbt:107 ("bench char_length_eq emoji 4k") ok
time (mean ± σ)         range (min … max) 
   8.81 µs ± 291.77 ns     8.00 µs …   8.93 µs  in 10 ×  11202 runs
[moonbitlang/core] bench builtin/string_char_length_bench_test.mbt:112 ("bench char_length_eq mixed 4k") ok
time (mean ± σ)         range (min … max) 
  11.17 µs ± 111.44 ns    10.97 µs …  11.26 µs  in 10 ×   8864 runs
[moonbitlang/core] bench builtin/string_char_length_bench_test.mbt:119 ("bench char_length_ge ascii 4k len 3") ok
time (mean ± σ)         range (min … max) 
  11.76 ns ±   0.45 ns    11.37 ns …  12.32 ns  in 10 × 100000 runs
[moonbitlang/core] bench builtin/string_char_length_bench_test.mbt:124 ("bench char_length_ge ascii 4k len 2000") ok
time (mean ± σ)         range (min … max) 
   4.67 µs ±  54.26 ns     4.61 µs …   4.72 µs  in 10 ×  21194 runs
[moonbitlang/core] bench builtin/string_char_length_bench_test.mbt:129 ("bench char_length_ge cjk 4k len 4096") ok
time (mean ± σ)         range (min … max) 
   9.57 µs ±  71.84 ns     9.42 µs …   9.63 µs  in 10 ×  10622 runs
[moonbitlang/core] bench builtin/string_char_length_bench_test.mbt:134 ("bench char_length_ge emoji 4k len 2048") ok
time (mean ± σ)         range (min … max) 
   9.04 µs ± 450.20 ns     8.51 µs …  10.24 µs  in 10 ×  11226 runs
[moonbitlang/core] bench builtin/sort_bench_test.mbt:21 ("bench Array::sort n=1000") ok
time (mean ± σ)         range (min … max) 
  21.09 µs ± 323.96 ns    20.87 µs …  21.82 µs  in 10 ×   4524 runs
[moonbitlang/core] bench builtin/sort_bench_test.mbt:31 ("bench Array::sort n=100000") ok
time (mean ± σ)         range (min … max) 
   6.72 ms ± 159.81 µs     6.63 ms …   7.17 ms  in 10 ×     16 runs
[moonbitlang/core] bench builtin/sort_bench_test.mbt:41 ("bench Array::sort_by n=10000") ok
time (mean ± σ)         range (min … max) 
 532.85 µs ± 860.12 ns   531.31 µs … 534.24 µs  in 10 ×    188 runs
[moonbitlang/core] bench builtin/range_equal_bench_test.mbt:56 ("bench range_equal StringView== n=4 equal") ok
time (mean ± σ)         range (min … max) 
   7.07 ns ±   0.37 ns     6.77 ns …   7.56 ns  in 10 × 100000 runs
[moonbitlang/core] bench builtin/range_equal_bench_test.mbt:61 ("bench range_equal StringView== n=8 equal") ok
time (mean ± σ)         range (min … max) 
   7.29 ns ±   0.37 ns     6.98 ns …   7.75 ns  in 10 × 100000 runs
[moonbitlang/core] bench builtin/range_equal_bench_test.mbt:66 ("bench range_equal StringView== n=8 mismatch at end") ok
time (mean ± σ)         range (min … max) 
  23.10 ns ±   0.48 ns    22.68 ns …  23.71 ns  in 10 × 100000 runs
[moonbitlang/core] bench builtin/range_equal_bench_test.mbt:71 ("bench range_equal StringView== n=16 equal") ok
time (mean ± σ)         range (min … max) 
   7.35 ns ±   0.34 ns     7.05 ns …   7.85 ns  in 10 × 100000 runs
[moonbitlang/core] bench builtin/range_equal_bench_test.mbt:76 ("bench range_equal StringView== n=16 mismatch at end") ok
time (mean ± σ)         range (min … max) 
  39.82 ns ±   0.49 ns    39.40 ns …  40.43 ns  in 10 × 100000 runs
[moonbitlang/core] bench builtin/range_equal_bench_test.mbt:81 ("bench range_equal StringView== n=15 equal") ok
time (mean ± σ)         range (min … max) 
   7.44 ns ±   0.38 ns     7.13 ns …   7.93 ns  in 10 × 100000 runs
[moonbitlang/core] bench builtin/range_equal_bench_test.mbt:86 ("bench range_equal StringView== n=64 equal") ok
time (mean ± σ)         range (min … max) 
   8.86 ns ±   0.39 ns     8.53 ns …   9.36 ns  in 10 × 100000 runs
[moonbitlang/core] bench builtin/range_equal_bench_test.mbt:91 ("bench range_equal StringView== n=64 mismatch at end") ok
time (mean ± σ)         range (min … max) 
 143.31 ns ±   2.47 ns   138.79 ns … 145.52 ns  in 10 × 100000 runs
[moonbitlang/core] bench builtin/range_equal_bench_test.mbt:96 ("bench range_equal StringView== n=1024 equal") ok
time (mean ± σ)         range (min … max) 
  35.08 ns ±   0.76 ns    33.50 ns …  35.88 ns  in 10 × 100000 runs
[moonbitlang/core] bench builtin/range_equal_bench_test.mbt:101 ("bench range_equal StringView== n=1024 mismatch at end") ok
time (mean ± σ)         range (min … max) 
   2.91 µs ±   1.09 µs     2.08 µs …   4.45 µs  in 10 ×  22485 runs
[moonbitlang/core] bench builtin/range_equal_bench_test.mbt:106 ("bench range_equal StringView== n=1024 mismatch at 0") ok
time (mean ± σ)         range (min … max) 
   8.55 ns ±   0.39 ns     8.19 ns …   9.08 ns  in 10 × 100000 runs
[moonbitlang/core] bench builtin/range_equal_bench_test.mbt:111 ("bench range_equal StringView== n=65536 equal") ok
time (mean ± σ)         range (min … max) 
   1.88 µs ±  42.56 ns     1.86 µs …   1.97 µs  in 10 ×  46981 runs
[moonbitlang/core] bench builtin/range_equal_bench_test.mbt:116 ("bench range_equal StringView== n=65536 mismatch at end") ok
time (mean ± σ)         range (min … max) 
 286.60 µs ±   2.10 µs   280.77 µs … 287.74 µs  in 10 ×    346 runs
[moonbitlang/core] bench builtin/range_equal_bench_test.mbt:121 ("bench range_equal BytesView== n=4 equal") ok
time (mean ± σ)         range (min … max) 
   7.95 ns ±   0.36 ns     7.55 ns …   8.46 ns  in 10 × 100000 runs
[moonbitlang/core] bench builtin/range_equal_bench_test.mbt:126 ("bench range_equal BytesView== n=8 equal") ok
time (mean ± σ)         range (min … max) 
  10.87 ns ±   0.42 ns    10.38 ns …  11.52 ns  in 10 × 100000 runs
[moonbitlang/core] bench builtin/range_equal_bench_test.mbt:131 ("bench range_equal BytesView== n=8 mismatch at end") ok
time (mean ± σ)         range (min … max) 
  10.15 ns ±   0.42 ns     9.80 ns …  10.71 ns  in 10 × 100000 runs
[moonbitlang/core] bench builtin/range_equal_bench_test.mbt:136 ("bench range_equal BytesView== n=16 equal") ok
time (mean ± σ)         range (min … max) 
  15.40 ns ±   0.42 ns    15.06 ns …  15.92 ns  in 10 × 100000 runs
[moonbitlang/core] bench builtin/range_equal_bench_test.mbt:141 ("bench range_equal BytesView== n=16 mismatch at end") ok
time (mean ± σ)         range (min … max) 
  15.05 ns ±   0.47 ns    14.22 ns …  15.67 ns  in 10 × 100000 runs
[moonbitlang/core] bench builtin/range_equal_bench_test.mbt:146 ("bench range_equal BytesView== n=31 equal") ok
time (mean ± σ)         range (min … max) 
  26.29 ns ±   0.48 ns    25.71 ns …  26.92 ns  in 10 × 100000 runs
[moonbitlang/core] bench builtin/range_equal_bench_test.mbt:151 ("bench range_equal BytesView== n=64 equal") ok
time (mean ± σ)         range (min … max) 
  40.21 ns ±   1.15 ns    37.95 ns …  41.26 ns  in 10 × 100000 runs
[moonbitlang/core] bench builtin/range_equal_bench_test.mbt:156 ("bench range_equal BytesView== n=64 mismatch at end") ok
time (mean ± σ)         range (min … max) 
  40.46 ns ±   0.87 ns    38.68 ns …  41.37 ns  in 10 × 100000 runs
[moonbitlang/core] bench builtin/range_equal_bench_test.mbt:161 ("bench range_equal BytesView== n=1024 equal") ok
time (mean ± σ)         range (min … max) 
 614.94 ns ±   0.56 ns   614.26 ns … 615.76 ns  in 10 × 100000 runs
[moonbitlang/core] bench builtin/range_equal_bench_test.mbt:166 ("bench range_equal BytesView== n=1024 mismatch at end") ok
time (mean ± σ)         range (min … max) 
 614.18 ns ±   0.59 ns   613.19 ns … 615.03 ns  in 10 × 100000 runs
[moonbitlang/core] bench builtin/range_equal_bench_test.mbt:171 ("bench range_equal BytesView== n=1024 mismatch at 0") ok
time (mean ± σ)         range (min … max) 
   5.22 ns ±   0.38 ns     4.85 ns …   5.64 ns  in 10 × 100000 runs
[moonbitlang/core] bench builtin/range_equal_bench_test.mbt:176 ("bench range_equal BytesView== n=65536 equal") ok
time (mean ± σ)         range (min … max) 
  38.55 µs ±  75.54 ns    38.34 µs …  38.58 µs  in 10 ×   2591 runs
[moonbitlang/core] bench builtin/range_equal_bench_test.mbt:181 ("bench range_equal BytesView== n=65536 mismatch at end") ok
time (mean ± σ)         range (min … max) 
  38.60 µs ±  74.04 ns    38.50 µs …  38.76 µs  in 10 ×   2463 runs
[moonbitlang/core] bench builtin/range_equal_bench_test.mbt:186 ("bench range_equal StringView::has_prefix prefix=32 hit") ok
time (mean ± σ)         range (min … max) 
 101.50 ns ±   2.11 ns    98.28 ns … 103.34 ns  in 10 × 100000 runs
[moonbitlang/core] bench builtin/range_equal_bench_test.mbt:193 ("bench range_equal StringView::has_prefix prefix=32 miss at end") ok
time (mean ± σ)         range (min … max) 
 104.40 ns ±   0.53 ns   103.79 ns … 105.04 ns  in 10 × 100000 runs
[moonbitlang/core] bench builtin/linked_hash_map_bench_test.mbt:19 ("bench Map::set n=50000") ok
time (mean ± σ)         range (min … max) 
   3.45 ms ± 214.44 µs     3.17 ms …   3.79 ms  in 10 ×     32 runs
[moonbitlang/core] bench builtin/linked_hash_map_bench_test.mbt:30 ("bench Map::get n=50000") ok
time (mean ± σ)         range (min … max) 
 963.22 µs ±   4.10 µs   955.72 µs … 970.17 µs  in 10 ×    105 runs
[moonbitlang/core] bench builtin/linked_hash_map_bench_test.mbt:47 ("bench Map::get miss n=50000") ok
time (mean ± σ)         range (min … max) 
   1.14 ms ±   3.39 µs     1.13 ms …   1.14 ms  in 10 ×     87 runs
[moonbitlang/core] bench builtin/linked_hash_map_bench_test.mbt:67 ("bench Map::set+remove n=50000") ok
time (mean ± σ)         range (min … max) 
   4.74 ms ±  85.17 µs     4.64 ms …   4.95 ms  in 10 ×     20 runs
[moonbitlang/core] bench builtin/linked_hash_map_bench_test.mbt:83 ("bench Map::each n=50000") ok
time (mean ± σ)         range (min … max) 
  69.73 µs ±  66.57 ns    69.65 µs …  69.82 µs  in 10 ×   1433 runs
[moonbitlang/core] bench builtin/linked_hash_map_bench_test.mbt:101 ("bench Map::filter n=50000") ok
time (mean ± σ)         range (min … max) 
   1.16 ms ± 105.29 µs     1.10 ms …   1.45 ms  in 10 ×     91 runs
[moonbitlang/core] bench builtin/linked_hash_map_bench_test.mbt:107 ("bench Map comprehension filter n=50000") ok
time (mean ± σ)         range (min … max) 
   3.29 ms ±  10.41 µs     3.27 ms …   3.31 ms  in 10 ×     26 runs
[moonbitlang/core] bench builtin/lexical_compare_bench_test.mbt:42 ("bench lexical_compare equal n=256") ok
time (mean ± σ)         range (min … max) 
 212.54 ns ±   0.57 ns   211.87 ns … 213.36 ns  in 10 × 100000 runs
[moonbitlang/core] bench builtin/lexical_compare_bench_test.mbt:47 ("bench lexical_compare common-prefix n=256") ok
time (mean ± σ)         range (min … max) 
 200.66 ns ±   1.64 ns   196.24 ns … 201.81 ns  in 10 × 100000 runs
[moonbitlang/core] bench builtin/lexical_compare_bench_test.mbt:52 ("bench lexical_compare early-diff n=256") ok
time (mean ± σ)         range (min … max) 
   6.91 ns ±   0.38 ns     6.60 ns …   7.42 ns  in 10 × 100000 runs
[moonbitlang/core] bench builtin/lexical_compare_bench_test.mbt:89 ("bench String::lexical_compare equal n=256") ok
time (mean ± σ)         range (min … max) 
   1.13 µs ±  11.90 ns     1.12 µs …   1.16 µs  in 10 ×  86982 runs
[moonbitlang/core] bench builtin/lexical_compare_bench_test.mbt:94 ("bench String::lexical_compare common-prefix n=256") ok
time (mean ± σ)         range (min … max) 
   1.20 µs ±  13.66 ns     1.18 µs …   1.23 µs  in 10 ×  82621 runs
[moonbitlang/core] bench builtin/lexical_compare_bench_test.mbt:99 ("bench String::lexical_compare early-diff n=256") ok
time (mean ± σ)         range (min … max) 
  13.03 ns ±   0.63 ns    12.04 ns …  13.87 ns  in 10 × 100000 runs
[moonbitlang/core] bench builtin/lexical_compare_bench_test.mbt:104 ("bench StringView::lexical_compare equal n=256") ok
time (mean ± σ)         range (min … max) 
   1.14 µs ±   8.53 ns     1.13 µs …   1.16 µs  in 10 ×  88128 runs
[moonbitlang/core] bench builtin/lexical_compare_bench_test.mbt:109 ("bench StringView::lexical_compare common-prefix n=256") ok
time (mean ± σ)         range (min … max) 
   1.19 µs ±   6.21 ns     1.18 µs …   1.20 µs  in 10 ×  84059 runs
[moonbitlang/core] bench builtin/lexical_compare_bench_test.mbt:114 ("bench StringView::lexical_compare early-diff n=256") ok
time (mean ± σ)         range (min … max) 
  13.16 ns ±   0.39 ns    12.46 ns …  13.76 ns  in 10 × 100000 runs
[moonbitlang/core] bench builtin/lexical_compare_bench_test.mbt:121 ("bench String::compare equal-length common-prefix n=256") ok
time (mean ± σ)         range (min … max) 
   1.13 µs ±  32.27 ns     1.11 µs …   1.21 µs  in 10 ×  89689 runs
[moonbitlang/core] bench builtin/lexical_compare_bench_test.mbt:128 ("bench StringView::compare equal-length common-prefix n=256") ok
time (mean ± σ)         range (min … max) 
   1.12 µs ±  18.99 ns     1.10 µs …   1.15 µs  in 10 ×  87044 runs
[moonbitlang/core] bench builtin/lexical_compare_bench_test.mbt:135 ("bench StringView::compare_ignore_ascii_case common-prefix n=256") ok
time (mean ± σ)         range (min … max) 
   1.12 µs ±  17.49 ns     1.10 µs …   1.15 µs  in 10 ×  88731 runs
[moonbitlang/core] bench builtin/contains_code_unit_bench_test.mbt:19 ("bench contains_code_unit absent n=4") ok
time (mean ± σ)         range (min … max) 
  10.38 ns ±   0.40 ns     9.96 ns …  10.95 ns  in 10 × 100000 runs
[moonbitlang/core] bench builtin/contains_code_unit_bench_test.mbt:25 ("bench contains_code_unit absent n=8") ok
time (mean ± σ)         range (min … max) 
  13.84 ns ±   0.67 ns    12.84 ns …  14.73 ns  in 10 × 100000 runs
[moonbitlang/core] bench builtin/contains_code_unit_bench_test.mbt:31 ("bench contains_code_unit present@0 n=8") ok
time (mean ± σ)         range (min … max) 
   5.43 ns ±   0.37 ns     5.07 ns …   5.87 ns  in 10 × 100000 runs
[moonbitlang/core] bench builtin/contains_code_unit_bench_test.mbt:37 ("bench contains_code_unit absent n=16") ok
time (mean ± σ)         range (min … max) 
  23.32 ns ±   0.43 ns    22.26 ns …  23.94 ns  in 10 × 100000 runs
[moonbitlang/core] bench builtin/contains_code_unit_bench_test.mbt:43 ("bench contains_code_unit absent n=64") ok
time (mean ± σ)         range (min … max) 
  82.27 ns ±   1.39 ns    79.77 ns …  83.94 ns  in 10 × 100000 runs
[moonbitlang/core] bench builtin/contains_code_unit_bench_test.mbt:49 ("bench contains_code_unit absent n=256") ok
time (mean ± σ)         range (min … max) 
 306.87 ns ±   2.34 ns   302.09 ns … 309.73 ns  in 10 × 100000 runs
[moonbitlang/core] bench builtin/contains_code_unit_bench_test.mbt:55 ("bench contains_code_unit present@end n=256") ok
time (mean ± σ)         range (min … max) 
 307.28 ns ±   1.13 ns   305.71 ns … 309.20 ns  in 10 × 100000 runs
[moonbitlang/core] bench builtin/contains_code_unit_bench_test.mbt:61 ("bench contains_code_unit present@0 n=256") ok
time (mean ± σ)         range (min … max) 
   5.44 ns ±   0.36 ns     5.10 ns …   5.83 ns  in 10 × 100000 runs
[moonbitlang/core] bench builtin/contains_code_unit_bench_test.mbt:67 ("bench StringView contains_code_unit absent n=256") ok
time (mean ± σ)         range (min … max) 
 310.58 ns ±   1.73 ns   305.91 ns … 311.97 ns  in 10 × 100000 runs
[moonbitlang/core] bench builtin/bytesview_compare_bench_test.mbt:16 ("bench BytesView Compare equal n=1000000") ok
time (mean ± σ)         range (min … max) 
   1.46 ms ± 277.04 µs     1.20 ms …   1.75 ms  in 10 ×     58 runs
[moonbitlang/core] bench builtin/bytesview_compare_bench_test.mbt:23 ("bench BytesView Compare last-diff n=1000000") ok
time (mean ± σ)         range (min … max) 
 745.11 µs ±   2.41 µs   742.53 µs … 748.98 µs  in 10 ×    126 runs
[moonbitlang/core] bench builtin/bytes_unsafe_bench_test.mbt:31 ("bench Bytes::unsafe_read_uint16_le n=4096") ok
time (mean ± σ)         range (min … max) 
   2.75 µs ±  37.55 ns     2.73 µs …   2.83 µs  in 10 ×  36322 runs
[moonbitlang/core] bench builtin/bytes_unsafe_bench_test.mbt:43 ("bench Bytes::unsafe_read_uint32_le n=4096") ok
time (mean ± σ)         range (min … max) 
   4.09 µs ±  43.35 ns     3.99 µs …   4.16 µs  in 10 ×  24457 runs
[moonbitlang/core] bench builtin/bytes_unsafe_bench_test.mbt:55 ("bench Bytes::unsafe_read_uint64_le n=4096") ok
time (mean ± σ)         range (min … max) 
 314.37 µs ± 691.32 ns   313.40 µs … 315.35 µs  in 10 ×    321 runs
[moonbitlang/core] bench builtin/bytes_unsafe_bench_test.mbt:67 ("bench FixedArray::unsafe_write_uint16_le n=4096") ok
time (mean ± σ)         range (min … max) 
   2.45 µs ±  20.05 ns     2.43 µs …   2.50 µs  in 10 ×  40931 runs
[moonbitlang/core] bench builtin/bytes_unsafe_bench_test.mbt:78 ("bench FixedArray::unsafe_write_uint32_le n=4096") ok
time (mean ± σ)         range (min … max) 
   3.70 µs ±  45.91 ns     3.64 µs …   3.78 µs  in 10 ×  27094 runs
[moonbitlang/core] bench builtin/bytes_unsafe_bench_test.mbt:89 ("bench FixedArray::unsafe_write_uint64_le n=4096") ok
time (mean ± σ)         range (min … max) 
 584.59 µs ± 588.77 ns   583.43 µs … 585.32 µs  in 10 ×    172 runs
[moonbitlang/core] bench builtin/bytes_output_bench_test.mbt:19 ("bench Bytes Show binary n=100000") ok
time (mean ± σ)         range (min … max) 
   4.88 ms ± 831.17 µs     4.19 ms …   6.54 ms  in 10 ×     16 runs
[moonbitlang/core] bench builtin/bytes_output_bench_test.mbt:24 ("bench Bytes ToJson binary n=100000") ok
time (mean ± σ)         range (min … max) 
   4.90 ms ± 796.65 µs     4.18 ms …   5.99 ms  in 10 ×     16 runs
[moonbitlang/core] bench builtin/bytes_hash_bench_test.mbt:54 ("bench Hash::hash(Bytes) n=32") ok
time (mean ± σ)         range (min … max) 
  20.36 ns ±   0.63 ns    19.18 ns …  21.11 ns  in 10 × 100000 runs
[moonbitlang/core] bench builtin/bytes_hash_bench_test.mbt:60 ("bench Hash::hash(Bytes) n=8192") ok
time (mean ± σ)         range (min … max) 
   4.93 µs ±  30.14 ns     4.89 µs …   5.01 µs  in 10 ×  20262 runs
[moonbitlang/core] bench builtin/bytes_hash_bench_test.mbt:66 ("bench Map::at Bytes n=1024 key_bytes=32") ok
time (mean ± σ)         range (min … max) 
  71.72 µs ± 482.66 ns    70.40 µs …  72.11 µs  in 10 ×   1392 runs
[moonbitlang/core] bench builtin/bytes_from_array_bench_test.mbt:30 ("bench Bytes::from_array n=262144 full") ok
time (mean ± σ)         range (min … max) 
 595.01 µs ±  22.38 µs   582.09 µs … 649.38 µs  in 10 ×    149 runs
[moonbitlang/core] bench builtin/bytes_from_array_bench_test.mbt:41 ("bench Bytes::from_array n=262144 sliced") ok
time (mean ± σ)         range (min … max) 
 595.23 µs ±  13.69 µs   586.81 µs … 633.54 µs  in 10 ×    162 runs
[moonbitlang/core] bench builtin/bytes_from_array_bench_test.mbt:48 ("bench Bytes::makei from ArrayView n=262144 full") ok
time (mean ± σ)         range (min … max) 
 551.46 µs ±  13.05 µs   546.15 µs … 588.37 µs  in 10 ×    179 runs
[moonbitlang/core] bench builtin/bytes_from_array_bench_test.mbt:59 ("bench Bytes::makei from ArrayView n=262144 sliced") ok
time (mean ± σ)         range (min … max) 
 566.87 µs ±  23.87 µs   550.89 µs … 614.46 µs  in 10 ×    177 runs
[moonbitlang/core] bench builtin/bytes_equal_bench_test.mbt:37 ("bench Bytes::equal n=100000 equal") ok
time (mean ± σ)         range (min … max) 
  58.96 µs ±  57.98 ns    58.83 µs …  59.04 µs  in 10 ×   1352 runs
[moonbitlang/core] bench builtin/bytes_equal_bench_test.mbt:44 ("bench Bytes::equal n=100000 aliased object") ok
time (mean ± σ)         range (min … max) 
  88.22 µs ± 152.53 ns    87.80 µs …  88.32 µs  in 10 ×   1129 runs
[moonbitlang/core] bench builtin/bytes_equal_bench_test.mbt:54 ("bench Bytes::equal n=100000 mismatch at end") ok
time (mean ± σ)         range (min … max) 
  58.94 µs ±  80.70 ns    58.72 µs …  59.01 µs  in 10 ×   1358 runs
[moonbitlang/core] bench builtin/bytes_add_bench_test.mbt:16 ("bench Bytes add total=1000000") ok
time (mean ± σ)         range (min … max) 
   2.25 ms ±  50.24 µs     2.23 ms …   2.39 ms  in 10 ×     44 runs
[moonbitlang/core] bench builtin/bitstring_uint_aligned_bench_test.mbt:24 ("bench Bytes::unsafe_extract_uint_le_aligned n=8192") ok
time (mean ± σ)         range (min … max) 
   2.27 µs ±  32.24 ns     2.25 µs …   2.34 µs  in 10 ×  43844 runs
[moonbitlang/core] bench builtin/bitstring_uint64_aligned_bench_test.mbt:24 ("bench Bytes::unsafe_extract_uint64_le_aligned n=8192") ok
time (mean ± σ)         range (min … max) 
  78.60 µs ±  78.56 ns    78.45 µs …  78.71 µs  in 10 ×   1268 runs
[moonbitlang/core] bench builtin/bitstring_extract_bench_test.mbt:35 ("bench BytesView uint_le aligned len=32") ok
time (mean ± σ)         range (min … max) 
   2.56 µs ±  29.63 ns     2.54 µs …   2.62 µs  in 10 ×  39261 runs
[moonbitlang/core] bench builtin/bitstring_extract_bench_test.mbt:48 ("bench BytesView uint_be aligned len=32") ok
time (mean ± σ)         range (min … max) 
   2.63 µs ±  32.43 ns     2.61 µs …   2.71 µs  in 10 ×  38105 runs
[moonbitlang/core] bench builtin/bitstring_extract_bench_test.mbt:61 ("bench ArrayView uint_le aligned len=32") ok
time (mean ± σ)         range (min … max) 
   4.11 µs ±  46.13 ns     4.05 µs …   4.20 µs  in 10 ×  24445 runs
[moonbitlang/core] bench builtin/bitstring_extract_bench_test.mbt:75 ("bench ArrayView uint_be aligned len=32") ok
time (mean ± σ)         range (min … max) 
   4.26 µs ±  51.65 ns     4.22 µs …   4.38 µs  in 10 ×  23625 runs
[moonbitlang/core] bench builtin/bitstring_extract_bench_test.mbt:89 ("bench BytesView uint64_le aligned len=64") ok
time (mean ± σ)         range (min … max) 
  81.09 µs ± 119.39 ns    80.91 µs …  81.24 µs  in 10 ×   1234 runs
[moonbitlang/core] bench builtin/bitstring_extract_bench_test.mbt:102 ("bench BytesView uint64_be aligned len=64") ok
time (mean ± σ)         range (min … max) 
  82.32 µs ± 148.28 ns    82.13 µs …  82.62 µs  in 10 ×   1220 runs
[moonbitlang/core] bench builtin/bitstring_extract_bench_test.mbt:115 ("bench ArrayView uint64_le aligned len=64") ok
time (mean ± σ)         range (min … max) 
  85.98 µs ± 740.02 ns    85.43 µs …  87.44 µs  in 10 ×   1149 runs
[moonbitlang/core] bench builtin/bitstring_extract_bench_test.mbt:129 ("bench ArrayView uint64_be aligned len=64") ok
time (mean ± σ)         range (min … max) 
  86.90 µs ± 259.05 ns    86.57 µs …  87.28 µs  in 10 ×   1148 runs
[moonbitlang/core] bench builtin/bitstring_extract_bench_test.mbt:143 ("bench BytesView uint_le unaligned len=32") ok
time (mean ± σ)         range (min … max) 
  28.25 µs ±  12.88 ns    28.24 µs …  28.27 µs  in 10 ×   3526 runs
[moonbitlang/core] bench builtin/bitstring_extract_bench_test.mbt:156 ("bench BytesView uint64_le unaligned len=64") ok
time (mean ± σ)         range (min … max) 
 103.76 µs ± 345.68 ns   103.25 µs … 104.15 µs  in 10 ×    968 runs
[moonbitlang/core] bench builtin/bitstring_extract_bench_test.mbt:169 ("bench BytesView uint_le aligned len=16") ok
time (mean ± σ)         range (min … max) 
   4.05 µs ±  40.04 ns     4.01 µs …   4.14 µs  in 10 ×  24933 runs
[moonbitlang/core] bench builtin/bitstring_extract_bench_test.mbt:182 ("bench BytesView uint_le aligned len=24") ok
time (mean ± σ)         range (min … max) 
  22.92 µs ±  26.40 ns    22.88 µs …  22.98 µs  in 10 ×   4355 runs
[moonbitlang/core] bench builtin/array_retain_bench_test.mbt:29 ("bench Array::retain all keep Int n=100000") ok
time (mean ± σ)         range (min … max) 
  73.65 µs ±  90.06 ns    73.48 µs …  73.75 µs  in 10 ×   1359 runs
[moonbitlang/core] bench builtin/array_retain_bench_test.mbt:42 ("bench Array::retain all keep Ref n=100000") ok
time (mean ± σ)         range (min … max) 
  88.77 µs ±  39.48 ns    88.71 µs …  88.83 µs  in 10 ×   1124 runs
[moonbitlang/core] bench builtin/array_retain_bench_test.mbt:55 ("bench Array::retain drop tail n=100000") ok
time (mean ± σ)         range (min … max) 
 196.54 µs ±   2.12 µs   194.64 µs … 200.78 µs  in 10 ×    504 runs
[moonbitlang/core] bench builtin/array_retain_bench_test.mbt:66 ("bench Array::retain late sparse drop n=100000") ok
time (mean ± σ)         range (min … max) 
 233.24 µs ±   3.91 µs   229.62 µs … 240.49 µs  in 10 ×    311 runs
[moonbitlang/core] bench builtin/array_retain_bench_test.mbt:77 ("bench Array::retain drop first n=100000") ok
time (mean ± σ)         range (min … max) 
 241.47 µs ±   1.01 µs   239.42 µs … 242.58 µs  in 10 ×    412 runs
[moonbitlang/core] bench builtin/array_make_blit_bench_test.mbt:32 ("bench FixedArray::copy Ref n=1000000") ok
time (mean ± σ)         range (min … max) 
   1.37 ms ±  92.43 µs     1.27 ms …   1.50 ms  in 10 ×     70 runs
[moonbitlang/core] bench builtin/array_make_blit_bench_test.mbt:38 ("bench Array::from_fixed_array Ref n=1000000") ok
time (mean ± σ)         range (min … max) 
   4.14 ms ± 273.09 µs     3.79 ms …   4.40 ms  in 10 ×     27 runs
[moonbitlang/core] bench builtin/array_make_blit_bench_test.mbt:44 ("bench Array::add Ref n=500000+500000") ok
time (mean ± σ)         range (min … max) 
   4.00 ms ± 250.26 µs     3.64 ms …   4.23 ms  in 10 ×     28 runs
[moonbitlang/core] bench builtin/array_make_blit_bench_test.mbt:51 ("bench ArrayView::add Ref n=500000+500000") ok
time (mean ± σ)         range (min … max) 
   3.98 ms ± 243.64 µs     3.62 ms …   4.21 ms  in 10 ×     28 runs
[moonbitlang/core] bench builtin/array_make_blit_bench_test.mbt:60 ("bench Array::blit_to Ref n=1000000 overwrite") ok
time (mean ± σ)         range (min … max) 
   2.22 ms ±   1.45 µs     2.21 ms …   2.22 ms  in 10 ×     46 runs
[moonbitlang/core] bench builtin/array_make_blit_bench_test.mbt:70 ("bench Array::blit_to Ref n=1000000 grow") ok
time (mean ± σ)         range (min … max) 
   4.11 ms ± 243.95 µs     3.67 ms …   4.45 ms  in 10 ×     28 runs
[moonbitlang/core] bench builtin/array_make_blit_bench_test.mbt:80 ("bench ArrayView::blit_to Ref n=1000000 overwrite") ok
time (mean ± σ)         range (min … max) 
   2.22 ms ±  17.64 µs     2.21 ms …   2.27 ms  in 10 ×     45 runs
[moonbitlang/core] bench builtin/array_make_blit_bench_test.mbt:90 ("bench ArrayView::blit_to Ref n=1000000 grow") ok
time (mean ± σ)         range (min … max) 
   3.98 ms ± 250.58 µs     3.62 ms …   4.20 ms  in 10 ×     28 runs
[moonbitlang/core] bench builtin/array_make_blit_bench_test.mbt:100 ("bench Array::append Ref n=1000000 grow") ok
time (mean ± σ)         range (min … max) 
   9.72 ms ± 575.82 µs     9.22 ms …  10.49 ms  in 10 ×     12 runs
[moonbitlang/core] bench builtin/array_make_blit_bench_test.mbt:110 ("bench Array::push Ref n=1000000 resize") ok
time (mean ± σ)         range (min … max) 
   9.73 ms ± 654.22 µs     9.02 ms …  10.60 ms  in 10 ×     11 runs
[moonbitlang/core] bench builtin/array_make_blit_bench_test.mbt:129 ("bench Array::copy Int n=1000000") ok
time (mean ± σ)         range (min … max) 
   1.20 ms ±  70.99 µs     1.08 ms …   1.26 ms  in 10 ×     83 runs
[moonbitlang/core] bench builtin/array_make_blit_bench_test.mbt:135 ("bench Array::copy Ref n=1000000") ok
time (mean ± σ)         range (min … max) 
   1.40 ms ±  97.39 µs     1.28 ms …   1.49 ms  in 10 ×     74 runs
[moonbitlang/core] bench builtin/array_locals_bench_test.mbt:29 ("bench Array::retain_map n=100000") ok
time (mean ± σ)         range (min … max) 
 113.13 µs ±   1.96 µs   110.54 µs … 116.55 µs  in 10 ×    858 runs
[moonbitlang/core] bench builtin/array_locals_bench_test.mbt:38 ("bench Array::shuffle_in_place n=100000") ok
time (mean ± σ)         range (min … max) 
 222.57 µs ± 285.75 ns   221.82 µs … 222.85 µs  in 10 ×    450 runs
[moonbitlang/core] bench builtin/array_locals_bench_test.mbt:50 ("bench Array::filter_map n=100000") ok
time (mean ± σ)         range (min … max) 
 259.39 µs ±   5.71 µs   257.18 µs … 275.60 µs  in 10 ×    389 runs
[moonbitlang/core] bench builtin/array_locals_bench_test.mbt:58 ("bench FixedArray::each n=100000") ok
time (mean ± σ)         range (min … max) 
  56.72 µs ±   1.49 µs    55.17 µs …  58.40 µs  in 10 ×   1714 runs
[moonbitlang/core] bench builtin/array_locals_bench_test.mbt:68 ("bench FixedArray::eachi n=100000") ok
time (mean ± σ)         range (min … max) 
  60.49 µs ±   1.78 µs    58.87 µs …  62.89 µs  in 10 ×   1588 runs
[moonbitlang/core] bench builtin/array_locals_bench_test.mbt:78 ("bench FixedArray::rev_each n=100000") ok
time (mean ± σ)         range (min … max) 
 515.67 µs ±   1.28 µs   515.11 µs … 519.29 µs  in 10 ×    195 runs
[moonbitlang/core] bench builtin/array_locals_bench_test.mbt:88 ("bench FixedArray::rev_eachi n=100000") ok
time (mean ± σ)         range (min … max) 
  77.46 µs ± 414.06 ns    76.71 µs …  77.83 µs  in 10 ×   1306 runs
[moonbitlang/core] bench builtin/array_locals_bench_test.mbt:98 ("bench FixedArray::map n=100000") ok
time (mean ± σ)         range (min … max) 
 261.13 µs ±  16.24 µs   251.21 µs … 305.17 µs  in 10 ×    397 runs
[moonbitlang/core] bench builtin/array_locals_bench_test.mbt:104 ("bench FixedArray::mapi n=100000") ok
time (mean ± σ)         range (min … max) 
 256.14 µs ±   6.15 µs   251.97 µs … 272.65 µs  in 10 ×    396 runs
[moonbitlang/core] bench builtin/array_locals_bench_test.mbt:110 ("bench FixedArray::makei n=100000") ok
time (mean ± σ)         range (min … max) 
 272.04 µs ±   4.22 µs   270.04 µs … 283.99 µs  in 10 ×    374 runs
[moonbitlang/core] bench builtin/array_locals_bench_test.mbt:115 ("bench FixedArray::fold n=100000") ok
time (mean ± σ)         range (min … max) 
  57.77 µs ±   1.02 µs    55.82 µs …  58.43 µs  in 10 ×   1715 runs
[moonbitlang/core] bench builtin/array_locals_bench_test.mbt:121 ("bench FixedArray::rev_fold n=100000") ok
time (mean ± σ)         range (min … max) 
 515.47 µs ± 260.92 ns   515.13 µs … 515.90 µs  in 10 ×    195 runs
[moonbitlang/core] bench builtin/array_locals_bench_test.mbt:127 ("bench FixedArray::foldi n=100000") ok
time (mean ± σ)         range (min … max) 
  60.89 µs ±   1.44 µs    59.80 µs …  63.20 µs  in 10 ×   1585 runs
[moonbitlang/core] bench builtin/array_locals_bench_test.mbt:133 ("bench FixedArray::rev_foldi n=100000") ok
time (mean ± σ)         range (min … max) 
  67.71 µs ± 176.82 ns    67.51 µs …  67.98 µs  in 10 ×   1476 runs
[moonbitlang/core] bench builtin/array_locals_bench_test.mbt:139 ("bench ArrayView::chunk_by n=100000") ok
time (mean ± σ)         range (min … max) 
 111.14 µs ±   1.91 µs   110.04 µs … 116.31 µs  in 10 ×    907 runs
[moonbitlang/core] bench builtin/array_locals_bench_test.mbt:146 ("bench ArrayView::each n=100000") ok
time (mean ± σ)         range (min … max) 
  63.48 µs ± 827.78 ns    62.70 µs …  64.77 µs  in 10 ×   1555 runs
[moonbitlang/core] bench builtin/array_locals_bench_test.mbt:157 ("bench ArrayView::eachi n=100000") ok
time (mean ± σ)         range (min … max) 
  66.21 µs ±  38.65 ns    66.17 µs …  66.29 µs  in 10 ×   1511 runs
[moonbitlang/core] bench builtin/array_locals_bench_test.mbt:168 ("bench ArrayView::rev_each n=100000") ok
time (mean ± σ)         range (min … max) 
  69.20 µs ± 199.95 ns    68.88 µs …  69.56 µs  in 10 ×   1438 runs
[moonbitlang/core] bench builtin/array_locals_bench_test.mbt:179 ("bench ArrayView::rev_eachi n=100000") ok
time (mean ± σ)         range (min … max) 
  75.63 µs ±  80.30 ns    75.49 µs …  75.73 µs  in 10 ×   1324 runs
[moonbitlang/core] bench builtin/array_locals_bench_test.mbt:190 ("bench ArrayView::all n=100000") ok
time (mean ± σ)         range (min … max) 
  84.41 µs ± 330.11 ns    83.82 µs …  84.82 µs  in 10 ×   1157 runs
[moonbitlang/core] bench builtin/array_locals_bench_test.mbt:197 ("bench ArrayView::any n=100000") ok
time (mean ± σ)         range (min … max) 
  86.11 µs ± 342.56 ns    85.84 µs …  86.78 µs  in 10 ×   1154 runs
[moonbitlang/core] bench builtin/array_locals_bench_test.mbt:204 ("bench ArrayView::search_by n=100000") ok
time (mean ± σ)         range (min … max) 
  87.25 µs ±   1.83 µs    85.02 µs …  90.63 µs  in 10 ×   1158 runs
[moonbitlang/core] bench builtin/array_locals_bench_test.mbt:213 ("bench ArrayView::fold n=100000") ok
time (mean ± σ)         range (min … max) 
  64.01 µs ± 832.35 ns    62.75 µs …  64.85 µs  in 10 ×   1543 runs
[moonbitlang/core] bench builtin/array_locals_bench_test.mbt:220 ("bench ArrayView::rev_fold n=100000") ok
time (mean ± σ)         range (min … max) 
 515.13 µs ± 233.92 ns   514.91 µs … 515.59 µs  in 10 ×    195 runs
[moonbitlang/core] bench builtin/array_locals_bench_test.mbt:227 ("bench ArrayView::foldi n=100000") ok
time (mean ± σ)         range (min … max) 
  66.21 µs ± 171.78 ns    65.88 µs …  66.59 µs  in 10 ×   1508 runs
[moonbitlang/core] bench builtin/array_locals_bench_test.mbt:234 ("bench ArrayView::rev_foldi n=100000") ok
time (mean ± σ)         range (min … max) 
  79.04 µs ± 203.07 ns    78.57 µs …  79.30 µs  in 10 ×   1262 runs
[moonbitlang/core] bench builtin/array_locals_bench_test.mbt:241 ("bench ArrayView::map n=100000") ok
time (mean ± σ)         range (min … max) 
 197.37 µs ±  10.56 µs   191.88 µs … 217.40 µs  in 10 ×    520 runs
[moonbitlang/core] bench builtin/array_locals_bench_test.mbt:248 ("bench ArrayView::mapi n=100000") ok
time (mean ± σ)         range (min … max) 
 195.48 µs ±   8.14 µs   189.76 µs … 213.43 µs  in 10 ×    517 runs
[moonbitlang/core] bench builtin/array_locals_bench_test.mbt:255 ("bench ArrayView::filter n=100000") ok
time (mean ± σ)         range (min … max) 
 261.78 µs ±  18.32 µs   251.00 µs … 305.65 µs  in 10 ×    395 runs
[moonbitlang/core] bench builtin/array_locals_bench_test.mbt:262 ("bench ArrayView::filter_map n=100000") ok
time (mean ± σ)         range (min … max) 
 260.70 µs ±   6.19 µs   257.45 µs … 278.16 µs  in 10 ×    387 runs
[moonbitlang/core] bench bytes/find_bench_test.mbt:92 ("bench BytesView::find single byte hit end n=4096") ok
time (mean ± σ)         range (min … max) 
   2.35 µs ±  11.07 ns     2.33 µs …   2.37 µs  in 10 ×  43165 runs
[moonbitlang/core] bench bytes/find_bench_test.mbt:99 ("bench BytesView::find single byte miss n=4096") ok
time (mean ± σ)         range (min … max) 
   2.42 µs ±   2.20 ns     2.42 µs …   2.42 µs  in 10 ×  41232 runs
[moonbitlang/core] bench bytes/find_bench_test.mbt:106 ("bench BytesView::find substring rare hit end n=4096") ok
time (mean ± σ)         range (min … max) 
   2.37 µs ±   3.91 ns     2.37 µs …   2.38 µs  in 10 ×  42332 runs
[moonbitlang/core] bench bytes/find_bench_test.mbt:113 ("bench BytesView::find substring dense miss n=4096") ok
time (mean ± σ)         range (min … max) 
   2.36 µs ±  32.68 ns     2.30 µs …   2.38 µs  in 10 ×  42098 runs
[moonbitlang/core] bench bytes/find_bench_test.mbt:120 ("bench BytesView::find offset view rare hit end n=4096") ok
time (mean ± σ)         range (min … max) 
   2.40 µs ±  13.24 ns     2.37 µs …   2.41 µs  in 10 ×  42344 runs
[moonbitlang/core] bench bytes/find_bench_test.mbt:127 ("bench BytesView::find long dense miss n=4096") ok
time (mean ± σ)         range (min … max) 
   5.03 µs ±   6.54 ns     5.01 µs …   5.04 µs  in 10 ×  19858 runs
[moonbitlang/core] bench bytes/find_bench_test.mbt:134 ("bench BytesView::find single byte miss n=32") ok
time (mean ± σ)         range (min … max) 
  24.53 ns ±   0.29 ns    24.11 ns …  25.03 ns  in 10 × 100000 runs
[moonbitlang/core] bench bytes/find_bench_test.mbt:141 ("bench BytesView::find substring miss n=32") ok
time (mean ± σ)         range (min … max) 
  22.15 ns ±   0.38 ns    21.43 ns …  22.56 ns  in 10 × 100000 runs
[moonbitlang/core] bench bytes/find_bench_test.mbt:148 ("bench BytesView::rev_find single byte hit start n=4096") ok
time (mean ± σ)         range (min … max) 
   2.39 µs ±  44.64 ns     2.31 µs …   2.44 µs  in 10 ×  41656 runs
[moonbitlang/core] bench bytes/find_bench_test.mbt:155 ("bench BytesView::rev_find single byte miss n=4096") ok
time (mean ± σ)         range (min … max) 
   2.39 µs ±  22.72 ns     2.34 µs …   2.41 µs  in 10 ×  42592 runs
[moonbitlang/core] bench bytes/find_bench_test.mbt:162 ("bench BytesView::rev_find substring rare hit start n=4096") ok
time (mean ± σ)         range (min … max) 
   2.36 µs ±  10.12 ns     2.35 µs …   2.38 µs  in 10 ×  42928 runs
[moonbitlang/core] bench bytes/find_bench_test.mbt:169 ("bench BytesView::rev_find substring dense miss n=4096") ok
time (mean ± σ)         range (min … max) 
   3.46 µs ±  22.60 ns     3.42 µs …   3.48 µs  in 10 ×  29062 runs
[moonbitlang/core] bench bytes/find_bench_test.mbt:176 ("bench BytesView::rev_find offset view rare hit start n=4096") ok
time (mean ± σ)         range (min … max) 
   2.36 µs ±  14.02 ns     2.34 µs …   2.38 µs  in 10 ×  42187 runs
[moonbitlang/core] bench bytes/find_bench_test.mbt:185 ("bench BytesView::rev_find long dense miss n=4096") ok
time (mean ± σ)         range (min … max) 
   3.58 µs ±  21.11 ns     3.54 µs …   3.60 µs  in 10 ×  27975 runs
[moonbitlang/core] bench debug/debug_inspect_bench_test.mbt:16 ("bench debug_inspect passing Int") ok
time (mean ± σ)         range (min … max) 
  43.73 ns ±   0.31 ns    43.29 ns …  44.28 ns  in 10 × 100000 runs
[moonbitlang/core] bench debug/debug_inspect_bench_test.mbt:21 ("bench debug_inspect passing Array") ok
time (mean ± σ)         range (min … max) 
 874.50 ns ±  71.57 ns   837.39 ns …   1.04 µs  in 10 × 100000 runs
[moonbitlang/core] bench deque/deque_bench_test.mbt:22 ("bench Deque::to_array Int n=50000") ok
time (mean ± σ)         range (min … max) 
 138.24 µs ±   5.94 µs   135.03 µs … 151.68 µs  in 10 ×    643 runs
[moonbitlang/core] bench deque/deque_bench_test.mbt:28 ("bench Deque::to_array Ref n=50000") ok
time (mean ± σ)         range (min … max) 
 146.17 µs ±   5.17 µs   143.12 µs … 157.56 µs  in 10 ×    621 runs
[moonbitlang/core] bench deque/deque_bench_test.mbt:34 ("bench Deque steady-state pop_front/push_back x100000 len=1000") ok
time (mean ± σ)         range (min … max) 
 558.55 µs ± 816.81 ns   556.37 µs … 559.12 µs  in 10 ×    179 runs
[moonbitlang/core] bench deque/deque_bench_test.mbt:51 ("bench Deque steady-state push_front/pop_back x100000 len=1000") ok
time (mean ± σ)         range (min … max) 
 558.57 µs ± 651.35 ns   556.79 µs … 559.01 µs  in 10 ×    179 runs
[moonbitlang/core] bench deque/deque_bench_test.mbt:67 ("bench Deque::get x100000 len=1000") ok
time (mean ± σ)         range (min … max) 
 629.61 µs ± 525.32 ns   628.70 µs … 630.54 µs  in 10 ×    156 runs
[moonbitlang/core] bench encoding/ascii/ascii_bench_test.mbt:40 ("bench ASCII decode n=15") ok
time (mean ± σ)         range (min … max) 
 125.05 ns ±   0.48 ns   124.40 ns … 125.78 ns  in 10 × 100000 runs
[moonbitlang/core] bench encoding/ascii/ascii_bench_test.mbt:46 ("bench ASCII decode n=16") ok
time (mean ± σ)         range (min … max) 
 129.65 ns ±   0.31 ns   129.17 ns … 130.15 ns  in 10 × 100000 runs
[moonbitlang/core] bench encoding/ascii/ascii_bench_test.mbt:52 ("bench ASCII decode n=32") ok
time (mean ± σ)         range (min … max) 
 214.99 ns ±   1.04 ns   213.80 ns … 216.91 ns  in 10 × 100000 runs
[moonbitlang/core] bench encoding/ascii/ascii_bench_test.mbt:58 ("bench ASCII decode n=64") ok
time (mean ± σ)         range (min … max) 
 397.62 ns ±   0.80 ns   396.24 ns … 398.56 ns  in 10 × 100000 runs
[moonbitlang/core] bench encoding/ascii/ascii_bench_test.mbt:64 ("bench ASCII decode n=100000") ok
time (mean ± σ)         range (min … max) 
 656.01 µs ±  47.18 µs   626.69 µs … 750.84 µs  in 10 ×    157 runs
[moonbitlang/core] bench encoding/ascii/ascii_bench_test.mbt:70 ("bench ASCII decode n=1000000") ok
time (mean ± σ)         range (min … max) 
   6.79 ms ±  25.62 µs     6.74 ms …   6.84 ms  in 10 ×     15 runs
[moonbitlang/core] bench encoding/base64/v128_bench_wbtest.mbt:38 ("bench encode scalar n=64") ok
time (mean ± σ)         range (min … max) 
 501.78 ns ±   0.69 ns   500.31 ns … 502.84 ns  in 10 × 100000 runs
[moonbitlang/core] bench encoding/base64/v128_bench_wbtest.mbt:43 ("bench encode v128 n=64") ok
time (mean ± σ)         range (min … max) 
 499.83 ns ±   0.56 ns   498.93 ns … 500.78 ns  in 10 × 100000 runs
[moonbitlang/core] bench encoding/base64/v128_bench_wbtest.mbt:48 ("bench encode scalar n=1024") ok
time (mean ± σ)         range (min … max) 
   7.09 µs ±  38.87 ns     7.03 µs …   7.15 µs  in 10 ×  14254 runs
[moonbitlang/core] bench encoding/base64/v128_bench_wbtest.mbt:53 ("bench encode v128 n=1024") ok
time (mean ± σ)         range (min … max) 
   7.19 µs ±  50.33 ns     7.11 µs …   7.27 µs  in 10 ×  14041 runs
[moonbitlang/core] bench encoding/base64/v128_bench_wbtest.mbt:58 ("bench encode scalar n=65536") ok
time (mean ± σ)         range (min … max) 
 596.91 µs ±   2.49 µs   593.86 µs … 599.25 µs  in 10 ×    168 runs
[moonbitlang/core] bench encoding/base64/v128_bench_wbtest.mbt:63 ("bench encode v128 n=65536") ok
time (mean ± σ)         range (min … max) 
 597.00 µs ±   2.15 µs   593.71 µs … 598.55 µs  in 10 ×    169 runs
[moonbitlang/core] bench encoding/base64/v128_bench_wbtest.mbt:68 ("bench decode scalar n=64") ok
time (mean ± σ)         range (min … max) 
 670.12 ns ±   1.69 ns   667.43 ns … 672.29 ns  in 10 × 100000 runs
[moonbitlang/core] bench encoding/base64/v128_bench_wbtest.mbt:75 ("bench decode v128 n=64") ok
time (mean ± σ)         range (min … max) 
 673.28 ns ±   1.11 ns   671.71 ns … 674.61 ns  in 10 × 100000 runs
[moonbitlang/core] bench encoding/base64/v128_bench_wbtest.mbt:80 ("bench decode scalar n=1024") ok
time (mean ± σ)         range (min … max) 
  10.64 µs ± 197.13 ns    10.47 µs …  11.08 µs  in 10 ×   9383 runs
[moonbitlang/core] bench encoding/base64/v128_bench_wbtest.mbt:87 ("bench decode v128 n=1024") ok
time (mean ± σ)         range (min … max) 
  10.65 µs ± 306.14 ns    10.36 µs …  11.43 µs  in 10 ×   9030 runs
[moonbitlang/core] bench encoding/base64/v128_bench_wbtest.mbt:92 ("bench decode scalar n=65536") ok
time (mean ± σ)         range (min … max) 
 807.50 µs ±   8.04 µs   799.43 µs … 823.46 µs  in 10 ×    108 runs
[moonbitlang/core] bench encoding/base64/v128_bench_wbtest.mbt:99 ("bench decode v128 n=65536") ok
time (mean ± σ)         range (min … max) 
 813.87 µs ±  10.72 µs   799.38 µs … 829.34 µs  in 10 ×    108 runs
[moonbitlang/core] bench encoding/hex/v128_bench_wbtest.mbt:34 ("bench encode scalar 4k") ok
time (mean ± σ)         range (min … max) 
  40.63 µs ±  98.04 ns    40.42 µs …  40.72 µs  in 10 ×   2502 runs
[moonbitlang/core] bench encoding/hex/v128_bench_wbtest.mbt:39 ("bench encode public 64") ok
time (mean ± σ)         range (min … max) 
 679.99 ns ±   0.36 ns   679.45 ns … 680.54 ns  in 10 × 100000 runs
[moonbitlang/core] bench encoding/hex/v128_bench_wbtest.mbt:44 ("bench encode public 4k") ok
time (mean ± σ)         range (min … max) 
  42.34 µs ±   3.49 µs    40.49 µs …  50.28 µs  in 10 ×   2510 runs
[moonbitlang/core] bench encoding/hex/v128_bench_wbtest.mbt:49 ("bench encode public 64k") ok
time (mean ± σ)         range (min … max) 
   1.08 ms ±   1.03 µs     1.08 ms …   1.08 ms  in 10 ×     93 runs
[moonbitlang/core] bench encoding/hex/v128_bench_wbtest.mbt:54 ("bench decode scalar 4k") ok
time (mean ± σ)         range (min … max) 
  45.12 µs ± 413.42 ns    44.61 µs …  45.87 µs  in 10 ×   2230 runs
[moonbitlang/core] bench encoding/hex/v128_bench_wbtest.mbt:62 ("bench decode public 4k") ok
time (mean ± σ)         range (min … max) 
  45.33 µs ± 548.12 ns    44.54 µs …  46.09 µs  in 10 ×   2190 runs
[moonbitlang/core] bench encoding/hex/v128_bench_wbtest.mbt:70 ("bench decode public 64k") ok
time (mean ± σ)         range (min … max) 
 640.84 µs ± 814.82 ns   639.68 µs … 641.85 µs  in 10 ×    145 runs
[moonbitlang/core] bench encoding/utf16/utf16_v128_bench_test.mbt:57 ("bench utf16 encode ASCII LE n=100000") ok
time (mean ± σ)         range (min … max) 
 186.06 µs ±   9.74 µs   181.52 µs … 211.59 µs  in 10 ×    411 runs
[moonbitlang/core] bench encoding/utf16/utf16_v128_bench_test.mbt:63 ("bench utf16 encode ASCII BE n=100000") ok
time (mean ± σ)         range (min … max) 
 240.55 µs ± 309.65 ns   239.84 µs … 240.90 µs  in 10 ×    418 runs
[moonbitlang/core] bench encoding/utf16/utf16_v128_bench_test.mbt:69 ("bench utf16 encode mixed LE n=100000") ok
time (mean ± σ)         range (min … max) 
 186.51 µs ±  10.82 µs   181.20 µs … 213.53 µs  in 10 ×    390 runs
[moonbitlang/core] bench encoding/utf16/utf16_v128_bench_test.mbt:75 ("bench utf16 encode mixed BE n=100000") ok
time (mean ± σ)         range (min … max) 
 242.99 µs ±   4.75 µs   239.67 µs … 252.94 µs  in 10 ×    418 runs
[moonbitlang/core] bench encoding/utf16/utf16_v128_bench_test.mbt:81 ("bench utf16 decode ASCII LE n=100000") ok
time (mean ± σ)         range (min … max) 
 802.36 µs ±   4.04 µs   797.75 µs … 807.75 µs  in 10 ×    125 runs
[moonbitlang/core] bench encoding/utf16/utf16_v128_bench_test.mbt:87 ("bench utf16 decode ASCII BE n=100000") ok
time (mean ± σ)         range (min … max) 
 820.90 µs ±   2.91 µs   818.42 µs … 825.68 µs  in 10 ×    122 runs
[moonbitlang/core] bench encoding/utf16/utf16_v128_bench_test.mbt:95 ("bench utf16 decode mixed LE n=100000") ok
time (mean ± σ)         range (min … max) 
 834.89 µs ±   4.58 µs   830.42 µs … 843.64 µs  in 10 ×    120 runs
[moonbitlang/core] bench encoding/utf16/utf16_v128_bench_test.mbt:101 ("bench utf16 decode mixed BE n=100000") ok
time (mean ± σ)         range (min … max) 
 855.08 µs ± 703.78 ns   854.31 µs … 856.47 µs  in 10 ×    117 runs
[moonbitlang/core] bench encoding/utf16/utf16_v128_bench_test.mbt:109 ("bench utf16 decode emoji LE n=100000") ok
time (mean ± σ)         range (min … max) 
 715.90 µs ± 463.68 ns   715.25 µs … 716.60 µs  in 10 ×    140 runs
[moonbitlang/core] bench encoding/utf16/utf16_v128_bench_test.mbt:115 ("bench utf16 decode emoji BE n=100000") ok
time (mean ± σ)         range (min … max) 
 786.67 µs ± 981.18 ns   785.37 µs … 788.00 µs  in 10 ×    121 runs
[moonbitlang/core] bench hashmap/hashmap_bench_test.mbt:19 ("bench HashMap::set n=50000") ok
time (mean ± σ)         range (min … max) 
   2.17 ms ±  25.08 µs     2.13 ms …   2.20 ms  in 10 ×     48 runs
[moonbitlang/core] bench hashmap/hashmap_bench_test.mbt:30 ("bench HashMap::get n=50000") ok
time (mean ± σ)         range (min … max) 
 407.04 µs ±   7.88 µs   393.99 µs … 412.75 µs  in 10 ×    238 runs
[moonbitlang/core] bench hashmap/hashmap_bench_test.mbt:47 ("bench HashMap::get miss n=50000") ok
time (mean ± σ)         range (min … max) 
 549.41 µs ± 913.03 ns   547.65 µs … 550.39 µs  in 10 ×    180 runs
[moonbitlang/core] bench hashmap/hashmap_bench_test.mbt:67 ("bench HashMap::set+remove n=50000") ok
time (mean ± σ)         range (min … max) 
   3.18 ms ±  38.50 µs     3.15 ms …   3.27 ms  in 10 ×     31 runs
[moonbitlang/core] bench hashmap/hashmap_bench_test.mbt:87 ("bench HashMap::copy+remove n=50000") ok
time (mean ± σ)         range (min … max) 
   1.56 ms ±  19.43 µs     1.54 ms …   1.59 ms  in 10 ×     65 runs
[moonbitlang/core] bench hashmap/hashmap_bench_test.mbt:102 ("bench HashMap::copy n=50000") ok
time (mean ± σ)         range (min … max) 
   1.05 ms ±  53.75 µs   992.57 µs …   1.13 ms  in 10 ×     91 runs
[moonbitlang/core] bench hashmap/hashmap_bench_test.mbt:114 ("bench HashMap::to_array Int n=50000") ok
time (mean ± σ)         range (min … max) 
 925.90 µs ±  14.40 µs   908.94 µs … 950.32 µs  in 10 ×    110 runs
[moonbitlang/core] bench hashmap/hashmap_bench_test.mbt:123 ("bench HashMap::to_array Ref n=50000") ok
time (mean ± σ)         range (min … max) 
 950.14 µs ±  34.35 µs   906.81 µs …   1.01 ms  in 10 ×    103 runs
[moonbitlang/core] bench hashmap/hashmap_bench_test.mbt:141 ("bench HashMap::filter n=50000") ok
time (mean ± σ)         range (min … max) 
   1.12 ms ±  38.50 µs     1.10 ms …   1.23 ms  in 10 ×     91 runs
[moonbitlang/core] bench hashmap/hashmap_bench_test.mbt:147 ("bench HashMap comprehension filter n=50000") ok
time (mean ± σ)         range (min … max) 
   3.71 ms ± 110.13 µs     3.55 ms …   3.88 ms  in 10 ×     27 runs
[moonbitlang/core] bench hashset/set_algebra_bench_test.mbt:26 ("bench HashSet::union String 10k 50% overlap") ok
time (mean ± σ)         range (min … max) 
 576.82 µs ±   2.75 µs   573.22 µs … 582.62 µs  in 10 ×    173 runs
[moonbitlang/core] bench hashset/set_algebra_bench_test.mbt:33 ("bench HashSet::union Int 10k 50% overlap") ok
time (mean ± σ)         range (min … max) 
 568.13 µs ±   3.94 µs   562.43 µs … 573.68 µs  in 10 ×    178 runs
[moonbitlang/core] bench hashset/set_algebra_bench_test.mbt:40 ("bench HashSet::intersection String 10k 50% overlap") ok
time (mean ± σ)         range (min … max) 
 337.74 µs ±  17.53 µs   324.65 µs … 367.63 µs  in 10 ×    270 runs
[moonbitlang/core] bench hashset/set_algebra_bench_test.mbt:47 ("bench HashSet::difference String 10k 50% overlap") ok
time (mean ± σ)         range (min … max) 
 316.67 µs ±   2.63 µs   313.91 µs … 320.75 µs  in 10 ×    313 runs
[moonbitlang/core] bench hashset/set_algebra_bench_test.mbt:54 ("bench HashSet::is_subset String 10k true") ok
time (mean ± σ)         range (min … max) 
 210.07 µs ±   2.92 µs   207.48 µs … 215.64 µs  in 10 ×    457 runs
[moonbitlang/core] bench hashset/set_algebra_bench_test.mbt:61 ("bench HashSet == String 10k") ok
time (mean ± σ)         range (min … max) 
 208.01 µs ±   1.79 µs   205.99 µs … 209.85 µs  in 10 ×    476 runs
[moonbitlang/core] bench hashset/set_algebra_bench_test.mbt:68 ("bench HashSet == Int 10k") ok
time (mean ± σ)         range (min … max) 
  74.81 µs ±  11.00 µs    68.30 µs …  96.22 µs  in 10 ×   1038 runs
[moonbitlang/core] bench hashset/hashset_bench_test.mbt:19 ("bench HashSet::add n=50000") ok
time (mean ± σ)         range (min … max) 
   2.34 ms ±  31.53 µs     2.31 ms …   2.40 ms  in 10 ×     43 runs
[moonbitlang/core] bench hashset/hashset_bench_test.mbt:30 ("bench HashSet::contains n=50000") ok
time (mean ± σ)         range (min … max) 
   1.06 ms ±  11.44 µs     1.06 ms …   1.09 ms  in 10 ×     90 runs
[moonbitlang/core] bench hashset/hashset_bench_test.mbt:56 ("bench HashSet::filter n=50000") ok
time (mean ± σ)         range (min … max) 
 463.68 µs ±   1.80 µs   460.70 µs … 465.97 µs  in 10 ×    214 runs
[moonbitlang/core] bench hashset/hashset_bench_test.mbt:62 ("bench HashSet comprehension filter n=50000") ok
time (mean ± σ)         range (min … max) 
   1.42 ms ±   2.41 µs     1.41 ms …   1.42 ms  in 10 ×     71 runs
[moonbitlang/core] bench immut/hashmap/update_bench_test.mbt:21 ("bench HashMap::remove absent x1000 n=100000") ok
time (mean ± σ)         range (min … max) 
  45.16 µs ± 174.70 ns    44.98 µs …  45.39 µs  in 10 ×   2220 runs
[moonbitlang/core] bench immut/hashmap/update_bench_test.mbt:32 ("bench HashMap::remove present x1000 n=100000") ok
time (mean ± σ)         range (min … max) 
 209.08 µs ±   1.61 µs   206.79 µs … 211.19 µs  in 10 ×    481 runs
[moonbitlang/core] bench immut/hashmap/update_bench_test.mbt:43 ("bench HashMap::union with a derived version n=100000") ok
time (mean ± σ)         range (min … max) 
   1.04 µs ±  60.98 ns     1.02 µs …   1.21 µs  in 10 ×  98365 runs
[moonbitlang/core] bench immut/hashmap/update_bench_test.mbt:49 ("bench HashMap::intersection with a derived version n=100000") ok
time (mean ± σ)         range (min … max) 
 993.50 ns ±   1.21 ns   991.70 ns … 994.75 ns  in 10 × 100000 runs
[moonbitlang/core] bench immut/hashmap/hashmap_build_bench_test.mbt:37 ("bench HashMap constructor ordered n=10000") ok
time (mean ± σ)         range (min … max) 
   1.34 ms ±  11.71 µs     1.33 ms …   1.37 ms  in 10 ×     74 runs
[moonbitlang/core] bench immut/hashmap/hashmap_build_bench_test.mbt:43 ("bench HashMap constructor random n=10000") ok
time (mean ± σ)         range (min … max) 
   1.31 ms ±   9.24 µs     1.30 ms …   1.33 ms  in 10 ×     76 runs
[moonbitlang/core] bench immut/hashmap/hashmap_build_bench_test.mbt:49 ("bench HashMap::from_iter random n=10000") ok
time (mean ± σ)         range (min … max) 
   1.38 ms ±  11.51 µs     1.37 ms …   1.41 ms  in 10 ×     73 runs
[moonbitlang/core] bench immut/hashset/update_bench_test.mbt:21 ("bench HashSet::add existing x1000 n=100000") ok
time (mean ± σ)         range (min … max) 
  54.87 µs ± 511.16 ns    53.88 µs …  55.56 µs  in 10 ×   1868 runs
[moonbitlang/core] bench immut/hashset/update_bench_test.mbt:32 ("bench HashSet::remove absent x1000 n=100000") ok
time (mean ± σ)         range (min … max) 
  44.57 µs ± 267.73 ns    44.22 µs …  45.23 µs  in 10 ×   2247 runs
[moonbitlang/core] bench immut/hashset/update_bench_test.mbt:43 ("bench HashSet::add new x1000 n=100000") ok
time (mean ± σ)         range (min … max) 
 208.32 µs ±  21.41 µs   197.14 µs … 268.20 µs  in 10 ×    511 runs
[moonbitlang/core] bench immut/hashset/update_bench_test.mbt:54 ("bench HashSet::union with a derived version n=100000") ok
time (mean ± σ)         range (min … max) 
 770.18 ns ±   0.92 ns   769.09 ns … 772.08 ns  in 10 × 100000 runs
[moonbitlang/core] bench immut/hashset/hashset_build_bench_test.mbt:34 ("bench HashSet constructor ordered n=10000") ok
time (mean ± σ)         range (min … max) 
   1.31 ms ±  14.02 µs     1.29 ms …   1.34 ms  in 10 ×     77 runs
[moonbitlang/core] bench immut/hashset/hashset_build_bench_test.mbt:40 ("bench HashSet constructor random n=10000") ok
time (mean ± σ)         range (min … max) 
   1.34 ms ±  11.84 µs     1.33 ms …   1.37 ms  in 10 ×     74 runs
[moonbitlang/core] bench immut/hashset/hashset_build_bench_test.mbt:46 ("bench HashSet::from_iter random n=10000") ok
time (mean ± σ)         range (min … max) 
   1.38 ms ±  11.22 µs     1.36 ms …   1.40 ms  in 10 ×     73 runs
[moonbitlang/core] bench immut/priority_queue/priority_queue_build_bench_test.mbt:38 ("bench PriorityQueue::from_array ordered n=10000") ok
time (mean ± σ)         range (min … max) 
 101.33 µs ±   1.63 µs   100.16 µs … 105.81 µs  in 10 ×    913 runs
[moonbitlang/core] bench immut/priority_queue/priority_queue_build_bench_test.mbt:44 ("bench PriorityQueue::from_array reverse n=10000") ok
time (mean ± σ)         range (min … max) 
  81.21 µs ± 344.03 ns    80.67 µs …  81.73 µs  in 10 ×   1172 runs
[moonbitlang/core] bench immut/priority_queue/priority_queue_build_bench_test.mbt:50 ("bench PriorityQueue::from_array random n=10000") ok
time (mean ± σ)         range (min … max) 
  98.40 µs ±   1.66 µs    97.41 µs … 102.89 µs  in 10 ×    946 runs
[moonbitlang/core] bench immut/priority_queue/priority_queue_build_bench_test.mbt:56 ("bench PriorityQueue::from_iter random n=10000") ok
time (mean ± σ)         range (min … max) 
 112.10 µs ± 868.29 ns   111.13 µs … 114.22 µs  in 10 ×    869 runs
[moonbitlang/core] bench immut/sorted_map/sorted_map_build_bench_test.mbt:54 ("bench SortedMap constructor reverse n=10000") ok
time (mean ± σ)         range (min … max) 
 133.81 µs ± 582.92 ns   132.93 µs … 134.56 µs  in 10 ×    746 runs
[moonbitlang/core] bench immut/sorted_map/sorted_map_build_bench_test.mbt:60 ("bench SortedMap::from_iter ordered n=10000") ok
time (mean ± σ)         range (min … max) 
   4.03 ms ±  35.97 µs     4.00 ms …   4.08 ms  in 10 ×     25 runs
[moonbitlang/core] bench immut/sorted_map/sorted_map_build_bench_test.mbt:66 ("bench SortedMap::from_iter almost ordered n=10000") ok
time (mean ± σ)         range (min … max) 
   4.00 ms ±  32.50 µs     3.97 ms …   4.05 ms  in 10 ×     25 runs
[moonbitlang/core] bench immut/sorted_map/sorted_map_build_bench_test.mbt:72 ("bench SortedMap::from_iter random n=10000") ok
time (mean ± σ)         range (min … max) 
   1.92 ms ±  11.56 µs     1.90 ms …   1.93 ms  in 10 ×     53 runs
[moonbitlang/core] bench immut/sorted_map/sorted_map_build_bench_test.mbt:78 ("bench SortedMap constructor ordered n=10000") ok
time (mean ± σ)         range (min … max) 
 136.05 µs ± 540.14 ns   135.47 µs … 136.91 µs  in 10 ×    732 runs
[moonbitlang/core] bench immut/sorted_map/sorted_map_build_bench_test.mbt:84 ("bench SortedMap constructor almost ordered n=10000") ok
time (mean ± σ)         range (min … max) 
 268.24 µs ±   1.92 µs   265.55 µs … 271.07 µs  in 10 ×    373 runs
[moonbitlang/core] bench immut/sorted_map/sorted_map_build_bench_test.mbt:90 ("bench SortedMap constructor random n=10000") ok
time (mean ± σ)         range (min … max) 
 899.07 µs ±  42.27 µs   874.70 µs …   1.01 ms  in 10 ×    112 runs
[moonbitlang/core] bench immut/sorted_map/merge_bench_test.mbt:29 ("bench merge disjoint n=1000") ok
time (mean ± σ)         range (min … max) 
   3.76 µs ±  37.72 ns     3.72 µs …   3.83 µs  in 10 ×  26013 runs
[moonbitlang/core] bench immut/sorted_map/merge_bench_test.mbt:36 ("bench merge disjoint n=5000") ok
time (mean ± σ)         range (min … max) 
   5.62 µs ±  65.76 ns     5.54 µs …   5.73 µs  in 10 ×  17830 runs
[moonbitlang/core] bench immut/sorted_map/merge_bench_test.mbt:43 ("bench merge disjoint n=10000") ok
time (mean ± σ)         range (min … max) 
   6.70 µs ±  50.59 ns     6.65 µs …   6.78 µs  in 10 ×  14930 runs
[moonbitlang/core] bench immut/sorted_map/merge_bench_test.mbt:50 ("bench merge overlapping 50% n=1000") ok
time (mean ± σ)         range (min … max) 
  10.85 µs ±  13.80 ns    10.83 µs …  10.87 µs  in 10 ×   9115 runs
[moonbitlang/core] bench immut/sorted_map/merge_bench_test.mbt:57 ("bench merge overlapping 50% n=5000") ok
time (mean ± σ)         range (min … max) 
  50.98 µs ± 108.61 ns    50.86 µs …  51.15 µs  in 10 ×   1957 runs
[moonbitlang/core] bench immut/sorted_map/merge_bench_test.mbt:64 ("bench merge overlapping 50% n=10000") ok
time (mean ± σ)         range (min … max) 
  89.04 µs ± 194.62 ns    88.76 µs …  89.43 µs  in 10 ×   1122 runs
[moonbitlang/core] bench immut/sorted_map/merge_bench_test.mbt:71 ("bench merge identical n=1000") ok
time (mean ± σ)         range (min … max) 
  11.21 µs ± 844.17 ns    10.92 µs …  13.61 µs  in 10 ×   9158 runs
[moonbitlang/core] bench immut/sorted_map/merge_bench_test.mbt:78 ("bench merge identical n=5000") ok
time (mean ± σ)         range (min … max) 
  56.26 µs ± 153.77 ns    56.05 µs …  56.47 µs  in 10 ×   1773 runs
[moonbitlang/core] bench immut/sorted_map/merge_bench_test.mbt:85 ("bench merge interleaved n=1000") ok
time (mean ± σ)         range (min … max) 
  54.47 µs ± 220.50 ns    54.17 µs …  54.76 µs  in 10 ×   1827 runs
[moonbitlang/core] bench immut/sorted_map/merge_bench_test.mbt:92 ("bench merge interleaved n=5000") ok
time (mean ± σ)         range (min … max) 
 306.58 µs ± 914.00 ns   305.25 µs … 308.14 µs  in 10 ×    327 runs
[moonbitlang/core] bench immut/sorted_map/merge_bench_test.mbt:99 ("bench merge small into large n=100+10000") ok
time (mean ± σ)         range (min … max) 
   5.02 µs ±  51.98 ns     4.95 µs …   5.11 µs  in 10 ×  19952 runs
[moonbitlang/core] bench immut/sorted_set/sorted_set_build_bench_test.mbt:51 ("bench SortedSet constructor reverse n=10000") ok
time (mean ± σ)         range (min … max) 
 117.28 µs ± 801.71 ns   116.31 µs … 118.79 µs  in 10 ×    845 runs
[moonbitlang/core] bench immut/sorted_set/sorted_set_build_bench_test.mbt:57 ("bench SortedSet::from_iter ordered n=10000") ok
time (mean ± σ)         range (min … max) 
   3.06 ms ±  25.56 µs     3.03 ms …   3.10 ms  in 10 ×     33 runs
[moonbitlang/core] bench immut/sorted_set/sorted_set_build_bench_test.mbt:63 ("bench SortedSet::from_iter almost ordered n=10000") ok
time (mean ± σ)         range (min … max) 
   3.09 ms ±  31.19 µs     3.06 ms …   3.16 ms  in 10 ×     33 runs
[moonbitlang/core] bench immut/sorted_set/sorted_set_build_bench_test.mbt:69 ("bench SortedSet::from_iter rev almost ordered n=10000") ok
time (mean ± σ)         range (min … max) 
   3.40 ms ±  31.64 µs     3.36 ms …   3.46 ms  in 10 ×     23 runs
[moonbitlang/core] bench immut/sorted_set/sorted_set_build_bench_test.mbt:75 ("bench SortedSet::from_iter random n=10000") ok
time (mean ± σ)         range (min … max) 
   1.78 ms ±   7.55 µs     1.76 ms …   1.78 ms  in 10 ×     57 runs
[moonbitlang/core] bench immut/sorted_set/sorted_set_build_bench_test.mbt:81 ("bench SortedSet constructor ordered n=10000") ok
time (mean ± σ)         range (min … max) 
 120.45 µs ± 497.59 ns   119.76 µs … 121.40 µs  in 10 ×    827 runs
[moonbitlang/core] bench immut/sorted_set/sorted_set_build_bench_test.mbt:87 ("bench SortedSet constructor almost ordered n=10000") ok
time (mean ± σ)         range (min … max) 
 183.37 µs ± 640.48 ns   182.60 µs … 184.48 µs  in 10 ×    545 runs
[moonbitlang/core] bench immut/sorted_set/sorted_set_build_bench_test.mbt:93 ("bench SortedSet constructor random n=10000") ok
time (mean ± σ)         range (min … max) 
 528.51 µs ±   1.54 µs   526.52 µs … 530.76 µs  in 10 ×    185 runs
[moonbitlang/core] bench immut/vector/vector_iter_bench_test.mbt:24 ("bench Vector::iter fold n=100000") ok
time (mean ± σ)         range (min … max) 
 635.90 µs ± 963.88 ns   634.90 µs … 637.69 µs  in 10 ×    158 runs
[moonbitlang/core] bench immut/vector/vector_iter_bench_test.mbt:30 ("bench Vector::iter each n=100000") ok
time (mean ± σ)         range (min … max) 
 635.39 µs ± 581.03 ns   634.84 µs … 636.83 µs  in 10 ×    158 runs
[moonbitlang/core] bench immut/vector/vector_iter_bench_test.mbt:40 ("bench Vector::iter to_array n=100000") ok
time (mean ± σ)         range (min … max) 
   1.38 ms ± 198.05 µs     1.14 ms …   1.59 ms  in 10 ×     88 runs
[moonbitlang/core] bench immut/vector/vector_iter_bench_test.mbt:46 ("bench Vector::for-in n=100000") ok
time (mean ± σ)         range (min … max) 
 638.75 µs ± 650.25 ns   637.98 µs … 639.69 µs  in 10 ×    148 runs
[moonbitlang/core] bench immut/vector/vector_contains_bench_test.mbt:24 ("bench Vector::contains missing n=100000") ok
time (mean ± σ)         range (min … max) 
  91.05 µs ± 176.49 ns    90.67 µs …  91.17 µs  in 10 ×   1100 runs
[moonbitlang/core] bench immut/vector/vector_contains_bench_test.mbt:30 ("bench Vector::contains tree-end n=100000") ok
time (mean ± σ)         range (min … max) 
  90.84 µs ±  65.69 ns    90.78 µs …  90.99 µs  in 10 ×   1103 runs
[moonbitlang/core] bench immut/vector/vector_contains_bench_test.mbt:36 ("bench Vector::contains tail-end n=100000") ok
time (mean ± σ)         range (min … max) 
  90.63 µs ± 184.10 ns    90.21 µs …  90.78 µs  in 10 ×   1104 runs
[moonbitlang/core] bench internal/strconv/parse_double_bench_test.mbt:48 ("bench parse_double fast digits n=4096") ok
time (mean ± σ)         range (min … max) 
 652.54 µs ±   1.07 µs   650.28 µs … 653.67 µs  in 10 ×    149 runs
[moonbitlang/core] bench internal/strconv/parse_double_bench_test.mbt:55 ("bench parse_double underscores n=4096") ok
time (mean ± σ)         range (min … max) 
 980.38 µs ±   6.54 µs   975.40 µs … 998.17 µs  in 10 ×     92 runs
[moonbitlang/core] bench internal/strconv/parse_double_bench_test.mbt:62 ("bench parse_double long mantissa n=4096") ok
time (mean ± σ)         range (min … max) 
   2.56 ms ± 188.43 µs     2.49 ms …   3.10 ms  in 10 ×     39 runs
[moonbitlang/core] bench json/stringify_indent_bench_test.mbt:45 ("bench Json::stringify deep wide indent=2 n=10000") ok
time (mean ± σ)         range (min … max) 
 249.24 µs ± 437.47 ns   248.53 µs … 249.87 µs  in 10 ×    404 runs
[moonbitlang/core] bench json/stringify_indent_bench_test.mbt:54 ("bench Json::stringify compact n=10000") ok
time (mean ± σ)         range (min … max) 
 184.70 µs ± 253.11 ns   184.19 µs … 185.08 µs  in 10 ×    544 runs
[moonbitlang/core] bench json/stringify_indent_bench_test.mbt:60 ("bench Json::stringify shallow wide indent=2 n=500") ok
time (mean ± σ)         range (min … max) 
 259.24 µs ± 379.56 ns   258.78 µs … 259.89 µs  in 10 ×    386 runs
[moonbitlang/core] bench json/stringify_indent_bench_test.mbt:66 ("bench Json::stringify shallow wide compact n=500") ok
time (mean ± σ)         range (min … max) 
 193.34 µs ± 140.64 ns   193.17 µs … 193.58 µs  in 10 ×    511 runs
[moonbitlang/core] bench json/stringify_escape_bench_test.mbt:24 ("bench Json::stringify strings no escape n=2048") ok
time (mean ± σ)         range (min … max) 
 171.95 µs ± 938.36 ns   170.40 µs … 174.12 µs  in 10 ×    581 runs
[moonbitlang/core] bench json/stringify_escape_bench_test.mbt:30 ("bench Json::stringify strings slash no escape n=2048") ok
time (mean ± σ)         range (min … max) 
 171.88 µs ± 712.47 ns   171.41 µs … 173.81 µs  in 10 ×    582 runs
[moonbitlang/core] bench json/stringify_escape_bench_test.mbt:36 ("bench Json::stringify strings slash escaped n=2048") ok
time (mean ± σ)         range (min … max) 
 452.62 µs ± 890.10 ns   451.28 µs … 453.36 µs  in 10 ×    222 runs
[moonbitlang/core] bench json/stringify_escape_bench_test.mbt:42 ("bench Json::stringify strings quotes controls n=2048") ok
time (mean ± σ)         range (min … max) 
 389.74 µs ± 607.80 ns   388.40 µs … 390.50 µs  in 10 ×    254 runs
[moonbitlang/core] bench json/stringify_escape_bench_test.mbt:48 ("bench Json::stringify 2KB prose one newline n=64") ok
time (mean ± σ)         range (min … max) 
 295.51 µs ±   1.39 µs   291.78 µs … 296.37 µs  in 10 ×    337 runs
[moonbitlang/core] bench json/parse_bench_test.mbt:45 ("bench json parse mixed object array n=1000") ok
time (mean ± σ)         range (min … max) 
   1.68 ms ±   6.57 µs     1.67 ms …   1.69 ms  in 10 ×     60 runs
[moonbitlang/core] bench json/number_bench_test.mbt:64 ("bench json parse int array n=10000") ok
time (mean ± σ)         range (min … max) 
   1.10 ms ±   9.60 µs     1.09 ms …   1.12 ms  in 10 ×     91 runs
[moonbitlang/core] bench json/number_bench_test.mbt:70 ("bench json parse float array n=10000") ok
time (mean ± σ)         range (min … max) 
   2.10 ms ±  80.92 µs     2.03 ms …   2.21 ms  in 10 ×     49 runs
[moonbitlang/core] bench json/number_bench_test.mbt:76 ("bench json parse long mantissa array n=10000") ok
time (mean ± σ)         range (min … max) 
   7.50 ms ± 495.30 µs     7.09 ms …   8.37 ms  in 10 ×     15 runs
[moonbitlang/core] bench json/json_inspect_bench_test.mbt:16 ("bench json_inspect passing Int") ok
time (mean ± σ)         range (min … max) 
  22.31 ns ±   0.14 ns    21.99 ns …  22.54 ns  in 10 × 100000 runs
[moonbitlang/core] bench lazy_list/concat_bench_test.mbt:40 ("bench LazyList build and traverse n=2048") ok
time (mean ± σ)         range (min … max) 
  67.17 µs ± 743.69 ns    66.50 µs …  68.51 µs  in 10 ×   1499 runs
[moonbitlang/core] bench lazy_list/concat_bench_test.mbt:49 ("bench LazyList re-traverse a forced list n=2048") ok
time (mean ± σ)         range (min … max) 
  33.94 µs ± 157.87 ns    33.80 µs …  34.22 µs  in 10 ×   2910 runs
[moonbitlang/core] bench lazy_list/concat_bench_test.mbt:57 ("bench LazyList left-nested concat, build only n=2048") ok
time (mean ± σ)         range (min … max) 
  80.04 µs ± 102.10 ns    79.78 µs …  80.15 µs  in 10 ×   1250 runs
[moonbitlang/core] bench lazy_list/concat_bench_test.mbt:62 ("bench LazyList left-nested concat, build and traverse n=2048") ok
time (mean ± σ)         range (min … max) 
 277.95 µs ±   1.34 µs   276.21 µs … 279.87 µs  in 10 ×    362 runs
[moonbitlang/core] bench lazy_list/concat_bench_test.mbt:69 ("bench LazyList concat while consuming n=2048") ok
time (mean ± σ)         range (min … max) 
 170.62 µs ± 606.48 ns   169.84 µs … 171.58 µs  in 10 ×    586 runs
[moonbitlang/core] bench lexbuf/lexbuf_bench_test.mbt:47 ("bench Lexbuf retained token chunks=10000 size=1") ok
time (mean ± σ)         range (min … max) 
 554.08 µs ± 711.87 ns   553.14 µs … 555.23 µs  in 10 ×    181 runs
[moonbitlang/core] bench lexbuf/lexbuf_bench_test.mbt:52 ("bench Lexbuf retained token chunks=1250 size=8") ok
time (mean ± σ)         range (min … max) 
 103.40 µs ± 219.53 ns   103.16 µs … 103.75 µs  in 10 ×    967 runs
[moonbitlang/core] bench lexbuf/lexbuf_bench_test.mbt:57 ("bench Lexbuf retained token chunks=157 size=64") ok
time (mean ± σ)         range (min … max) 
  61.89 µs ±  95.17 ns    61.80 µs …  62.10 µs  in 10 ×   1609 runs
[moonbitlang/core] bench lexbuf/lexbuf_bench_test.mbt:62 ("bench Lexbuf retained token chunks=20 size=512") ok
time (mean ± σ)         range (min … max) 
  51.59 µs ±   1.15 µs    51.05 µs …  54.75 µs  in 10 ×   1956 runs
[moonbitlang/core] bench quickcheck/shrink_collection_bench_test.mbt:16 ("bench shrink Array first candidate size=10000") ok
time (mean ± σ)         range (min … max) 
 147.72 ns ±   0.38 ns   147.24 ns … 148.24 ns  in 10 × 100000 runs
[moonbitlang/core] bench quickcheck/shrink_collection_bench_test.mbt:22 ("bench shrink List first candidate size=10000") ok
time (mean ± σ)         range (min … max) 
  84.28 µs ±  89.90 ns    84.19 µs …  84.43 µs  in 10 ×   1180 runs
[moonbitlang/core] bench quickcheck/generator_bench_test.mbt:16 ("bench Generator::zip_with n=1000000") ok
time (mean ± σ)         range (min … max) 
 266.50 ms ± 921.83 µs   265.47 ms … 267.90 ms  in 10 ×      1 runs
[moonbitlang/core] bench quickcheck/arbitrary_string_bench_test.mbt:16 ("bench Arbitrary String size=10000 count=100") ok
time (mean ± σ)         range (min … max) 
  61.28 ms ±  39.19 µs    61.23 ms …  61.33 ms  in 10 ×      2 runs
[moonbitlang/core] bench random/random_test.mbt:409 ("bench random") ok
time (mean ± σ)         range (min … max) 
 240.95 ms ±   1.34 ms   239.89 ms … 244.25 ms  in 10 ×      1 runs
[moonbitlang/core] bench set/set_algebra_bench_test.mbt:26 ("bench Set::union String 10k 50% overlap") ok
time (mean ± σ)         range (min … max) 
 714.44 µs ±  14.78 µs   699.93 µs … 741.61 µs  in 10 ×     99 runs
[moonbitlang/core] bench set/set_algebra_bench_test.mbt:33 ("bench Set::union Int 10k 50% overlap") ok
time (mean ± σ)         range (min … max) 
 654.32 µs ±   3.91 µs   647.89 µs … 659.80 µs  in 10 ×    155 runs
[moonbitlang/core] bench set/set_algebra_bench_test.mbt:40 ("bench Set::intersection String 10k 50% overlap") ok
time (mean ± σ)         range (min … max) 
 339.64 µs ±   6.07 µs   334.83 µs … 354.54 µs  in 10 ×    265 runs
[moonbitlang/core] bench set/set_algebra_bench_test.mbt:47 ("bench Set::difference String 10k 50% overlap") ok
time (mean ± σ)         range (min … max) 
 349.63 µs ±  16.04 µs   336.06 µs … 371.75 µs  in 10 ×    265 runs
[moonbitlang/core] bench set/set_algebra_bench_test.mbt:54 ("bench Set::is_subset String 10k true") ok
time (mean ± σ)         range (min … max) 
 166.32 µs ±   3.67 µs   160.89 µs … 169.12 µs  in 10 ×    581 runs
[moonbitlang/core] bench set/set_algebra_bench_test.mbt:61 ("bench Set == String 10k") ok
time (mean ± σ)         range (min … max) 
 176.18 µs ± 990.16 ns   174.84 µs … 177.19 µs  in 10 ×    571 runs
[moonbitlang/core] bench set/set_algebra_bench_test.mbt:68 ("bench Set == Int 10k") ok
time (mean ± σ)         range (min … max) 
 115.27 µs ±   6.76 µs   102.61 µs … 120.66 µs  in 10 ×   1015 runs
[moonbitlang/core] bench set/linked_hash_set_bench_test.mbt:19 ("bench Set::add n=50000") ok
time (mean ± σ)         range (min … max) 
   3.42 ms ± 245.44 µs     3.21 ms …   4.10 ms  in 10 ×     31 runs
[moonbitlang/core] bench set/linked_hash_set_bench_test.mbt:30 ("bench Set::contains n=50000") ok
time (mean ± σ)         range (min … max) 
   1.05 ms ±   1.70 µs     1.05 ms …   1.06 ms  in 10 ×     92 runs
[moonbitlang/core] bench set/linked_hash_set_bench_test.mbt:47 ("bench Set::contains miss n=50000") ok
time (mean ± σ)         range (min … max) 
   1.13 ms ±   5.80 µs     1.11 ms …   1.13 ms  in 10 ×     87 runs
[moonbitlang/core] bench set/linked_hash_set_bench_test.mbt:67 ("bench Set::add+remove n=50000") ok
time (mean ± σ)         range (min … max) 
   4.35 ms ±  17.90 µs     4.33 ms …   4.39 ms  in 10 ×     24 runs
[moonbitlang/core] bench set/linked_hash_set_bench_test.mbt:86 ("bench Set::filter n=50000") ok
time (mean ± σ)         range (min … max) 
 465.92 µs ±   4.67 µs   459.93 µs … 472.53 µs  in 10 ×    214 runs
[moonbitlang/core] bench set/linked_hash_set_bench_test.mbt:92 ("bench Set comprehension filter n=50000") ok
time (mean ± σ)         range (min … max) 
   1.36 ms ± 928.38 ns     1.35 ms …   1.36 ms  in 10 ×     74 runs
[moonbitlang/core] bench sorted_set/sorted_set_bench_test.mbt:22 ("bench SortedSet::to_array Int n=50000") ok
time (mean ± σ)         range (min … max) 
 388.12 µs ± 394.02 ns   387.64 µs … 388.79 µs  in 10 ×    252 runs
[moonbitlang/core] bench sorted_set/sorted_set_bench_test.mbt:30 ("bench SortedSet::to_array Ref n=50000") ok
time (mean ± σ)         range (min … max) 
 377.94 µs ±   4.24 µs   375.26 µs … 386.14 µs  in 10 ×    256 runs
[moonbitlang/core] bench string/regex_bench_test.mbt:16 ("bench regex /aa?b/ on 1MB string") ok
time (mean ± σ)         range (min … max) 
   5.92 ms ±   2.21 µs     5.91 ms …   5.92 ms  in 10 ×     17 runs
[moonbitlang/core] bench string/regex_bench_test.mbt:23 ("bench regex phone lines") ok
time (mean ± σ)         range (min … max) 
   4.27 µs ±   1.61 ns     4.26 µs …   4.27 µs  in 10 ×  23446 runs
[moonbitlang/core] bench string/regex_bench_test.mbt:43 ("bench regex large pattern") ok
time (mean ± σ)         range (min … max) 
   3.77 ms ±   1.84 µs     3.77 ms …   3.78 ms  in 10 ×     27 runs
[moonbitlang/core] bench v128/v128_bench_test.mbt:32 ("bench V128 i64x2_add n=10000") ok
time (mean ± σ)         range (min … max) 
 434.67 µs ±   1.94 µs   433.03 µs … 438.29 µs  in 10 ×    228 runs
[moonbitlang/core] bench v128/v128_bench_test.mbt:44 ("bench V128 i32x4_add n=10000") ok
time (mean ± σ)         range (min … max) 
   2.64 ms ±   5.82 µs     2.63 ms …   2.65 ms  in 10 ×     39 runs
[moonbitlang/core] bench v128/v128_bench_test.mbt:56 ("bench V128 i8x16_add n=10000") ok
time (mean ± σ)         range (min … max) 
  12.47 ms ±  25.44 µs    12.44 ms …  12.51 ms  in 10 ×      9 runs
[moonbitlang/core] bench v128/v128_bench_test.mbt:68 ("bench V128 i8x16_splat n=10000") ok
time (mean ± σ)         range (min … max) 
  14.26 ms ± 214.72 µs    14.11 ms …  14.74 ms  in 10 ×      7 runs
[moonbitlang/core] bench v128/v128_bench_test.mbt:79 ("bench V128 i8x16_extract_lane_u n=10000") ok
time (mean ± σ)         range (min … max) 
 263.82 µs ±  26.24 µs   249.01 µs … 335.46 µs  in 10 ×    385 runs
[moonbitlang/core] bench v128/v128_bench_test.mbt:93 ("bench V128 i8x16_replace_lane n=10000") ok
time (mean ± σ)         range (min … max) 
 700.08 µs ±  11.82 µs   690.17 µs … 718.69 µs  in 10 ×    140 runs
[moonbitlang/core] bench v128/v128_bench_test.mbt:108 ("bench V128 i8x16_bitmask n=10000") ok
time (mean ± σ)         range (min … max) 
   4.35 ms ±   3.83 µs     4.34 ms …   4.35 ms  in 10 ×     24 runs
[moonbitlang/core] bench v128/v128_bench_test.mbt:120 ("bench V128 load/store n=10000") ok
time (mean ± σ)         range (min … max) 
   5.49 ms ±  67.41 µs     5.34 ms …   5.57 ms  in 10 ×     19 runs
[moonbitlang/core] bench v128/v128_bench_test.mbt:135 ("bench V128 load8x8_u n=10000") ok
time (mean ± σ)         range (min … max) 
   2.42 ms ±  55.07 µs     2.36 ms …   2.49 ms  in 10 ×     41 runs
[moonbitlang/core] bench v128/v128_bench_test.mbt:147 ("bench V128 load8x8_s n=10000") ok
time (mean ± σ)         range (min … max) 
   2.47 ms ±  60.27 µs     2.42 ms …   2.54 ms  in 10 ×     40 runs
[moonbitlang/core] bench v128/v128_bench_test.mbt:159 ("bench V128 load16x4_u n=10000") ok
time (mean ± σ)         range (min … max) 
   1.90 ms ±  39.32 µs     1.86 ms …   1.94 ms  in 10 ×     52 runs
[moonbitlang/core] bench v128/v128_bench_test.mbt:171 ("bench V128 load16x4_s n=10000") ok
time (mean ± σ)         range (min … max) 
   2.04 ms ± 214.21 µs     1.91 ms …   2.58 ms  in 10 ×     51 runs
[moonbitlang/core] bench v128/v128_bench_test.mbt:183 ("bench V128 load32x2_u n=10000") ok
time (mean ± σ)         range (min … max) 
   1.71 ms ±  50.88 µs     1.64 ms …   1.76 ms  in 10 ×     58 runs
[moonbitlang/core] bench v128/v128_bench_test.mbt:195 ("bench V128 load32x2_s n=10000") ok
time (mean ± σ)         range (min … max) 
   1.71 ms ±  34.27 µs     1.68 ms …   1.75 ms  in 10 ×     58 runs
[moonbitlang/core] bench v128/v128_bench_test.mbt:207 ("bench V128 load_splat n=10000") ok
time (mean ± σ)         range (min … max) 
   8.00 ms ± 174.68 µs     7.70 ms …   8.17 ms  in 10 ×     13 runs
[moonbitlang/core] bench v128/v128_bench_test.mbt:223 ("bench V128 load8_lane n=10000") ok
time (mean ± σ)         range (min … max) 
 770.75 µs ±  12.40 µs   755.79 µs … 782.93 µs  in 10 ×    128 runs
[moonbitlang/core] bench v128/v128_bench_test.mbt:235 ("bench V128 load16_lane n=10000") ok
time (mean ± σ)         range (min … max) 
 714.81 µs ±  12.76 µs   703.45 µs … 735.38 µs  in 10 ×    137 runs
[moonbitlang/core] bench v128/v128_bench_test.mbt:247 ("bench V128 load32_lane n=10000") ok
time (mean ± σ)         range (min … max) 
 717.97 µs ±  20.18 µs   693.57 µs … 744.42 µs  in 10 ×    135 runs
[moonbitlang/core] bench v128/v128_bench_test.mbt:259 ("bench V128 load64_lane n=10000") ok
time (mean ± σ)         range (min … max) 
   1.15 ms ±  28.86 µs     1.12 ms …   1.19 ms  in 10 ×     84 runs
[moonbitlang/core] bench v128/v128_bench_test.mbt:271 ("bench V128 extend i8x16 to i16x8 n=10000") ok
time (mean ± σ)         range (min … max) 
   9.93 ms ±  22.62 µs     9.91 ms …   9.97 ms  in 10 ×     11 runs
[moonbitlang/core] bench v128/v128_bench_test.mbt:285 ("bench V128 extend i16x8 to i32x4 n=10000") ok
time (mean ± σ)         range (min … max) 
   4.04 ms ±   5.34 µs     4.03 ms …   4.05 ms  in 10 ×     25 runs
[moonbitlang/core] bench v128/v128_bench_test.mbt:299 ("bench V128 extend i32x4 to i64x2 n=10000") ok
time (mean ± σ)         range (min … max) 
   2.43 ms ±   9.99 µs     2.42 ms …   2.45 ms  in 10 ×     42 runs
[moonbitlang/core] bench v128/v128_bench_test.mbt:313 ("bench V128 all_true n=10000") ok
time (mean ± σ)         range (min … max) 
 756.79 µs ±   5.54 µs   746.75 µs … 762.16 µs  in 10 ×    132 runs
[moonbitlang/core] bench v128/v128_bench_test.mbt:337 ("bench V128 bitmask all widths n=10000") ok
time (mean ± σ)         range (min … max) 
   8.00 ms ±  10.08 µs     7.98 ms …   8.01 ms  in 10 ×     13 runs
[moonbitlang/core] bench v128/v128_bench_test.mbt:353 ("bench V128 swizzle n=10000") ok
time (mean ± σ)         range (min … max) 
  23.81 ms ±  16.20 µs    23.79 ms …  23.83 ms  in 10 ×      5 runs
[moonbitlang/core] bench v128/v128_bench_test.mbt:371 ("bench V128 shuffle n=10000") ok
time (mean ± σ)         range (min … max) 
  18.98 ms ±   1.02 ms    18.51 ms …  21.84 ms  in 10 ×      6 runs
Total tests: 490, passed: 490, failed: 0.
