[moonbitlang/core] bench argparse/globals_bench_test.mbt:16 ("bench parse inherited globals with an override") ok
time (mean ± σ)         range (min … max) 
   7.31 µs ±  12.66 ns     7.30 µs …   7.34 µs  in 10 ×  13165 runs
[moonbitlang/core] bench bench/hash_bench_test.mbt:16 ("bench Hash for Bytes (small)") ok
time (mean ± σ)         range (min … max) 
  18.30 ns ±   0.10 ns    18.15 ns …  18.49 ns  in 10 × 100000 runs
[moonbitlang/core] bench bench/hash_bench_test.mbt:22 ("bench Hash for Bytes (medium)") ok
time (mean ± σ)         range (min … max) 
 127.34 ns ±   0.90 ns   125.99 ns … 128.68 ns  in 10 × 100000 runs
[moonbitlang/core] bench bench/hash_bench_test.mbt:28 ("bench Hash for Bytes (large)") ok
time (mean ± σ)         range (min … max) 
   2.20 µs ±   3.02 ns     2.20 µs …   2.21 µs  in 10 ×  42975 runs
[moonbitlang/core] bench bench/hash_bench_test.mbt:34 ("bench Hash for BytesView (small)") ok
time (mean ± σ)         range (min … max) 
  35.17 ns ±   0.07 ns    35.10 ns …  35.29 ns  in 10 × 100000 runs
[moonbitlang/core] bench bench/hash_bench_test.mbt:41 ("bench Hash for BytesView (medium)") ok
time (mean ± σ)         range (min … max) 
 327.15 ns ±   0.73 ns   326.33 ns … 328.05 ns  in 10 × 100000 runs
[moonbitlang/core] bench bench/hash_bench_test.mbt:48 ("bench Hash for BytesView (large)") ok
time (mean ± σ)         range (min … max) 
   5.01 µs ±  16.29 ns     5.00 µs …   5.05 µs  in 10 ×  19969 runs
[moonbitlang/core] bench bench/hash_bench_test.mbt:55 ("bench Hasher::combine_bytes (small)") ok
time (mean ± σ)         range (min … max) 
  29.55 ns ±   0.02 ns    29.52 ns …  29.60 ns  in 10 × 100000 runs
[moonbitlang/core] bench bench/hash_bench_test.mbt:65 ("bench Hasher::combine_bytes (medium)") ok
time (mean ± σ)         range (min … max) 
 222.64 ns ±   0.52 ns   221.85 ns … 223.40 ns  in 10 × 100000 runs
[moonbitlang/core] bench bench/hash_bench_test.mbt:75 ("bench Hasher::combine_bytes (large)") ok
time (mean ± σ)         range (min … max) 
   3.26 µs ±  22.49 ns     3.23 µs …   3.29 µs  in 10 ×  30867 runs
[moonbitlang/core] bench bigint/to_string_radix_bench_test.mbt:23 ("bench bigint to_string radix=7 (4000 bits)") ok
time (mean ± σ)         range (min … max) 
 533.18 µs ±   4.47 µs   527.29 µs … 538.63 µs  in 10 ×    186 runs
[moonbitlang/core] bench bigint/to_string_radix_bench_test.mbt:29 ("bench bigint to_string radix=36 (4000 bits)") ok
time (mean ± σ)         range (min … max) 
 315.00 µs ±   2.66 µs   310.48 µs … 318.36 µs  in 10 ×    315 runs
[moonbitlang/core] bench bigint/to_string_radix_bench_test.mbt:35 ("bench bigint to_string radix=10 reference (4000 bits)") ok
time (mean ± σ)         range (min … max) 
  13.06 µs ±  56.29 ns    12.96 µs …  13.13 µs  in 10 ×   7631 runs
[moonbitlang/core] bench bigint/to_string_bench_test.mbt:30 ("bench BigInt::to_string n=40 digits") ok
time (mean ± σ)         range (min … max) 
 313.41 ns ±  31.37 ns   301.12 ns … 401.81 ns  in 10 × 100000 runs
[moonbitlang/core] bench bigint/to_string_bench_test.mbt:36 ("bench BigInt::to_string n=400 digits") ok
time (mean ± σ)         range (min … max) 
   2.36 µs ±  22.12 ns     2.32 µs …   2.40 µs  in 10 ×  42487 runs
[moonbitlang/core] bench bigint/to_string_bench_test.mbt:42 ("bench BigInt::to_string n=4000 digits") ok
time (mean ± σ)         range (min … max) 
 126.54 µs ±   2.37 µs   124.18 µs … 129.56 µs  in 10 ×    763 runs
[moonbitlang/core] bench bigint/to_string_bench_test.mbt:48 ("bench BigInt::to_string n=40000 digits") ok
time (mean ± σ)         range (min … max) 
  13.25 ms ±  75.53 µs    13.15 ms …  13.37 ms  in 10 ×      8 runs
[moonbitlang/core] bench bigint/to_string_bench_test.mbt:54 ("bench BigInt::to_string n=250000 digits") ok
time (mean ± σ)         range (min … max) 
 239.10 ms ± 720.24 µs   238.25 ms … 240.16 ms  in 10 ×      1 runs
[moonbitlang/core] bench bigint/from_octets_bench_test.mbt:21 ("bench BigInt::from_octets n=64") ok
time (mean ± σ)         range (min … max) 
  55.40 ns ±   0.10 ns    55.27 ns …  55.55 ns  in 10 × 100000 runs
[moonbitlang/core] bench bigint/from_octets_bench_test.mbt:27 ("bench BigInt::from_octets n=1024") ok
time (mean ± σ)         range (min … max) 
 562.00 ns ±   2.87 ns   556.13 ns … 564.45 ns  in 10 × 100000 runs
[moonbitlang/core] bench bigint/division_bench_test.mbt:66 ("bench BigInt balanced division n=4000 digits") ok
time (mean ± σ)         range (min … max) 
 326.65 µs ±   2.16 µs   323.71 µs … 329.21 µs  in 10 ×    305 runs
[moonbitlang/core] bench bigint/division_bench_test.mbt:72 ("bench BigInt balanced division n=40000 digits") ok
time (mean ± σ)         range (min … max) 
  15.78 ms ± 288.78 µs    15.60 ms …  16.53 ms  in 10 ×      7 runs
[moonbitlang/core] bench bigint/division_bench_test.mbt:78 ("bench BigInt balanced division n=250000 digits") ok
time (mean ± σ)         range (min … max) 
 348.05 ms ± 391.10 µs   347.57 ms … 348.67 ms  in 10 ×      1 runs
[moonbitlang/core] bench bigint/division_bench_test.mbt:84 ("bench BigInt unbalanced division q=65536 d=64 limbs") ok
time (mean ± σ)         range (min … max) 
  40.67 ms ±  38.35 µs    40.62 ms …  40.71 ms  in 10 ×      3 runs
[moonbitlang/core] bench bigint/division_bench_test.mbt:90 ("bench BigInt narrow division q=9 d=64 limbs") ok
time (mean ± σ)         range (min … max) 
 699.14 ns ±   1.19 ns   696.37 ns … 700.04 ns  in 10 × 100000 runs
[moonbitlang/core] bench buffer/write_bench_test.mbt:30 ("bench Buffer::write_byte n=4096") ok
time (mean ± σ)         range (min … max) 
   8.39 µs ±  12.56 ns     8.36 µs …   8.41 µs  in 10 ×  11919 runs
[moonbitlang/core] bench buffer/write_bench_test.mbt:42 ("bench Buffer::write_uint16_be n=4096") ok
time (mean ± σ)         range (min … max) 
   9.26 µs ± 140.71 ns     9.19 µs …   9.66 µs  in 10 ×  10896 runs
[moonbitlang/core] bench buffer/write_bench_test.mbt:54 ("bench Buffer::write_uint_le n=4096") ok
time (mean ± σ)         range (min … max) 
  13.88 µs ±   8.81 ns    13.86 µs …  13.89 µs  in 10 ×   7209 runs
[moonbitlang/core] bench buffer/write_bench_test.mbt:66 ("bench Buffer::write_uint64_be n=4096") ok
time (mean ± σ)         range (min … max) 
  17.63 µs ±  12.04 ns    17.60 µs …  17.64 µs  in 10 ×   5669 runs
[moonbitlang/core] bench buffer/write_bench_test.mbt:78 ("bench Buffer::write_char_utf8 ASCII n=4096") ok
time (mean ± σ)         range (min … max) 
  11.47 µs ±  13.33 ns    11.45 µs …  11.49 µs  in 10 ×   8722 runs
[moonbitlang/core] bench buffer/write_bench_test.mbt:90 ("bench Buffer::write_char_utf8 non-BMP n=4096") ok
time (mean ± σ)         range (min … max) 
  16.89 µs ±   8.09 ns    16.87 µs …  16.89 µs  in 10 ×   5923 runs
[moonbitlang/core] bench buffer/write_bench_test.mbt:103 ("bench Buffer::write_char_utf16le BMP n=4096") ok
time (mean ± σ)         range (min … max) 
  12.32 µs ±  10.48 ns    12.31 µs …  12.34 µs  in 10 ×   8141 runs
[moonbitlang/core] bench buffer/write_bench_test.mbt:115 ("bench Buffer::write_string_utf16le chunks n=4096") ok
time (mean ± σ)         range (min … max) 
  78.36 µs ±  48.04 ns    78.29 µs …  78.44 µs  in 10 ×   1278 runs
[moonbitlang/core] bench buffer/write_bench_test.mbt:130 ("bench @buffer.from_array n=4096") ok
time (mean ± σ)         range (min … max) 
   2.61 µs ±  54.53 ns     2.58 µs …   2.77 µs  in 10 ×  38533 runs
[moonbitlang/core] bench builtin/view_bench_test.mbt:34 ("bench ArrayView::at Int n=100000") ok
time (mean ± σ)         range (min … max) 
  86.87 µs ±  73.83 ns    86.76 µs …  87.00 µs  in 10 ×   1150 runs
[moonbitlang/core] bench builtin/view_bench_test.mbt:47 ("bench ArrayView::get Int n=100000") ok
time (mean ± σ)         range (min … max) 
  79.48 µs ± 515.08 ns    78.73 µs …  80.04 µs  in 10 ×   1261 runs
[moonbitlang/core] bench builtin/view_bench_test.mbt:62 ("bench ArrayView::unsafe_get Int n=100000") ok
time (mean ± σ)         range (min … max) 
  60.51 µs ± 961.48 ns    58.85 µs …  61.62 µs  in 10 ×   1656 runs
[moonbitlang/core] bench builtin/view_bench_test.mbt:75 ("bench ArrayView::rev_fold Int n=100000") ok
time (mean ± σ)         range (min … max) 
  60.46 µs ± 452.23 ns    59.62 µs …  60.86 µs  in 10 ×   1683 runs
[moonbitlang/core] bench builtin/view_bench_test.mbt:82 ("bench ArrayView::rev_foldi Int n=100000") ok
time (mean ± σ)         range (min … max) 
  60.34 µs ± 198.27 ns    60.02 µs …  60.59 µs  in 10 ×   1663 runs
[moonbitlang/core] bench builtin/view_bench_test.mbt:91 ("bench ArrayView::equal Int n=100000") ok
time (mean ± σ)         range (min … max) 
  95.23 µs ±   1.13 µs    93.66 µs …  96.39 µs  in 10 ×   1039 runs
[moonbitlang/core] bench builtin/view_bench_test.mbt:99 ("bench ArrayView::compare Int n=100000") ok
time (mean ± σ)         range (min … max) 
 102.18 µs ±  69.70 ns   102.07 µs … 102.26 µs  in 10 ×    981 runs
[moonbitlang/core] bench builtin/view_bench_test.mbt:107 ("bench MutArrayView::at Int n=100000") ok
time (mean ± σ)         range (min … max) 
  87.29 µs ±   1.48 µs    85.41 µs …  90.03 µs  in 10 ×   1167 runs
[moonbitlang/core] bench builtin/view_bench_test.mbt:120 ("bench MutArrayView::unsafe_get Int n=100000") ok
time (mean ± σ)         range (min … max) 
  62.23 µs ±   1.23 µs    60.57 µs …  63.36 µs  in 10 ×   1650 runs
[moonbitlang/core] bench builtin/view_bench_test.mbt:133 ("bench MutArrayView::set Int n=100000") ok
time (mean ± σ)         range (min … max) 
 108.69 µs ± 399.54 ns   108.47 µs … 109.80 µs  in 10 ×    923 runs
[moonbitlang/core] bench builtin/view_bench_test.mbt:145 ("bench MutArrayView::unsafe_set Int n=100000") ok
time (mean ± σ)         range (min … max) 
  68.89 µs ±   1.46 µs    67.25 µs …  71.09 µs  in 10 ×   1403 runs
[moonbitlang/core] bench builtin/view_bench_test.mbt:157 ("bench BytesView::at n=100000") ok
time (mean ± σ)         range (min … max) 
  85.06 µs ± 530.80 ns    83.76 µs …  85.58 µs  in 10 ×   1174 runs
[moonbitlang/core] bench builtin/view_bench_test.mbt:170 ("bench BytesView::unsafe_get n=100000") ok
time (mean ± σ)         range (min … max) 
  51.70 µs ± 282.21 ns    51.27 µs …  52.20 µs  in 10 ×   1938 runs
[moonbitlang/core] bench builtin/stringbuilder_bench_test.mbt:28 ("bench StringBuilder::write_string chunks n=4096") ok
time (mean ± σ)         range (min … max) 
  55.58 µs ±  39.41 ns    55.50 µs …  55.64 µs  in 10 ×   1799 runs
[moonbitlang/core] bench builtin/stringbuilder_bench_test.mbt:41 ("bench StringBuilder::write_view chunks n=4096") ok
time (mean ± σ)         range (min … max) 
  55.21 µs ±  43.47 ns    55.12 µs …  55.26 µs  in 10 ×   1811 runs
[moonbitlang/core] bench builtin/stringbuilder_bench_test.mbt:54 ("bench StringBuilder::write_stringview chunks n=4096") ok
time (mean ± σ)         range (min … max) 
  55.52 µs ± 605.85 ns    55.20 µs …  57.12 µs  in 10 ×   1814 runs
[moonbitlang/core] bench builtin/stringbuilder_bench_test.mbt:67 ("bench StringBuilder::write_char ASCII n=4096") ok
time (mean ± σ)         range (min … max) 
  14.79 µs ±  25.84 ns    14.76 µs …  14.83 µs  in 10 ×   6739 runs
[moonbitlang/core] bench builtin/stringbuilder_bench_test.mbt:79 ("bench StringBuilder::write_char non-BMP n=4096") ok
time (mean ± σ)         range (min … max) 
  20.74 µs ±  11.33 ns    20.73 µs …  20.77 µs  in 10 ×   4814 runs
[moonbitlang/core] bench builtin/stringbuilder_bench_test.mbt:92 ("bench StringBuilder::reset reuse spare capacity n=4096") ok
time (mean ± σ)         range (min … max) 
 241.65 µs ± 272.71 ns   241.17 µs … 241.96 µs  in 10 ×    414 runs
[moonbitlang/core] bench builtin/string_to_upper_bench_test.mbt:61 ("bench String::to_upper short") ok
time (mean ± σ)         range (min … max) 
  44.30 ns ±   0.07 ns    44.22 ns …  44.43 ns  in 10 × 100000 runs
[moonbitlang/core] bench builtin/string_to_upper_bench_test.mbt:66 ("bench String::to_upper long") ok
time (mean ± σ)         range (min … max) 
 699.70 ns ±   0.58 ns   698.96 ns … 700.91 ns  in 10 × 100000 runs
[moonbitlang/core] bench builtin/string_to_upper_bench_test.mbt:71 ("bench String::to_upper sparse") ok
time (mean ± σ)         range (min … max) 
 698.23 ns ±   1.17 ns   695.18 ns … 699.62 ns  in 10 × 100000 runs
[moonbitlang/core] bench builtin/string_to_upper_bench_test.mbt:76 ("bench String::to_upper late-lowercase") ok
time (mean ± σ)         range (min … max) 
 710.07 ns ±   2.41 ns   703.41 ns … 711.61 ns  in 10 × 100000 runs
[moonbitlang/core] bench builtin/string_to_upper_bench_test.mbt:81 ("bench String::to_upper one-unit runs") ok
time (mean ± σ)         range (min … max) 
 699.38 ns ±   1.06 ns   698.25 ns … 701.68 ns  in 10 × 100000 runs
[moonbitlang/core] bench builtin/string_to_upper_bench_test.mbt:86 ("bench String::to_upper all-lowercase") ok
time (mean ± σ)         range (min … max) 
 706.53 ns ±  11.36 ns   698.25 ns … 730.04 ns  in 10 × 100000 runs
[moonbitlang/core] bench builtin/string_to_upper_bench_test.mbt:91 ("bench String::to_upper no-change short") ok
time (mean ± σ)         range (min … max) 
  25.02 ns ±   0.06 ns    24.96 ns …  25.11 ns  in 10 × 100000 runs
[moonbitlang/core] bench builtin/string_to_upper_bench_test.mbt:96 ("bench String::to_upper no-change long") ok
time (mean ± σ)         range (min … max) 
 105.45 ns ±   1.67 ns   104.50 ns … 108.67 ns  in 10 × 100000 runs
[moonbitlang/core] bench builtin/string_to_upper_bench_test.mbt:101 ("bench StringView::to_upper short") ok
time (mean ± σ)         range (min … max) 
  47.10 ns ±   0.69 ns    46.78 ns …  49.04 ns  in 10 × 100000 runs
[moonbitlang/core] bench builtin/string_to_upper_bench_test.mbt:106 ("bench StringView::to_upper long") ok
time (mean ± σ)         range (min … max) 
 709.07 ns ±   0.29 ns   708.57 ns … 709.50 ns  in 10 × 100000 runs
[moonbitlang/core] bench builtin/string_to_upper_bench_test.mbt:111 ("bench StringView::to_upper no-change long") ok
time (mean ± σ)         range (min … max) 
 108.44 ns ±   0.17 ns   108.25 ns … 108.67 ns  in 10 × 100000 runs
[moonbitlang/core] bench builtin/string_to_lower_bench_test.mbt:61 ("bench String::to_lower short") ok
time (mean ± σ)         range (min … max) 
  44.11 ns ±   0.11 ns    43.98 ns …  44.27 ns  in 10 × 100000 runs
[moonbitlang/core] bench builtin/string_to_lower_bench_test.mbt:66 ("bench String::to_lower long") ok
time (mean ± σ)         range (min … max) 
 698.74 ns ±   2.03 ns   693.06 ns … 699.95 ns  in 10 × 100000 runs
[moonbitlang/core] bench builtin/string_to_lower_bench_test.mbt:71 ("bench String::to_lower sparse") ok
time (mean ± σ)         range (min … max) 
 699.21 ns ±   0.40 ns   698.82 ns … 700.00 ns  in 10 × 100000 runs
[moonbitlang/core] bench builtin/string_to_lower_bench_test.mbt:76 ("bench String::to_lower late-uppercase") ok
time (mean ± σ)         range (min … max) 
 711.39 ns ±   0.29 ns   710.97 ns … 711.86 ns  in 10 × 100000 runs
[moonbitlang/core] bench builtin/string_to_lower_bench_test.mbt:81 ("bench String::to_lower one-unit runs") ok
time (mean ± σ)         range (min … max) 
 699.45 ns ±   1.43 ns   697.28 ns … 702.29 ns  in 10 × 100000 runs
[moonbitlang/core] bench builtin/string_to_lower_bench_test.mbt:86 ("bench String::to_lower all-uppercase") ok
time (mean ± σ)         range (min … max) 
 698.49 ns ±   1.64 ns   694.92 ns … 699.71 ns  in 10 × 100000 runs
[moonbitlang/core] bench builtin/string_to_lower_bench_test.mbt:91 ("bench String::to_lower no-change short") ok
time (mean ± σ)         range (min … max) 
  26.26 ns ±   0.07 ns    26.19 ns …  26.39 ns  in 10 × 100000 runs
[moonbitlang/core] bench builtin/string_to_lower_bench_test.mbt:96 ("bench String::to_lower no-change long") ok
time (mean ± σ)         range (min … max) 
 104.70 ns ±   0.14 ns   104.54 ns … 104.92 ns  in 10 × 100000 runs
[moonbitlang/core] bench builtin/string_to_lower_bench_test.mbt:101 ("bench StringView::to_lower short") ok
time (mean ± σ)         range (min … max) 
  48.04 ns ±   0.13 ns    47.92 ns …  48.28 ns  in 10 × 100000 runs
[moonbitlang/core] bench builtin/string_to_lower_bench_test.mbt:106 ("bench StringView::to_lower long") ok
time (mean ± σ)         range (min … max) 
 710.97 ns ±   2.79 ns   707.18 ns … 716.44 ns  in 10 × 100000 runs
[moonbitlang/core] bench builtin/string_to_lower_bench_test.mbt:111 ("bench StringView::to_lower no-change long") ok
time (mean ± σ)         range (min … max) 
 108.43 ns ±   0.16 ns   108.27 ns … 108.73 ns  in 10 × 100000 runs
[moonbitlang/core] bench builtin/string_to_array_bench_test.mbt:24 ("bench String::to_array ASCII 51 chars") ok
time (mean ± σ)         range (min … max) 
 167.25 ns ±   0.27 ns   166.94 ns … 167.63 ns  in 10 × 100000 runs
[moonbitlang/core] bench builtin/string_to_array_bench_test.mbt:29 ("bench String::to_array mixed 1KB") ok
time (mean ± σ)         range (min … max) 
   2.52 µs ±   1.55 ns     2.52 µs …   2.52 µs  in 10 ×  39541 runs
[moonbitlang/core] bench builtin/string_to_array_bench_test.mbt:34 ("bench StringView::to_array mixed 1KB") ok
time (mean ± σ)         range (min … max) 
   2.53 µs ±   2.52 ns     2.52 µs …   2.53 µs  in 10 ×  39714 runs
[moonbitlang/core] bench builtin/string_methods_bench_test.mbt:36 ("bench StringView::has_prefix match n=100000 needle=128") ok
time (mean ± σ)         range (min … max) 
  30.90 ns ±   0.08 ns    30.82 ns …  31.05 ns  in 10 × 100000 runs
[moonbitlang/core] bench builtin/string_methods_bench_test.mbt:45 ("bench StringView::has_prefix mismatch n=100000 needle=128") ok
time (mean ± σ)         range (min … max) 
  18.56 ns ±   0.02 ns    18.55 ns …  18.63 ns  in 10 × 100000 runs
[moonbitlang/core] bench builtin/string_methods_bench_test.mbt:54 ("bench StringView::has_suffix match n=100000 needle=128") ok
time (mean ± σ)         range (min … max) 
  31.42 ns ±   0.08 ns    31.34 ns …  31.61 ns  in 10 × 100000 runs
[moonbitlang/core] bench builtin/string_methods_bench_test.mbt:63 ("bench StringView::has_suffix mismatch n=100000 needle=128") ok
time (mean ± σ)         range (min … max) 
  18.62 ns ±   0.06 ns    18.59 ns …  18.78 ns  in 10 × 100000 runs
[moonbitlang/core] bench builtin/string_find_code_unit_bench_test.mbt:16 ("bench find one code unit absent n=4") ok
time (mean ± σ)         range (min … max) 
  22.04 ns ±   0.09 ns    21.97 ns …  22.23 ns  in 10 × 100000 runs
[moonbitlang/core] bench builtin/string_find_code_unit_bench_test.mbt:22 ("bench find one code unit absent n=8") ok
time (mean ± σ)         range (min … max) 
  21.53 ns ±   0.05 ns    21.48 ns …  21.61 ns  in 10 × 100000 runs
[moonbitlang/core] bench builtin/string_find_code_unit_bench_test.mbt:28 ("bench find one code unit present@0 n=8") ok
time (mean ± σ)         range (min … max) 
  19.35 ns ±   0.02 ns    19.32 ns …  19.39 ns  in 10 × 100000 runs
[moonbitlang/core] bench builtin/string_find_code_unit_bench_test.mbt:34 ("bench find one code unit absent n=64") ok
time (mean ± σ)         range (min … max) 
  28.14 ns ±   0.10 ns    28.04 ns …  28.36 ns  in 10 × 100000 runs
[moonbitlang/core] bench builtin/string_find_code_unit_bench_test.mbt:40 ("bench find one code unit absent n=256") ok
time (mean ± σ)         range (min … max) 
  50.19 ns ±   0.11 ns    50.08 ns …  50.43 ns  in 10 × 100000 runs
[moonbitlang/core] bench builtin/string_find_code_unit_bench_test.mbt:46 ("bench find one code unit present@end n=256") ok
time (mean ± σ)         range (min … max) 
  48.76 ns ±   0.06 ns    48.67 ns …  48.85 ns  in 10 × 100000 runs
[moonbitlang/core] bench builtin/string_find_code_unit_bench_test.mbt:52 ("bench rev_find one code unit absent n=256") ok
time (mean ± σ)         range (min … max) 
  50.86 ns ±   0.08 ns    50.76 ns …  50.99 ns  in 10 × 100000 runs
[moonbitlang/core] bench builtin/string_find_code_unit_bench_test.mbt:58 ("bench rev_find one code unit present@start n=256") ok
time (mean ± σ)         range (min … max) 
  48.80 ns ±   0.08 ns    48.70 ns …  48.90 ns  in 10 × 100000 runs
[moonbitlang/core] bench builtin/string_find_code_unit_bench_test.mbt:64 ("bench rev_find one code unit present@end n=8") ok
time (mean ± σ)         range (min … max) 
  19.41 ns ±   0.06 ns    19.36 ns …  19.54 ns  in 10 × 100000 runs
[moonbitlang/core] bench builtin/string_find_code_unit_bench_test.mbt:70 ("bench StringView find one code unit absent n=256") ok
time (mean ± σ)         range (min … max) 
  47.56 ns ±   0.05 ns    47.50 ns …  47.65 ns  in 10 × 100000 runs
[moonbitlang/core] bench builtin/string_find_code_unit_bench_test.mbt:77 ("bench StringView rev_find one code unit absent n=256") ok
time (mean ± σ)         range (min … max) 
  48.50 ns ±   0.07 ns    48.40 ns …  48.61 ns  in 10 × 100000 runs
[moonbitlang/core] bench builtin/string_find_code_unit_bench_test.mbt:84 ("bench find two anchors absent n=256") ok
time (mean ± σ)         range (min … max) 
  66.12 ns ±   0.11 ns    66.02 ns …  66.30 ns  in 10 × 100000 runs
[moonbitlang/core] bench builtin/string_find_code_unit_bench_test.mbt:90 ("bench find two anchors present@end n=256") ok
time (mean ± σ)         range (min … max) 
  67.46 ns ±   0.39 ns    67.26 ns …  68.27 ns  in 10 × 100000 runs
[moonbitlang/core] bench builtin/string_find_code_unit_bench_test.mbt:96 ("bench find two anchors dense false positives n=256") ok
time (mean ± σ)         range (min … max) 
 774.73 ns ±   0.44 ns   773.76 ns … 775.33 ns  in 10 × 100000 runs
[moonbitlang/core] bench builtin/string_find_code_unit_bench_test.mbt:102 ("bench find two anchors long absent n=256") ok
time (mean ± σ)         range (min … max) 
  60.23 ns ±   0.08 ns    60.17 ns …  60.45 ns  in 10 × 100000 runs
[moonbitlang/core] bench builtin/string_find_code_unit_bench_test.mbt:108 ("bench rev_find two anchors absent n=256") ok
time (mean ± σ)         range (min … max) 
  65.53 ns ±   0.09 ns    65.43 ns …  65.68 ns  in 10 × 100000 runs
[moonbitlang/core] bench builtin/string_find_code_unit_bench_test.mbt:114 ("bench rev_find two anchors present@start n=256") ok
time (mean ± σ)         range (min … max) 
  66.11 ns ±   0.09 ns    66.02 ns …  66.25 ns  in 10 × 100000 runs
[moonbitlang/core] bench builtin/string_find_code_unit_bench_test.mbt:120 ("bench rev_find two anchors dense false positives n=256") ok
time (mean ± σ)         range (min … max) 
 770.48 ns ±   3.55 ns   762.21 ns … 774.16 ns  in 10 × 100000 runs
[moonbitlang/core] bench builtin/string_find_code_unit_bench_test.mbt:126 ("bench StringView find two anchors absent n=256") ok
time (mean ± σ)         range (min … max) 
  64.39 ns ±   0.09 ns    64.30 ns …  64.59 ns  in 10 × 100000 runs
[moonbitlang/core] bench builtin/string_find_adversary_bench_test.mbt:26 ("bench find adversary m=64 n=4096") ok
time (mean ± σ)         range (min … max) 
  12.06 µs ±  13.48 ns    12.04 µs …  12.09 µs  in 10 ×   8266 runs
[moonbitlang/core] bench builtin/string_find_adversary_bench_test.mbt:33 ("bench rev_find adversary m=64 n=4096") ok
time (mean ± σ)         range (min … max) 
  12.42 µs ±  52.08 ns    12.33 µs …  12.48 µs  in 10 ×   8004 runs
[moonbitlang/core] bench builtin/string_find_adversary_bench_test.mbt:40 ("bench find adversary m=512 n=65536") ok
time (mean ± σ)         range (min … max) 
 188.94 µs ± 277.64 ns   188.34 µs … 189.24 µs  in 10 ×    529 runs
[moonbitlang/core] bench builtin/string_find_adversary_bench_test.mbt:47 ("bench find dense miss fast path n=4096") ok
time (mean ± σ)         range (min … max) 
 668.88 ns ±   0.25 ns   668.59 ns … 669.23 ns  in 10 × 100000 runs
[moonbitlang/core] bench builtin/string_find_adversary_bench_test.mbt:53 ("bench find rare hit end fast path n=4096") ok
time (mean ± σ)         range (min … max) 
 677.52 ns ±   2.37 ns   673.75 ns … 679.66 ns  in 10 × 100000 runs
[moonbitlang/core] bench builtin/string_escape_bench_test.mbt:61 ("bench String::escape short plain") ok
time (mean ± σ)         range (min … max) 
 149.37 ns ±  13.88 ns   142.55 ns … 188.10 ns  in 10 × 100000 runs
[moonbitlang/core] bench builtin/string_escape_bench_test.mbt:66 ("bench String::escape short escaped") ok
time (mean ± σ)         range (min … max) 
 180.40 ns ±   0.36 ns   179.84 ns … 180.85 ns  in 10 × 100000 runs
[moonbitlang/core] bench builtin/string_escape_bench_test.mbt:71 ("bench String::escape threshold plain") ok
time (mean ± σ)         range (min … max) 
 141.78 ns ±   1.17 ns   140.35 ns … 144.36 ns  in 10 × 100000 runs
[moonbitlang/core] bench builtin/string_escape_bench_test.mbt:76 ("bench String::escape prose") ok
time (mean ± σ)         range (min … max) 
 240.23 ns ±   0.73 ns   239.23 ns … 241.30 ns  in 10 × 100000 runs
[moonbitlang/core] bench builtin/string_escape_bench_test.mbt:81 ("bench String::escape escape-first") ok
time (mean ± σ)         range (min … max) 
 257.52 ns ±   0.61 ns   256.37 ns … 258.56 ns  in 10 × 100000 runs
[moonbitlang/core] bench builtin/string_escape_bench_test.mbt:86 ("bench String::escape long plain") ok
time (mean ± σ)         range (min … max) 
   4.44 µs ±  39.21 ns     4.39 µs …   4.50 µs  in 10 ×  22634 runs
[moonbitlang/core] bench builtin/string_escape_bench_test.mbt:91 ("bench String::escape long dense") ok
time (mean ± σ)         range (min … max) 
  23.27 µs ±  96.14 ns    23.18 µs …  23.44 µs  in 10 ×   4303 runs
[moonbitlang/core] bench builtin/string_escape_bench_test.mbt:96 ("bench String::escape long all-escaped") ok
time (mean ± σ)         range (min … max) 
  38.54 µs ±  30.20 ns    38.49 µs …  38.58 µs  in 10 ×   2590 runs
[moonbitlang/core] bench builtin/string_escape_bench_test.mbt:101 ("bench String::escape long unicode") ok
time (mean ± σ)         range (min … max) 
   4.65 µs ±  12.33 ns     4.63 µs …   4.66 µs  in 10 ×  21634 runs
[moonbitlang/core] bench builtin/string_escape_bench_test.mbt:106 ("bench StringView::escape long plain view") ok
time (mean ± σ)         range (min … max) 
   3.97 µs ±  18.14 ns     3.94 µs …   3.99 µs  in 10 ×  25117 runs
[moonbitlang/core] bench builtin/string_escape_bench_test.mbt:112 ("bench debug to_string short plain") ok
time (mean ± σ)         range (min … max) 
 381.72 ns ±   1.29 ns   380.37 ns … 383.46 ns  in 10 × 100000 runs
[moonbitlang/core] bench builtin/string_escape_bench_test.mbt:117 ("bench debug to_string prose") ok
time (mean ± σ)         range (min … max) 
 546.98 ns ±   2.99 ns   544.83 ns … 553.22 ns  in 10 × 100000 runs
[moonbitlang/core] bench builtin/string_escape_bench_test.mbt:122 ("bench debug to_string long plain") ok
time (mean ± σ)         range (min … max) 
   7.88 µs ±  10.02 ns     7.86 µs …   7.89 µs  in 10 ×  12591 runs
[moonbitlang/core] bench builtin/string_equal_bench_test.mbt:28 ("bench StringView::equal n=100000 equal") ok
time (mean ± σ)         range (min … max) 
   9.85 µs ±  24.41 ns     9.80 µs …   9.88 µs  in 10 ×  10152 runs
[moonbitlang/core] bench builtin/string_equal_bench_test.mbt:35 ("bench StringView::equal n=100000 mismatch at end") ok
time (mean ± σ)         range (min … max) 
   9.86 µs ±  30.07 ns     9.80 µs …   9.89 µs  in 10 ×  10150 runs
[moonbitlang/core] bench builtin/string_equal_bench_test.mbt:44 ("bench StringView::equal_to_string n=100000 equal") ok
time (mean ± σ)         range (min … max) 
   9.87 µs ±  12.86 ns     9.85 µs …   9.89 µs  in 10 ×  10119 runs
[moonbitlang/core] bench builtin/string_char_set_bench_test.mbt:43 ("bench StringView::contains_any ASCII miss n=100000") ok
time (mean ± σ)         range (min … max) 
  15.71 µs ±  30.28 ns    15.66 µs …  15.76 µs  in 10 ×   6354 runs
[moonbitlang/core] bench builtin/string_char_set_bench_test.mbt:54 ("bench StringView::contains_any ASCII match at end n=100000") ok
time (mean ± σ)         range (min … max) 
  15.72 µs ±  17.46 ns    15.71 µs …  15.75 µs  in 10 ×   6350 runs
[moonbitlang/core] bench builtin/string_char_set_bench_test.mbt:67 ("bench StringView::trim_start ASCII n=100000") ok
time (mean ± σ)         range (min … max) 
  19.42 µs ±  37.80 ns    19.36 µs …  19.48 µs  in 10 ×   5137 runs
[moonbitlang/core] bench builtin/string_char_set_bench_test.mbt:74 ("bench StringView::trim_end ASCII n=100000") ok
time (mean ± σ)         range (min … max) 
  19.43 µs ±  42.38 ns    19.35 µs …  19.48 µs  in 10 ×   5071 runs
[moonbitlang/core] bench builtin/string_char_set_bench_test.mbt:79 ("bench StringView::trim ASCII n=100000") ok
time (mean ± σ)         range (min … max) 
  38.82 µs ±  82.33 ns    38.67 µs …  38.93 µs  in 10 ×   2574 runs
[moonbitlang/core] bench builtin/string_char_set_bench_test.mbt:96 ("bench StringView::trim short inputs") ok
time (mean ± σ)         range (min … max) 
 284.78 ns ±   0.37 ns   284.15 ns … 285.24 ns  in 10 × 100000 runs
[moonbitlang/core] bench builtin/string_char_set_bench_test.mbt:107 ("bench StringView::contains_any short inputs") ok
time (mean ± σ)         range (min … max) 
 151.93 ns ±   0.47 ns   151.08 ns … 152.43 ns  in 10 × 100000 runs
[moonbitlang/core] bench builtin/string_char_length_bench_test.mbt:51 ("bench char_length ascii 8") ok
time (mean ± σ)         range (min … max) 
  23.34 ns ±   0.07 ns    23.28 ns …  23.49 ns  in 10 × 100000 runs
[moonbitlang/core] bench builtin/string_char_length_bench_test.mbt:56 ("bench char_length ascii 16") ok
time (mean ± σ)         range (min … max) 
  19.33 ns ±   0.07 ns    19.25 ns …  19.47 ns  in 10 × 100000 runs
[moonbitlang/core] bench builtin/string_char_length_bench_test.mbt:61 ("bench char_length ascii 100") ok
time (mean ± σ)         range (min … max) 
  31.74 ns ±   0.05 ns    31.69 ns …  31.85 ns  in 10 × 100000 runs
[moonbitlang/core] bench builtin/string_char_length_bench_test.mbt:66 ("bench char_length ascii 4k") ok
time (mean ± σ)         range (min … max) 
 511.32 ns ±   0.68 ns   510.77 ns … 512.73 ns  in 10 × 100000 runs
[moonbitlang/core] bench builtin/string_char_length_bench_test.mbt:71 ("bench char_length ascii 64k") ok
time (mean ± σ)         range (min … max) 
   7.86 µs ±   7.45 ns     7.84 µs …   7.87 µs  in 10 ×  12679 runs
[moonbitlang/core] bench builtin/string_char_length_bench_test.mbt:76 ("bench char_length cjk 4k") ok
time (mean ± σ)         range (min … max) 
 510.97 ns ±   0.49 ns   510.35 ns … 511.58 ns  in 10 × 100000 runs
[moonbitlang/core] bench builtin/string_char_length_bench_test.mbt:81 ("bench char_length emoji 4k") ok
time (mean ± σ)         range (min … max) 
   1.16 µs ±   0.45 ns     1.16 µs …   1.16 µs  in 10 ×  86502 runs
[moonbitlang/core] bench builtin/string_char_length_bench_test.mbt:86 ("bench char_length mixed 4k") ok
time (mean ± σ)         range (min … max) 
 680.61 ns ±   5.35 ns   678.09 ns … 695.74 ns  in 10 × 100000 runs
[moonbitlang/core] bench builtin/string_char_length_bench_test.mbt:91 ("bench StringView::char_length ascii 4k unaligned") ok
time (mean ± σ)         range (min … max) 
 513.16 ns ±   0.24 ns   512.86 ns … 513.50 ns  in 10 × 100000 runs
[moonbitlang/core] bench builtin/string_char_length_bench_test.mbt:97 ("bench char_length_eq ascii 16") ok
time (mean ± σ)         range (min … max) 
  19.96 ns ±   0.05 ns    19.92 ns …  20.03 ns  in 10 × 100000 runs
[moonbitlang/core] bench builtin/string_char_length_bench_test.mbt:102 ("bench char_length_eq ascii 4k") ok
time (mean ± σ)         range (min … max) 
 606.45 ns ±   0.18 ns   606.10 ns … 606.66 ns  in 10 × 100000 runs
[moonbitlang/core] bench builtin/string_char_length_bench_test.mbt:107 ("bench char_length_eq emoji 4k") ok
time (mean ± σ)         range (min … max) 
   1.26 µs ±   2.90 ns     1.26 µs …   1.27 µs  in 10 ×  79143 runs
[moonbitlang/core] bench builtin/string_char_length_bench_test.mbt:112 ("bench char_length_eq mixed 4k") ok
time (mean ± σ)         range (min … max) 
 783.13 ns ±   1.24 ns   780.52 ns … 784.52 ns  in 10 × 100000 runs
[moonbitlang/core] bench builtin/string_char_length_bench_test.mbt:119 ("bench char_length_ge ascii 4k len 3") ok
time (mean ± σ)         range (min … max) 
  18.82 ns ±   0.04 ns    18.77 ns …  18.89 ns  in 10 × 100000 runs
[moonbitlang/core] bench builtin/string_char_length_bench_test.mbt:124 ("bench char_length_ge ascii 4k len 2000") ok
time (mean ± σ)         range (min … max) 
 309.05 ns ±   0.23 ns   308.68 ns … 309.37 ns  in 10 × 100000 runs
[moonbitlang/core] bench builtin/string_char_length_bench_test.mbt:129 ("bench char_length_ge cjk 4k len 4096") ok
time (mean ± σ)         range (min … max) 
 607.57 ns ±   0.63 ns   606.91 ns … 609.03 ns  in 10 × 100000 runs
[moonbitlang/core] bench builtin/string_char_length_bench_test.mbt:134 ("bench char_length_ge emoji 4k len 2048") ok
time (mean ± σ)         range (min … max) 
   1.26 µs ±   0.65 ns     1.26 µs …   1.26 µs  in 10 ×  79251 runs
[moonbitlang/core] bench builtin/sort_bench_test.mbt:21 ("bench Array::sort n=1000") ok
time (mean ± σ)         range (min … max) 
  21.74 µs ± 124.31 ns    21.56 µs …  21.90 µs  in 10 ×   4630 runs
[moonbitlang/core] bench builtin/sort_bench_test.mbt:31 ("bench Array::sort n=100000") ok
time (mean ± σ)         range (min … max) 
   6.23 ms ±  81.59 µs     6.19 ms …   6.46 ms  in 10 ×     17 runs
[moonbitlang/core] bench builtin/sort_bench_test.mbt:41 ("bench Array::sort_by n=10000") ok
time (mean ± σ)         range (min … max) 
 772.27 µs ± 554.35 ns   771.21 µs … 772.95 µs  in 10 ×    130 runs
[moonbitlang/core] bench builtin/range_equal_bench_test.mbt:56 ("bench range_equal StringView== n=4 equal") ok
time (mean ± σ)         range (min … max) 
  17.30 ns ±   0.03 ns    17.26 ns …  17.34 ns  in 10 × 100000 runs
[moonbitlang/core] bench builtin/range_equal_bench_test.mbt:61 ("bench range_equal StringView== n=8 equal") ok
time (mean ± σ)         range (min … max) 
  15.86 ns ±   0.04 ns    15.80 ns …  15.92 ns  in 10 × 100000 runs
[moonbitlang/core] bench builtin/range_equal_bench_test.mbt:66 ("bench range_equal StringView== n=8 mismatch at end") ok
time (mean ± σ)         range (min … max) 
  15.82 ns ±   0.03 ns    15.79 ns …  15.88 ns  in 10 × 100000 runs
[moonbitlang/core] bench builtin/range_equal_bench_test.mbt:71 ("bench range_equal StringView== n=16 equal") ok
time (mean ± σ)         range (min … max) 
  16.13 ns ±   0.03 ns    16.10 ns …  16.17 ns  in 10 × 100000 runs
[moonbitlang/core] bench builtin/range_equal_bench_test.mbt:76 ("bench range_equal StringView== n=16 mismatch at end") ok
time (mean ± σ)         range (min … max) 
  16.16 ns ±   0.05 ns    16.10 ns …  16.25 ns  in 10 × 100000 runs
[moonbitlang/core] bench builtin/range_equal_bench_test.mbt:81 ("bench range_equal StringView== n=15 equal") ok
time (mean ± σ)         range (min … max) 
  16.15 ns ±   0.04 ns    16.09 ns …  16.22 ns  in 10 × 100000 runs
[moonbitlang/core] bench builtin/range_equal_bench_test.mbt:86 ("bench range_equal StringView== n=64 equal") ok
time (mean ± σ)         range (min … max) 
  20.26 ns ±   0.03 ns    20.22 ns …  20.31 ns  in 10 × 100000 runs
[moonbitlang/core] bench builtin/range_equal_bench_test.mbt:91 ("bench range_equal StringView== n=64 mismatch at end") ok
time (mean ± σ)         range (min … max) 
  20.26 ns ±   0.03 ns    20.22 ns …  20.32 ns  in 10 × 100000 runs
[moonbitlang/core] bench builtin/range_equal_bench_test.mbt:96 ("bench range_equal StringView== n=1024 equal") ok
time (mean ± σ)         range (min … max) 
 114.23 ns ±   0.13 ns   114.06 ns … 114.47 ns  in 10 × 100000 runs
[moonbitlang/core] bench builtin/range_equal_bench_test.mbt:101 ("bench range_equal StringView== n=1024 mismatch at end") ok
time (mean ± σ)         range (min … max) 
 114.10 ns ±   0.06 ns   114.03 ns … 114.20 ns  in 10 × 100000 runs
[moonbitlang/core] bench builtin/range_equal_bench_test.mbt:106 ("bench range_equal StringView== n=1024 mismatch at 0") ok
time (mean ± σ)         range (min … max) 
  16.14 ns ±   0.06 ns    16.08 ns …  16.26 ns  in 10 × 100000 runs
[moonbitlang/core] bench builtin/range_equal_bench_test.mbt:111 ("bench range_equal StringView== n=65536 equal") ok
time (mean ± σ)         range (min … max) 
   6.49 µs ±   4.80 ns     6.48 µs …   6.50 µs  in 10 ×  15370 runs
[moonbitlang/core] bench builtin/range_equal_bench_test.mbt:116 ("bench range_equal StringView== n=65536 mismatch at end") ok
time (mean ± σ)         range (min … max) 
   6.49 µs ±  12.46 ns     6.46 µs …   6.50 µs  in 10 ×  15371 runs
[moonbitlang/core] bench builtin/range_equal_bench_test.mbt:121 ("bench range_equal BytesView== n=4 equal") ok
time (mean ± σ)         range (min … max) 
  17.33 ns ±   0.04 ns    17.28 ns …  17.40 ns  in 10 × 100000 runs
[moonbitlang/core] bench builtin/range_equal_bench_test.mbt:126 ("bench range_equal BytesView== n=8 equal") ok
time (mean ± σ)         range (min … max) 
  19.41 ns ±   0.09 ns    19.35 ns …  19.62 ns  in 10 × 100000 runs
[moonbitlang/core] bench builtin/range_equal_bench_test.mbt:131 ("bench range_equal BytesView== n=8 mismatch at end") ok
time (mean ± σ)         range (min … max) 
  18.83 ns ±   0.09 ns    18.77 ns …  19.05 ns  in 10 × 100000 runs
[moonbitlang/core] bench builtin/range_equal_bench_test.mbt:136 ("bench range_equal BytesView== n=16 equal") ok
time (mean ± σ)         range (min … max) 
  15.82 ns ±   0.03 ns    15.79 ns …  15.90 ns  in 10 × 100000 runs
[moonbitlang/core] bench builtin/range_equal_bench_test.mbt:141 ("bench range_equal BytesView== n=16 mismatch at end") ok
time (mean ± σ)         range (min … max) 
  15.83 ns ±   0.03 ns    15.79 ns …  15.88 ns  in 10 × 100000 runs
[moonbitlang/core] bench builtin/range_equal_bench_test.mbt:146 ("bench range_equal BytesView== n=31 equal") ok
time (mean ± σ)         range (min … max) 
  16.31 ns ±   0.52 ns    16.10 ns …  17.77 ns  in 10 × 100000 runs
[moonbitlang/core] bench builtin/range_equal_bench_test.mbt:151 ("bench range_equal BytesView== n=64 equal") ok
time (mean ± σ)         range (min … max) 
  17.63 ns ±   0.09 ns    17.57 ns …  17.85 ns  in 10 × 100000 runs
[moonbitlang/core] bench builtin/range_equal_bench_test.mbt:156 ("bench range_equal BytesView== n=64 mismatch at end") ok
time (mean ± σ)         range (min … max) 
  17.64 ns ±   0.05 ns    17.59 ns …  17.75 ns  in 10 × 100000 runs
[moonbitlang/core] bench builtin/range_equal_bench_test.mbt:161 ("bench range_equal BytesView== n=1024 equal") ok
time (mean ± σ)         range (min … max) 
  63.90 ns ±   0.09 ns    63.77 ns …  64.06 ns  in 10 × 100000 runs
[moonbitlang/core] bench builtin/range_equal_bench_test.mbt:166 ("bench range_equal BytesView== n=1024 mismatch at end") ok
time (mean ± σ)         range (min … max) 
  63.98 ns ±   0.09 ns    63.86 ns …  64.13 ns  in 10 × 100000 runs
[moonbitlang/core] bench builtin/range_equal_bench_test.mbt:171 ("bench range_equal BytesView== n=1024 mismatch at 0") ok
time (mean ± σ)         range (min … max) 
  16.15 ns ±   0.05 ns    16.10 ns …  16.22 ns  in 10 × 100000 runs
[moonbitlang/core] bench builtin/range_equal_bench_test.mbt:176 ("bench range_equal BytesView== n=65536 equal") ok
time (mean ± σ)         range (min … max) 
   3.26 µs ±   5.98 ns     3.25 µs …   3.27 µs  in 10 ×  30982 runs
[moonbitlang/core] bench builtin/range_equal_bench_test.mbt:181 ("bench range_equal BytesView== n=65536 mismatch at end") ok
time (mean ± σ)         range (min … max) 
   3.26 µs ±   9.08 ns     3.24 µs …   3.27 µs  in 10 ×  30600 runs
[moonbitlang/core] bench builtin/range_equal_bench_test.mbt:186 ("bench range_equal StringView::has_prefix prefix=32 hit") ok
time (mean ± σ)         range (min … max) 
  19.99 ns ±   0.04 ns    19.95 ns …  20.07 ns  in 10 × 100000 runs
[moonbitlang/core] bench builtin/range_equal_bench_test.mbt:193 ("bench range_equal StringView::has_prefix prefix=32 miss at end") ok
time (mean ± σ)         range (min … max) 
  20.03 ns ±   0.08 ns    19.95 ns …  20.14 ns  in 10 × 100000 runs
[moonbitlang/core] bench builtin/linked_hash_map_bench_test.mbt:19 ("bench Map::set n=50000") ok
time (mean ± σ)         range (min … max) 
   3.96 ms ±   6.15 µs     3.95 ms …   3.97 ms  in 10 ×     26 runs
[moonbitlang/core] bench builtin/linked_hash_map_bench_test.mbt:30 ("bench Map::get n=50000") ok
time (mean ± σ)         range (min … max) 
   1.23 ms ±   2.14 µs     1.23 ms …   1.24 ms  in 10 ×     82 runs
[moonbitlang/core] bench builtin/linked_hash_map_bench_test.mbt:47 ("bench Map::get miss n=50000") ok
time (mean ± σ)         range (min … max) 
   1.34 ms ±   1.62 µs     1.34 ms …   1.35 ms  in 10 ×     75 runs
[moonbitlang/core] bench builtin/linked_hash_map_bench_test.mbt:67 ("bench Map::set+remove n=50000") ok
time (mean ± σ)         range (min … max) 
   5.63 ms ± 252.09 µs     5.52 ms …   6.33 ms  in 10 ×     19 runs
[moonbitlang/core] bench builtin/linked_hash_map_bench_test.mbt:83 ("bench Map::each n=50000") ok
time (mean ± σ)         range (min … max) 
 141.94 µs ± 173.40 ns   141.78 µs … 142.37 µs  in 10 ×    703 runs
[moonbitlang/core] bench builtin/linked_hash_map_bench_test.mbt:101 ("bench Map::filter n=50000") ok
time (mean ± σ)         range (min … max) 
   1.66 ms ±  33.59 µs     1.64 ms …   1.74 ms  in 10 ×     58 runs
[moonbitlang/core] bench builtin/linked_hash_map_bench_test.mbt:107 ("bench Map comprehension filter n=50000") ok
time (mean ± σ)         range (min … max) 
   4.11 ms ±  20.07 µs     4.08 ms …   4.14 ms  in 10 ×     25 runs
[moonbitlang/core] bench builtin/lexical_compare_bench_test.mbt:42 ("bench lexical_compare equal n=256") ok
time (mean ± σ)         range (min … max) 
  39.95 ns ±   0.18 ns    39.76 ns …  40.26 ns  in 10 × 100000 runs
[moonbitlang/core] bench builtin/lexical_compare_bench_test.mbt:47 ("bench lexical_compare common-prefix n=256") ok
time (mean ± σ)         range (min … max) 
  40.02 ns ±   0.30 ns    39.78 ns …  40.53 ns  in 10 × 100000 runs
[moonbitlang/core] bench builtin/lexical_compare_bench_test.mbt:52 ("bench lexical_compare early-diff n=256") ok
time (mean ± σ)         range (min … max) 
  21.27 ns ±   0.11 ns    21.18 ns …  21.53 ns  in 10 × 100000 runs
[moonbitlang/core] bench builtin/lexical_compare_bench_test.mbt:89 ("bench String::lexical_compare equal n=256") ok
time (mean ± σ)         range (min … max) 
 265.84 ns ±   1.42 ns   262.39 ns … 267.29 ns  in 10 × 100000 runs
[moonbitlang/core] bench builtin/lexical_compare_bench_test.mbt:94 ("bench String::lexical_compare common-prefix n=256") ok
time (mean ± σ)         range (min … max) 
 262.95 ns ±   2.56 ns   258.22 ns … 265.00 ns  in 10 × 100000 runs
[moonbitlang/core] bench builtin/lexical_compare_bench_test.mbt:99 ("bench String::lexical_compare early-diff n=256") ok
time (mean ± σ)         range (min … max) 
  21.62 ns ±   0.13 ns    21.47 ns …  21.84 ns  in 10 × 100000 runs
[moonbitlang/core] bench builtin/lexical_compare_bench_test.mbt:104 ("bench StringView::lexical_compare equal n=256") ok
time (mean ± σ)         range (min … max) 
 267.92 ns ±   0.83 ns   266.86 ns … 269.48 ns  in 10 × 100000 runs
[moonbitlang/core] bench builtin/lexical_compare_bench_test.mbt:109 ("bench StringView::lexical_compare common-prefix n=256") ok
time (mean ± σ)         range (min … max) 
 266.28 ns ±   0.52 ns   265.41 ns … 266.91 ns  in 10 × 100000 runs
[moonbitlang/core] bench builtin/lexical_compare_bench_test.mbt:114 ("bench StringView::lexical_compare early-diff n=256") ok
time (mean ± σ)         range (min … max) 
  18.93 ns ±   0.10 ns    18.86 ns …  19.16 ns  in 10 × 100000 runs
[moonbitlang/core] bench builtin/lexical_compare_bench_test.mbt:121 ("bench String::compare equal-length common-prefix n=256") ok
time (mean ± σ)         range (min … max) 
 210.32 ns ±   0.25 ns   209.85 ns … 210.75 ns  in 10 × 100000 runs
[moonbitlang/core] bench builtin/lexical_compare_bench_test.mbt:128 ("bench StringView::compare equal-length common-prefix n=256") ok
time (mean ± σ)         range (min … max) 
 267.61 ns ±   0.39 ns   267.11 ns … 268.17 ns  in 10 × 100000 runs
[moonbitlang/core] bench builtin/lexical_compare_bench_test.mbt:135 ("bench StringView::compare_ignore_ascii_case common-prefix n=256") ok
time (mean ± σ)         range (min … max) 
 477.68 ns ±  16.43 ns   467.15 ns … 508.71 ns  in 10 × 100000 runs
[moonbitlang/core] bench builtin/contains_code_unit_bench_test.mbt:19 ("bench contains_code_unit absent n=4") ok
time (mean ± σ)         range (min … max) 
  16.50 ns ±   0.04 ns    16.46 ns …  16.59 ns  in 10 × 100000 runs
[moonbitlang/core] bench builtin/contains_code_unit_bench_test.mbt:25 ("bench contains_code_unit absent n=8") ok
time (mean ± σ)         range (min … max) 
  16.19 ns ±   0.07 ns    16.12 ns …  16.30 ns  in 10 × 100000 runs
[moonbitlang/core] bench builtin/contains_code_unit_bench_test.mbt:31 ("bench contains_code_unit present@0 n=8") ok
time (mean ± σ)         range (min … max) 
  15.28 ns ±   0.04 ns    15.23 ns …  15.34 ns  in 10 × 100000 runs
[moonbitlang/core] bench builtin/contains_code_unit_bench_test.mbt:37 ("bench contains_code_unit absent n=16") ok
time (mean ± σ)         range (min … max) 
  17.10 ns ±   0.14 ns    17.00 ns …  17.32 ns  in 10 × 100000 runs
[moonbitlang/core] bench builtin/contains_code_unit_bench_test.mbt:43 ("bench contains_code_unit absent n=64") ok
time (mean ± σ)         range (min … max) 
  20.58 ns ±   0.20 ns    20.08 ns …  20.78 ns  in 10 × 100000 runs
[moonbitlang/core] bench builtin/contains_code_unit_bench_test.mbt:49 ("bench contains_code_unit absent n=256") ok
time (mean ± σ)         range (min … max) 
  35.48 ns ±   0.10 ns    35.37 ns …  35.62 ns  in 10 × 100000 runs
[moonbitlang/core] bench builtin/contains_code_unit_bench_test.mbt:55 ("bench contains_code_unit present@end n=256") ok
time (mean ± σ)         range (min … max) 
  34.33 ns ±   0.08 ns    34.24 ns …  34.49 ns  in 10 × 100000 runs
[moonbitlang/core] bench builtin/contains_code_unit_bench_test.mbt:61 ("bench contains_code_unit present@0 n=256") ok
time (mean ± σ)         range (min … max) 
  15.32 ns ±   0.10 ns    15.22 ns …  15.50 ns  in 10 × 100000 runs
[moonbitlang/core] bench builtin/contains_code_unit_bench_test.mbt:67 ("bench StringView contains_code_unit absent n=256") ok
time (mean ± σ)         range (min … max) 
  35.80 ns ±   0.18 ns    35.68 ns …  36.15 ns  in 10 × 100000 runs
[moonbitlang/core] bench builtin/bytesview_compare_bench_test.mbt:16 ("bench BytesView Compare equal n=1000000") ok
time (mean ± σ)         range (min … max) 
  71.44 µs ±  71.88 ns    71.30 µs …  71.53 µs  in 10 ×   1400 runs
[moonbitlang/core] bench builtin/bytesview_compare_bench_test.mbt:23 ("bench BytesView Compare last-diff n=1000000") ok
time (mean ± σ)         range (min … max) 
  71.41 µs ± 104.20 ns    71.18 µs …  71.51 µs  in 10 ×   1400 runs
[moonbitlang/core] bench builtin/bytes_unsafe_bench_test.mbt:31 ("bench Bytes::unsafe_read_uint16_le n=4096") ok
time (mean ± σ)         range (min … max) 
   2.43 µs ±   1.58 ns     2.42 µs …   2.43 µs  in 10 ×  41172 runs
[moonbitlang/core] bench builtin/bytes_unsafe_bench_test.mbt:43 ("bench Bytes::unsafe_read_uint32_le n=4096") ok
time (mean ± σ)         range (min … max) 
   1.90 µs ±  15.72 ns     1.88 µs …   1.92 µs  in 10 ×  53747 runs
[moonbitlang/core] bench builtin/bytes_unsafe_bench_test.mbt:55 ("bench Bytes::unsafe_read_uint64_le n=4096") ok
time (mean ± σ)         range (min … max) 
   1.63 µs ±   3.68 ns     1.63 µs …   1.64 µs  in 10 ×  60950 runs
[moonbitlang/core] bench builtin/bytes_unsafe_bench_test.mbt:67 ("bench FixedArray::unsafe_write_uint16_le n=4096") ok
time (mean ± σ)         range (min … max) 
   1.53 µs ±   8.04 ns     1.52 µs …   1.55 µs  in 10 ×  64104 runs
[moonbitlang/core] bench builtin/bytes_unsafe_bench_test.mbt:78 ("bench FixedArray::unsafe_write_uint32_le n=4096") ok
time (mean ± σ)         range (min … max) 
   1.53 µs ±   2.30 ns     1.52 µs …   1.53 µs  in 10 ×  65131 runs
[moonbitlang/core] bench builtin/bytes_unsafe_bench_test.mbt:89 ("bench FixedArray::unsafe_write_uint64_le n=4096") ok
time (mean ± σ)         range (min … max) 
   1.55 µs ±   2.79 ns     1.55 µs …   1.56 µs  in 10 ×  64720 runs
[moonbitlang/core] bench builtin/bytes_output_bench_test.mbt:19 ("bench Bytes Show binary n=100000") ok
time (mean ± σ)         range (min … max) 
   1.48 ms ±   1.08 µs     1.48 ms …   1.48 ms  in 10 ×     68 runs
[moonbitlang/core] bench builtin/bytes_output_bench_test.mbt:24 ("bench Bytes ToJson binary n=100000") ok
time (mean ± σ)         range (min … max) 
   1.19 ms ± 838.77 ns     1.19 ms …   1.19 ms  in 10 ×     85 runs
[moonbitlang/core] bench builtin/bytes_hash_bench_test.mbt:54 ("bench Hash::hash(Bytes) n=32") ok
time (mean ± σ)         range (min … max) 
  21.79 ns ±   0.08 ns    21.69 ns …  21.96 ns  in 10 × 100000 runs
[moonbitlang/core] bench builtin/bytes_hash_bench_test.mbt:60 ("bench Hash::hash(Bytes) n=8192") ok
time (mean ± σ)         range (min … max) 
   4.43 µs ±  11.48 ns     4.42 µs …   4.46 µs  in 10 ×  22546 runs
[moonbitlang/core] bench builtin/bytes_hash_bench_test.mbt:66 ("bench Map::at Bytes n=1024 key_bytes=32") ok
time (mean ± σ)         range (min … max) 
  29.37 µs ± 109.14 ns    29.22 µs …  29.52 µs  in 10 ×   3374 runs
[moonbitlang/core] bench builtin/bytes_from_array_bench_test.mbt:30 ("bench Bytes::from_array n=262144 full") ok
time (mean ± σ)         range (min … max) 
   4.15 µs ± 123.25 ns     4.09 µs …   4.49 µs  in 10 ×  24597 runs
[moonbitlang/core] bench builtin/bytes_from_array_bench_test.mbt:41 ("bench Bytes::from_array n=262144 sliced") ok
time (mean ± σ)         range (min … max) 
   4.12 µs ±  52.61 ns     4.00 µs …   4.22 µs  in 10 ×  26422 runs
[moonbitlang/core] bench builtin/bytes_from_array_bench_test.mbt:48 ("bench Bytes::makei from ArrayView n=262144 full") ok
time (mean ± σ)         range (min … max) 
 938.85 µs ±   1.07 µs   937.86 µs … 940.82 µs  in 10 ×    107 runs
[moonbitlang/core] bench builtin/bytes_from_array_bench_test.mbt:59 ("bench Bytes::makei from ArrayView n=262144 sliced") ok
time (mean ± σ)         range (min … max) 
 939.43 µs ± 487.82 ns   938.49 µs … 940.23 µs  in 10 ×    107 runs
[moonbitlang/core] bench builtin/bytes_equal_bench_test.mbt:37 ("bench Bytes::equal n=100000 equal") ok
time (mean ± σ)         range (min … max) 
   4.77 µs ±   2.26 ns     4.76 µs …   4.77 µs  in 10 ×  21017 runs
[moonbitlang/core] bench builtin/bytes_equal_bench_test.mbt:44 ("bench Bytes::equal n=100000 aliased object") ok
time (mean ± σ)         range (min … max) 
  15.15 ns ±   0.19 ns    14.66 ns …  15.34 ns  in 10 × 100000 runs
[moonbitlang/core] bench builtin/bytes_equal_bench_test.mbt:54 ("bench Bytes::equal n=100000 mismatch at end") ok
time (mean ± σ)         range (min … max) 
   4.77 µs ±   4.83 ns     4.76 µs …   4.78 µs  in 10 ×  21003 runs
[moonbitlang/core] bench builtin/bytes_add_bench_test.mbt:16 ("bench Bytes add total=1000000") ok
time (mean ± σ)         range (min … max) 
  16.28 µs ± 114.55 ns    16.20 µs …  16.58 µs  in 10 ×   5993 runs
[moonbitlang/core] bench builtin/bitstring_uint_aligned_bench_test.mbt:24 ("bench Bytes::unsafe_extract_uint_le_aligned n=8192") ok
time (mean ± σ)         range (min … max) 
 958.39 ns ±   0.84 ns   957.11 ns … 959.23 ns  in 10 × 100000 runs
[moonbitlang/core] bench builtin/bitstring_uint64_aligned_bench_test.mbt:24 ("bench Bytes::unsafe_extract_uint64_le_aligned n=8192") ok
time (mean ± σ)         range (min … max) 
 524.90 ns ±   0.15 ns   524.69 ns … 525.21 ns  in 10 × 100000 runs
[moonbitlang/core] bench builtin/bitstring_extract_bench_test.mbt:35 ("bench BytesView uint_le aligned len=32") ok
time (mean ± σ)         range (min … max) 
   1.52 µs ±   2.87 ns     1.52 µs …   1.52 µs  in 10 ×  65778 runs
[moonbitlang/core] bench builtin/bitstring_extract_bench_test.mbt:48 ("bench BytesView uint_be aligned len=32") ok
time (mean ± σ)         range (min … max) 
   2.27 µs ±  34.93 ns     2.20 µs …   2.30 µs  in 10 ×  45431 runs
[moonbitlang/core] bench builtin/bitstring_extract_bench_test.mbt:61 ("bench ArrayView uint_le aligned len=32") ok
time (mean ± σ)         range (min … max) 
   1.52 µs ±   2.61 ns     1.52 µs …   1.52 µs  in 10 ×  65621 runs
[moonbitlang/core] bench builtin/bitstring_extract_bench_test.mbt:75 ("bench ArrayView uint_be aligned len=32") ok
time (mean ± σ)         range (min … max) 
   2.29 µs ±  17.01 ns     2.25 µs …   2.31 µs  in 10 ×  44691 runs
[moonbitlang/core] bench builtin/bitstring_extract_bench_test.mbt:89 ("bench BytesView uint64_le aligned len=64") ok
time (mean ± σ)         range (min … max) 
 770.24 ns ±   1.65 ns   767.32 ns … 771.70 ns  in 10 × 100000 runs
[moonbitlang/core] bench builtin/bitstring_extract_bench_test.mbt:102 ("bench BytesView uint64_be aligned len=64") ok
time (mean ± σ)         range (min … max) 
   1.72 µs ±  18.85 ns     1.70 µs …   1.76 µs  in 10 ×  57649 runs
[moonbitlang/core] bench builtin/bitstring_extract_bench_test.mbt:115 ("bench ArrayView uint64_le aligned len=64") ok
time (mean ± σ)         range (min … max) 
 771.29 ns ±   0.65 ns   770.72 ns … 772.77 ns  in 10 × 100000 runs
[moonbitlang/core] bench builtin/bitstring_extract_bench_test.mbt:129 ("bench ArrayView uint64_be aligned len=64") ok
time (mean ± σ)         range (min … max) 
   1.74 µs ±  75.48 ns     1.70 µs …   1.95 µs  in 10 ×  56595 runs
[moonbitlang/core] bench builtin/bitstring_extract_bench_test.mbt:143 ("bench BytesView uint_le unaligned len=32") ok
time (mean ± σ)         range (min … max) 
  22.28 µs ±  17.58 ns    22.24 µs …  22.29 µs  in 10 ×   4487 runs
[moonbitlang/core] bench builtin/bitstring_extract_bench_test.mbt:156 ("bench BytesView uint64_le unaligned len=64") ok
time (mean ± σ)         range (min … max) 
  17.76 µs ±  18.47 ns    17.73 µs …  17.80 µs  in 10 ×   5632 runs
[moonbitlang/core] bench builtin/bitstring_extract_bench_test.mbt:169 ("bench BytesView uint_le aligned len=16") ok
time (mean ± σ)         range (min … max) 
   3.03 µs ±   3.02 ns     3.02 µs …   3.03 µs  in 10 ×  33065 runs
[moonbitlang/core] bench builtin/bitstring_extract_bench_test.mbt:182 ("bench BytesView uint_le aligned len=24") ok
time (mean ± σ)         range (min … max) 
  16.87 µs ±   4.26 ns    16.87 µs …  16.88 µs  in 10 ×   5927 runs
[moonbitlang/core] bench builtin/array_retain_bench_test.mbt:29 ("bench Array::retain all keep Int n=100000") ok
time (mean ± σ)         range (min … max) 
 177.01 µs ±   1.02 µs   176.13 µs … 178.58 µs  in 10 ×    567 runs
[moonbitlang/core] bench builtin/array_retain_bench_test.mbt:42 ("bench Array::retain all keep Ref n=100000") ok
time (mean ± σ)         range (min … max) 
 190.05 µs ±   1.69 µs   186.70 µs … 191.52 µs  in 10 ×    530 runs
[moonbitlang/core] bench builtin/array_retain_bench_test.mbt:55 ("bench Array::retain drop tail n=100000") ok
time (mean ± σ)         range (min … max) 
  95.36 µs ±   1.58 µs    93.51 µs …  98.58 µs  in 10 ×   1054 runs
[moonbitlang/core] bench builtin/array_retain_bench_test.mbt:66 ("bench Array::retain late sparse drop n=100000") ok
time (mean ± σ)         range (min … max) 
 122.11 µs ±   2.10 µs   118.66 µs … 124.20 µs  in 10 ×    807 runs
[moonbitlang/core] bench builtin/array_retain_bench_test.mbt:77 ("bench Array::retain drop first n=100000") ok
time (mean ± σ)         range (min … max) 
 124.87 µs ±  53.62 ns   124.80 µs … 124.98 µs  in 10 ×    802 runs
[moonbitlang/core] bench builtin/array_make_blit_bench_test.mbt:32 ("bench FixedArray::copy Ref n=1000000") ok
time (mean ± σ)         range (min … max) 
   2.01 ms ±   1.04 µs     2.01 ms …   2.01 ms  in 10 ×     50 runs
[moonbitlang/core] bench builtin/array_make_blit_bench_test.mbt:38 ("bench Array::from_fixed_array Ref n=1000000") ok
time (mean ± σ)         range (min … max) 
   2.01 ms ± 753.10 ns     2.01 ms …   2.01 ms  in 10 ×     50 runs
[moonbitlang/core] bench builtin/array_make_blit_bench_test.mbt:44 ("bench Array::add Ref n=500000+500000") ok
time (mean ± σ)         range (min … max) 
   3.79 ms ±   5.64 µs     3.78 ms …   3.80 ms  in 10 ×     27 runs
[moonbitlang/core] bench builtin/array_make_blit_bench_test.mbt:51 ("bench ArrayView::add Ref n=500000+500000") ok
time (mean ± σ)         range (min … max) 
   3.95 ms ±   2.85 µs     3.94 ms …   3.95 ms  in 10 ×     26 runs
[moonbitlang/core] bench builtin/array_make_blit_bench_test.mbt:60 ("bench Array::blit_to Ref n=1000000 overwrite") ok
time (mean ± σ)         range (min … max) 
   3.04 ms ±   3.55 µs     3.03 ms …   3.04 ms  in 10 ×     33 runs
[moonbitlang/core] bench builtin/array_make_blit_bench_test.mbt:70 ("bench Array::blit_to Ref n=1000000 grow") ok
time (mean ± σ)         range (min … max) 
   4.91 ms ± 106.50 µs     4.87 ms …   5.21 ms  in 10 ×     21 runs
[moonbitlang/core] bench builtin/array_make_blit_bench_test.mbt:80 ("bench ArrayView::blit_to Ref n=1000000 overwrite") ok
time (mean ± σ)         range (min … max) 
   3.03 ms ±   1.62 µs     3.03 ms …   3.04 ms  in 10 ×     33 runs
[moonbitlang/core] bench builtin/array_make_blit_bench_test.mbt:90 ("bench ArrayView::blit_to Ref n=1000000 grow") ok
time (mean ± σ)         range (min … max) 
   4.61 ms ±  13.88 µs     4.59 ms …   4.63 ms  in 10 ×     22 runs
[moonbitlang/core] bench builtin/array_make_blit_bench_test.mbt:100 ("bench Array::append Ref n=1000000 grow") ok
time (mean ± σ)         range (min … max) 
   4.61 ms ±  10.34 µs     4.60 ms …   4.63 ms  in 10 ×     22 runs
[moonbitlang/core] bench builtin/array_make_blit_bench_test.mbt:110 ("bench Array::push Ref n=1000000 resize") ok
time (mean ± σ)         range (min … max) 
   4.16 ms ±  12.58 µs     4.15 ms …   4.19 ms  in 10 ×     24 runs
[moonbitlang/core] bench builtin/array_make_blit_bench_test.mbt:129 ("bench Array::copy Int n=1000000") ok
time (mean ± σ)         range (min … max) 
  64.94 µs ±   2.38 µs    63.97 µs …  71.70 µs  in 10 ×   1543 runs
[moonbitlang/core] bench builtin/array_make_blit_bench_test.mbt:135 ("bench Array::copy Ref n=1000000") ok
time (mean ± σ)         range (min … max) 
   4.62 ms ±   6.21 µs     4.61 ms …   4.63 ms  in 10 ×     22 runs
[moonbitlang/core] bench builtin/array_locals_bench_test.mbt:29 ("bench Array::retain_map n=100000") ok
time (mean ± σ)         range (min … max) 
 158.43 µs ±   6.96 µs   154.33 µs … 177.28 µs  in 10 ×    648 runs
[moonbitlang/core] bench builtin/array_locals_bench_test.mbt:38 ("bench Array::shuffle_in_place n=100000") ok
time (mean ± σ)         range (min … max) 
 220.49 µs ±  76.21 ns   220.41 µs … 220.62 µs  in 10 ×    454 runs
[moonbitlang/core] bench builtin/array_locals_bench_test.mbt:50 ("bench Array::filter_map n=100000") ok
time (mean ± σ)         range (min … max) 
 158.70 µs ± 138.51 ns   158.58 µs … 158.96 µs  in 10 ×    630 runs
[moonbitlang/core] bench builtin/array_locals_bench_test.mbt:58 ("bench FixedArray::each n=100000") ok
time (mean ± σ)         range (min … max) 
 172.45 µs ±  97.26 ns   172.30 µs … 172.54 µs  in 10 ×    581 runs
[moonbitlang/core] bench builtin/array_locals_bench_test.mbt:68 ("bench FixedArray::eachi n=100000") ok
time (mean ± σ)         range (min … max) 
 172.76 µs ± 580.24 ns   172.36 µs … 174.09 µs  in 10 ×    580 runs
[moonbitlang/core] bench builtin/array_locals_bench_test.mbt:78 ("bench FixedArray::rev_each n=100000") ok
time (mean ± σ)         range (min … max) 
 172.54 µs ± 314.54 ns   172.12 µs … 173.07 µs  in 10 ×    579 runs
[moonbitlang/core] bench builtin/array_locals_bench_test.mbt:88 ("bench FixedArray::rev_eachi n=100000") ok
time (mean ± σ)         range (min … max) 
 172.12 µs ± 112.98 ns   172.02 µs … 172.35 µs  in 10 ×    582 runs
[moonbitlang/core] bench builtin/array_locals_bench_test.mbt:98 ("bench FixedArray::map n=100000") ok
time (mean ± σ)         range (min … max) 
 114.76 µs ± 639.34 ns   113.79 µs … 115.54 µs  in 10 ×    874 runs
[moonbitlang/core] bench builtin/array_locals_bench_test.mbt:104 ("bench FixedArray::mapi n=100000") ok
time (mean ± σ)         range (min … max) 
  67.65 µs ±   2.27 µs    65.31 µs …  72.71 µs  in 10 ×   1516 runs
[moonbitlang/core] bench builtin/array_locals_bench_test.mbt:110 ("bench FixedArray::makei n=100000") ok
time (mean ± σ)         range (min … max) 
  93.27 µs ± 353.18 ns    92.87 µs …  93.99 µs  in 10 ×   1063 runs
[moonbitlang/core] bench builtin/array_locals_bench_test.mbt:115 ("bench FixedArray::fold n=100000") ok
time (mean ± σ)         range (min … max) 
  58.36 µs ±   1.15 µs    56.51 µs …  59.58 µs  in 10 ×   1738 runs
[moonbitlang/core] bench builtin/array_locals_bench_test.mbt:121 ("bench FixedArray::rev_fold n=100000") ok
time (mean ± σ)         range (min … max) 
  57.66 µs ± 624.16 ns    57.25 µs …  58.98 µs  in 10 ×   1749 runs
[moonbitlang/core] bench builtin/array_locals_bench_test.mbt:127 ("bench FixedArray::foldi n=100000") ok
time (mean ± σ)         range (min … max) 
  63.98 µs ± 697.17 ns    62.82 µs …  64.58 µs  in 10 ×   1553 runs
[moonbitlang/core] bench builtin/array_locals_bench_test.mbt:133 ("bench FixedArray::rev_foldi n=100000") ok
time (mean ± σ)         range (min … max) 
  64.40 µs ±  33.26 ns    64.37 µs …  64.47 µs  in 10 ×   1550 runs
[moonbitlang/core] bench builtin/array_locals_bench_test.mbt:139 ("bench ArrayView::chunk_by n=100000") ok
time (mean ± σ)         range (min … max) 
  90.57 µs ± 424.45 ns    90.08 µs …  91.24 µs  in 10 ×   1101 runs
[moonbitlang/core] bench builtin/array_locals_bench_test.mbt:146 ("bench ArrayView::each n=100000") ok
time (mean ± σ)         range (min … max) 
 177.49 µs ±   5.70 µs   173.49 µs … 187.79 µs  in 10 ×    579 runs
[moonbitlang/core] bench builtin/array_locals_bench_test.mbt:157 ("bench ArrayView::eachi n=100000") ok
time (mean ± σ)         range (min … max) 
 173.56 µs ± 321.20 ns   173.05 µs … 174.14 µs  in 10 ×    577 runs
[moonbitlang/core] bench builtin/array_locals_bench_test.mbt:168 ("bench ArrayView::rev_each n=100000") ok
time (mean ± σ)         range (min … max) 
 178.43 µs ±   1.10 µs   177.69 µs … 180.40 µs  in 10 ×    556 runs
[moonbitlang/core] bench builtin/array_locals_bench_test.mbt:179 ("bench ArrayView::rev_eachi n=100000") ok
time (mean ± σ)         range (min … max) 
 179.38 µs ± 168.23 ns   179.17 µs … 179.62 µs  in 10 ×    561 runs
[moonbitlang/core] bench builtin/array_locals_bench_test.mbt:190 ("bench ArrayView::all n=100000") ok
time (mean ± σ)         range (min … max) 
  64.11 µs ±   1.03 µs    62.74 µs …  65.99 µs  in 10 ×   1520 runs
[moonbitlang/core] bench builtin/array_locals_bench_test.mbt:197 ("bench ArrayView::any n=100000") ok
time (mean ± σ)         range (min … max) 
  64.33 µs ±   1.37 µs    62.33 µs …  65.78 µs  in 10 ×   1517 runs
[moonbitlang/core] bench builtin/array_locals_bench_test.mbt:204 ("bench ArrayView::search_by n=100000") ok
time (mean ± σ)         range (min … max) 
  69.78 µs ±   2.52 µs    67.16 µs …  72.54 µs  in 10 ×   1381 runs
[moonbitlang/core] bench builtin/array_locals_bench_test.mbt:213 ("bench ArrayView::fold n=100000") ok
time (mean ± σ)         range (min … max) 
  62.61 µs ±   1.49 µs    60.51 µs …  64.28 µs  in 10 ×   1567 runs
[moonbitlang/core] bench builtin/array_locals_bench_test.mbt:220 ("bench ArrayView::rev_fold n=100000") ok
time (mean ± σ)         range (min … max) 
  61.06 µs ± 932.67 ns    60.29 µs …  63.50 µs  in 10 ×   1633 runs
[moonbitlang/core] bench builtin/array_locals_bench_test.mbt:227 ("bench ArrayView::foldi n=100000") ok
time (mean ± σ)         range (min … max) 
  64.39 µs ± 469.58 ns    63.82 µs …  65.00 µs  in 10 ×   1568 runs
[moonbitlang/core] bench builtin/array_locals_bench_test.mbt:234 ("bench ArrayView::rev_foldi n=100000") ok
time (mean ± σ)         range (min … max) 
  73.50 µs ± 971.33 ns    72.03 µs …  74.42 µs  in 10 ×   1386 runs
[moonbitlang/core] bench builtin/array_locals_bench_test.mbt:241 ("bench ArrayView::map n=100000") ok
time (mean ± σ)         range (min … max) 
  93.12 µs ± 177.15 ns    92.90 µs …  93.39 µs  in 10 ×   1074 runs
[moonbitlang/core] bench builtin/array_locals_bench_test.mbt:248 ("bench ArrayView::mapi n=100000") ok
time (mean ± σ)         range (min … max) 
  94.96 µs ± 140.35 ns    94.68 µs …  95.12 µs  in 10 ×   1052 runs
[moonbitlang/core] bench builtin/array_locals_bench_test.mbt:255 ("bench ArrayView::filter n=100000") ok
time (mean ± σ)         range (min … max) 
 143.31 µs ± 181.46 ns   143.05 µs … 143.63 µs  in 10 ×    698 runs
[moonbitlang/core] bench builtin/array_locals_bench_test.mbt:262 ("bench ArrayView::filter_map n=100000") ok
time (mean ± σ)         range (min … max) 
 163.64 µs ± 281.30 ns   163.29 µs … 164.07 µs  in 10 ×    613 runs
[moonbitlang/core] bench bytes/find_bench_test.mbt:92 ("bench BytesView::find single byte hit end n=4096") ok
time (mean ± σ)         range (min … max) 
 339.81 ns ±   1.26 ns   337.35 ns … 340.50 ns  in 10 × 100000 runs
[moonbitlang/core] bench bytes/find_bench_test.mbt:99 ("bench BytesView::find single byte miss n=4096") ok
time (mean ± σ)         range (min … max) 
 352.52 ns ±  33.43 ns   332.73 ns … 419.58 ns  in 10 × 100000 runs
[moonbitlang/core] bench bytes/find_bench_test.mbt:106 ("bench BytesView::find substring rare hit end n=4096") ok
time (mean ± σ)         range (min … max) 
 443.21 ns ±   1.46 ns   439.50 ns … 444.81 ns  in 10 × 100000 runs
[moonbitlang/core] bench bytes/find_bench_test.mbt:113 ("bench BytesView::find substring dense miss n=4096") ok
time (mean ± σ)         range (min … max) 
 455.40 ns ±   1.34 ns   453.74 ns … 458.83 ns  in 10 × 100000 runs
[moonbitlang/core] bench bytes/find_bench_test.mbt:120 ("bench BytesView::find offset view rare hit end n=4096") ok
time (mean ± σ)         range (min … max) 
 437.97 ns ±   0.46 ns   437.61 ns … 439.22 ns  in 10 × 100000 runs
[moonbitlang/core] bench bytes/find_bench_test.mbt:127 ("bench BytesView::find long dense miss n=4096") ok
time (mean ± σ)         range (min … max) 
   5.09 µs ±   3.30 ns     5.08 µs …   5.09 µs  in 10 ×  19648 runs
[moonbitlang/core] bench bytes/find_bench_test.mbt:134 ("bench BytesView::find single byte miss n=32") ok
time (mean ± σ)         range (min … max) 
  20.04 ns ±   0.03 ns    20.02 ns …  20.12 ns  in 10 × 100000 runs
[moonbitlang/core] bench bytes/find_bench_test.mbt:141 ("bench BytesView::find substring miss n=32") ok
time (mean ± σ)         range (min … max) 
  31.35 ns ±   0.10 ns    31.28 ns …  31.58 ns  in 10 × 100000 runs
[moonbitlang/core] bench bytes/find_bench_test.mbt:148 ("bench BytesView::rev_find single byte hit start n=4096") ok
time (mean ± σ)         range (min … max) 
 319.62 ns ±   0.09 ns   319.51 ns … 319.75 ns  in 10 × 100000 runs
[moonbitlang/core] bench bytes/find_bench_test.mbt:155 ("bench BytesView::rev_find single byte miss n=4096") ok
time (mean ± σ)         range (min … max) 
 314.83 ns ±   0.82 ns   313.81 ns … 317.03 ns  in 10 × 100000 runs
[moonbitlang/core] bench bytes/find_bench_test.mbt:162 ("bench BytesView::rev_find substring rare hit start n=4096") ok
time (mean ± σ)         range (min … max) 
 437.21 ns ±   0.26 ns   437.06 ns … 437.91 ns  in 10 × 100000 runs
[moonbitlang/core] bench bytes/find_bench_test.mbt:169 ("bench BytesView::rev_find substring dense miss n=4096") ok
time (mean ± σ)         range (min … max) 
 435.56 ns ±   0.36 ns   434.64 ns … 436.00 ns  in 10 × 100000 runs
[moonbitlang/core] bench bytes/find_bench_test.mbt:176 ("bench BytesView::rev_find offset view rare hit start n=4096") ok
time (mean ± σ)         range (min … max) 
 439.11 ns ±   2.35 ns   437.22 ns … 443.20 ns  in 10 × 100000 runs
[moonbitlang/core] bench bytes/find_bench_test.mbt:185 ("bench BytesView::rev_find long dense miss n=4096") ok
time (mean ± σ)         range (min … max) 
 433.16 ns ±   0.10 ns   433.00 ns … 433.31 ns  in 10 × 100000 runs
[moonbitlang/core] bench debug/debug_inspect_bench_test.mbt:16 ("bench debug_inspect passing Int") ok
time (mean ± σ)         range (min … max) 
 286.71 ns ±   0.08 ns   286.60 ns … 286.83 ns  in 10 × 100000 runs
[moonbitlang/core] bench debug/debug_inspect_bench_test.mbt:21 ("bench debug_inspect passing Array") ok
time (mean ± σ)         range (min … max) 
   3.06 µs ±  28.05 ns     3.04 µs …   3.12 µs  in 10 ×  32685 runs
[moonbitlang/core] bench deque/deque_bench_test.mbt:22 ("bench Deque::to_array Int n=50000") ok
time (mean ± σ)         range (min … max) 
 152.59 µs ± 124.06 ns   152.37 µs … 152.82 µs  in 10 ×    656 runs
[moonbitlang/core] bench deque/deque_bench_test.mbt:28 ("bench Deque::to_array Ref n=50000") ok
time (mean ± σ)         range (min … max) 
 356.27 µs ±   2.84 µs   353.47 µs … 360.05 µs  in 10 ×    283 runs
[moonbitlang/core] bench deque/deque_bench_test.mbt:34 ("bench Deque steady-state pop_front/push_back x100000 len=1000") ok
time (mean ± σ)         range (min … max) 
 681.18 µs ± 713.13 ns   680.24 µs … 682.90 µs  in 10 ×    147 runs
[moonbitlang/core] bench deque/deque_bench_test.mbt:51 ("bench Deque steady-state push_front/pop_back x100000 len=1000") ok
time (mean ± σ)         range (min … max) 
 793.64 µs ± 297.00 ns   793.01 µs … 794.16 µs  in 10 ×    127 runs
[moonbitlang/core] bench deque/deque_bench_test.mbt:67 ("bench Deque::get x100000 len=1000") ok
time (mean ± σ)         range (min … max) 
 611.45 µs ±   4.02 µs   608.96 µs … 619.27 µs  in 10 ×    164 runs
[moonbitlang/core] bench encoding/ascii/ascii_bench_test.mbt:40 ("bench ASCII decode n=15") ok
time (mean ± σ)         range (min … max) 
  47.15 ns ±   0.04 ns    47.11 ns …  47.19 ns  in 10 × 100000 runs
[moonbitlang/core] bench encoding/ascii/ascii_bench_test.mbt:46 ("bench ASCII decode n=16") ok
time (mean ± σ)         range (min … max) 
  46.56 ns ±   0.04 ns    46.51 ns …  46.65 ns  in 10 × 100000 runs
[moonbitlang/core] bench encoding/ascii/ascii_bench_test.mbt:52 ("bench ASCII decode n=32") ok
time (mean ± σ)         range (min … max) 
  59.60 ns ±   0.16 ns    59.49 ns …  60.03 ns  in 10 × 100000 runs
[moonbitlang/core] bench encoding/ascii/ascii_bench_test.mbt:58 ("bench ASCII decode n=64") ok
time (mean ± σ)         range (min … max) 
  52.59 ns ±   0.04 ns    52.55 ns …  52.65 ns  in 10 × 100000 runs
[moonbitlang/core] bench encoding/ascii/ascii_bench_test.mbt:64 ("bench ASCII decode n=100000") ok
time (mean ± σ)         range (min … max) 
  17.85 µs ±  67.60 ns    17.76 µs …  17.95 µs  in 10 ×   4498 runs
[moonbitlang/core] bench encoding/ascii/ascii_bench_test.mbt:70 ("bench ASCII decode n=1000000") ok
time (mean ± σ)         range (min … max) 
 177.52 µs ±   5.03 µs   175.30 µs … 191.23 µs  in 10 ×    558 runs
[moonbitlang/core] bench encoding/base64/v128_bench_wbtest.mbt:38 ("bench encode scalar n=64") ok
time (mean ± σ)         range (min … max) 
 592.21 ns ±   1.11 ns   591.31 ns … 594.70 ns  in 10 × 100000 runs
[moonbitlang/core] bench encoding/base64/v128_bench_wbtest.mbt:43 ("bench encode v128 n=64") ok
time (mean ± σ)         range (min … max) 
 126.61 ns ±   0.06 ns   126.55 ns … 126.71 ns  in 10 × 100000 runs
[moonbitlang/core] bench encoding/base64/v128_bench_wbtest.mbt:48 ("bench encode scalar n=1024") ok
time (mean ± σ)         range (min … max) 
   7.66 µs ±  54.21 ns     7.60 µs …   7.72 µs  in 10 ×  13024 runs
[moonbitlang/core] bench encoding/base64/v128_bench_wbtest.mbt:53 ("bench encode v128 n=1024") ok
time (mean ± σ)         range (min … max) 
 826.61 ns ±   1.41 ns   823.07 ns … 827.91 ns  in 10 × 100000 runs
[moonbitlang/core] bench encoding/base64/v128_bench_wbtest.mbt:58 ("bench encode scalar n=65536") ok
time (mean ± σ)         range (min … max) 
 484.06 µs ± 317.80 ns   483.79 µs … 484.59 µs  in 10 ×    208 runs
[moonbitlang/core] bench encoding/base64/v128_bench_wbtest.mbt:63 ("bench encode v128 n=65536") ok
time (mean ± σ)         range (min … max) 
  55.01 µs ±  50.32 ns    54.92 µs …  55.08 µs  in 10 ×   1848 runs
[moonbitlang/core] bench encoding/base64/v128_bench_wbtest.mbt:68 ("bench decode scalar n=64") ok
time (mean ± σ)         range (min … max) 
 537.48 ns ±   1.00 ns   536.59 ns … 539.39 ns  in 10 × 100000 runs
[moonbitlang/core] bench encoding/base64/v128_bench_wbtest.mbt:75 ("bench decode v128 n=64") ok
time (mean ± σ)         range (min … max) 
 155.15 ns ±   0.51 ns   154.11 ns … 155.58 ns  in 10 × 100000 runs
[moonbitlang/core] bench encoding/base64/v128_bench_wbtest.mbt:80 ("bench decode scalar n=1024") ok
time (mean ± σ)         range (min … max) 
   7.55 µs ±  65.32 ns     7.46 µs …   7.69 µs  in 10 ×  12719 runs
[moonbitlang/core] bench encoding/base64/v128_bench_wbtest.mbt:87 ("bench decode v128 n=1024") ok
time (mean ± σ)         range (min … max) 
 554.71 ns ±   3.64 ns   550.58 ns … 562.01 ns  in 10 × 100000 runs
[moonbitlang/core] bench encoding/base64/v128_bench_wbtest.mbt:92 ("bench decode scalar n=65536") ok
time (mean ± σ)         range (min … max) 
 854.03 µs ±   2.11 µs   851.71 µs … 856.74 µs  in 10 ×    118 runs
[moonbitlang/core] bench encoding/base64/v128_bench_wbtest.mbt:99 ("bench decode v128 n=65536") ok
time (mean ± σ)         range (min … max) 
  26.89 µs ±  34.61 ns    26.84 µs …  26.95 µs  in 10 ×   3714 runs
[moonbitlang/core] bench encoding/hex/v128_bench_wbtest.mbt:34 ("bench encode scalar 4k") ok
time (mean ± σ)         range (min … max) 
  35.62 µs ± 218.95 ns    35.44 µs …  35.95 µs  in 10 ×   2783 runs
[moonbitlang/core] bench encoding/hex/v128_bench_wbtest.mbt:39 ("bench encode public 64") ok
time (mean ± σ)         range (min … max) 
  84.06 ns ±   0.06 ns    83.91 ns …  84.12 ns  in 10 × 100000 runs
[moonbitlang/core] bench encoding/hex/v128_bench_wbtest.mbt:44 ("bench encode public 4k") ok
time (mean ± σ)         range (min … max) 
   1.06 µs ±  22.86 ns     1.04 µs …   1.09 µs  in 10 ×  93085 runs
[moonbitlang/core] bench encoding/hex/v128_bench_wbtest.mbt:49 ("bench encode public 64k") ok
time (mean ± σ)         range (min … max) 
  16.43 µs ±  75.42 ns    16.35 µs …  16.54 µs  in 10 ×   6063 runs
[moonbitlang/core] bench encoding/hex/v128_bench_wbtest.mbt:54 ("bench decode scalar 4k") ok
time (mean ± σ)         range (min … max) 
  22.55 µs ±   1.57 µs    21.27 µs …  25.65 µs  in 10 ×   4010 runs
[moonbitlang/core] bench encoding/hex/v128_bench_wbtest.mbt:62 ("bench decode public 4k") ok
time (mean ± σ)         range (min … max) 
   1.39 µs ±   2.41 ns     1.39 µs …   1.40 µs  in 10 ×  71761 runs
[moonbitlang/core] bench encoding/hex/v128_bench_wbtest.mbt:70 ("bench decode public 64k") ok
time (mean ± σ)         range (min … max) 
  21.61 µs ±  40.23 ns    21.51 µs …  21.65 µs  in 10 ×   4633 runs
[moonbitlang/core] bench encoding/utf16/utf16_v128_bench_test.mbt:57 ("bench utf16 encode ASCII LE n=100000") ok
time (mean ± σ)         range (min … max) 
 175.64 µs ± 213.71 ns   175.40 µs … 176.14 µs  in 10 ×    570 runs
[moonbitlang/core] bench encoding/utf16/utf16_v128_bench_test.mbt:63 ("bench utf16 encode ASCII BE n=100000") ok
time (mean ± σ)         range (min … max) 
 187.48 µs ± 657.68 ns   186.54 µs … 188.26 µs  in 10 ×    537 runs
[moonbitlang/core] bench encoding/utf16/utf16_v128_bench_test.mbt:69 ("bench utf16 encode mixed LE n=100000") ok
time (mean ± σ)         range (min … max) 
 173.77 µs ±  82.65 ns   173.60 µs … 173.88 µs  in 10 ×    576 runs
[moonbitlang/core] bench encoding/utf16/utf16_v128_bench_test.mbt:75 ("bench utf16 encode mixed BE n=100000") ok
time (mean ± σ)         range (min … max) 
 185.73 µs ± 935.76 ns   184.78 µs … 186.87 µs  in 10 ×    542 runs
[moonbitlang/core] bench encoding/utf16/utf16_v128_bench_test.mbt:81 ("bench utf16 decode ASCII LE n=100000") ok
time (mean ± σ)         range (min … max) 
  19.89 µs ±  33.49 ns    19.85 µs …  19.94 µs  in 10 ×   5010 runs
[moonbitlang/core] bench encoding/utf16/utf16_v128_bench_test.mbt:87 ("bench utf16 decode ASCII BE n=100000") ok
time (mean ± σ)         range (min … max) 
  35.27 µs ± 152.75 ns    35.13 µs …  35.54 µs  in 10 ×   2842 runs
[moonbitlang/core] bench encoding/utf16/utf16_v128_bench_test.mbt:95 ("bench utf16 decode mixed LE n=100000") ok
time (mean ± σ)         range (min … max) 
  20.03 µs ± 339.29 ns    19.85 µs …  20.94 µs  in 10 ×   5024 runs
[moonbitlang/core] bench encoding/utf16/utf16_v128_bench_test.mbt:101 ("bench utf16 decode mixed BE n=100000") ok
time (mean ± σ)         range (min … max) 
  35.17 µs ±  36.43 ns    35.12 µs …  35.22 µs  in 10 ×   2841 runs
[moonbitlang/core] bench encoding/utf16/utf16_v128_bench_test.mbt:109 ("bench utf16 decode emoji LE n=100000") ok
time (mean ± σ)         range (min … max) 
 580.18 µs ±   2.93 µs   572.53 µs … 582.43 µs  in 10 ×    172 runs
[moonbitlang/core] bench encoding/utf16/utf16_v128_bench_test.mbt:115 ("bench utf16 decode emoji BE n=100000") ok
time (mean ± σ)         range (min … max) 
 600.43 µs ±   4.71 µs   594.20 µs … 605.41 µs  in 10 ×    168 runs
[moonbitlang/core] bench hashmap/hashmap_bench_test.mbt:19 ("bench HashMap::set n=50000") ok
time (mean ± σ)         range (min … max) 
   3.21 ms ±   7.50 µs     3.20 ms …   3.22 ms  in 10 ×     32 runs
[moonbitlang/core] bench hashmap/hashmap_bench_test.mbt:30 ("bench HashMap::get n=50000") ok
time (mean ± σ)         range (min … max) 
 564.07 µs ± 311.33 ns   563.75 µs … 564.58 µs  in 10 ×    178 runs
[moonbitlang/core] bench hashmap/hashmap_bench_test.mbt:47 ("bench HashMap::get miss n=50000") ok
time (mean ± σ)         range (min … max) 
 703.47 µs ± 418.16 ns   702.83 µs … 704.04 µs  in 10 ×    142 runs
[moonbitlang/core] bench hashmap/hashmap_bench_test.mbt:67 ("bench HashMap::set+remove n=50000") ok
time (mean ± σ)         range (min … max) 
   3.64 ms ±  27.59 µs     3.62 ms …   3.71 ms  in 10 ×     28 runs
[moonbitlang/core] bench hashmap/hashmap_bench_test.mbt:87 ("bench HashMap::copy+remove n=50000") ok
time (mean ± σ)         range (min … max) 
   2.23 ms ±   6.67 µs     2.22 ms …   2.24 ms  in 10 ×     45 runs
[moonbitlang/core] bench hashmap/hashmap_bench_test.mbt:102 ("bench HashMap::copy n=50000") ok
time (mean ± σ)         range (min … max) 
   1.75 ms ±   2.22 µs     1.75 ms …   1.76 ms  in 10 ×     58 runs
[moonbitlang/core] bench hashmap/hashmap_bench_test.mbt:114 ("bench HashMap::to_array Int n=50000") ok
time (mean ± σ)         range (min … max) 
   1.19 ms ±   1.71 µs     1.19 ms …   1.20 ms  in 10 ×     84 runs
[moonbitlang/core] bench hashmap/hashmap_bench_test.mbt:123 ("bench HashMap::to_array Ref n=50000") ok
time (mean ± σ)         range (min … max) 
   1.33 ms ±  10.34 µs     1.32 ms …   1.35 ms  in 10 ×     76 runs
[moonbitlang/core] bench hashmap/hashmap_bench_test.mbt:141 ("bench HashMap::filter n=50000") ok
time (mean ± σ)         range (min … max) 
   1.69 ms ±   1.47 µs     1.69 ms …   1.69 ms  in 10 ×     60 runs
[moonbitlang/core] bench hashmap/hashmap_bench_test.mbt:147 ("bench HashMap comprehension filter n=50000") ok
time (mean ± σ)         range (min … max) 
   4.18 ms ±  14.18 µs     4.14 ms …   4.19 ms  in 10 ×     24 runs
[moonbitlang/core] bench hashset/set_algebra_bench_test.mbt:26 ("bench HashSet::union String 10k 50% overlap") ok
time (mean ± σ)         range (min … max) 
   1.08 ms ±   1.24 µs     1.08 ms …   1.08 ms  in 10 ×     93 runs
[moonbitlang/core] bench hashset/set_algebra_bench_test.mbt:33 ("bench HashSet::union Int 10k 50% overlap") ok
time (mean ± σ)         range (min … max) 
 951.40 µs ±   9.25 µs   944.89 µs … 971.08 µs  in 10 ×    106 runs
[moonbitlang/core] bench hashset/set_algebra_bench_test.mbt:40 ("bench HashSet::intersection String 10k 50% overlap") ok
time (mean ± σ)         range (min … max) 
 600.64 µs ± 867.00 ns   599.55 µs … 602.54 µs  in 10 ×    166 runs
[moonbitlang/core] bench hashset/set_algebra_bench_test.mbt:47 ("bench HashSet::difference String 10k 50% overlap") ok
time (mean ± σ)         range (min … max) 
 558.03 µs ±   1.93 µs   555.85 µs … 561.45 µs  in 10 ×    180 runs
[moonbitlang/core] bench hashset/set_algebra_bench_test.mbt:54 ("bench HashSet::is_subset String 10k true") ok
time (mean ± σ)         range (min … max) 
 206.08 µs ± 925.12 ns   205.01 µs … 207.11 µs  in 10 ×    483 runs
[moonbitlang/core] bench hashset/set_algebra_bench_test.mbt:61 ("bench HashSet == String 10k") ok
time (mean ± σ)         range (min … max) 
 207.15 µs ±   1.84 µs   205.18 µs … 209.41 µs  in 10 ×    489 runs
[moonbitlang/core] bench hashset/set_algebra_bench_test.mbt:68 ("bench HashSet == Int 10k") ok
time (mean ± σ)         range (min … max) 
 119.22 µs ±   4.33 µs   116.40 µs … 125.64 µs  in 10 ×    861 runs
[moonbitlang/core] bench hashset/hashset_bench_test.mbt:19 ("bench HashSet::add n=50000") ok
time (mean ± σ)         range (min … max) 
   3.25 ms ±   6.08 µs     3.24 ms …   3.26 ms  in 10 ×     31 runs
[moonbitlang/core] bench hashset/hashset_bench_test.mbt:30 ("bench HashSet::contains n=50000") ok
time (mean ± σ)         range (min … max) 
   1.21 ms ±   5.06 µs     1.21 ms …   1.22 ms  in 10 ×     83 runs
[moonbitlang/core] bench hashset/hashset_bench_test.mbt:56 ("bench HashSet::filter n=50000") ok
time (mean ± σ)         range (min … max) 
 848.38 µs ±  52.30 µs   828.96 µs … 996.66 µs  in 10 ×    121 runs
[moonbitlang/core] bench hashset/hashset_bench_test.mbt:62 ("bench HashSet comprehension filter n=50000") ok
time (mean ± σ)         range (min … max) 
   1.59 ms ±   2.60 µs     1.58 ms …   1.59 ms  in 10 ×     64 runs
[moonbitlang/core] bench immut/hashmap/update_bench_test.mbt:21 ("bench HashMap::remove absent x1000 n=100000") ok
time (mean ± σ)         range (min … max) 
  47.55 µs ±  34.99 ns    47.53 µs …  47.65 µs  in 10 ×   2103 runs
[moonbitlang/core] bench immut/hashmap/update_bench_test.mbt:32 ("bench HashMap::remove present x1000 n=100000") ok
time (mean ± σ)         range (min … max) 
 737.57 µs ±   1.11 µs   735.74 µs … 738.86 µs  in 10 ×    137 runs
[moonbitlang/core] bench immut/hashmap/update_bench_test.mbt:43 ("bench HashMap::union with a derived version n=100000") ok
time (mean ± σ)         range (min … max) 
   1.29 µs ±   3.35 ns     1.29 µs …   1.30 µs  in 10 ×  77451 runs
[moonbitlang/core] bench immut/hashmap/update_bench_test.mbt:49 ("bench HashMap::intersection with a derived version n=100000") ok
time (mean ± σ)         range (min … max) 
   1.63 µs ±   0.51 ns     1.63 µs …   1.63 µs  in 10 ×  61217 runs
[moonbitlang/core] bench immut/hashmap/hashmap_build_bench_test.mbt:37 ("bench HashMap constructor ordered n=10000") ok
time (mean ± σ)         range (min … max) 
   2.45 ms ±   1.46 µs     2.44 ms …   2.45 ms  in 10 ×     41 runs
[moonbitlang/core] bench immut/hashmap/hashmap_build_bench_test.mbt:43 ("bench HashMap constructor random n=10000") ok
time (mean ± σ)         range (min … max) 
   2.48 ms ±  94.57 µs     2.44 ms …   2.74 ms  in 10 ×     41 runs
[moonbitlang/core] bench immut/hashmap/hashmap_build_bench_test.mbt:49 ("bench HashMap::from_iter random n=10000") ok
time (mean ± σ)         range (min … max) 
   2.51 ms ±  20.63 µs     2.50 ms …   2.55 ms  in 10 ×     40 runs
[moonbitlang/core] bench immut/hashset/update_bench_test.mbt:21 ("bench HashSet::add existing x1000 n=100000") ok
time (mean ± σ)         range (min … max) 
  59.03 µs ± 476.30 ns    58.57 µs …  59.64 µs  in 10 ×   1701 runs
[moonbitlang/core] bench immut/hashset/update_bench_test.mbt:32 ("bench HashSet::remove absent x1000 n=100000") ok
time (mean ± σ)         range (min … max) 
  47.27 µs ±  34.72 ns    47.24 µs …  47.35 µs  in 10 ×   2116 runs
[moonbitlang/core] bench immut/hashset/update_bench_test.mbt:43 ("bench HashSet::add new x1000 n=100000") ok
time (mean ± σ)         range (min … max) 
 714.87 µs ± 713.46 ns   714.22 µs … 715.93 µs  in 10 ×    140 runs
[moonbitlang/core] bench immut/hashset/update_bench_test.mbt:54 ("bench HashSet::union with a derived version n=100000") ok
time (mean ± σ)         range (min … max) 
   1.29 µs ±   3.17 ns     1.28 µs …   1.29 µs  in 10 ×  77594 runs
[moonbitlang/core] bench immut/hashset/hashset_build_bench_test.mbt:34 ("bench HashSet constructor ordered n=10000") ok
time (mean ± σ)         range (min … max) 
   2.44 ms ±   1.82 µs     2.43 ms …   2.44 ms  in 10 ×     42 runs
[moonbitlang/core] bench immut/hashset/hashset_build_bench_test.mbt:40 ("bench HashSet constructor random n=10000") ok
time (mean ± σ)         range (min … max) 
   2.43 ms ±   1.30 µs     2.42 ms …   2.43 ms  in 10 ×     42 runs
[moonbitlang/core] bench immut/hashset/hashset_build_bench_test.mbt:46 ("bench HashSet::from_iter random n=10000") ok
time (mean ± σ)         range (min … max) 
   2.48 ms ±   1.18 µs     2.47 ms …   2.48 ms  in 10 ×     41 runs
[moonbitlang/core] bench immut/priority_queue/priority_queue_build_bench_test.mbt:38 ("bench PriorityQueue::from_array ordered n=10000") ok
time (mean ± σ)         range (min … max) 
 174.37 µs ± 219.04 ns   174.15 µs … 174.72 µs  in 10 ×    573 runs
[moonbitlang/core] bench immut/priority_queue/priority_queue_build_bench_test.mbt:44 ("bench PriorityQueue::from_array reverse n=10000") ok
time (mean ± σ)         range (min … max) 
 161.91 µs ± 133.67 ns   161.77 µs … 162.18 µs  in 10 ×    617 runs
[moonbitlang/core] bench immut/priority_queue/priority_queue_build_bench_test.mbt:50 ("bench PriorityQueue::from_array random n=10000") ok
time (mean ± σ)         range (min … max) 
 175.21 µs ± 921.08 ns   174.11 µs … 176.14 µs  in 10 ×    568 runs
[moonbitlang/core] bench immut/priority_queue/priority_queue_build_bench_test.mbt:56 ("bench PriorityQueue::from_iter random n=10000") ok
time (mean ± σ)         range (min … max) 
 231.96 µs ± 621.76 ns   231.18 µs … 232.59 µs  in 10 ×    433 runs
[moonbitlang/core] bench immut/sorted_map/sorted_map_build_bench_test.mbt:54 ("bench SortedMap constructor reverse n=10000") ok
time (mean ± σ)         range (min … max) 
 258.29 µs ± 209.09 ns   257.94 µs … 258.57 µs  in 10 ×    391 runs
[moonbitlang/core] bench immut/sorted_map/sorted_map_build_bench_test.mbt:60 ("bench SortedMap::from_iter ordered n=10000") ok
time (mean ± σ)         range (min … max) 
   6.89 ms ±  33.40 µs     6.82 ms …   6.93 ms  in 10 ×     15 runs
[moonbitlang/core] bench immut/sorted_map/sorted_map_build_bench_test.mbt:66 ("bench SortedMap::from_iter almost ordered n=10000") ok
time (mean ± σ)         range (min … max) 
   6.91 ms ±  64.56 µs     6.82 ms …   7.01 ms  in 10 ×     15 runs
[moonbitlang/core] bench immut/sorted_map/sorted_map_build_bench_test.mbt:72 ("bench SortedMap::from_iter random n=10000") ok
time (mean ± σ)         range (min … max) 
   4.44 ms ±   2.63 µs     4.44 ms …   4.45 ms  in 10 ×     23 runs
[moonbitlang/core] bench immut/sorted_map/sorted_map_build_bench_test.mbt:78 ("bench SortedMap constructor ordered n=10000") ok
time (mean ± σ)         range (min … max) 
 273.47 µs ± 349.72 ns   272.99 µs … 274.00 µs  in 10 ×    368 runs
[moonbitlang/core] bench immut/sorted_map/sorted_map_build_bench_test.mbt:84 ("bench SortedMap constructor almost ordered n=10000") ok
time (mean ± σ)         range (min … max) 
 652.43 µs ±   1.07 µs   651.25 µs … 653.97 µs  in 10 ×    154 runs
[moonbitlang/core] bench immut/sorted_map/sorted_map_build_bench_test.mbt:90 ("bench SortedMap constructor random n=10000") ok
time (mean ± σ)         range (min … max) 
   2.22 ms ±   7.17 µs     2.21 ms …   2.23 ms  in 10 ×     46 runs
[moonbitlang/core] bench immut/sorted_map/merge_bench_test.mbt:29 ("bench merge disjoint n=1000") ok
time (mean ± σ)         range (min … max) 
   8.76 µs ±  29.63 ns     8.71 µs …   8.79 µs  in 10 ×  11409 runs
[moonbitlang/core] bench immut/sorted_map/merge_bench_test.mbt:36 ("bench merge disjoint n=5000") ok
time (mean ± σ)         range (min … max) 
  13.15 µs ±  45.39 ns    13.08 µs …  13.20 µs  in 10 ×   7618 runs
[moonbitlang/core] bench immut/sorted_map/merge_bench_test.mbt:43 ("bench merge disjoint n=10000") ok
time (mean ± σ)         range (min … max) 
  15.49 µs ± 115.82 ns    15.42 µs …  15.76 µs  in 10 ×   6470 runs
[moonbitlang/core] bench immut/sorted_map/merge_bench_test.mbt:50 ("bench merge overlapping 50% n=1000") ok
time (mean ± σ)         range (min … max) 
  30.41 µs ± 610.85 ns    29.92 µs …  32.11 µs  in 10 ×   3331 runs
[moonbitlang/core] bench immut/sorted_map/merge_bench_test.mbt:57 ("bench merge overlapping 50% n=5000") ok
time (mean ± σ)         range (min … max) 
 146.10 µs ±   1.07 µs   145.06 µs … 148.11 µs  in 10 ×    687 runs
[moonbitlang/core] bench immut/sorted_map/merge_bench_test.mbt:64 ("bench merge overlapping 50% n=10000") ok
time (mean ± σ)         range (min … max) 
 246.74 µs ± 185.79 ns   246.51 µs … 247.03 µs  in 10 ×    406 runs
[moonbitlang/core] bench immut/sorted_map/merge_bench_test.mbt:71 ("bench merge identical n=1000") ok
time (mean ± σ)         range (min … max) 
  40.91 µs ±  47.79 ns    40.87 µs …  41.03 µs  in 10 ×   2448 runs
[moonbitlang/core] bench immut/sorted_map/merge_bench_test.mbt:78 ("bench merge identical n=5000") ok
time (mean ± σ)         range (min … max) 
 210.30 µs ± 207.48 ns   210.15 µs … 210.82 µs  in 10 ×    476 runs
[moonbitlang/core] bench immut/sorted_map/merge_bench_test.mbt:85 ("bench merge interleaved n=1000") ok
time (mean ± σ)         range (min … max) 
 152.08 µs ±  82.12 ns   151.98 µs … 152.23 µs  in 10 ×    659 runs
[moonbitlang/core] bench immut/sorted_map/merge_bench_test.mbt:92 ("bench merge interleaved n=5000") ok
time (mean ± σ)         range (min … max) 
 767.74 µs ± 745.91 ns   767.08 µs … 769.09 µs  in 10 ×    131 runs
[moonbitlang/core] bench immut/sorted_map/merge_bench_test.mbt:99 ("bench merge small into large n=100+10000") ok
time (mean ± σ)         range (min … max) 
  11.81 µs ± 489.22 ns    11.55 µs …  12.82 µs  in 10 ×   8638 runs
[moonbitlang/core] bench immut/sorted_set/sorted_set_build_bench_test.mbt:51 ("bench SortedSet constructor reverse n=10000") ok
time (mean ± σ)         range (min … max) 
 241.63 µs ±  65.52 ns   241.52 µs … 241.72 µs  in 10 ×    415 runs
[moonbitlang/core] bench immut/sorted_set/sorted_set_build_bench_test.mbt:57 ("bench SortedSet::from_iter ordered n=10000") ok
time (mean ± σ)         range (min … max) 
   6.65 ms ±  22.13 µs     6.60 ms …   6.67 ms  in 10 ×     16 runs
[moonbitlang/core] bench immut/sorted_set/sorted_set_build_bench_test.mbt:63 ("bench SortedSet::from_iter almost ordered n=10000") ok
time (mean ± σ)         range (min … max) 
   6.65 ms ±  17.91 µs     6.61 ms …   6.68 ms  in 10 ×     16 runs
[moonbitlang/core] bench immut/sorted_set/sorted_set_build_bench_test.mbt:69 ("bench SortedSet::from_iter rev almost ordered n=10000") ok
time (mean ± σ)         range (min … max) 
   7.45 ms ±  29.03 µs     7.39 ms …   7.48 ms  in 10 ×     14 runs
[moonbitlang/core] bench immut/sorted_set/sorted_set_build_bench_test.mbt:75 ("bench SortedSet::from_iter random n=10000") ok
time (mean ± σ)         range (min … max) 
   4.35 ms ±   6.15 µs     4.34 ms …   4.36 ms  in 10 ×     23 runs
[moonbitlang/core] bench immut/sorted_set/sorted_set_build_bench_test.mbt:81 ("bench SortedSet constructor ordered n=10000") ok
time (mean ± σ)         range (min … max) 
 256.76 µs ±  98.41 ns   256.60 µs … 256.90 µs  in 10 ×    390 runs
[moonbitlang/core] bench immut/sorted_set/sorted_set_build_bench_test.mbt:87 ("bench SortedSet constructor almost ordered n=10000") ok
time (mean ± σ)         range (min … max) 
 285.86 µs ± 218.61 ns   285.64 µs … 286.26 µs  in 10 ×    350 runs
[moonbitlang/core] bench immut/sorted_set/sorted_set_build_bench_test.mbt:93 ("bench SortedSet constructor random n=10000") ok
time (mean ± σ)         range (min … max) 
 628.88 µs ±  18.86 µs   621.18 µs … 681.49 µs  in 10 ×    160 runs
[moonbitlang/core] bench immut/vector/vector_iter_bench_test.mbt:24 ("bench Vector::iter fold n=100000") ok
time (mean ± σ)         range (min … max) 
 780.58 µs ± 774.98 ns   779.57 µs … 782.47 µs  in 10 ×    129 runs
[moonbitlang/core] bench immut/vector/vector_iter_bench_test.mbt:30 ("bench Vector::iter each n=100000") ok
time (mean ± σ)         range (min … max) 
 816.36 µs ± 899.80 ns   814.89 µs … 817.60 µs  in 10 ×    123 runs
[moonbitlang/core] bench immut/vector/vector_iter_bench_test.mbt:40 ("bench Vector::iter to_array n=100000") ok
time (mean ± σ)         range (min … max) 
 928.91 µs ± 521.46 ns   928.29 µs … 929.81 µs  in 10 ×    109 runs
[moonbitlang/core] bench immut/vector/vector_iter_bench_test.mbt:46 ("bench Vector::for-in n=100000") ok
time (mean ± σ)         range (min … max) 
 772.39 µs ± 282.63 ns   772.03 µs … 772.98 µs  in 10 ×    131 runs
[moonbitlang/core] bench immut/vector/vector_contains_bench_test.mbt:24 ("bench Vector::contains missing n=100000") ok
time (mean ± σ)         range (min … max) 
  61.03 µs ± 124.18 ns    60.80 µs …  61.12 µs  in 10 ×   1640 runs
[moonbitlang/core] bench immut/vector/vector_contains_bench_test.mbt:30 ("bench Vector::contains tree-end n=100000") ok
time (mean ± σ)         range (min … max) 
  61.06 µs ±  42.90 ns    60.97 µs …  61.12 µs  in 10 ×   1637 runs
[moonbitlang/core] bench immut/vector/vector_contains_bench_test.mbt:36 ("bench Vector::contains tail-end n=100000") ok
time (mean ± σ)         range (min … max) 
  61.15 µs ± 119.34 ns    61.06 µs …  61.39 µs  in 10 ×   1630 runs
[moonbitlang/core] bench internal/strconv/parse_double_bench_test.mbt:48 ("bench parse_double fast digits n=4096") ok
time (mean ± σ)         range (min … max) 
 465.07 µs ±   6.65 µs   460.59 µs … 482.98 µs  in 10 ×    216 runs
[moonbitlang/core] bench internal/strconv/parse_double_bench_test.mbt:55 ("bench parse_double underscores n=4096") ok
time (mean ± σ)         range (min … max) 
 592.04 µs ±   4.28 µs   589.29 µs … 603.71 µs  in 10 ×    168 runs
[moonbitlang/core] bench internal/strconv/parse_double_bench_test.mbt:62 ("bench parse_double long mantissa n=4096") ok
time (mean ± σ)         range (min … max) 
 661.54 µs ± 307.53 ns   661.08 µs … 662.01 µs  in 10 ×    152 runs
[moonbitlang/core] bench json/stringify_indent_bench_test.mbt:45 ("bench Json::stringify deep wide indent=2 n=10000") ok
time (mean ± σ)         range (min … max) 
 568.72 µs ± 608.46 ns   567.63 µs … 569.56 µs  in 10 ×    178 runs
[moonbitlang/core] bench json/stringify_indent_bench_test.mbt:54 ("bench Json::stringify compact n=10000") ok
time (mean ± σ)         range (min … max) 
 387.90 µs ±   2.51 µs   385.91 µs … 392.12 µs  in 10 ×    262 runs
[moonbitlang/core] bench json/stringify_indent_bench_test.mbt:60 ("bench Json::stringify shallow wide indent=2 n=500") ok
time (mean ± σ)         range (min … max) 
 369.54 µs ± 538.77 ns   368.73 µs … 370.63 µs  in 10 ×    273 runs
[moonbitlang/core] bench json/stringify_indent_bench_test.mbt:66 ("bench Json::stringify shallow wide compact n=500") ok
time (mean ± σ)         range (min … max) 
 307.51 µs ± 162.61 ns   307.29 µs … 307.72 µs  in 10 ×    318 runs
[moonbitlang/core] bench json/stringify_escape_bench_test.mbt:24 ("bench Json::stringify strings no escape n=2048") ok
time (mean ± σ)         range (min … max) 
  97.50 µs ±   2.23 µs    96.38 µs … 103.24 µs  in 10 ×   1035 runs
[moonbitlang/core] bench json/stringify_escape_bench_test.mbt:30 ("bench Json::stringify strings slash no escape n=2048") ok
time (mean ± σ)         range (min … max) 
  96.46 µs ±  84.78 ns    96.40 µs …  96.67 µs  in 10 ×   1036 runs
[moonbitlang/core] bench json/stringify_escape_bench_test.mbt:36 ("bench Json::stringify strings slash escaped n=2048") ok
time (mean ± σ)         range (min … max) 
 274.74 µs ± 106.29 ns   274.64 µs … 274.98 µs  in 10 ×    365 runs
[moonbitlang/core] bench json/stringify_escape_bench_test.mbt:42 ("bench Json::stringify strings quotes controls n=2048") ok
time (mean ± σ)         range (min … max) 
 234.19 µs ±  88.38 ns   234.06 µs … 234.34 µs  in 10 ×    427 runs
[moonbitlang/core] bench json/stringify_escape_bench_test.mbt:48 ("bench Json::stringify 2KB prose one newline n=64") ok
time (mean ± σ)         range (min … max) 
 271.47 µs ± 365.77 ns   270.53 µs … 271.85 µs  in 10 ×    369 runs
[moonbitlang/core] bench json/parse_bench_test.mbt:45 ("bench json parse mixed object array n=1000") ok
time (mean ± σ)         range (min … max) 
   2.18 ms ±   4.84 µs     2.17 ms …   2.19 ms  in 10 ×     46 runs
[moonbitlang/core] bench json/number_bench_test.mbt:64 ("bench json parse int array n=10000") ok
time (mean ± σ)         range (min … max) 
   1.06 ms ±   1.06 µs     1.06 ms …   1.06 ms  in 10 ×     95 runs
[moonbitlang/core] bench json/number_bench_test.mbt:70 ("bench json parse float array n=10000") ok
time (mean ± σ)         range (min … max) 
   1.42 ms ±   1.55 µs     1.41 ms …   1.42 ms  in 10 ×     71 runs
[moonbitlang/core] bench json/number_bench_test.mbt:76 ("bench json parse long mantissa array n=10000") ok
time (mean ± σ)         range (min … max) 
   2.17 ms ±   9.78 µs     2.16 ms …   2.19 ms  in 10 ×     40 runs
[moonbitlang/core] bench json/json_inspect_bench_test.mbt:16 ("bench json_inspect passing Int") ok
time (mean ± σ)         range (min … max) 
 306.92 ns ±   0.20 ns   306.70 ns … 307.24 ns  in 10 × 100000 runs
[moonbitlang/core] bench lazy_list/concat_bench_test.mbt:40 ("bench LazyList build and traverse n=2048") ok
time (mean ± σ)         range (min … max) 
 198.05 µs ± 110.17 ns   197.87 µs … 198.19 µs  in 10 ×    505 runs
[moonbitlang/core] bench lazy_list/concat_bench_test.mbt:49 ("bench LazyList re-traverse a forced list n=2048") ok
time (mean ± σ)         range (min … max) 
  52.36 µs ±  26.95 ns    52.33 µs …  52.40 µs  in 10 ×   1902 runs
[moonbitlang/core] bench lazy_list/concat_bench_test.mbt:57 ("bench LazyList left-nested concat, build only n=2048") ok
time (mean ± σ)         range (min … max) 
 420.86 µs ± 387.87 ns   420.42 µs … 421.30 µs  in 10 ×    238 runs
[moonbitlang/core] bench lazy_list/concat_bench_test.mbt:62 ("bench LazyList left-nested concat, build and traverse n=2048") ok
time (mean ± σ)         range (min … max) 
 738.84 µs ±   1.30 µs   737.42 µs … 740.15 µs  in 10 ×    136 runs
[moonbitlang/core] bench lazy_list/concat_bench_test.mbt:69 ("bench LazyList concat while consuming n=2048") ok
time (mean ± σ)         range (min … max) 
 725.13 µs ± 628.89 ns   724.56 µs … 726.18 µs  in 10 ×    139 runs
[moonbitlang/core] bench lexbuf/lexbuf_bench_test.mbt:47 ("bench Lexbuf retained token chunks=10000 size=1") ok
time (mean ± σ)         range (min … max) 
 654.41 µs ± 483.93 ns   653.75 µs … 655.38 µs  in 10 ×    153 runs
[moonbitlang/core] bench lexbuf/lexbuf_bench_test.mbt:52 ("bench Lexbuf retained token chunks=1250 size=8") ok
time (mean ± σ)         range (min … max) 
 145.30 µs ±   4.49 µs   141.60 µs … 156.47 µs  in 10 ×    702 runs
[moonbitlang/core] bench lexbuf/lexbuf_bench_test.mbt:57 ("bench Lexbuf retained token chunks=157 size=64") ok
time (mean ± σ)         range (min … max) 
  72.66 µs ± 111.40 ns    72.48 µs …  72.79 µs  in 10 ×   1368 runs
[moonbitlang/core] bench lexbuf/lexbuf_bench_test.mbt:62 ("bench Lexbuf retained token chunks=20 size=512") ok
time (mean ± σ)         range (min … max) 
  66.83 µs ± 140.64 ns    66.69 µs …  67.04 µs  in 10 ×   1492 runs
[moonbitlang/core] bench quickcheck/shrink_collection_bench_test.mbt:16 ("bench shrink Array first candidate size=10000") ok
time (mean ± σ)         range (min … max) 
 494.33 ns ±   0.24 ns   493.92 ns … 494.65 ns  in 10 × 100000 runs
[moonbitlang/core] bench quickcheck/shrink_collection_bench_test.mbt:22 ("bench shrink List first candidate size=10000") ok
time (mean ± σ)         range (min … max) 
 407.49 µs ± 444.25 ns   406.70 µs … 407.97 µs  in 10 ×    246 runs
[moonbitlang/core] bench quickcheck/generator_bench_test.mbt:16 ("bench Generator::zip_with n=1000000") ok
time (mean ± σ)         range (min … max) 
  24.51 ms ±  15.49 µs    24.49 ms …  24.54 ms  in 10 ×      5 runs
[moonbitlang/core] bench quickcheck/arbitrary_string_bench_test.mbt:16 ("bench Arbitrary String size=10000 count=100") ok
time (mean ± σ)         range (min … max) 
   6.59 ms ±   4.45 µs     6.58 ms …   6.60 ms  in 10 ×     16 runs
[moonbitlang/core] bench random/random_test.mbt:409 ("bench random") ok
time (mean ± σ)         range (min … max) 
  48.04 ms ± 369.04 µs    47.77 ms …  49.02 ms  in 10 ×      3 runs
[moonbitlang/core] bench set/set_algebra_bench_test.mbt:26 ("bench Set::union String 10k 50% overlap") ok
time (mean ± σ)         range (min … max) 
   1.02 ms ±   1.68 µs     1.02 ms …   1.02 ms  in 10 ×     99 runs
[moonbitlang/core] bench set/set_algebra_bench_test.mbt:33 ("bench Set::union Int 10k 50% overlap") ok
time (mean ± σ)         range (min … max) 
 853.13 µs ±   1.05 µs   852.03 µs … 855.28 µs  in 10 ×    118 runs
[moonbitlang/core] bench set/set_algebra_bench_test.mbt:40 ("bench Set::intersection String 10k 50% overlap") ok
time (mean ± σ)         range (min … max) 
 572.47 µs ±   1.17 µs   570.66 µs … 574.10 µs  in 10 ×    176 runs
[moonbitlang/core] bench set/set_algebra_bench_test.mbt:47 ("bench Set::difference String 10k 50% overlap") ok
time (mean ± σ)         range (min … max) 
 569.16 µs ± 619.13 ns   568.45 µs … 570.12 µs  in 10 ×    176 runs
[moonbitlang/core] bench set/set_algebra_bench_test.mbt:54 ("bench Set::is_subset String 10k true") ok
time (mean ± σ)         range (min … max) 
 220.37 µs ± 191.70 ns   220.11 µs … 220.81 µs  in 10 ×    455 runs
[moonbitlang/core] bench set/set_algebra_bench_test.mbt:61 ("bench Set == String 10k") ok
time (mean ± σ)         range (min … max) 
 221.11 µs ± 800.61 ns   220.12 µs … 222.19 µs  in 10 ×    453 runs
[moonbitlang/core] bench set/set_algebra_bench_test.mbt:68 ("bench Set == Int 10k") ok
time (mean ± σ)         range (min … max) 
 145.39 µs ± 363.75 ns   144.69 µs … 145.79 µs  in 10 ×    683 runs
[moonbitlang/core] bench set/linked_hash_set_bench_test.mbt:19 ("bench Set::add n=50000") ok
time (mean ± σ)         range (min … max) 
   4.04 ms ± 169.83 µs     3.95 ms …   4.39 ms  in 10 ×     26 runs
[moonbitlang/core] bench set/linked_hash_set_bench_test.mbt:30 ("bench Set::contains n=50000") ok
time (mean ± σ)         range (min … max) 
   1.23 ms ±   3.78 µs     1.23 ms …   1.24 ms  in 10 ×     82 runs
[moonbitlang/core] bench set/linked_hash_set_bench_test.mbt:47 ("bench Set::contains miss n=50000") ok
time (mean ± σ)         range (min … max) 
   1.34 ms ± 779.58 ns     1.34 ms …   1.34 ms  in 10 ×     75 runs
[moonbitlang/core] bench set/linked_hash_set_bench_test.mbt:67 ("bench Set::add+remove n=50000") ok
time (mean ± σ)         range (min … max) 
   5.55 ms ±   7.12 µs     5.54 ms …   5.56 ms  in 10 ×     19 runs
[moonbitlang/core] bench set/linked_hash_set_bench_test.mbt:86 ("bench Set::filter n=50000") ok
time (mean ± σ)         range (min … max) 
 722.86 µs ± 741.55 ns   722.32 µs … 724.66 µs  in 10 ×    139 runs
[moonbitlang/core] bench set/linked_hash_set_bench_test.mbt:92 ("bench Set comprehension filter n=50000") ok
time (mean ± σ)         range (min … max) 
   1.41 ms ±   2.67 µs     1.41 ms …   1.42 ms  in 10 ×     71 runs
[moonbitlang/core] bench sorted_set/sorted_set_bench_test.mbt:22 ("bench SortedSet::to_array Int n=50000") ok
time (mean ± σ)         range (min … max) 
 410.15 µs ± 807.46 ns   408.96 µs … 411.05 µs  in 10 ×    246 runs
[moonbitlang/core] bench sorted_set/sorted_set_bench_test.mbt:30 ("bench SortedSet::to_array Ref n=50000") ok
time (mean ± σ)         range (min … max) 
 577.46 µs ±   1.79 µs   575.88 µs … 581.08 µs  in 10 ×    174 runs
[moonbitlang/core] bench string/regex_bench_test.mbt:16 ("bench regex /aa?b/ on 1MB string") ok
time (mean ± σ)         range (min … max) 
   2.59 ms ±   5.55 µs     2.58 ms …   2.60 ms  in 10 ×     39 runs
[moonbitlang/core] bench string/regex_bench_test.mbt:23 ("bench regex phone lines") ok
time (mean ± σ)         range (min … max) 
   6.46 µs ±   8.56 ns     6.45 µs …   6.47 µs  in 10 ×  15373 runs
[moonbitlang/core] bench string/regex_bench_test.mbt:43 ("bench regex large pattern") ok
time (mean ± σ)         range (min … max) 
   3.06 ms ±   7.00 µs     3.05 ms …   3.07 ms  in 10 ×     34 runs
[moonbitlang/core] bench v128/v128_bench_test.mbt:32 ("bench V128 i64x2_add n=10000") ok
time (mean ± σ)         range (min … max) 
   5.92 µs ±   4.42 ns     5.91 µs …   5.93 µs  in 10 ×  16873 runs
[moonbitlang/core] bench v128/v128_bench_test.mbt:44 ("bench V128 i32x4_add n=10000") ok
time (mean ± σ)         range (min … max) 
   5.92 µs ±   3.85 ns     5.91 µs …   5.93 µs  in 10 ×  16869 runs
[moonbitlang/core] bench v128/v128_bench_test.mbt:56 ("bench V128 i8x16_add n=10000") ok
time (mean ± σ)         range (min … max) 
   5.92 µs ±   6.64 ns     5.90 µs …   5.93 µs  in 10 ×  16886 runs
[moonbitlang/core] bench v128/v128_bench_test.mbt:68 ("bench V128 i8x16_splat n=10000") ok
time (mean ± σ)         range (min … max) 
   5.56 µs ±  41.76 ns     5.50 µs …   5.64 µs  in 10 ×  17713 runs
[moonbitlang/core] bench v128/v128_bench_test.mbt:79 ("bench V128 i8x16_extract_lane_u n=10000") ok
time (mean ± σ)         range (min … max) 
   9.01 µs ± 428.49 ns     8.68 µs …  10.18 µs  in 10 ×  11398 runs
[moonbitlang/core] bench v128/v128_bench_test.mbt:93 ("bench V128 i8x16_replace_lane n=10000") ok
time (mean ± σ)         range (min … max) 
  40.86 µs ± 455.73 ns    40.15 µs …  41.34 µs  in 10 ×   2419 runs
[moonbitlang/core] bench v128/v128_bench_test.mbt:108 ("bench V128 i8x16_bitmask n=10000") ok
time (mean ± σ)         range (min … max) 
   8.67 µs ±   6.89 ns     8.65 µs …   8.68 µs  in 10 ×  11519 runs
[moonbitlang/core] bench v128/v128_bench_test.mbt:120 ("bench V128 load/store n=10000") ok
time (mean ± σ)         range (min … max) 
  32.57 µs ±  48.75 ns    32.53 µs …  32.66 µs  in 10 ×   3070 runs
[moonbitlang/core] bench v128/v128_bench_test.mbt:135 ("bench V128 load8x8_u n=10000") ok
time (mean ± σ)         range (min … max) 
   5.73 µs ±  58.62 ns     5.67 µs …   5.84 µs  in 10 ×  17121 runs
[moonbitlang/core] bench v128/v128_bench_test.mbt:147 ("bench V128 load8x8_s n=10000") ok
time (mean ± σ)         range (min … max) 
   5.83 µs ±   7.48 ns     5.82 µs …   5.84 µs  in 10 ×  17105 runs
[moonbitlang/core] bench v128/v128_bench_test.mbt:159 ("bench V128 load16x4_u n=10000") ok
time (mean ± σ)         range (min … max) 
   5.75 µs ±  46.42 ns     5.71 µs …   5.81 µs  in 10 ×  17259 runs
[moonbitlang/core] bench v128/v128_bench_test.mbt:171 ("bench V128 load16x4_s n=10000") ok
time (mean ± σ)         range (min … max) 
   5.89 µs ± 177.33 ns     5.79 µs …   6.37 µs  in 10 ×  17263 runs
[moonbitlang/core] bench v128/v128_bench_test.mbt:183 ("bench V128 load32x2_u n=10000") ok
time (mean ± σ)         range (min … max) 
   5.79 µs ±  15.88 ns     5.77 µs …   5.83 µs  in 10 ×  17602 runs
[moonbitlang/core] bench v128/v128_bench_test.mbt:195 ("bench V128 load32x2_s n=10000") ok
time (mean ± σ)         range (min … max) 
   5.83 µs ±   6.11 ns     5.82 µs …   5.84 µs  in 10 ×  17124 runs
[moonbitlang/core] bench v128/v128_bench_test.mbt:207 ("bench V128 load_splat n=10000") ok
time (mean ± σ)         range (min … max) 
  22.73 µs ±  34.99 ns    22.66 µs …  22.77 µs  in 10 ×   4547 runs
[moonbitlang/core] bench v128/v128_bench_test.mbt:223 ("bench V128 load8_lane n=10000") ok
time (mean ± σ)         range (min … max) 
  42.69 µs ± 396.68 ns    42.03 µs …  42.96 µs  in 10 ×   2357 runs
[moonbitlang/core] bench v128/v128_bench_test.mbt:235 ("bench V128 load16_lane n=10000") ok
time (mean ± σ)         range (min … max) 
  43.15 µs ±  89.28 ns    42.92 µs …  43.26 µs  in 10 ×   2343 runs
[moonbitlang/core] bench v128/v128_bench_test.mbt:247 ("bench V128 load32_lane n=10000") ok
time (mean ± σ)         range (min … max) 
  43.06 µs ± 122.14 ns    42.75 µs …  43.16 µs  in 10 ×   2322 runs
[moonbitlang/core] bench v128/v128_bench_test.mbt:259 ("bench V128 load64_lane n=10000") ok
time (mean ± σ)         range (min … max) 
  68.06 µs ±   1.24 µs    67.63 µs …  71.58 µs  in 10 ×   1479 runs
[moonbitlang/core] bench v128/v128_bench_test.mbt:271 ("bench V128 extend i8x16 to i16x8 n=10000") ok
time (mean ± σ)         range (min … max) 
  11.56 µs ±  27.40 ns    11.53 µs …  11.61 µs  in 10 ×   8589 runs
[moonbitlang/core] bench v128/v128_bench_test.mbt:285 ("bench V128 extend i16x8 to i32x4 n=10000") ok
time (mean ± σ)         range (min … max) 
  11.35 µs ±  28.97 ns    11.31 µs …  11.39 µs  in 10 ×   8751 runs
[moonbitlang/core] bench v128/v128_bench_test.mbt:299 ("bench V128 extend i32x4 to i64x2 n=10000") ok
time (mean ± σ)         range (min … max) 
  11.37 µs ±  27.04 ns    11.32 µs …  11.41 µs  in 10 ×   8771 runs
[moonbitlang/core] bench v128/v128_bench_test.mbt:313 ("bench V128 all_true n=10000") ok
time (mean ± σ)         range (min … max) 
  17.52 µs ± 368.04 ns    17.34 µs …  18.57 µs  in 10 ×   5794 runs
[moonbitlang/core] bench v128/v128_bench_test.mbt:337 ("bench V128 bitmask all widths n=10000") ok
time (mean ± σ)         range (min … max) 
  19.38 µs ±  32.06 ns    19.34 µs …  19.42 µs  in 10 ×   5169 runs
[moonbitlang/core] bench v128/v128_bench_test.mbt:353 ("bench V128 swizzle n=10000") ok
time (mean ± σ)         range (min … max) 
   5.92 µs ±   7.54 ns     5.91 µs …   5.93 µs  in 10 ×  16878 runs
[moonbitlang/core] bench v128/v128_bench_test.mbt:371 ("bench V128 shuffle n=10000") ok
time (mean ± σ)         range (min … max) 
  11.79 µs ±   6.88 ns    11.79 µs …  11.81 µs  in 10 ×   8476 runs
Total tests: 490, passed: 490, failed: 0.
