[moonbitlang/core] bench argparse/globals_bench_test.mbt:16 ("bench parse inherited globals with an override") ok
time (mean ± σ)         range (min … max) 
   4.28 µs ±   7.47 ns     4.26 µs …   4.29 µs  in 10 ×  23370 runs
[moonbitlang/core] bench bench/hash_bench_test.mbt:16 ("bench Hash for Bytes (small)") ok
time (mean ± σ)         range (min … max) 
   8.01 ns ±   0.04 ns     7.97 ns …   8.09 ns  in 10 × 100000 runs
[moonbitlang/core] bench bench/hash_bench_test.mbt:22 ("bench Hash for Bytes (medium)") ok
time (mean ± σ)         range (min … max) 
 102.04 ns ±   0.23 ns   101.79 ns … 102.52 ns  in 10 × 100000 runs
[moonbitlang/core] bench bench/hash_bench_test.mbt:28 ("bench Hash for Bytes (large)") ok
time (mean ± σ)         range (min … max) 
   2.19 µs ±   1.36 ns     2.18 µs …   2.19 µs  in 10 ×  45750 runs
[moonbitlang/core] bench bench/hash_bench_test.mbt:34 ("bench Hash for BytesView (small)") ok
time (mean ± σ)         range (min … max) 
  13.63 ns ±   0.04 ns    13.59 ns …  13.72 ns  in 10 × 100000 runs
[moonbitlang/core] bench bench/hash_bench_test.mbt:41 ("bench Hash for BytesView (medium)") ok
time (mean ± σ)         range (min … max) 
 107.11 ns ±   0.93 ns   105.64 ns … 108.55 ns  in 10 × 100000 runs
[moonbitlang/core] bench bench/hash_bench_test.mbt:48 ("bench Hash for BytesView (large)") ok
time (mean ± σ)         range (min … max) 
   2.19 µs ±   1.25 ns     2.19 µs …   2.19 µs  in 10 ×  45249 runs
[moonbitlang/core] bench bench/hash_bench_test.mbt:55 ("bench Hasher::combine_bytes (small)") ok
time (mean ± σ)         range (min … max) 
  12.79 ns ±   0.07 ns    12.71 ns …  12.93 ns  in 10 × 100000 runs
[moonbitlang/core] bench bench/hash_bench_test.mbt:65 ("bench Hasher::combine_bytes (medium)") ok
time (mean ± σ)         range (min … max) 
  93.42 ns ±   1.52 ns    90.69 ns …  95.58 ns  in 10 × 100000 runs
[moonbitlang/core] bench bench/hash_bench_test.mbt:75 ("bench Hasher::combine_bytes (large)") ok
time (mean ± σ)         range (min … max) 
   1.91 µs ±   1.69 ns     1.91 µs …   1.92 µs  in 10 ×  52272 runs
[moonbitlang/core] bench bigint/to_string_radix_bench_test.mbt:23 ("bench bigint to_string radix=7 (4000 bits)") ok
time (mean ± σ)         range (min … max) 
 246.86 µs ±  14.19 µs   232.70 µs … 281.51 µs  in 10 ×    414 runs
[moonbitlang/core] bench bigint/to_string_radix_bench_test.mbt:29 ("bench bigint to_string radix=36 (4000 bits)") ok
time (mean ± σ)         range (min … max) 
 130.48 µs ±   1.84 µs   126.70 µs … 131.71 µs  in 10 ×    761 runs
[moonbitlang/core] bench bigint/to_string_radix_bench_test.mbt:35 ("bench bigint to_string radix=10 reference (4000 bits)") ok
time (mean ± σ)         range (min … max) 
   6.76 µs ±  12.34 ns     6.73 µs …   6.77 µs  in 10 ×  14755 runs
[moonbitlang/core] bench bigint/to_string_bench_test.mbt:30 ("bench BigInt::to_string n=40 digits") ok
time (mean ± σ)         range (min … max) 
 163.23 ns ±   0.43 ns   162.53 ns … 163.85 ns  in 10 × 100000 runs
[moonbitlang/core] bench bigint/to_string_bench_test.mbt:36 ("bench BigInt::to_string n=400 digits") ok
time (mean ± σ)         range (min … max) 
   1.37 µs ±  11.35 ns     1.35 µs …   1.38 µs  in 10 ×  73226 runs
[moonbitlang/core] bench bigint/to_string_bench_test.mbt:42 ("bench BigInt::to_string n=4000 digits") ok
time (mean ± σ)         range (min … max) 
  39.92 µs ±  43.77 ns    39.81 µs …  39.98 µs  in 10 ×   2501 runs
[moonbitlang/core] bench bigint/to_string_bench_test.mbt:48 ("bench BigInt::to_string n=40000 digits") ok
time (mean ± σ)         range (min … max) 
   1.57 ms ±   3.04 µs     1.56 ms …   1.57 ms  in 10 ×     64 runs
[moonbitlang/core] bench bigint/to_string_bench_test.mbt:54 ("bench BigInt::to_string n=250000 digits") ok
time (mean ± σ)         range (min … max) 
  24.08 ms ±  20.71 µs    24.04 ms …  24.11 ms  in 10 ×      5 runs
[moonbitlang/core] bench bigint/from_octets_bench_test.mbt:21 ("bench BigInt::from_octets n=64") ok
time (mean ± σ)         range (min … max) 
  24.77 ns ±   0.08 ns    24.69 ns …  24.93 ns  in 10 × 100000 runs
[moonbitlang/core] bench bigint/from_octets_bench_test.mbt:27 ("bench BigInt::from_octets n=1024") ok
time (mean ± σ)         range (min … max) 
 169.27 ns ±   0.19 ns   168.99 ns … 169.63 ns  in 10 × 100000 runs
[moonbitlang/core] bench bigint/division_bench_test.mbt:66 ("bench BigInt balanced division n=4000 digits") ok
time (mean ± σ)         range (min … max) 
  40.05 µs ± 704.08 ns    39.66 µs …  41.80 µs  in 10 ×   2518 runs
[moonbitlang/core] bench bigint/division_bench_test.mbt:72 ("bench BigInt balanced division n=40000 digits") ok
time (mean ± σ)         range (min … max) 
   1.40 ms ±   2.00 µs     1.40 ms …   1.41 ms  in 10 ×     72 runs
[moonbitlang/core] bench bigint/division_bench_test.mbt:78 ("bench BigInt balanced division n=250000 digits") ok
time (mean ± σ)         range (min … max) 
  28.48 ms ±  40.05 µs    28.41 ms …  28.52 ms  in 10 ×      4 runs
[moonbitlang/core] bench bigint/division_bench_test.mbt:84 ("bench BigInt unbalanced division q=65536 d=64 limbs") ok
time (mean ± σ)         range (min … max) 
   5.63 ms ±   8.57 µs     5.61 ms …   5.63 ms  in 10 ×     18 runs
[moonbitlang/core] bench bigint/division_bench_test.mbt:90 ("bench BigInt narrow division q=9 d=64 limbs") ok
time (mean ± σ)         range (min … max) 
 341.56 ns ±   3.36 ns   338.20 ns … 345.63 ns  in 10 × 100000 runs
[moonbitlang/core] bench buffer/write_bench_test.mbt:30 ("bench Buffer::write_byte n=4096") ok
time (mean ± σ)         range (min … max) 
   1.68 µs ±   0.38 ns     1.67 µs …   1.68 µs  in 10 ×  59668 runs
[moonbitlang/core] bench buffer/write_bench_test.mbt:42 ("bench Buffer::write_uint16_be n=4096") ok
time (mean ± σ)         range (min … max) 
   2.28 µs ±   0.91 ns     2.28 µs …   2.28 µs  in 10 ×  43964 runs
[moonbitlang/core] bench buffer/write_bench_test.mbt:54 ("bench Buffer::write_uint_le n=4096") ok
time (mean ± σ)         range (min … max) 
   2.67 µs ± 150.30 ns     2.58 µs …   3.06 µs  in 10 ×  38735 runs
[moonbitlang/core] bench buffer/write_bench_test.mbt:66 ("bench Buffer::write_uint64_be n=4096") ok
time (mean ± σ)         range (min … max) 
   3.66 µs ±  20.01 ns     3.64 µs …   3.69 µs  in 10 ×  27523 runs
[moonbitlang/core] bench buffer/write_bench_test.mbt:78 ("bench Buffer::write_char_utf8 ASCII n=4096") ok
time (mean ± σ)         range (min … max) 
   1.53 µs ±   0.51 ns     1.53 µs …   1.53 µs  in 10 ×  65408 runs
[moonbitlang/core] bench buffer/write_bench_test.mbt:90 ("bench Buffer::write_char_utf8 non-BMP n=4096") ok
time (mean ± σ)         range (min … max) 
   9.63 µs ±  31.45 ns     9.57 µs …   9.65 µs  in 10 ×  10364 runs
[moonbitlang/core] bench buffer/write_bench_test.mbt:103 ("bench Buffer::write_char_utf16le BMP n=4096") ok
time (mean ± σ)         range (min … max) 
   1.98 µs ±   1.08 ns     1.98 µs …   1.98 µs  in 10 ×  50635 runs
[moonbitlang/core] bench buffer/write_bench_test.mbt:115 ("bench Buffer::write_string_utf16le chunks n=4096") ok
time (mean ± σ)         range (min … max) 
  33.95 µs ±  26.94 ns    33.89 µs …  33.98 µs  in 10 ×   2946 runs
[moonbitlang/core] bench buffer/write_bench_test.mbt:130 ("bench @buffer.from_array n=4096") ok
time (mean ± σ)         range (min … max) 
 145.85 ns ±   4.77 ns   141.11 ns … 153.99 ns  in 10 × 100000 runs
[moonbitlang/core] bench builtin/view_bench_test.mbt:34 ("bench ArrayView::at Int n=100000") ok
time (mean ± σ)         range (min … max) 
   4.47 µs ±  10.89 ns     4.45 µs …   4.48 µs  in 10 ×  22232 runs
[moonbitlang/core] bench builtin/view_bench_test.mbt:47 ("bench ArrayView::get Int n=100000") ok
time (mean ± σ)         range (min … max) 
  46.98 µs ± 771.14 ns    46.00 µs …  48.81 µs  in 10 ×   2164 runs
[moonbitlang/core] bench builtin/view_bench_test.mbt:62 ("bench ArrayView::unsafe_get Int n=100000") ok
time (mean ± σ)         range (min … max) 
   4.46 µs ±   4.21 ns     4.46 µs …   4.47 µs  in 10 ×  22475 runs
[moonbitlang/core] bench builtin/view_bench_test.mbt:75 ("bench ArrayView::rev_fold Int n=100000") ok
time (mean ± σ)         range (min … max) 
   5.60 µs ±   6.91 ns     5.59 µs …   5.61 µs  in 10 ×  17873 runs
[moonbitlang/core] bench builtin/view_bench_test.mbt:82 ("bench ArrayView::rev_foldi Int n=100000") ok
time (mean ± σ)         range (min … max) 
   5.60 µs ±   4.69 ns     5.60 µs …   5.61 µs  in 10 ×  17875 runs
[moonbitlang/core] bench builtin/view_bench_test.mbt:91 ("bench ArrayView::equal Int n=100000") ok
time (mean ± σ)         range (min … max) 
  43.62 µs ±  29.01 ns    43.57 µs …  43.66 µs  in 10 ×   2293 runs
[moonbitlang/core] bench builtin/view_bench_test.mbt:99 ("bench ArrayView::compare Int n=100000") ok
time (mean ± σ)         range (min … max) 
  51.57 µs ±   6.59 ns    51.56 µs …  51.58 µs  in 10 ×   1929 runs
[moonbitlang/core] bench builtin/view_bench_test.mbt:107 ("bench MutArrayView::at Int n=100000") ok
time (mean ± σ)         range (min … max) 
   4.48 µs ±   8.47 ns     4.46 µs …   4.48 µs  in 10 ×  22326 runs
[moonbitlang/core] bench builtin/view_bench_test.mbt:120 ("bench MutArrayView::unsafe_get Int n=100000") ok
time (mean ± σ)         range (min … max) 
   4.48 µs ±   2.45 ns     4.48 µs …   4.49 µs  in 10 ×  22314 runs
[moonbitlang/core] bench builtin/view_bench_test.mbt:133 ("bench MutArrayView::set Int n=100000") ok
time (mean ± σ)         range (min … max) 
   7.57 µs ± 579.73 ns     6.56 µs …   8.14 µs  in 10 ×  12228 runs
[moonbitlang/core] bench builtin/view_bench_test.mbt:145 ("bench MutArrayView::unsafe_set Int n=100000") ok
time (mean ± σ)         range (min … max) 
   8.05 µs ± 119.31 ns     7.80 µs …   8.18 µs  in 10 ×  13192 runs
[moonbitlang/core] bench builtin/view_bench_test.mbt:157 ("bench BytesView::at n=100000") ok
time (mean ± σ)         range (min … max) 
   6.49 ns ±   0.03 ns     6.47 ns …   6.54 ns  in 10 × 100000 runs
[moonbitlang/core] bench builtin/view_bench_test.mbt:170 ("bench BytesView::unsafe_get n=100000") ok
time (mean ± σ)         range (min … max) 
   6.27 ns ±   0.03 ns     6.24 ns …   6.33 ns  in 10 × 100000 runs
[moonbitlang/core] bench builtin/stringbuilder_bench_test.mbt:28 ("bench StringBuilder::write_string chunks n=4096") ok
time (mean ± σ)         range (min … max) 
  17.81 µs ± 272.84 ns    17.30 µs …  18.09 µs  in 10 ×   5676 runs
[moonbitlang/core] bench builtin/stringbuilder_bench_test.mbt:41 ("bench StringBuilder::write_view chunks n=4096") ok
time (mean ± σ)         range (min … max) 
  36.39 µs ±  83.70 ns    36.20 µs …  36.49 µs  in 10 ×   2750 runs
[moonbitlang/core] bench builtin/stringbuilder_bench_test.mbt:54 ("bench StringBuilder::write_stringview chunks n=4096") ok
time (mean ± σ)         range (min … max) 
  36.43 µs ±  79.61 ns    36.31 µs …  36.56 µs  in 10 ×   2748 runs
[moonbitlang/core] bench builtin/stringbuilder_bench_test.mbt:67 ("bench StringBuilder::write_char ASCII n=4096") ok
time (mean ± σ)         range (min … max) 
   2.58 µs ±   2.65 ns     2.58 µs …   2.58 µs  in 10 ×  38741 runs
[moonbitlang/core] bench builtin/stringbuilder_bench_test.mbt:79 ("bench StringBuilder::write_char non-BMP n=4096") ok
time (mean ± σ)         range (min … max) 
   8.91 µs ±   2.68 ns     8.91 µs …   8.92 µs  in 10 ×  11226 runs
[moonbitlang/core] bench builtin/stringbuilder_bench_test.mbt:92 ("bench StringBuilder::reset reuse spare capacity n=4096") ok
time (mean ± σ)         range (min … max) 
 104.98 µs ±   3.69 µs   103.64 µs … 115.46 µs  in 10 ×    964 runs
[moonbitlang/core] bench builtin/string_to_upper_bench_test.mbt:61 ("bench String::to_upper short") ok
time (mean ± σ)         range (min … max) 
  22.47 ns ±   0.11 ns    22.33 ns …  22.60 ns  in 10 × 100000 runs
[moonbitlang/core] bench builtin/string_to_upper_bench_test.mbt:66 ("bench String::to_upper long") ok
time (mean ± σ)         range (min … max) 
  88.04 ns ±   0.17 ns    87.69 ns …  88.28 ns  in 10 × 100000 runs
[moonbitlang/core] bench builtin/string_to_upper_bench_test.mbt:71 ("bench String::to_upper sparse") ok
time (mean ± σ)         range (min … max) 
  87.83 ns ±   0.31 ns    87.48 ns …  88.37 ns  in 10 × 100000 runs
[moonbitlang/core] bench builtin/string_to_upper_bench_test.mbt:76 ("bench String::to_upper late-lowercase") ok
time (mean ± σ)         range (min … max) 
 104.70 ns ±   3.61 ns    98.26 ns … 108.24 ns  in 10 × 100000 runs
[moonbitlang/core] bench builtin/string_to_upper_bench_test.mbt:81 ("bench String::to_upper one-unit runs") ok
time (mean ± σ)         range (min … max) 
  87.89 ns ±   0.35 ns    87.05 ns …  88.22 ns  in 10 × 100000 runs
[moonbitlang/core] bench builtin/string_to_upper_bench_test.mbt:86 ("bench String::to_upper all-lowercase") ok
time (mean ± σ)         range (min … max) 
  88.01 ns ±   0.13 ns    87.87 ns …  88.24 ns  in 10 × 100000 runs
[moonbitlang/core] bench builtin/string_to_upper_bench_test.mbt:91 ("bench String::to_upper no-change short") ok
time (mean ± σ)         range (min … max) 
  13.88 ns ±   0.12 ns    13.53 ns …  13.96 ns  in 10 × 100000 runs
[moonbitlang/core] bench builtin/string_to_upper_bench_test.mbt:96 ("bench String::to_upper no-change long") ok
time (mean ± σ)         range (min … max) 
  53.11 ns ±   0.13 ns    52.98 ns …  53.39 ns  in 10 × 100000 runs
[moonbitlang/core] bench builtin/string_to_upper_bench_test.mbt:101 ("bench StringView::to_upper short") ok
time (mean ± σ)         range (min … max) 
  26.53 ns ±   0.08 ns    26.45 ns …  26.65 ns  in 10 × 100000 runs
[moonbitlang/core] bench builtin/string_to_upper_bench_test.mbt:106 ("bench StringView::to_upper long") ok
time (mean ± σ)         range (min … max) 
  90.08 ns ±   0.18 ns    89.89 ns …  90.35 ns  in 10 × 100000 runs
[moonbitlang/core] bench builtin/string_to_upper_bench_test.mbt:111 ("bench StringView::to_upper no-change long") ok
time (mean ± σ)         range (min … max) 
  56.27 ns ±   0.12 ns    56.11 ns …  56.42 ns  in 10 × 100000 runs
[moonbitlang/core] bench builtin/string_to_lower_bench_test.mbt:61 ("bench String::to_lower short") ok
time (mean ± σ)         range (min … max) 
  23.38 ns ±   0.07 ns    23.29 ns …  23.48 ns  in 10 × 100000 runs
[moonbitlang/core] bench builtin/string_to_lower_bench_test.mbt:66 ("bench String::to_lower long") ok
time (mean ± σ)         range (min … max) 
  87.87 ns ±   0.12 ns    87.73 ns …  88.07 ns  in 10 × 100000 runs
[moonbitlang/core] bench builtin/string_to_lower_bench_test.mbt:71 ("bench String::to_lower sparse") ok
time (mean ± σ)         range (min … max) 
  88.03 ns ±   0.11 ns    87.89 ns …  88.18 ns  in 10 × 100000 runs
[moonbitlang/core] bench builtin/string_to_lower_bench_test.mbt:76 ("bench String::to_lower late-uppercase") ok
time (mean ± σ)         range (min … max) 
 105.80 ns ±   0.15 ns   105.66 ns … 106.08 ns  in 10 × 100000 runs
[moonbitlang/core] bench builtin/string_to_lower_bench_test.mbt:81 ("bench String::to_lower one-unit runs") ok
time (mean ± σ)         range (min … max) 
  88.11 ns ±   0.14 ns    87.94 ns …  88.35 ns  in 10 × 100000 runs
[moonbitlang/core] bench builtin/string_to_lower_bench_test.mbt:86 ("bench String::to_lower all-uppercase") ok
time (mean ± σ)         range (min … max) 
  87.93 ns ±   0.15 ns    87.68 ns …  88.13 ns  in 10 × 100000 runs
[moonbitlang/core] bench builtin/string_to_lower_bench_test.mbt:91 ("bench String::to_lower no-change short") ok
time (mean ± σ)         range (min … max) 
  13.94 ns ±   0.11 ns    13.87 ns …  14.19 ns  in 10 × 100000 runs
[moonbitlang/core] bench builtin/string_to_lower_bench_test.mbt:96 ("bench String::to_lower no-change long") ok
time (mean ± σ)         range (min … max) 
  53.09 ns ±   0.08 ns    52.98 ns …  53.22 ns  in 10 × 100000 runs
[moonbitlang/core] bench builtin/string_to_lower_bench_test.mbt:101 ("bench StringView::to_lower short") ok
time (mean ± σ)         range (min … max) 
  25.29 ns ±   0.07 ns    25.21 ns …  25.44 ns  in 10 × 100000 runs
[moonbitlang/core] bench builtin/string_to_lower_bench_test.mbt:106 ("bench StringView::to_lower long") ok
time (mean ± σ)         range (min … max) 
  89.91 ns ±   0.15 ns    89.80 ns …  90.22 ns  in 10 × 100000 runs
[moonbitlang/core] bench builtin/string_to_lower_bench_test.mbt:111 ("bench StringView::to_lower no-change long") ok
time (mean ± σ)         range (min … max) 
  56.09 ns ±   0.11 ns    56.00 ns …  56.34 ns  in 10 × 100000 runs
[moonbitlang/core] bench builtin/string_to_array_bench_test.mbt:24 ("bench String::to_array ASCII 51 chars") ok
time (mean ± σ)         range (min … max) 
  55.98 ns ±   0.10 ns    55.88 ns …  56.22 ns  in 10 × 100000 runs
[moonbitlang/core] bench builtin/string_to_array_bench_test.mbt:29 ("bench String::to_array mixed 1KB") ok
time (mean ± σ)         range (min … max) 
 862.65 ns ±  14.15 ns   855.12 ns … 893.77 ns  in 10 × 100000 runs
[moonbitlang/core] bench builtin/string_to_array_bench_test.mbt:34 ("bench StringView::to_array mixed 1KB") ok
time (mean ± σ)         range (min … max) 
 880.55 ns ±   6.71 ns   874.54 ns … 895.87 ns  in 10 × 100000 runs
[moonbitlang/core] bench builtin/string_methods_bench_test.mbt:36 ("bench StringView::has_prefix match n=100000 needle=128") ok
time (mean ± σ)         range (min … max) 
  13.01 ns ±   0.05 ns    12.96 ns …  13.11 ns  in 10 × 100000 runs
[moonbitlang/core] bench builtin/string_methods_bench_test.mbt:45 ("bench StringView::has_prefix mismatch n=100000 needle=128") ok
time (mean ± σ)         range (min … max) 
   7.29 ns ±   0.03 ns     7.25 ns …   7.35 ns  in 10 × 100000 runs
[moonbitlang/core] bench builtin/string_methods_bench_test.mbt:54 ("bench StringView::has_suffix match n=100000 needle=128") ok
time (mean ± σ)         range (min … max) 
  13.01 ns ±   0.07 ns    12.96 ns …  13.15 ns  in 10 × 100000 runs
[moonbitlang/core] bench builtin/string_methods_bench_test.mbt:63 ("bench StringView::has_suffix mismatch n=100000 needle=128") ok
time (mean ± σ)         range (min … max) 
   7.48 ns ±   0.02 ns     7.46 ns …   7.51 ns  in 10 × 100000 runs
[moonbitlang/core] bench builtin/string_find_code_unit_bench_test.mbt:16 ("bench find one code unit absent n=4") ok
time (mean ± σ)         range (min … max) 
  11.57 ns ±   0.05 ns    11.51 ns …  11.66 ns  in 10 × 100000 runs
[moonbitlang/core] bench builtin/string_find_code_unit_bench_test.mbt:22 ("bench find one code unit absent n=8") ok
time (mean ± σ)         range (min … max) 
   9.16 ns ±   0.02 ns     9.14 ns …   9.20 ns  in 10 × 100000 runs
[moonbitlang/core] bench builtin/string_find_code_unit_bench_test.mbt:28 ("bench find one code unit present@0 n=8") ok
time (mean ± σ)         range (min … max) 
   8.44 ns ±   0.04 ns     8.40 ns …   8.48 ns  in 10 × 100000 runs
[moonbitlang/core] bench builtin/string_find_code_unit_bench_test.mbt:34 ("bench find one code unit absent n=64") ok
time (mean ± σ)         range (min … max) 
  12.41 ns ±   0.04 ns    12.36 ns …  12.49 ns  in 10 × 100000 runs
[moonbitlang/core] bench builtin/string_find_code_unit_bench_test.mbt:40 ("bench find one code unit absent n=256") ok
time (mean ± σ)         range (min … max) 
  23.86 ns ±   0.05 ns    23.81 ns …  23.95 ns  in 10 × 100000 runs
[moonbitlang/core] bench builtin/string_find_code_unit_bench_test.mbt:46 ("bench find one code unit present@end n=256") ok
time (mean ± σ)         range (min … max) 
  23.57 ns ±   0.04 ns    23.53 ns …  23.63 ns  in 10 × 100000 runs
[moonbitlang/core] bench builtin/string_find_code_unit_bench_test.mbt:52 ("bench rev_find one code unit absent n=256") ok
time (mean ± σ)         range (min … max) 
  21.34 ns ±   0.45 ns    20.28 ns …  21.67 ns  in 10 × 100000 runs
[moonbitlang/core] bench builtin/string_find_code_unit_bench_test.mbt:58 ("bench rev_find one code unit present@start n=256") ok
time (mean ± σ)         range (min … max) 
  21.24 ns ±   0.08 ns    21.18 ns …  21.44 ns  in 10 × 100000 runs
[moonbitlang/core] bench builtin/string_find_code_unit_bench_test.mbt:64 ("bench rev_find one code unit present@end n=8") ok
time (mean ± σ)         range (min … max) 
   8.42 ns ±   0.05 ns     8.37 ns …   8.49 ns  in 10 × 100000 runs
[moonbitlang/core] bench builtin/string_find_code_unit_bench_test.mbt:70 ("bench StringView find one code unit absent n=256") ok
time (mean ± σ)         range (min … max) 
  23.28 ns ±   0.07 ns    23.22 ns …  23.45 ns  in 10 × 100000 runs
[moonbitlang/core] bench builtin/string_find_code_unit_bench_test.mbt:77 ("bench StringView rev_find one code unit absent n=256") ok
time (mean ± σ)         range (min … max) 
  20.91 ns ±   0.03 ns    20.88 ns …  20.96 ns  in 10 × 100000 runs
[moonbitlang/core] bench builtin/string_find_code_unit_bench_test.mbt:84 ("bench find two anchors absent n=256") ok
time (mean ± σ)         range (min … max) 
  32.71 ns ±   0.08 ns    32.64 ns …  32.89 ns  in 10 × 100000 runs
[moonbitlang/core] bench builtin/string_find_code_unit_bench_test.mbt:90 ("bench find two anchors present@end n=256") ok
time (mean ± σ)         range (min … max) 
  32.72 ns ±   0.12 ns    32.62 ns …  32.98 ns  in 10 × 100000 runs
[moonbitlang/core] bench builtin/string_find_code_unit_bench_test.mbt:96 ("bench find two anchors dense false positives n=256") ok
time (mean ± σ)         range (min … max) 
 686.67 ns ±   4.39 ns   676.99 ns … 691.89 ns  in 10 × 100000 runs
[moonbitlang/core] bench builtin/string_find_code_unit_bench_test.mbt:102 ("bench find two anchors long absent n=256") ok
time (mean ± σ)         range (min … max) 
  29.49 ns ±   0.09 ns    29.40 ns …  29.68 ns  in 10 × 100000 runs
[moonbitlang/core] bench builtin/string_find_code_unit_bench_test.mbt:108 ("bench rev_find two anchors absent n=256") ok
time (mean ± σ)         range (min … max) 
  32.40 ns ±   0.10 ns    32.33 ns …  32.58 ns  in 10 × 100000 runs
[moonbitlang/core] bench builtin/string_find_code_unit_bench_test.mbt:114 ("bench rev_find two anchors present@start n=256") ok
time (mean ± σ)         range (min … max) 
  32.45 ns ±   0.06 ns    32.38 ns …  32.59 ns  in 10 × 100000 runs
[moonbitlang/core] bench builtin/string_find_code_unit_bench_test.mbt:120 ("bench rev_find two anchors dense false positives n=256") ok
time (mean ± σ)         range (min … max) 
 704.26 ns ±   1.09 ns   702.30 ns … 705.56 ns  in 10 × 100000 runs
[moonbitlang/core] bench builtin/string_find_code_unit_bench_test.mbt:126 ("bench StringView find two anchors absent n=256") ok
time (mean ± σ)         range (min … max) 
  32.64 ns ±   0.06 ns    32.57 ns …  32.75 ns  in 10 × 100000 runs
[moonbitlang/core] bench builtin/string_find_adversary_bench_test.mbt:26 ("bench find adversary m=64 n=4096") ok
time (mean ± σ)         range (min … max) 
   6.14 µs ±  96.49 ns     6.00 µs …   6.26 µs  in 10 ×  14345 runs
[moonbitlang/core] bench builtin/string_find_adversary_bench_test.mbt:33 ("bench rev_find adversary m=64 n=4096") ok
time (mean ± σ)         range (min … max) 
   6.53 µs ±  11.28 ns     6.50 µs …   6.54 µs  in 10 ×  15476 runs
[moonbitlang/core] bench builtin/string_find_adversary_bench_test.mbt:40 ("bench find adversary m=512 n=65536") ok
time (mean ± σ)         range (min … max) 
  86.19 µs ±  84.08 ns    86.07 µs …  86.31 µs  in 10 ×   1167 runs
[moonbitlang/core] bench builtin/string_find_adversary_bench_test.mbt:47 ("bench find dense miss fast path n=4096") ok
time (mean ± σ)         range (min … max) 
 340.60 ns ±   0.20 ns   340.32 ns … 340.89 ns  in 10 × 100000 runs
[moonbitlang/core] bench builtin/string_find_adversary_bench_test.mbt:53 ("bench find rare hit end fast path n=4096") ok
time (mean ± σ)         range (min … max) 
 344.91 ns ±   0.20 ns   344.65 ns … 345.32 ns  in 10 × 100000 runs
[moonbitlang/core] bench builtin/string_escape_bench_test.mbt:61 ("bench String::escape short plain") ok
time (mean ± σ)         range (min … max) 
  82.83 ns ±   0.33 ns    81.91 ns …  83.09 ns  in 10 × 100000 runs
[moonbitlang/core] bench builtin/string_escape_bench_test.mbt:66 ("bench String::escape short escaped") ok
time (mean ± σ)         range (min … max) 
  94.88 ns ±   0.13 ns    94.72 ns …  95.05 ns  in 10 × 100000 runs
[moonbitlang/core] bench builtin/string_escape_bench_test.mbt:71 ("bench String::escape threshold plain") ok
time (mean ± σ)         range (min … max) 
  72.81 ns ±   0.07 ns    72.73 ns …  72.92 ns  in 10 × 100000 runs
[moonbitlang/core] bench builtin/string_escape_bench_test.mbt:76 ("bench String::escape prose") ok
time (mean ± σ)         range (min … max) 
 100.17 ns ±   0.62 ns    99.70 ns … 101.26 ns  in 10 × 100000 runs
[moonbitlang/core] bench builtin/string_escape_bench_test.mbt:81 ("bench String::escape escape-first") ok
time (mean ± σ)         range (min … max) 
 103.20 ns ±   0.91 ns   101.26 ns … 104.52 ns  in 10 × 100000 runs
[moonbitlang/core] bench builtin/string_escape_bench_test.mbt:86 ("bench String::escape long plain") ok
time (mean ± σ)         range (min … max) 
   1.35 µs ±  29.17 ns     1.31 µs …   1.39 µs  in 10 ×  75684 runs
[moonbitlang/core] bench builtin/string_escape_bench_test.mbt:91 ("bench String::escape long dense") ok
time (mean ± σ)         range (min … max) 
  11.57 µs ± 147.70 ns    11.50 µs …  11.95 µs  in 10 ×   8692 runs
[moonbitlang/core] bench builtin/string_escape_bench_test.mbt:96 ("bench String::escape long all-escaped") ok
time (mean ± σ)         range (min … max) 
  16.75 µs ± 119.14 ns    16.65 µs …  17.00 µs  in 10 ×   5396 runs
[moonbitlang/core] bench builtin/string_escape_bench_test.mbt:101 ("bench String::escape long unicode") ok
time (mean ± σ)         range (min … max) 
   1.33 µs ±  37.43 ns     1.25 µs …   1.37 µs  in 10 ×  74275 runs
[moonbitlang/core] bench builtin/string_escape_bench_test.mbt:106 ("bench StringView::escape long plain view") ok
time (mean ± σ)         range (min … max) 
   1.00 µs ±  18.50 ns   953.63 ns …   1.02 µs  in 10 × 100000 runs
[moonbitlang/core] bench builtin/string_escape_bench_test.mbt:112 ("bench debug to_string short plain") ok
time (mean ± σ)         range (min … max) 
 232.40 ns ±   0.59 ns   231.54 ns … 233.29 ns  in 10 × 100000 runs
[moonbitlang/core] bench builtin/string_escape_bench_test.mbt:117 ("bench debug to_string prose") ok
time (mean ± σ)         range (min … max) 
 251.38 ns ±   1.47 ns   249.56 ns … 253.44 ns  in 10 × 100000 runs
[moonbitlang/core] bench builtin/string_escape_bench_test.mbt:122 ("bench debug to_string long plain") ok
time (mean ± σ)         range (min … max) 
   1.81 µs ±  15.78 ns     1.78 µs …   1.83 µs  in 10 ×  55365 runs
[moonbitlang/core] bench builtin/string_equal_bench_test.mbt:28 ("bench StringView::equal n=100000 equal") ok
time (mean ± σ)         range (min … max) 
   4.92 µs ±   4.29 ns     4.91 µs …   4.93 µs  in 10 ×  20352 runs
[moonbitlang/core] bench builtin/string_equal_bench_test.mbt:35 ("bench StringView::equal n=100000 mismatch at end") ok
time (mean ± σ)         range (min … max) 
   4.93 µs ±   1.19 ns     4.93 µs …   4.93 µs  in 10 ×  20310 runs
[moonbitlang/core] bench builtin/string_equal_bench_test.mbt:44 ("bench StringView::equal_to_string n=100000 equal") ok
time (mean ± σ)         range (min … max) 
   5.51 µs ±  19.86 ns     5.48 µs …   5.54 µs  in 10 ×  18439 runs
[moonbitlang/core] bench builtin/string_char_set_bench_test.mbt:43 ("bench StringView::contains_any ASCII miss n=100000") ok
time (mean ± σ)         range (min … max) 
  15.48 µs ± 489.84 ns    15.08 µs …  16.60 µs  in 10 ×   5708 runs
[moonbitlang/core] bench builtin/string_char_set_bench_test.mbt:54 ("bench StringView::contains_any ASCII match at end n=100000") ok
time (mean ± σ)         range (min … max) 
  15.32 µs ±  59.51 ns    15.27 µs …  15.44 µs  in 10 ×   6545 runs
[moonbitlang/core] bench builtin/string_char_set_bench_test.mbt:67 ("bench StringView::trim_start ASCII n=100000") ok
time (mean ± σ)         range (min … max) 
  16.88 µs ± 192.69 ns    16.66 µs …  17.18 µs  in 10 ×   5819 runs
[moonbitlang/core] bench builtin/string_char_set_bench_test.mbt:74 ("bench StringView::trim_end ASCII n=100000") ok
time (mean ± σ)         range (min … max) 
  16.80 µs ±  29.05 ns    16.76 µs …  16.83 µs  in 10 ×   5971 runs
[moonbitlang/core] bench builtin/string_char_set_bench_test.mbt:79 ("bench StringView::trim ASCII n=100000") ok
time (mean ± σ)         range (min … max) 
  33.67 µs ±  60.67 ns    33.54 µs …  33.74 µs  in 10 ×   3004 runs
[moonbitlang/core] bench builtin/string_char_set_bench_test.mbt:96 ("bench StringView::trim short inputs") ok
time (mean ± σ)         range (min … max) 
 145.23 ns ±   0.57 ns   143.71 ns … 145.73 ns  in 10 × 100000 runs
[moonbitlang/core] bench builtin/string_char_set_bench_test.mbt:107 ("bench StringView::contains_any short inputs") ok
time (mean ± σ)         range (min … max) 
  73.04 ns ±   0.25 ns    72.86 ns …  73.54 ns  in 10 × 100000 runs
[moonbitlang/core] bench builtin/string_char_length_bench_test.mbt:51 ("bench char_length ascii 8") ok
time (mean ± σ)         range (min … max) 
  10.24 ns ±   0.36 ns     9.63 ns …  10.60 ns  in 10 × 100000 runs
[moonbitlang/core] bench builtin/string_char_length_bench_test.mbt:56 ("bench char_length ascii 16") ok
time (mean ± σ)         range (min … max) 
   9.49 ns ±   0.05 ns     9.43 ns …   9.56 ns  in 10 × 100000 runs
[moonbitlang/core] bench builtin/string_char_length_bench_test.mbt:61 ("bench char_length ascii 100") ok
time (mean ± σ)         range (min … max) 
  14.47 ns ±   0.04 ns    14.43 ns …  14.57 ns  in 10 × 100000 runs
[moonbitlang/core] bench builtin/string_char_length_bench_test.mbt:66 ("bench char_length ascii 4k") ok
time (mean ± σ)         range (min … max) 
 237.78 ns ±   2.84 ns   230.75 ns … 240.07 ns  in 10 × 100000 runs
[moonbitlang/core] bench builtin/string_char_length_bench_test.mbt:71 ("bench char_length ascii 64k") ok
time (mean ± σ)         range (min … max) 
   3.97 µs ±  57.92 ns     3.88 µs …   4.11 µs  in 10 ×  25525 runs
[moonbitlang/core] bench builtin/string_char_length_bench_test.mbt:76 ("bench char_length cjk 4k") ok
time (mean ± σ)         range (min … max) 
 253.96 ns ±  32.12 ns   240.22 ns … 344.90 ns  in 10 × 100000 runs
[moonbitlang/core] bench builtin/string_char_length_bench_test.mbt:81 ("bench char_length emoji 4k") ok
time (mean ± σ)         range (min … max) 
 639.52 ns ±   0.21 ns   639.27 ns … 639.92 ns  in 10 × 100000 runs
[moonbitlang/core] bench builtin/string_char_length_bench_test.mbt:86 ("bench char_length mixed 4k") ok
time (mean ± σ)         range (min … max) 
 353.49 ns ±   1.23 ns   350.09 ns … 354.48 ns  in 10 × 100000 runs
[moonbitlang/core] bench builtin/string_char_length_bench_test.mbt:91 ("bench StringView::char_length ascii 4k unaligned") ok
time (mean ± σ)         range (min … max) 
 240.61 ns ±   0.26 ns   240.18 ns … 241.10 ns  in 10 × 100000 runs
[moonbitlang/core] bench builtin/string_char_length_bench_test.mbt:97 ("bench char_length_eq ascii 16") ok
time (mean ± σ)         range (min … max) 
   9.44 ns ±   0.02 ns     9.43 ns …   9.49 ns  in 10 × 100000 runs
[moonbitlang/core] bench builtin/string_char_length_bench_test.mbt:102 ("bench char_length_eq ascii 4k") ok
time (mean ± σ)         range (min … max) 
 318.85 ns ±   0.28 ns   318.40 ns … 319.24 ns  in 10 × 100000 runs
[moonbitlang/core] bench builtin/string_char_length_bench_test.mbt:107 ("bench char_length_eq emoji 4k") ok
time (mean ± σ)         range (min … max) 
 684.97 ns ±   1.73 ns   681.61 ns … 686.25 ns  in 10 × 100000 runs
[moonbitlang/core] bench builtin/string_char_length_bench_test.mbt:112 ("bench char_length_eq mixed 4k") ok
time (mean ± σ)         range (min … max) 
 450.35 ns ±   0.27 ns   449.95 ns … 450.66 ns  in 10 × 100000 runs
[moonbitlang/core] bench builtin/string_char_length_bench_test.mbt:119 ("bench char_length_ge ascii 4k len 3") ok
time (mean ± σ)         range (min … max) 
   7.39 ns ±   0.00 ns     7.39 ns …   7.39 ns  in 10 × 100000 runs
[moonbitlang/core] bench builtin/string_char_length_bench_test.mbt:124 ("bench char_length_ge ascii 4k len 2000") ok
time (mean ± σ)         range (min … max) 
 162.41 ns ±   3.30 ns   156.54 ns … 165.63 ns  in 10 × 100000 runs
[moonbitlang/core] bench builtin/string_char_length_bench_test.mbt:129 ("bench char_length_ge cjk 4k len 4096") ok
time (mean ± σ)         range (min … max) 
 318.96 ns ±   0.38 ns   318.31 ns … 319.46 ns  in 10 × 100000 runs
[moonbitlang/core] bench builtin/string_char_length_bench_test.mbt:134 ("bench char_length_ge emoji 4k len 2048") ok
time (mean ± σ)         range (min … max) 
 685.76 ns ±   1.08 ns   683.39 ns … 686.64 ns  in 10 × 100000 runs
[moonbitlang/core] bench builtin/sort_bench_test.mbt:21 ("bench Array::sort n=1000") ok
time (mean ± σ)         range (min … max) 
  10.85 µs ±  18.54 ns    10.81 µs …  10.88 µs  in 10 ×   9211 runs
[moonbitlang/core] bench builtin/sort_bench_test.mbt:31 ("bench Array::sort n=100000") ok
time (mean ± σ)         range (min … max) 
   4.90 ms ±  91.44 µs     4.80 ms …   5.14 ms  in 10 ×     21 runs
[moonbitlang/core] bench builtin/sort_bench_test.mbt:41 ("bench Array::sort_by n=10000") ok
time (mean ± σ)         range (min … max) 
 441.15 µs ±   2.68 µs   436.06 µs … 444.55 µs  in 10 ×    226 runs
[moonbitlang/core] bench builtin/range_equal_bench_test.mbt:56 ("bench range_equal StringView== n=4 equal") ok
time (mean ± σ)         range (min … max) 
   9.38 ns ±   0.04 ns     9.35 ns …   9.49 ns  in 10 × 100000 runs
[moonbitlang/core] bench builtin/range_equal_bench_test.mbt:61 ("bench range_equal StringView== n=8 equal") ok
time (mean ± σ)         range (min … max) 
   8.90 ns ±   0.06 ns     8.85 ns …   9.01 ns  in 10 × 100000 runs
[moonbitlang/core] bench builtin/range_equal_bench_test.mbt:66 ("bench range_equal StringView== n=8 mismatch at end") ok
time (mean ± σ)         range (min … max) 
   9.14 ns ±   0.03 ns     9.11 ns …   9.19 ns  in 10 × 100000 runs
[moonbitlang/core] bench builtin/range_equal_bench_test.mbt:71 ("bench range_equal StringView== n=16 equal") ok
time (mean ± σ)         range (min … max) 
   8.95 ns ±   0.02 ns     8.92 ns …   9.00 ns  in 10 × 100000 runs
[moonbitlang/core] bench builtin/range_equal_bench_test.mbt:76 ("bench range_equal StringView== n=16 mismatch at end") ok
time (mean ± σ)         range (min … max) 
   9.16 ns ±   0.05 ns     9.12 ns …   9.27 ns  in 10 × 100000 runs
[moonbitlang/core] bench builtin/range_equal_bench_test.mbt:81 ("bench range_equal StringView== n=15 equal") ok
time (mean ± σ)         range (min … max) 
   8.89 ns ±   0.04 ns     8.85 ns …   8.96 ns  in 10 × 100000 runs
[moonbitlang/core] bench builtin/range_equal_bench_test.mbt:86 ("bench range_equal StringView== n=64 equal") ok
time (mean ± σ)         range (min … max) 
  11.10 ns ±   0.02 ns    11.09 ns …  11.13 ns  in 10 × 100000 runs
[moonbitlang/core] bench builtin/range_equal_bench_test.mbt:91 ("bench range_equal StringView== n=64 mismatch at end") ok
time (mean ± σ)         range (min … max) 
  11.15 ns ±   0.02 ns    11.12 ns …  11.17 ns  in 10 × 100000 runs
[moonbitlang/core] bench builtin/range_equal_bench_test.mbt:96 ("bench range_equal StringView== n=1024 equal") ok
time (mean ± σ)         range (min … max) 
  61.85 ns ±   0.08 ns    61.75 ns …  62.00 ns  in 10 × 100000 runs
[moonbitlang/core] bench builtin/range_equal_bench_test.mbt:101 ("bench range_equal StringView== n=1024 mismatch at end") ok
time (mean ± σ)         range (min … max) 
  62.22 ns ±   0.10 ns    62.11 ns …  62.40 ns  in 10 × 100000 runs
[moonbitlang/core] bench builtin/range_equal_bench_test.mbt:106 ("bench range_equal StringView== n=1024 mismatch at 0") ok
time (mean ± σ)         range (min … max) 
   8.80 ns ±   0.02 ns     8.79 ns …   8.84 ns  in 10 × 100000 runs
[moonbitlang/core] bench builtin/range_equal_bench_test.mbt:111 ("bench range_equal StringView== n=65536 equal") ok
time (mean ± σ)         range (min … max) 
   3.19 µs ±   5.73 ns     3.18 µs …   3.20 µs  in 10 ×  31328 runs
[moonbitlang/core] bench builtin/range_equal_bench_test.mbt:116 ("bench range_equal StringView== n=65536 mismatch at end") ok
time (mean ± σ)         range (min … max) 
   3.19 µs ±   0.78 ns     3.19 µs …   3.20 µs  in 10 ×  31326 runs
[moonbitlang/core] bench builtin/range_equal_bench_test.mbt:121 ("bench range_equal BytesView== n=4 equal") ok
time (mean ± σ)         range (min … max) 
   8.37 ns ±   0.05 ns     8.33 ns …   8.47 ns  in 10 × 100000 runs
[moonbitlang/core] bench builtin/range_equal_bench_test.mbt:126 ("bench range_equal BytesView== n=8 equal") ok
time (mean ± σ)         range (min … max) 
   8.35 ns ±   0.03 ns     8.33 ns …   8.43 ns  in 10 × 100000 runs
[moonbitlang/core] bench builtin/range_equal_bench_test.mbt:131 ("bench range_equal BytesView== n=8 mismatch at end") ok
time (mean ± σ)         range (min … max) 
   8.63 ns ±   0.13 ns     8.49 ns …   8.82 ns  in 10 × 100000 runs
[moonbitlang/core] bench builtin/range_equal_bench_test.mbt:136 ("bench range_equal BytesView== n=16 equal") ok
time (mean ± σ)         range (min … max) 
   8.53 ns ±   1.04 ns     7.85 ns …  10.47 ns  in 10 × 100000 runs
[moonbitlang/core] bench builtin/range_equal_bench_test.mbt:141 ("bench range_equal BytesView== n=16 mismatch at end") ok
time (mean ± σ)         range (min … max) 
   8.01 ns ±   0.04 ns     7.97 ns …   8.07 ns  in 10 × 100000 runs
[moonbitlang/core] bench builtin/range_equal_bench_test.mbt:146 ("bench range_equal BytesView== n=31 equal") ok
time (mean ± σ)         range (min … max) 
   7.96 ns ±   0.05 ns     7.90 ns …   8.05 ns  in 10 × 100000 runs
[moonbitlang/core] bench builtin/range_equal_bench_test.mbt:151 ("bench range_equal BytesView== n=64 equal") ok
time (mean ± σ)         range (min … max) 
   8.90 ns ±   0.05 ns     8.86 ns …   8.98 ns  in 10 × 100000 runs
[moonbitlang/core] bench builtin/range_equal_bench_test.mbt:156 ("bench range_equal BytesView== n=64 mismatch at end") ok
time (mean ± σ)         range (min … max) 
   8.98 ns ±   0.04 ns     8.94 ns …   9.09 ns  in 10 × 100000 runs
[moonbitlang/core] bench builtin/range_equal_bench_test.mbt:161 ("bench range_equal BytesView== n=1024 equal") ok
time (mean ± σ)         range (min … max) 
  28.40 ns ±   0.05 ns    28.34 ns …  28.50 ns  in 10 × 100000 runs
[moonbitlang/core] bench builtin/range_equal_bench_test.mbt:166 ("bench range_equal BytesView== n=1024 mismatch at end") ok
time (mean ± σ)         range (min … max) 
  28.87 ns ±   0.06 ns    28.83 ns …  29.03 ns  in 10 × 100000 runs
[moonbitlang/core] bench builtin/range_equal_bench_test.mbt:171 ("bench range_equal BytesView== n=1024 mismatch at 0") ok
time (mean ± σ)         range (min … max) 
   7.71 ns ±   0.02 ns     7.69 ns …   7.73 ns  in 10 × 100000 runs
[moonbitlang/core] bench builtin/range_equal_bench_test.mbt:176 ("bench range_equal BytesView== n=65536 equal") ok
time (mean ± σ)         range (min … max) 
   1.62 µs ±   1.92 ns     1.61 µs …   1.62 µs  in 10 ×  61818 runs
[moonbitlang/core] bench builtin/range_equal_bench_test.mbt:181 ("bench range_equal BytesView== n=65536 mismatch at end") ok
time (mean ± σ)         range (min … max) 
   1.64 µs ±   6.99 ns     1.62 µs …   1.64 µs  in 10 ×  61502 runs
[moonbitlang/core] bench builtin/range_equal_bench_test.mbt:186 ("bench range_equal StringView::has_prefix prefix=32 hit") ok
time (mean ± σ)         range (min … max) 
   8.87 ns ±   0.02 ns     8.85 ns …   8.90 ns  in 10 × 100000 runs
[moonbitlang/core] bench builtin/range_equal_bench_test.mbt:193 ("bench range_equal StringView::has_prefix prefix=32 miss at end") ok
time (mean ± σ)         range (min … max) 
   8.88 ns ±   0.04 ns     8.85 ns …   8.96 ns  in 10 × 100000 runs
[moonbitlang/core] bench builtin/linked_hash_map_bench_test.mbt:19 ("bench Map::set n=50000") ok
time (mean ± σ)         range (min … max) 
   2.65 ms ±   1.00 µs     2.65 ms …   2.65 ms  in 10 ×     38 runs
[moonbitlang/core] bench builtin/linked_hash_map_bench_test.mbt:30 ("bench Map::get n=50000") ok
time (mean ± σ)         range (min … max) 
 885.92 µs ±   8.43 µs   874.09 µs … 893.32 µs  in 10 ×    114 runs
[moonbitlang/core] bench builtin/linked_hash_map_bench_test.mbt:47 ("bench Map::get miss n=50000") ok
time (mean ± σ)         range (min … max) 
   1.02 ms ±   9.09 µs     1.00 ms …   1.03 ms  in 10 ×    100 runs
[moonbitlang/core] bench builtin/linked_hash_map_bench_test.mbt:67 ("bench Map::set+remove n=50000") ok
time (mean ± σ)         range (min … max) 
   3.87 ms ±  10.07 µs     3.86 ms …   3.88 ms  in 10 ×     26 runs
[moonbitlang/core] bench builtin/linked_hash_map_bench_test.mbt:83 ("bench Map::each n=50000") ok
time (mean ± σ)         range (min … max) 
  95.31 µs ±   3.06 µs    92.69 µs … 103.65 µs  in 10 ×   1053 runs
[moonbitlang/core] bench builtin/linked_hash_map_bench_test.mbt:101 ("bench Map::filter n=50000") ok
time (mean ± σ)         range (min … max) 
 972.37 µs ± 887.41 ns   970.98 µs … 973.89 µs  in 10 ×    103 runs
[moonbitlang/core] bench builtin/linked_hash_map_bench_test.mbt:107 ("bench Map comprehension filter n=50000") ok
time (mean ± σ)         range (min … max) 
   3.03 ms ±  26.18 µs     2.99 ms …   3.06 ms  in 10 ×     33 runs
[moonbitlang/core] bench builtin/lexical_compare_bench_test.mbt:42 ("bench lexical_compare equal n=256") ok
time (mean ± σ)         range (min … max) 
  19.49 ns ±   0.05 ns    19.41 ns …  19.56 ns  in 10 × 100000 runs
[moonbitlang/core] bench builtin/lexical_compare_bench_test.mbt:47 ("bench lexical_compare common-prefix n=256") ok
time (mean ± σ)         range (min … max) 
  19.52 ns ±   0.03 ns    19.48 ns …  19.58 ns  in 10 × 100000 runs
[moonbitlang/core] bench builtin/lexical_compare_bench_test.mbt:52 ("bench lexical_compare early-diff n=256") ok
time (mean ± σ)         range (min … max) 
   8.83 ns ±   0.03 ns     8.80 ns …   8.87 ns  in 10 × 100000 runs
[moonbitlang/core] bench builtin/lexical_compare_bench_test.mbt:89 ("bench String::lexical_compare equal n=256") ok
time (mean ± σ)         range (min … max) 
 102.39 ns ±   0.15 ns   102.23 ns … 102.62 ns  in 10 × 100000 runs
[moonbitlang/core] bench builtin/lexical_compare_bench_test.mbt:94 ("bench String::lexical_compare common-prefix n=256") ok
time (mean ± σ)         range (min … max) 
 103.95 ns ±   0.32 ns   103.32 ns … 104.24 ns  in 10 × 100000 runs
[moonbitlang/core] bench builtin/lexical_compare_bench_test.mbt:99 ("bench String::lexical_compare early-diff n=256") ok
time (mean ± σ)         range (min … max) 
   8.37 ns ±   0.03 ns     8.35 ns …   8.44 ns  in 10 × 100000 runs
[moonbitlang/core] bench builtin/lexical_compare_bench_test.mbt:104 ("bench StringView::lexical_compare equal n=256") ok
time (mean ± σ)         range (min … max) 
  99.54 ns ±   0.69 ns    98.73 ns … 100.47 ns  in 10 × 100000 runs
[moonbitlang/core] bench builtin/lexical_compare_bench_test.mbt:109 ("bench StringView::lexical_compare common-prefix n=256") ok
time (mean ± σ)         range (min … max) 
 103.24 ns ±   0.17 ns   102.92 ns … 103.47 ns  in 10 × 100000 runs
[moonbitlang/core] bench builtin/lexical_compare_bench_test.mbt:114 ("bench StringView::lexical_compare early-diff n=256") ok
time (mean ± σ)         range (min … max) 
   7.85 ns ±   0.02 ns     7.84 ns …   7.90 ns  in 10 × 100000 runs
[moonbitlang/core] bench builtin/lexical_compare_bench_test.mbt:121 ("bench String::compare equal-length common-prefix n=256") ok
time (mean ± σ)         range (min … max) 
 101.81 ns ±   0.83 ns   100.71 ns … 103.17 ns  in 10 × 100000 runs
[moonbitlang/core] bench builtin/lexical_compare_bench_test.mbt:128 ("bench StringView::compare equal-length common-prefix n=256") ok
time (mean ± σ)         range (min … max) 
 103.72 ns ±   0.24 ns   103.29 ns … 103.99 ns  in 10 × 100000 runs
[moonbitlang/core] bench builtin/lexical_compare_bench_test.mbt:135 ("bench StringView::compare_ignore_ascii_case common-prefix n=256") ok
time (mean ± σ)         range (min … max) 
 179.14 ns ±   1.11 ns   177.20 ns … 179.88 ns  in 10 × 100000 runs
[moonbitlang/core] bench builtin/contains_code_unit_bench_test.mbt:19 ("bench contains_code_unit absent n=4") ok
time (mean ± σ)         range (min … max) 
   7.77 ns ±   0.01 ns     7.76 ns …   7.80 ns  in 10 × 100000 runs
[moonbitlang/core] bench builtin/contains_code_unit_bench_test.mbt:25 ("bench contains_code_unit absent n=8") ok
time (mean ± σ)         range (min … max) 
   7.53 ns ±   0.08 ns     7.40 ns …   7.67 ns  in 10 × 100000 runs
[moonbitlang/core] bench builtin/contains_code_unit_bench_test.mbt:31 ("bench contains_code_unit present@0 n=8") ok
time (mean ± σ)         range (min … max) 
   6.84 ns ±   0.05 ns     6.79 ns …   6.91 ns  in 10 × 100000 runs
[moonbitlang/core] bench builtin/contains_code_unit_bench_test.mbt:37 ("bench contains_code_unit absent n=16") ok
time (mean ± σ)         range (min … max) 
   8.28 ns ±   0.02 ns     8.26 ns …   8.30 ns  in 10 × 100000 runs
[moonbitlang/core] bench builtin/contains_code_unit_bench_test.mbt:43 ("bench contains_code_unit absent n=64") ok
time (mean ± σ)         range (min … max) 
  10.08 ns ±   0.04 ns    10.04 ns …  10.16 ns  in 10 × 100000 runs
[moonbitlang/core] bench builtin/contains_code_unit_bench_test.mbt:49 ("bench contains_code_unit absent n=256") ok
time (mean ± σ)         range (min … max) 
  19.45 ns ±   0.04 ns    19.41 ns …  19.53 ns  in 10 × 100000 runs
[moonbitlang/core] bench builtin/contains_code_unit_bench_test.mbt:55 ("bench contains_code_unit present@end n=256") ok
time (mean ± σ)         range (min … max) 
  18.88 ns ±   0.06 ns    18.82 ns …  19.00 ns  in 10 × 100000 runs
[moonbitlang/core] bench builtin/contains_code_unit_bench_test.mbt:61 ("bench contains_code_unit present@0 n=256") ok
time (mean ± σ)         range (min … max) 
   6.67 ns ±   0.05 ns     6.64 ns …   6.80 ns  in 10 × 100000 runs
[moonbitlang/core] bench builtin/contains_code_unit_bench_test.mbt:67 ("bench StringView contains_code_unit absent n=256") ok
time (mean ± σ)         range (min … max) 
  19.57 ns ±   0.16 ns    19.49 ns …  19.95 ns  in 10 × 100000 runs
[moonbitlang/core] bench builtin/bytesview_compare_bench_test.mbt:16 ("bench BytesView Compare equal n=1000000") ok
time (mean ± σ)         range (min … max) 
  40.21 µs ± 255.06 ns    39.99 µs …  40.80 µs  in 10 ×   2502 runs
[moonbitlang/core] bench builtin/bytesview_compare_bench_test.mbt:23 ("bench BytesView Compare last-diff n=1000000") ok
time (mean ± σ)         range (min … max) 
  39.98 µs ±  61.12 ns    39.88 µs …  40.12 µs  in 10 ×   2501 runs
[moonbitlang/core] bench builtin/bytes_unsafe_bench_test.mbt:31 ("bench Bytes::unsafe_read_uint16_le n=4096") ok
time (mean ± σ)         range (min … max) 
 451.62 ns ±   1.03 ns   449.15 ns … 452.27 ns  in 10 × 100000 runs
[moonbitlang/core] bench builtin/bytes_unsafe_bench_test.mbt:43 ("bench Bytes::unsafe_read_uint32_le n=4096") ok
time (mean ± σ)         range (min … max) 
 441.29 ns ±   0.89 ns   439.81 ns … 441.98 ns  in 10 × 100000 runs
[moonbitlang/core] bench builtin/bytes_unsafe_bench_test.mbt:55 ("bench Bytes::unsafe_read_uint64_le n=4096") ok
time (mean ± σ)         range (min … max) 
 462.63 ns ±   0.31 ns   462.06 ns … 462.97 ns  in 10 × 100000 runs
[moonbitlang/core] bench builtin/bytes_unsafe_bench_test.mbt:67 ("bench FixedArray::unsafe_write_uint16_le n=4096") ok
time (mean ± σ)         range (min … max) 
 592.01 ns ±   1.36 ns   589.23 ns … 593.11 ns  in 10 × 100000 runs
[moonbitlang/core] bench builtin/bytes_unsafe_bench_test.mbt:78 ("bench FixedArray::unsafe_write_uint32_le n=4096") ok
time (mean ± σ)         range (min … max) 
 591.50 ns ±   3.54 ns   586.57 ns … 597.12 ns  in 10 × 100000 runs
[moonbitlang/core] bench builtin/bytes_unsafe_bench_test.mbt:89 ("bench FixedArray::unsafe_write_uint64_le n=4096") ok
time (mean ± σ)         range (min … max) 
 592.64 ns ±   3.93 ns   583.58 ns … 598.40 ns  in 10 × 100000 runs
[moonbitlang/core] bench builtin/bytes_output_bench_test.mbt:19 ("bench Bytes Show binary n=100000") ok
time (mean ± σ)         range (min … max) 
 551.86 µs ± 603.99 ns   550.68 µs … 552.38 µs  in 10 ×    183 runs
[moonbitlang/core] bench builtin/bytes_output_bench_test.mbt:24 ("bench Bytes ToJson binary n=100000") ok
time (mean ± σ)         range (min … max) 
 543.79 µs ±  15.03 µs   534.74 µs … 581.36 µs  in 10 ×    188 runs
[moonbitlang/core] bench builtin/bytes_hash_bench_test.mbt:54 ("bench Hash::hash(Bytes) n=32") ok
time (mean ± σ)         range (min … max) 
  10.07 ns ±   0.18 ns     9.69 ns …  10.28 ns  in 10 × 100000 runs
[moonbitlang/core] bench builtin/bytes_hash_bench_test.mbt:60 ("bench Hash::hash(Bytes) n=8192") ok
time (mean ± σ)         range (min … max) 
   4.41 µs ±   3.96 ns     4.41 µs …   4.42 µs  in 10 ×  22681 runs
[moonbitlang/core] bench builtin/bytes_hash_bench_test.mbt:66 ("bench Map::at Bytes n=1024 key_bytes=32") ok
time (mean ± σ)         range (min … max) 
  17.41 µs ± 107.41 ns    17.20 µs …  17.54 µs  in 10 ×   5665 runs
[moonbitlang/core] bench builtin/bytes_from_array_bench_test.mbt:30 ("bench Bytes::from_array n=262144 full") ok
time (mean ± σ)         range (min … max) 
   4.76 µs ±   2.19 ns     4.75 µs …   4.76 µs  in 10 ×  20992 runs
[moonbitlang/core] bench builtin/bytes_from_array_bench_test.mbt:41 ("bench Bytes::from_array n=262144 sliced") ok
time (mean ± σ)         range (min … max) 
   4.82 µs ±  10.34 ns     4.81 µs …   4.83 µs  in 10 ×  20691 runs
[moonbitlang/core] bench builtin/bytes_from_array_bench_test.mbt:48 ("bench Bytes::makei from ArrayView n=262144 full") ok
time (mean ± σ)         range (min … max) 
 233.35 µs ± 181.63 ns   233.12 µs … 233.67 µs  in 10 ×    428 runs
[moonbitlang/core] bench builtin/bytes_from_array_bench_test.mbt:59 ("bench Bytes::makei from ArrayView n=262144 sliced") ok
time (mean ± σ)         range (min … max) 
 234.36 µs ± 367.16 ns   233.86 µs … 235.22 µs  in 10 ×    425 runs
[moonbitlang/core] bench builtin/bytes_equal_bench_test.mbt:37 ("bench Bytes::equal n=100000 equal") ok
time (mean ± σ)         range (min … max) 
   2.62 µs ±  27.20 ns     2.60 µs …   2.69 µs  in 10 ×  38431 runs
[moonbitlang/core] bench builtin/bytes_equal_bench_test.mbt:44 ("bench Bytes::equal n=100000 aliased object") ok
time (mean ± σ)         range (min … max) 
   7.05 ns ±   0.03 ns     7.02 ns …   7.10 ns  in 10 × 100000 runs
[moonbitlang/core] bench builtin/bytes_equal_bench_test.mbt:54 ("bench Bytes::equal n=100000 mismatch at end") ok
time (mean ± σ)         range (min … max) 
   2.56 µs ±  19.03 ns     2.54 µs …   2.60 µs  in 10 ×  32465 runs
[moonbitlang/core] bench builtin/bytes_add_bench_test.mbt:16 ("bench Bytes add total=1000000") ok
time (mean ± σ)         range (min … max) 
  17.06 µs ±  14.56 ns    17.04 µs …  17.08 µs  in 10 ×   5860 runs
[moonbitlang/core] bench builtin/bitstring_uint_aligned_bench_test.mbt:24 ("bench Bytes::unsafe_extract_uint_le_aligned n=8192") ok
time (mean ± σ)         range (min … max) 
  77.30 ns ±   0.09 ns    77.20 ns …  77.47 ns  in 10 × 100000 runs
[moonbitlang/core] bench builtin/bitstring_uint64_aligned_bench_test.mbt:24 ("bench Bytes::unsafe_extract_uint64_le_aligned n=8192") ok
time (mean ± σ)         range (min … max) 
  73.26 ns ±   0.70 ns    72.61 ns …  74.18 ns  in 10 × 100000 runs
[moonbitlang/core] bench builtin/bitstring_extract_bench_test.mbt:35 ("bench BytesView uint_le aligned len=32") ok
time (mean ± σ)         range (min … max) 
  72.09 ns ±   0.05 ns    72.01 ns …  72.15 ns  in 10 × 100000 runs
[moonbitlang/core] bench builtin/bitstring_extract_bench_test.mbt:48 ("bench BytesView uint_be aligned len=32") ok
time (mean ± σ)         range (min … max) 
  87.56 ns ±   0.15 ns    87.38 ns …  87.84 ns  in 10 × 100000 runs
[moonbitlang/core] bench builtin/bitstring_extract_bench_test.mbt:61 ("bench ArrayView uint_le aligned len=32") ok
time (mean ± σ)         range (min … max) 
  71.97 ns ±   0.19 ns    71.75 ns …  72.29 ns  in 10 × 100000 runs
[moonbitlang/core] bench builtin/bitstring_extract_bench_test.mbt:75 ("bench ArrayView uint_be aligned len=32") ok
time (mean ± σ)         range (min … max) 
  87.18 ns ±   0.20 ns    86.95 ns …  87.48 ns  in 10 × 100000 runs
[moonbitlang/core] bench builtin/bitstring_extract_bench_test.mbt:89 ("bench BytesView uint64_le aligned len=64") ok
time (mean ± σ)         range (min … max) 
  71.44 ns ±   0.11 ns    71.31 ns …  71.64 ns  in 10 × 100000 runs
[moonbitlang/core] bench builtin/bitstring_extract_bench_test.mbt:102 ("bench BytesView uint64_be aligned len=64") ok
time (mean ± σ)         range (min … max) 
  87.38 ns ±   0.23 ns    87.06 ns …  87.66 ns  in 10 × 100000 runs
[moonbitlang/core] bench builtin/bitstring_extract_bench_test.mbt:115 ("bench ArrayView uint64_le aligned len=64") ok
time (mean ± σ)         range (min … max) 
  76.70 ns ±   0.07 ns    76.60 ns …  76.82 ns  in 10 × 100000 runs
[moonbitlang/core] bench builtin/bitstring_extract_bench_test.mbt:129 ("bench ArrayView uint64_be aligned len=64") ok
time (mean ± σ)         range (min … max) 
  87.13 ns ±   0.13 ns    86.95 ns …  87.31 ns  in 10 × 100000 runs
[moonbitlang/core] bench builtin/bitstring_extract_bench_test.mbt:143 ("bench BytesView uint_le unaligned len=32") ok
time (mean ± σ)         range (min … max) 
   6.59 µs ±  32.68 ns     6.54 µs …   6.62 µs  in 10 ×  15123 runs
[moonbitlang/core] bench builtin/bitstring_extract_bench_test.mbt:156 ("bench BytesView uint64_le unaligned len=64") ok
time (mean ± σ)         range (min … max) 
   5.63 µs ±   2.13 ns     5.63 µs …   5.64 µs  in 10 ×  17784 runs
[moonbitlang/core] bench builtin/bitstring_extract_bench_test.mbt:169 ("bench BytesView uint_le aligned len=16") ok
time (mean ± σ)         range (min … max) 
 160.26 ns ±   0.11 ns   160.08 ns … 160.44 ns  in 10 × 100000 runs
[moonbitlang/core] bench builtin/bitstring_extract_bench_test.mbt:182 ("bench BytesView uint_le aligned len=24") ok
time (mean ± σ)         range (min … max) 
   5.39 µs ± 156.84 ns     5.26 µs …   5.71 µs  in 10 ×  18887 runs
[moonbitlang/core] bench builtin/array_retain_bench_test.mbt:29 ("bench Array::retain all keep Int n=100000") ok
time (mean ± σ)         range (min … max) 
   4.47 µs ±   1.31 ns     4.47 µs …   4.47 µs  in 10 ×  22337 runs
[moonbitlang/core] bench builtin/array_retain_bench_test.mbt:42 ("bench Array::retain all keep Ref n=100000") ok
time (mean ± σ)         range (min … max) 
  33.06 µs ±  30.36 ns    33.02 µs …  33.11 µs  in 10 ×   3028 runs
[moonbitlang/core] bench builtin/array_retain_bench_test.mbt:55 ("bench Array::retain drop tail n=100000") ok
time (mean ± σ)         range (min … max) 
  38.89 µs ±  34.24 ns    38.84 µs …  38.94 µs  in 10 ×   2588 runs
[moonbitlang/core] bench builtin/array_retain_bench_test.mbt:66 ("bench Array::retain late sparse drop n=100000") ok
time (mean ± σ)         range (min … max) 
  60.00 µs ±  49.68 ns    59.92 µs …  60.07 µs  in 10 ×   1666 runs
[moonbitlang/core] bench builtin/array_retain_bench_test.mbt:77 ("bench Array::retain drop first n=100000") ok
time (mean ± σ)         range (min … max) 
  38.73 µs ±  12.55 ns    38.71 µs …  38.75 µs  in 10 ×   2592 runs
[moonbitlang/core] bench builtin/array_make_blit_bench_test.mbt:32 ("bench FixedArray::copy Ref n=1000000") ok
time (mean ± σ)         range (min … max) 
   1.14 ms ± 577.22 ns     1.14 ms …   1.14 ms  in 10 ×     88 runs
[moonbitlang/core] bench builtin/array_make_blit_bench_test.mbt:38 ("bench Array::from_fixed_array Ref n=1000000") ok
time (mean ± σ)         range (min … max) 
   1.15 ms ±   9.78 µs     1.14 ms …   1.17 ms  in 10 ×     88 runs
[moonbitlang/core] bench builtin/array_make_blit_bench_test.mbt:44 ("bench Array::add Ref n=500000+500000") ok
time (mean ± σ)         range (min … max) 
   1.43 ms ± 343.16 ns     1.42 ms …   1.43 ms  in 10 ×     70 runs
[moonbitlang/core] bench builtin/array_make_blit_bench_test.mbt:51 ("bench ArrayView::add Ref n=500000+500000") ok
time (mean ± σ)         range (min … max) 
   1.43 ms ± 345.28 ns     1.43 ms …   1.43 ms  in 10 ×     71 runs
[moonbitlang/core] bench builtin/array_make_blit_bench_test.mbt:60 ("bench Array::blit_to Ref n=1000000 overwrite") ok
time (mean ± σ)         range (min … max) 
   1.01 ms ± 307.08 ns     1.01 ms …   1.01 ms  in 10 ×     99 runs
[moonbitlang/core] bench builtin/array_make_blit_bench_test.mbt:70 ("bench Array::blit_to Ref n=1000000 grow") ok
time (mean ± σ)         range (min … max) 
   1.75 ms ±   6.32 µs     1.74 ms …   1.76 ms  in 10 ×     57 runs
[moonbitlang/core] bench builtin/array_make_blit_bench_test.mbt:80 ("bench ArrayView::blit_to Ref n=1000000 overwrite") ok
time (mean ± σ)         range (min … max) 
   1.01 ms ± 227.53 ns     1.01 ms …   1.02 ms  in 10 ×     99 runs
[moonbitlang/core] bench builtin/array_make_blit_bench_test.mbt:90 ("bench ArrayView::blit_to Ref n=1000000 grow") ok
time (mean ± σ)         range (min … max) 
   1.76 ms ±   2.61 µs     1.76 ms …   1.77 ms  in 10 ×     57 runs
[moonbitlang/core] bench builtin/array_make_blit_bench_test.mbt:100 ("bench Array::append Ref n=1000000 grow") ok
time (mean ± σ)         range (min … max) 
   1.76 ms ± 973.54 ns     1.76 ms …   1.76 ms  in 10 ×     57 runs
[moonbitlang/core] bench builtin/array_make_blit_bench_test.mbt:110 ("bench Array::push Ref n=1000000 resize") ok
time (mean ± σ)         range (min … max) 
   1.53 ms ±  21.60 µs     1.52 ms …   1.59 ms  in 10 ×     66 runs
[moonbitlang/core] bench builtin/array_make_blit_bench_test.mbt:129 ("bench Array::copy Int n=1000000") ok
time (mean ± σ)         range (min … max) 
  62.87 µs ±  28.57 ns    62.82 µs …  62.91 µs  in 10 ×   1592 runs
[moonbitlang/core] bench builtin/array_make_blit_bench_test.mbt:135 ("bench Array::copy Ref n=1000000") ok
time (mean ± σ)         range (min … max) 
   1.72 ms ± 700.32 ns     1.72 ms …   1.72 ms  in 10 ×     59 runs
[moonbitlang/core] bench builtin/array_locals_bench_test.mbt:29 ("bench Array::retain_map n=100000") ok
time (mean ± σ)         range (min … max) 
   6.80 µs ±   2.18 ns     6.80 µs …   6.80 µs  in 10 ×  14707 runs
[moonbitlang/core] bench builtin/array_locals_bench_test.mbt:38 ("bench Array::shuffle_in_place n=100000") ok
time (mean ± σ)         range (min … max) 
  61.52 µs ±  67.75 ns    61.47 µs …  61.71 µs  in 10 ×   1626 runs
[moonbitlang/core] bench builtin/array_locals_bench_test.mbt:50 ("bench Array::filter_map n=100000") ok
time (mean ± σ)         range (min … max) 
  42.46 µs ±  35.75 ns    42.40 µs …  42.51 µs  in 10 ×   2352 runs
[moonbitlang/core] bench builtin/array_locals_bench_test.mbt:58 ("bench FixedArray::each n=100000") ok
time (mean ± σ)         range (min … max) 
   4.49 µs ±   1.70 ns     4.48 µs …   4.49 µs  in 10 ×  22290 runs
[moonbitlang/core] bench builtin/array_locals_bench_test.mbt:68 ("bench FixedArray::eachi n=100000") ok
time (mean ± σ)         range (min … max) 
  10.97 µs ± 122.60 ns    10.85 µs …  11.21 µs  in 10 ×   9005 runs
[moonbitlang/core] bench builtin/array_locals_bench_test.mbt:78 ("bench FixedArray::rev_each n=100000") ok
time (mean ± σ)         range (min … max) 
   5.70 µs ± 209.65 ns     5.59 µs …   6.20 µs  in 10 ×  17876 runs
[moonbitlang/core] bench builtin/array_locals_bench_test.mbt:88 ("bench FixedArray::rev_eachi n=100000") ok
time (mean ± σ)         range (min … max) 
  11.30 µs ±  63.29 ns    11.15 µs …  11.38 µs  in 10 ×   8960 runs
[moonbitlang/core] bench builtin/array_locals_bench_test.mbt:98 ("bench FixedArray::map n=100000") ok
time (mean ± σ)         range (min … max) 
  15.06 µs ± 278.48 ns    14.66 µs …  15.42 µs  in 10 ×   6704 runs
[moonbitlang/core] bench builtin/array_locals_bench_test.mbt:104 ("bench FixedArray::mapi n=100000") ok
time (mean ± σ)         range (min … max) 
  15.15 µs ± 213.49 ns    14.92 µs …  15.70 µs  in 10 ×   6617 runs
[moonbitlang/core] bench builtin/array_locals_bench_test.mbt:110 ("bench FixedArray::makei n=100000") ok
time (mean ± σ)         range (min … max) 
  14.24 µs ± 476.56 ns    13.94 µs …  15.42 µs  in 10 ×   7332 runs
[moonbitlang/core] bench builtin/array_locals_bench_test.mbt:115 ("bench FixedArray::fold n=100000") ok
time (mean ± σ)         range (min … max) 
   4.46 µs ±   4.03 ns     4.46 µs …   4.47 µs  in 10 ×  22489 runs
[moonbitlang/core] bench builtin/array_locals_bench_test.mbt:121 ("bench FixedArray::rev_fold n=100000") ok
time (mean ± σ)         range (min … max) 
   5.59 µs ±   2.29 ns     5.59 µs …   5.59 µs  in 10 ×  17891 runs
[moonbitlang/core] bench builtin/array_locals_bench_test.mbt:127 ("bench FixedArray::foldi n=100000") ok
time (mean ± σ)         range (min … max) 
  10.96 µs ± 183.27 ns    10.79 µs …  11.40 µs  in 10 ×   9149 runs
[moonbitlang/core] bench builtin/array_locals_bench_test.mbt:133 ("bench FixedArray::rev_foldi n=100000") ok
time (mean ± σ)         range (min … max) 
  11.19 µs ± 101.37 ns    11.06 µs …  11.33 µs  in 10 ×   8853 runs
[moonbitlang/core] bench builtin/array_locals_bench_test.mbt:139 ("bench ArrayView::chunk_by n=100000") ok
time (mean ± σ)         range (min … max) 
  51.37 µs ± 124.97 ns    51.03 µs …  51.45 µs  in 10 ×   1947 runs
[moonbitlang/core] bench builtin/array_locals_bench_test.mbt:146 ("bench ArrayView::each n=100000") ok
time (mean ± σ)         range (min … max) 
   4.49 µs ±   3.20 ns     4.48 µs …   4.49 µs  in 10 ×  22278 runs
[moonbitlang/core] bench builtin/array_locals_bench_test.mbt:157 ("bench ArrayView::eachi n=100000") ok
time (mean ± σ)         range (min … max) 
  11.15 µs ± 145.21 ns    10.92 µs …  11.33 µs  in 10 ×   8828 runs
[moonbitlang/core] bench builtin/array_locals_bench_test.mbt:168 ("bench ArrayView::rev_each n=100000") ok
time (mean ± σ)         range (min … max) 
   5.62 µs ±  10.81 ns     5.60 µs …   5.63 µs  in 10 ×  17846 runs
[moonbitlang/core] bench builtin/array_locals_bench_test.mbt:179 ("bench ArrayView::rev_eachi n=100000") ok
time (mean ± σ)         range (min … max) 
  11.21 µs ±  81.23 ns    11.09 µs …  11.28 µs  in 10 ×   8923 runs
[moonbitlang/core] bench builtin/array_locals_bench_test.mbt:190 ("bench ArrayView::all n=100000") ok
time (mean ± σ)         range (min … max) 
  28.19 µs ± 223.09 ns    27.85 µs …  28.45 µs  in 10 ×   3605 runs
[moonbitlang/core] bench builtin/array_locals_bench_test.mbt:197 ("bench ArrayView::any n=100000") ok
time (mean ± σ)         range (min … max) 
  28.84 µs ± 855.30 ns    28.27 µs …  30.70 µs  in 10 ×   3541 runs
[moonbitlang/core] bench builtin/array_locals_bench_test.mbt:204 ("bench ArrayView::search_by n=100000") ok
time (mean ± σ)         range (min … max) 
  34.90 µs ±  41.31 ns    34.86 µs …  34.98 µs  in 10 ×   2871 runs
[moonbitlang/core] bench builtin/array_locals_bench_test.mbt:213 ("bench ArrayView::fold n=100000") ok
time (mean ± σ)         range (min … max) 
   4.48 µs ±   0.77 ns     4.48 µs …   4.48 µs  in 10 ×  22304 runs
[moonbitlang/core] bench builtin/array_locals_bench_test.mbt:220 ("bench ArrayView::rev_fold n=100000") ok
time (mean ± σ)         range (min … max) 
   5.61 µs ±   6.21 ns     5.60 µs …   5.62 µs  in 10 ×  17815 runs
[moonbitlang/core] bench builtin/array_locals_bench_test.mbt:227 ("bench ArrayView::foldi n=100000") ok
time (mean ± σ)         range (min … max) 
  10.99 µs ±  67.26 ns    10.88 µs …  11.10 µs  in 10 ×   9095 runs
[moonbitlang/core] bench builtin/array_locals_bench_test.mbt:234 ("bench ArrayView::rev_foldi n=100000") ok
time (mean ± σ)         range (min … max) 
  14.57 µs ±  28.91 ns    14.52 µs …  14.62 µs  in 10 ×   6883 runs
[moonbitlang/core] bench builtin/array_locals_bench_test.mbt:241 ("bench ArrayView::map n=100000") ok
time (mean ± σ)         range (min … max) 
   8.76 µs ±  49.83 ns     8.72 µs …   8.87 µs  in 10 ×  11554 runs
[moonbitlang/core] bench builtin/array_locals_bench_test.mbt:248 ("bench ArrayView::mapi n=100000") ok
time (mean ± σ)         range (min … max) 
   8.77 µs ±  45.76 ns     8.71 µs …   8.86 µs  in 10 ×  11545 runs
[moonbitlang/core] bench builtin/array_locals_bench_test.mbt:255 ("bench ArrayView::filter n=100000") ok
time (mean ± σ)         range (min … max) 
  41.85 µs ± 126.20 ns    41.78 µs …  42.20 µs  in 10 ×   2111 runs
[moonbitlang/core] bench builtin/array_locals_bench_test.mbt:262 ("bench ArrayView::filter_map n=100000") ok
time (mean ± σ)         range (min … max) 
  88.03 µs ± 350.35 ns    87.11 µs …  88.28 µs  in 10 ×   1136 runs
[moonbitlang/core] bench bytes/find_bench_test.mbt:92 ("bench BytesView::find single byte hit end n=4096") ok
time (mean ± σ)         range (min … max) 
 162.80 ns ±   0.51 ns   162.07 ns … 163.45 ns  in 10 × 100000 runs
[moonbitlang/core] bench bytes/find_bench_test.mbt:99 ("bench BytesView::find single byte miss n=4096") ok
time (mean ± σ)         range (min … max) 
 155.06 ns ±   0.22 ns   154.72 ns … 155.37 ns  in 10 × 100000 runs
[moonbitlang/core] bench bytes/find_bench_test.mbt:106 ("bench BytesView::find substring rare hit end n=4096") ok
time (mean ± σ)         range (min … max) 
 196.41 ns ±   0.11 ns   196.28 ns … 196.59 ns  in 10 × 100000 runs
[moonbitlang/core] bench bytes/find_bench_test.mbt:113 ("bench BytesView::find substring dense miss n=4096") ok
time (mean ± σ)         range (min … max) 
 193.11 ns ±   0.12 ns   192.96 ns … 193.35 ns  in 10 × 100000 runs
[moonbitlang/core] bench bytes/find_bench_test.mbt:120 ("bench BytesView::find offset view rare hit end n=4096") ok
time (mean ± σ)         range (min … max) 
 194.14 ns ±   2.10 ns   190.04 ns … 196.79 ns  in 10 × 100000 runs
[moonbitlang/core] bench bytes/find_bench_test.mbt:127 ("bench BytesView::find long dense miss n=4096") ok
time (mean ± σ)         range (min … max) 
   4.51 µs ±  15.30 ns     4.49 µs …   4.53 µs  in 10 ×  22155 runs
[moonbitlang/core] bench bytes/find_bench_test.mbt:134 ("bench BytesView::find single byte miss n=32") ok
time (mean ± σ)         range (min … max) 
  10.35 ns ±   0.04 ns    10.31 ns …  10.42 ns  in 10 × 100000 runs
[moonbitlang/core] bench bytes/find_bench_test.mbt:141 ("bench BytesView::find substring miss n=32") ok
time (mean ± σ)         range (min … max) 
  15.93 ns ±   0.03 ns    15.89 ns …  16.00 ns  in 10 × 100000 runs
[moonbitlang/core] bench bytes/find_bench_test.mbt:148 ("bench BytesView::rev_find single byte hit start n=4096") ok
time (mean ± σ)         range (min … max) 
 154.29 ns ±   1.26 ns   152.52 ns … 156.18 ns  in 10 × 100000 runs
[moonbitlang/core] bench bytes/find_bench_test.mbt:155 ("bench BytesView::rev_find single byte miss n=4096") ok
time (mean ± σ)         range (min … max) 
 143.66 ns ±   0.84 ns   142.91 ns … 145.04 ns  in 10 × 100000 runs
[moonbitlang/core] bench bytes/find_bench_test.mbt:162 ("bench BytesView::rev_find substring rare hit start n=4096") ok
time (mean ± σ)         range (min … max) 
 204.26 ns ±   0.08 ns   204.14 ns … 204.44 ns  in 10 × 100000 runs
[moonbitlang/core] bench bytes/find_bench_test.mbt:169 ("bench BytesView::rev_find substring dense miss n=4096") ok
time (mean ± σ)         range (min … max) 
 200.14 ns ±   0.25 ns   199.65 ns … 200.43 ns  in 10 × 100000 runs
[moonbitlang/core] bench bytes/find_bench_test.mbt:176 ("bench BytesView::rev_find offset view rare hit start n=4096") ok
time (mean ± σ)         range (min … max) 
 203.33 ns ±   1.66 ns   199.41 ns … 204.72 ns  in 10 × 100000 runs
[moonbitlang/core] bench bytes/find_bench_test.mbt:185 ("bench BytesView::rev_find long dense miss n=4096") ok
time (mean ± σ)         range (min … max) 
 215.68 ns ±  41.27 ns   194.54 ns … 325.03 ns  in 10 × 100000 runs
[moonbitlang/core] bench debug/debug_inspect_bench_test.mbt:16 ("bench debug_inspect passing Int") ok
time (mean ± σ)         range (min … max) 
 177.21 ns ±   0.20 ns   176.87 ns … 177.51 ns  in 10 × 100000 runs
[moonbitlang/core] bench debug/debug_inspect_bench_test.mbt:21 ("bench debug_inspect passing Array") ok
time (mean ± σ)         range (min … max) 
   1.74 µs ±   4.01 ns     1.73 µs …   1.74 µs  in 10 ×  57689 runs
[moonbitlang/core] bench deque/deque_bench_test.mbt:22 ("bench Deque::to_array Int n=50000") ok
time (mean ± σ)         range (min … max) 
  29.84 µs ±  65.27 ns    29.78 µs …  29.99 µs  in 10 ×   3340 runs
[moonbitlang/core] bench deque/deque_bench_test.mbt:28 ("bench Deque::to_array Ref n=50000") ok
time (mean ± σ)         range (min … max) 
 101.40 µs ±  24.04 ns   101.37 µs … 101.44 µs  in 10 ×    986 runs
[moonbitlang/core] bench deque/deque_bench_test.mbt:34 ("bench Deque steady-state pop_front/push_back x100000 len=1000") ok
time (mean ± σ)         range (min … max) 
 394.47 µs ±   1.18 µs   392.71 µs … 395.42 µs  in 10 ×    254 runs
[moonbitlang/core] bench deque/deque_bench_test.mbt:51 ("bench Deque steady-state push_front/pop_back x100000 len=1000") ok
time (mean ± σ)         range (min … max) 
 387.89 µs ± 437.10 ns   386.70 µs … 388.21 µs  in 10 ×    259 runs
[moonbitlang/core] bench deque/deque_bench_test.mbt:67 ("bench Deque::get x100000 len=1000") ok
time (mean ± σ)         range (min … max) 
 585.13 µs ± 153.87 ns   584.89 µs … 585.36 µs  in 10 ×    171 runs
[moonbitlang/core] bench encoding/ascii/ascii_bench_test.mbt:40 ("bench ASCII decode n=15") ok
time (mean ± σ)         range (min … max) 
  23.65 ns ±   0.61 ns    22.46 ns …  24.13 ns  in 10 × 100000 runs
[moonbitlang/core] bench encoding/ascii/ascii_bench_test.mbt:46 ("bench ASCII decode n=16") ok
time (mean ± σ)         range (min … max) 
  27.08 ns ±   0.23 ns    26.66 ns …  27.38 ns  in 10 × 100000 runs
[moonbitlang/core] bench encoding/ascii/ascii_bench_test.mbt:52 ("bench ASCII decode n=32") ok
time (mean ± σ)         range (min … max) 
  26.65 ns ±   0.09 ns    26.56 ns …  26.80 ns  in 10 × 100000 runs
[moonbitlang/core] bench encoding/ascii/ascii_bench_test.mbt:58 ("bench ASCII decode n=64") ok
time (mean ± σ)         range (min … max) 
  33.57 ns ±   0.07 ns    33.51 ns …  33.72 ns  in 10 × 100000 runs
[moonbitlang/core] bench encoding/ascii/ascii_bench_test.mbt:64 ("bench ASCII decode n=100000") ok
time (mean ± σ)         range (min … max) 
  11.61 µs ±  61.47 ns    11.53 µs …  11.68 µs  in 10 ×   8620 runs
[moonbitlang/core] bench encoding/ascii/ascii_bench_test.mbt:70 ("bench ASCII decode n=1000000") ok
time (mean ± σ)         range (min … max) 
 102.37 µs ± 833.47 ns   101.52 µs … 103.45 µs  in 10 ×    971 runs
[moonbitlang/core] bench encoding/base64/v128_bench_wbtest.mbt:38 ("bench encode scalar n=64") ok
time (mean ± σ)         range (min … max) 
 218.57 ns ±   0.54 ns   217.56 ns … 219.06 ns  in 10 × 100000 runs
[moonbitlang/core] bench encoding/base64/v128_bench_wbtest.mbt:43 ("bench encode v128 n=64") ok
time (mean ± σ)         range (min … max) 
  40.25 ns ±   0.03 ns    40.20 ns …  40.28 ns  in 10 × 100000 runs
[moonbitlang/core] bench encoding/base64/v128_bench_wbtest.mbt:48 ("bench encode scalar n=1024") ok
time (mean ± σ)         range (min … max) 
   2.87 µs ±   3.74 ns     2.86 µs …   2.87 µs  in 10 ×  34851 runs
[moonbitlang/core] bench encoding/base64/v128_bench_wbtest.mbt:53 ("bench encode v128 n=1024") ok
time (mean ± σ)         range (min … max) 
 251.24 ns ±   0.58 ns   249.77 ns … 251.76 ns  in 10 × 100000 runs
[moonbitlang/core] bench encoding/base64/v128_bench_wbtest.mbt:58 ("bench encode scalar n=65536") ok
time (mean ± σ)         range (min … max) 
 180.86 µs ± 149.22 ns   180.66 µs … 181.06 µs  in 10 ×    547 runs
[moonbitlang/core] bench encoding/base64/v128_bench_wbtest.mbt:63 ("bench encode v128 n=65536") ok
time (mean ± σ)         range (min … max) 
  20.34 µs ±  62.08 ns    20.23 µs …  20.41 µs  in 10 ×   4575 runs
[moonbitlang/core] bench encoding/base64/v128_bench_wbtest.mbt:68 ("bench decode scalar n=64") ok
time (mean ± σ)         range (min … max) 
 176.70 ns ±   1.71 ns   173.73 ns … 178.58 ns  in 10 × 100000 runs
[moonbitlang/core] bench encoding/base64/v128_bench_wbtest.mbt:75 ("bench decode v128 n=64") ok
time (mean ± σ)         range (min … max) 
  78.36 ns ±   0.94 ns    76.31 ns …  79.50 ns  in 10 × 100000 runs
[moonbitlang/core] bench encoding/base64/v128_bench_wbtest.mbt:80 ("bench decode scalar n=1024") ok
time (mean ± σ)         range (min … max) 
   2.13 µs ±  11.75 ns     2.11 µs …   2.15 µs  in 10 ×  47216 runs
[moonbitlang/core] bench encoding/base64/v128_bench_wbtest.mbt:87 ("bench decode v128 n=1024") ok
time (mean ± σ)         range (min … max) 
 259.50 ns ±   0.20 ns   259.23 ns … 259.78 ns  in 10 × 100000 runs
[moonbitlang/core] bench encoding/base64/v128_bench_wbtest.mbt:92 ("bench decode scalar n=65536") ok
time (mean ± σ)         range (min … max) 
 460.54 µs ±   9.08 µs   449.78 µs … 468.11 µs  in 10 ×    214 runs
[moonbitlang/core] bench encoding/base64/v128_bench_wbtest.mbt:99 ("bench decode v128 n=65536") ok
time (mean ± σ)         range (min … max) 
  12.59 µs ±  37.52 ns    12.52 µs …  12.63 µs  in 10 ×   7913 runs
[moonbitlang/core] bench encoding/hex/v128_bench_wbtest.mbt:34 ("bench encode scalar 4k") ok
time (mean ± σ)         range (min … max) 
  16.60 µs ±  10.55 ns    16.57 µs …  16.61 µs  in 10 ×   6025 runs
[moonbitlang/core] bench encoding/hex/v128_bench_wbtest.mbt:39 ("bench encode public 64") ok
time (mean ± σ)         range (min … max) 
  36.28 ns ±   0.06 ns    36.22 ns …  36.40 ns  in 10 × 100000 runs
[moonbitlang/core] bench encoding/hex/v128_bench_wbtest.mbt:44 ("bench encode public 4k") ok
time (mean ± σ)         range (min … max) 
 633.40 ns ±   6.49 ns   630.08 ns … 649.01 ns  in 10 × 100000 runs
[moonbitlang/core] bench encoding/hex/v128_bench_wbtest.mbt:49 ("bench encode public 64k") ok
time (mean ± σ)         range (min … max) 
  18.89 µs ±  19.56 ns    18.85 µs …  18.92 µs  in 10 ×   5271 runs
[moonbitlang/core] bench encoding/hex/v128_bench_wbtest.mbt:54 ("bench decode scalar 4k") ok
time (mean ± σ)         range (min … max) 
   7.76 µs ±  10.04 ns     7.74 µs …   7.77 µs  in 10 ×  12912 runs
[moonbitlang/core] bench encoding/hex/v128_bench_wbtest.mbt:62 ("bench decode public 4k") ok
time (mean ± σ)         range (min … max) 
 836.27 ns ±   1.98 ns   833.99 ns … 840.59 ns  in 10 × 100000 runs
[moonbitlang/core] bench encoding/hex/v128_bench_wbtest.mbt:70 ("bench decode public 64k") ok
time (mean ± σ)         range (min … max) 
  12.89 µs ±  52.65 ns    12.78 µs …  12.94 µs  in 10 ×   7694 runs
[moonbitlang/core] bench encoding/utf16/utf16_v128_bench_test.mbt:57 ("bench utf16 encode ASCII LE n=100000") ok
time (mean ± σ)         range (min … max) 
  69.38 µs ± 533.83 ns    68.56 µs …  70.04 µs  in 10 ×   1415 runs
[moonbitlang/core] bench encoding/utf16/utf16_v128_bench_test.mbt:63 ("bench utf16 encode ASCII BE n=100000") ok
time (mean ± σ)         range (min … max) 
   5.61 µs ±  88.44 ns     5.50 µs …   5.78 µs  in 10 ×  18189 runs
[moonbitlang/core] bench encoding/utf16/utf16_v128_bench_test.mbt:69 ("bench utf16 encode mixed LE n=100000") ok
time (mean ± σ)         range (min … max) 
  66.32 µs ±   1.66 µs    64.81 µs …  68.88 µs  in 10 ×   1477 runs
[moonbitlang/core] bench encoding/utf16/utf16_v128_bench_test.mbt:75 ("bench utf16 encode mixed BE n=100000") ok
time (mean ± σ)         range (min … max) 
   5.49 µs ±  46.29 ns     5.45 µs …   5.60 µs  in 10 ×  17964 runs
[moonbitlang/core] bench encoding/utf16/utf16_v128_bench_test.mbt:81 ("bench utf16 decode ASCII LE n=100000") ok
time (mean ± σ)         range (min … max) 
   9.51 µs ±   2.00 ns     9.51 µs …   9.51 µs  in 10 ×  10505 runs
[moonbitlang/core] bench encoding/utf16/utf16_v128_bench_test.mbt:87 ("bench utf16 decode ASCII BE n=100000") ok
time (mean ± σ)         range (min … max) 
  16.98 µs ± 372.72 ns    16.69 µs …  17.81 µs  in 10 ×   5940 runs
[moonbitlang/core] bench encoding/utf16/utf16_v128_bench_test.mbt:95 ("bench utf16 decode mixed LE n=100000") ok
time (mean ± σ)         range (min … max) 
   9.48 µs ±  36.44 ns     9.42 µs …   9.51 µs  in 10 ×  10515 runs
[moonbitlang/core] bench encoding/utf16/utf16_v128_bench_test.mbt:101 ("bench utf16 decode mixed BE n=100000") ok
time (mean ± σ)         range (min … max) 
  16.78 µs ±  33.77 ns    16.73 µs …  16.82 µs  in 10 ×   6019 runs
[moonbitlang/core] bench encoding/utf16/utf16_v128_bench_test.mbt:109 ("bench utf16 decode emoji LE n=100000") ok
time (mean ± σ)         range (min … max) 
 130.77 µs ± 112.23 ns   130.61 µs … 130.91 µs  in 10 ×    762 runs
[moonbitlang/core] bench encoding/utf16/utf16_v128_bench_test.mbt:115 ("bench utf16 decode emoji BE n=100000") ok
time (mean ± σ)         range (min … max) 
 146.67 µs ±  50.20 ns   146.60 µs … 146.75 µs  in 10 ×    682 runs
[moonbitlang/core] bench hashmap/hashmap_bench_test.mbt:19 ("bench HashMap::set n=50000") ok
time (mean ± σ)         range (min … max) 
   2.22 ms ±  13.69 µs     2.19 ms …   2.23 ms  in 10 ×     45 runs
[moonbitlang/core] bench hashmap/hashmap_bench_test.mbt:30 ("bench HashMap::get n=50000") ok
time (mean ± σ)         range (min … max) 
 337.30 µs ± 340.57 ns   336.64 µs … 337.64 µs  in 10 ×    295 runs
[moonbitlang/core] bench hashmap/hashmap_bench_test.mbt:47 ("bench HashMap::get miss n=50000") ok
time (mean ± σ)         range (min … max) 
 490.82 µs ±   9.00 µs   484.72 µs … 514.92 µs  in 10 ×    197 runs
[moonbitlang/core] bench hashmap/hashmap_bench_test.mbt:67 ("bench HashMap::set+remove n=50000") ok
time (mean ± σ)         range (min … max) 
   2.63 ms ±  15.29 µs     2.61 ms …   2.65 ms  in 10 ×     38 runs
[moonbitlang/core] bench hashmap/hashmap_bench_test.mbt:87 ("bench HashMap::copy+remove n=50000") ok
time (mean ± σ)         range (min … max) 
   1.35 ms ±   3.36 µs     1.34 ms …   1.35 ms  in 10 ×     75 runs
[moonbitlang/core] bench hashmap/hashmap_bench_test.mbt:102 ("bench HashMap::copy n=50000") ok
time (mean ± σ)         range (min … max) 
 985.99 µs ± 963.88 ns   984.37 µs … 987.21 µs  in 10 ×    102 runs
[moonbitlang/core] bench hashmap/hashmap_bench_test.mbt:114 ("bench HashMap::to_array Int n=50000") ok
time (mean ± σ)         range (min … max) 
 617.91 µs ±   2.34 µs   613.57 µs … 620.48 µs  in 10 ×    163 runs
[moonbitlang/core] bench hashmap/hashmap_bench_test.mbt:123 ("bench HashMap::to_array Ref n=50000") ok
time (mean ± σ)         range (min … max) 
 832.46 µs ±   3.15 µs   828.69 µs … 837.40 µs  in 10 ×    119 runs
[moonbitlang/core] bench hashmap/hashmap_bench_test.mbt:141 ("bench HashMap::filter n=50000") ok
time (mean ± σ)         range (min … max) 
   1.10 ms ±   7.57 µs     1.09 ms …   1.11 ms  in 10 ×     91 runs
[moonbitlang/core] bench hashmap/hashmap_bench_test.mbt:147 ("bench HashMap comprehension filter n=50000") ok
time (mean ± σ)         range (min … max) 
   2.93 ms ±  15.47 µs     2.91 ms …   2.95 ms  in 10 ×     34 runs
[moonbitlang/core] bench hashset/set_algebra_bench_test.mbt:26 ("bench HashSet::union String 10k 50% overlap") ok
time (mean ± σ)         range (min … max) 
 668.94 µs ±  20.34 µs   659.22 µs … 726.22 µs  in 10 ×    145 runs
[moonbitlang/core] bench hashset/set_algebra_bench_test.mbt:33 ("bench HashSet::union Int 10k 50% overlap") ok
time (mean ± σ)         range (min … max) 
 573.05 µs ±   3.63 µs   568.27 µs … 579.07 µs  in 10 ×    175 runs
[moonbitlang/core] bench hashset/set_algebra_bench_test.mbt:40 ("bench HashSet::intersection String 10k 50% overlap") ok
time (mean ± σ)         range (min … max) 
 357.05 µs ±   1.38 µs   354.81 µs … 358.97 µs  in 10 ×    280 runs
[moonbitlang/core] bench hashset/set_algebra_bench_test.mbt:47 ("bench HashSet::difference String 10k 50% overlap") ok
time (mean ± σ)         range (min … max) 
 366.72 µs ± 501.68 ns   366.07 µs … 367.75 µs  in 10 ×    272 runs
[moonbitlang/core] bench hashset/set_algebra_bench_test.mbt:54 ("bench HashSet::is_subset String 10k true") ok
time (mean ± σ)         range (min … max) 
 102.75 µs ± 967.45 ns   101.98 µs … 105.11 µs  in 10 ×    939 runs
[moonbitlang/core] bench hashset/set_algebra_bench_test.mbt:61 ("bench HashSet == String 10k") ok
time (mean ± σ)         range (min … max) 
 103.43 µs ±   2.44 µs   101.72 µs … 107.63 µs  in 10 ×    940 runs
[moonbitlang/core] bench hashset/set_algebra_bench_test.mbt:68 ("bench HashSet == Int 10k") ok
time (mean ± σ)         range (min … max) 
  68.02 µs ±   1.95 µs    66.95 µs …  73.44 µs  in 10 ×   1364 runs
[moonbitlang/core] bench hashset/hashset_bench_test.mbt:19 ("bench HashSet::add n=50000") ok
time (mean ± σ)         range (min … max) 
   2.29 ms ±   8.54 µs     2.28 ms …   2.30 ms  in 10 ×     44 runs
[moonbitlang/core] bench hashset/hashset_bench_test.mbt:30 ("bench HashSet::contains n=50000") ok
time (mean ± σ)         range (min … max) 
 891.06 µs ±   1.09 µs   890.09 µs … 893.97 µs  in 10 ×    110 runs
[moonbitlang/core] bench hashset/hashset_bench_test.mbt:56 ("bench HashSet::filter n=50000") ok
time (mean ± σ)         range (min … max) 
 460.31 µs ± 575.05 ns   459.62 µs … 461.50 µs  in 10 ×    217 runs
[moonbitlang/core] bench hashset/hashset_bench_test.mbt:62 ("bench HashSet comprehension filter n=50000") ok
time (mean ± σ)         range (min … max) 
   1.04 ms ±  11.09 µs     1.03 ms …   1.06 ms  in 10 ×     95 runs
[moonbitlang/core] bench immut/hashmap/update_bench_test.mbt:21 ("bench HashMap::remove absent x1000 n=100000") ok
time (mean ± σ)         range (min … max) 
  38.22 µs ±  43.58 ns    38.14 µs …  38.28 µs  in 10 ×   2633 runs
[moonbitlang/core] bench immut/hashmap/update_bench_test.mbt:32 ("bench HashMap::remove present x1000 n=100000") ok
time (mean ± σ)         range (min … max) 
 361.36 µs ± 814.91 ns   360.65 µs … 362.75 µs  in 10 ×    277 runs
[moonbitlang/core] bench immut/hashmap/update_bench_test.mbt:43 ("bench HashMap::union with a derived version n=100000") ok
time (mean ± σ)         range (min … max) 
 687.03 ns ±   2.80 ns   683.43 ns … 690.31 ns  in 10 × 100000 runs
[moonbitlang/core] bench immut/hashmap/update_bench_test.mbt:49 ("bench HashMap::intersection with a derived version n=100000") ok
time (mean ± σ)         range (min … max) 
 751.07 ns ±   2.14 ns   749.00 ns … 755.12 ns  in 10 × 100000 runs
[moonbitlang/core] bench immut/hashmap/hashmap_build_bench_test.mbt:37 ("bench HashMap constructor ordered n=10000") ok
time (mean ± σ)         range (min … max) 
 704.81 µs ±  14.71 µs   696.24 µs … 734.54 µs  in 10 ×    140 runs
[moonbitlang/core] bench immut/hashmap/hashmap_build_bench_test.mbt:43 ("bench HashMap constructor random n=10000") ok
time (mean ± σ)         range (min … max) 
 694.77 µs ±   4.73 µs   689.44 µs … 705.31 µs  in 10 ×    146 runs
[moonbitlang/core] bench immut/hashmap/hashmap_build_bench_test.mbt:49 ("bench HashMap::from_iter random n=10000") ok
time (mean ± σ)         range (min … max) 
 693.91 µs ± 980.34 ns   692.75 µs … 695.22 µs  in 10 ×    145 runs
[moonbitlang/core] bench immut/hashset/update_bench_test.mbt:21 ("bench HashSet::add existing x1000 n=100000") ok
time (mean ± σ)         range (min … max) 
  40.58 µs ±  91.64 ns    40.37 µs …  40.68 µs  in 10 ×   2471 runs
[moonbitlang/core] bench immut/hashset/update_bench_test.mbt:32 ("bench HashSet::remove absent x1000 n=100000") ok
time (mean ± σ)         range (min … max) 
  36.84 µs ± 125.75 ns    36.55 µs …  36.98 µs  in 10 ×   2723 runs
[moonbitlang/core] bench immut/hashset/update_bench_test.mbt:43 ("bench HashSet::add new x1000 n=100000") ok
time (mean ± σ)         range (min … max) 
 378.73 µs ± 863.60 ns   377.45 µs … 380.34 µs  in 10 ×    265 runs
[moonbitlang/core] bench immut/hashset/update_bench_test.mbt:54 ("bench HashSet::union with a derived version n=100000") ok
time (mean ± σ)         range (min … max) 
 667.12 ns ±   1.07 ns   665.66 ns … 668.34 ns  in 10 × 100000 runs
[moonbitlang/core] bench immut/hashset/hashset_build_bench_test.mbt:34 ("bench HashSet constructor ordered n=10000") ok
time (mean ± σ)         range (min … max) 
 734.11 µs ±  23.53 µs   725.05 µs … 801.04 µs  in 10 ×    138 runs
[moonbitlang/core] bench immut/hashset/hashset_build_bench_test.mbt:40 ("bench HashSet constructor random n=10000") ok
time (mean ± σ)         range (min … max) 
 740.37 µs ±   1.39 µs   738.33 µs … 743.47 µs  in 10 ×    136 runs
[moonbitlang/core] bench immut/hashset/hashset_build_bench_test.mbt:46 ("bench HashSet::from_iter random n=10000") ok
time (mean ± σ)         range (min … max) 
 737.53 µs ± 328.59 ns   737.03 µs … 738.03 µs  in 10 ×    136 runs
[moonbitlang/core] bench immut/priority_queue/priority_queue_build_bench_test.mbt:38 ("bench PriorityQueue::from_array ordered n=10000") ok
time (mean ± σ)         range (min … max) 
 116.15 µs ± 691.20 ns   115.35 µs … 117.15 µs  in 10 ×    866 runs
[moonbitlang/core] bench immut/priority_queue/priority_queue_build_bench_test.mbt:44 ("bench PriorityQueue::from_array reverse n=10000") ok
time (mean ± σ)         range (min … max) 
 110.27 µs ± 264.55 ns   109.85 µs … 110.61 µs  in 10 ×    924 runs
[moonbitlang/core] bench immut/priority_queue/priority_queue_build_bench_test.mbt:50 ("bench PriorityQueue::from_array random n=10000") ok
time (mean ± σ)         range (min … max) 
 118.82 µs ± 255.99 ns   118.38 µs … 119.16 µs  in 10 ×    854 runs
[moonbitlang/core] bench immut/priority_queue/priority_queue_build_bench_test.mbt:56 ("bench PriorityQueue::from_iter random n=10000") ok
time (mean ± σ)         range (min … max) 
 137.62 µs ± 931.99 ns   136.11 µs … 138.54 µs  in 10 ×    728 runs
[moonbitlang/core] bench immut/sorted_map/sorted_map_build_bench_test.mbt:54 ("bench SortedMap constructor reverse n=10000") ok
time (mean ± σ)         range (min … max) 
 177.55 µs ±   9.41 µs   171.90 µs … 200.44 µs  in 10 ×    581 runs
[moonbitlang/core] bench immut/sorted_map/sorted_map_build_bench_test.mbt:60 ("bench SortedMap::from_iter ordered n=10000") ok
time (mean ± σ)         range (min … max) 
   4.11 ms ±   6.27 µs     4.10 ms …   4.12 ms  in 10 ×     25 runs
[moonbitlang/core] bench immut/sorted_map/sorted_map_build_bench_test.mbt:66 ("bench SortedMap::from_iter almost ordered n=10000") ok
time (mean ± σ)         range (min … max) 
   4.11 ms ±   4.86 µs     4.10 ms …   4.12 ms  in 10 ×     25 runs
[moonbitlang/core] bench immut/sorted_map/sorted_map_build_bench_test.mbt:72 ("bench SortedMap::from_iter random n=10000") ok
time (mean ± σ)         range (min … max) 
   3.02 ms ±   2.44 µs     3.02 ms …   3.02 ms  in 10 ×     34 runs
[moonbitlang/core] bench immut/sorted_map/sorted_map_build_bench_test.mbt:78 ("bench SortedMap constructor ordered n=10000") ok
time (mean ± σ)         range (min … max) 
 179.38 µs ± 400.32 ns   178.90 µs … 179.86 µs  in 10 ×    559 runs
[moonbitlang/core] bench immut/sorted_map/sorted_map_build_bench_test.mbt:84 ("bench SortedMap constructor almost ordered n=10000") ok
time (mean ± σ)         range (min … max) 
 348.69 µs ± 398.53 ns   347.87 µs … 349.16 µs  in 10 ×    288 runs
[moonbitlang/core] bench immut/sorted_map/sorted_map_build_bench_test.mbt:90 ("bench SortedMap constructor random n=10000") ok
time (mean ± σ)         range (min … max) 
 939.81 µs ±   2.96 µs   936.62 µs … 946.23 µs  in 10 ×    107 runs
[moonbitlang/core] bench immut/sorted_map/merge_bench_test.mbt:29 ("bench merge disjoint n=1000") ok
time (mean ± σ)         range (min … max) 
   5.00 µs ±  27.33 ns     4.96 µs …   5.02 µs  in 10 ×  20110 runs
[moonbitlang/core] bench immut/sorted_map/merge_bench_test.mbt:36 ("bench merge disjoint n=5000") ok
time (mean ± σ)         range (min … max) 
   7.77 µs ± 153.61 ns     7.67 µs …   8.17 µs  in 10 ×  13005 runs
[moonbitlang/core] bench immut/sorted_map/merge_bench_test.mbt:43 ("bench merge disjoint n=10000") ok
time (mean ± σ)         range (min … max) 
   9.19 µs ±  28.26 ns     9.16 µs …   9.23 µs  in 10 ×  10905 runs
[moonbitlang/core] bench immut/sorted_map/merge_bench_test.mbt:50 ("bench merge overlapping 50% n=1000") ok
time (mean ± σ)         range (min … max) 
  17.88 µs ±  64.17 ns    17.80 µs …  17.95 µs  in 10 ×   5581 runs
[moonbitlang/core] bench immut/sorted_map/merge_bench_test.mbt:57 ("bench merge overlapping 50% n=5000") ok
time (mean ± σ)         range (min … max) 
  89.52 µs ± 115.44 ns    89.37 µs …  89.71 µs  in 10 ×   1119 runs
[moonbitlang/core] bench immut/sorted_map/merge_bench_test.mbt:64 ("bench merge overlapping 50% n=10000") ok
time (mean ± σ)         range (min … max) 
 155.26 µs ± 247.90 ns   154.91 µs … 155.74 µs  in 10 ×    646 runs
[moonbitlang/core] bench immut/sorted_map/merge_bench_test.mbt:71 ("bench merge identical n=1000") ok
time (mean ± σ)         range (min … max) 
  26.07 µs ±  51.15 ns    26.01 µs …  26.19 µs  in 10 ×   3851 runs
[moonbitlang/core] bench immut/sorted_map/merge_bench_test.mbt:78 ("bench merge identical n=5000") ok
time (mean ± σ)         range (min … max) 
 133.22 µs ± 219.04 ns   132.65 µs … 133.42 µs  in 10 ×    753 runs
[moonbitlang/core] bench immut/sorted_map/merge_bench_test.mbt:85 ("bench merge interleaved n=1000") ok
time (mean ± σ)         range (min … max) 
  87.78 µs ± 816.83 ns    87.21 µs …  89.64 µs  in 10 ×   1143 runs
[moonbitlang/core] bench immut/sorted_map/merge_bench_test.mbt:92 ("bench merge interleaved n=5000") ok
time (mean ± σ)         range (min … max) 
 442.10 µs ± 629.38 ns   441.50 µs … 443.65 µs  in 10 ×    223 runs
[moonbitlang/core] bench immut/sorted_map/merge_bench_test.mbt:99 ("bench merge small into large n=100+10000") ok
time (mean ± σ)         range (min … max) 
   7.11 µs ±  28.05 ns     7.08 µs …   7.15 µs  in 10 ×  14037 runs
[moonbitlang/core] bench immut/sorted_set/sorted_set_build_bench_test.mbt:51 ("bench SortedSet constructor reverse n=10000") ok
time (mean ± σ)         range (min … max) 
 179.05 µs ± 345.23 ns   178.57 µs … 179.86 µs  in 10 ×    564 runs
[moonbitlang/core] bench immut/sorted_set/sorted_set_build_bench_test.mbt:57 ("bench SortedSet::from_iter ordered n=10000") ok
time (mean ± σ)         range (min … max) 
   4.27 ms ±  15.27 µs     4.24 ms …   4.30 ms  in 10 ×     24 runs
[moonbitlang/core] bench immut/sorted_set/sorted_set_build_bench_test.mbt:63 ("bench SortedSet::from_iter almost ordered n=10000") ok
time (mean ± σ)         range (min … max) 
   4.23 ms ±  16.87 µs     4.20 ms …   4.25 ms  in 10 ×     24 runs
[moonbitlang/core] bench immut/sorted_set/sorted_set_build_bench_test.mbt:69 ("bench SortedSet::from_iter rev almost ordered n=10000") ok
time (mean ± σ)         range (min … max) 
   5.21 ms ±   8.60 µs     5.20 ms …   5.23 ms  in 10 ×     20 runs
[moonbitlang/core] bench immut/sorted_set/sorted_set_build_bench_test.mbt:75 ("bench SortedSet::from_iter random n=10000") ok
time (mean ± σ)         range (min … max) 
   2.93 ms ±   4.20 µs     2.92 ms …   2.93 ms  in 10 ×     35 runs
[moonbitlang/core] bench immut/sorted_set/sorted_set_build_bench_test.mbt:81 ("bench SortedSet constructor ordered n=10000") ok
time (mean ± σ)         range (min … max) 
 191.18 µs ±   3.02 µs   189.53 µs … 199.24 µs  in 10 ×    533 runs
[moonbitlang/core] bench immut/sorted_set/sorted_set_build_bench_test.mbt:87 ("bench SortedSet constructor almost ordered n=10000") ok
time (mean ± σ)         range (min … max) 
 202.50 µs ± 759.72 ns   201.42 µs … 203.60 µs  in 10 ×    501 runs
[moonbitlang/core] bench immut/sorted_set/sorted_set_build_bench_test.mbt:93 ("bench SortedSet constructor random n=10000") ok
time (mean ± σ)         range (min … max) 
 379.46 µs ± 873.27 ns   378.42 µs … 381.02 µs  in 10 ×    265 runs
[moonbitlang/core] bench immut/vector/vector_iter_bench_test.mbt:24 ("bench Vector::iter fold n=100000") ok
time (mean ± σ)         range (min … max) 
 361.61 µs ± 192.81 ns   361.21 µs … 361.89 µs  in 10 ×    277 runs
[moonbitlang/core] bench immut/vector/vector_iter_bench_test.mbt:30 ("bench Vector::iter each n=100000") ok
time (mean ± σ)         range (min … max) 
 362.38 µs ± 145.36 ns   362.23 µs … 362.69 µs  in 10 ×    277 runs
[moonbitlang/core] bench immut/vector/vector_iter_bench_test.mbt:40 ("bench Vector::iter to_array n=100000") ok
time (mean ± σ)         range (min … max) 
 373.95 µs ±   3.96 µs   370.56 µs … 381.22 µs  in 10 ×    270 runs
[moonbitlang/core] bench immut/vector/vector_iter_bench_test.mbt:46 ("bench Vector::for-in n=100000") ok
time (mean ± σ)         range (min … max) 
 364.36 µs ±   3.06 µs   362.15 µs … 371.61 µs  in 10 ×    274 runs
[moonbitlang/core] bench immut/vector/vector_contains_bench_test.mbt:24 ("bench Vector::contains missing n=100000") ok
time (mean ± σ)         range (min … max) 
  38.02 µs ±   2.46 µs    37.09 µs …  45.02 µs  in 10 ×   2691 runs
[moonbitlang/core] bench immut/vector/vector_contains_bench_test.mbt:30 ("bench Vector::contains tree-end n=100000") ok
time (mean ± σ)         range (min … max) 
  37.65 µs ±   1.19 µs    37.07 µs …  40.93 µs  in 10 ×   2686 runs
[moonbitlang/core] bench immut/vector/vector_contains_bench_test.mbt:36 ("bench Vector::contains tail-end n=100000") ok
time (mean ± σ)         range (min … max) 
  37.10 µs ±  22.77 ns    37.06 µs …  37.13 µs  in 10 ×   2695 runs
[moonbitlang/core] bench internal/strconv/parse_double_bench_test.mbt:48 ("bench parse_double fast digits n=4096") ok
time (mean ± σ)         range (min … max) 
 176.98 µs ± 514.02 ns   176.32 µs … 177.88 µs  in 10 ×    566 runs
[moonbitlang/core] bench internal/strconv/parse_double_bench_test.mbt:55 ("bench parse_double underscores n=4096") ok
time (mean ± σ)         range (min … max) 
 301.24 µs ± 669.45 ns   300.25 µs … 302.25 µs  in 10 ×    336 runs
[moonbitlang/core] bench internal/strconv/parse_double_bench_test.mbt:62 ("bench parse_double long mantissa n=4096") ok
time (mean ± σ)         range (min … max) 
 243.95 µs ± 386.16 ns   243.39 µs … 244.66 µs  in 10 ×    410 runs
[moonbitlang/core] bench json/stringify_indent_bench_test.mbt:45 ("bench Json::stringify deep wide indent=2 n=10000") ok
time (mean ± σ)         range (min … max) 
 279.72 µs ± 256.47 ns   279.31 µs … 280.10 µs  in 10 ×    357 runs
[moonbitlang/core] bench json/stringify_indent_bench_test.mbt:54 ("bench Json::stringify compact n=10000") ok
time (mean ± σ)         range (min … max) 
 193.24 µs ±   4.70 µs   191.33 µs … 206.54 µs  in 10 ×    513 runs
[moonbitlang/core] bench json/stringify_indent_bench_test.mbt:60 ("bench Json::stringify shallow wide indent=2 n=500") ok
time (mean ± σ)         range (min … max) 
 192.02 µs ± 420.92 ns   191.44 µs … 192.83 µs  in 10 ×    521 runs
[moonbitlang/core] bench json/stringify_indent_bench_test.mbt:66 ("bench Json::stringify shallow wide compact n=500") ok
time (mean ± σ)         range (min … max) 
 167.08 µs ± 839.02 ns   165.45 µs … 167.84 µs  in 10 ×    596 runs
[moonbitlang/core] bench json/stringify_escape_bench_test.mbt:24 ("bench Json::stringify strings no escape n=2048") ok
time (mean ± σ)         range (min … max) 
  43.94 µs ±  43.24 ns    43.87 µs …  44.02 µs  in 10 ×   2277 runs
[moonbitlang/core] bench json/stringify_escape_bench_test.mbt:30 ("bench Json::stringify strings slash no escape n=2048") ok
time (mean ± σ)         range (min … max) 
  43.97 µs ±  67.76 ns    43.88 µs …  44.14 µs  in 10 ×   2273 runs
[moonbitlang/core] bench json/stringify_escape_bench_test.mbt:36 ("bench Json::stringify strings slash escaped n=2048") ok
time (mean ± σ)         range (min … max) 
 152.32 µs ± 960.84 ns   150.86 µs … 153.50 µs  in 10 ×    651 runs
[moonbitlang/core] bench json/stringify_escape_bench_test.mbt:42 ("bench Json::stringify strings quotes controls n=2048") ok
time (mean ± σ)         range (min … max) 
 134.19 µs ± 213.18 ns   133.89 µs … 134.54 µs  in 10 ×    730 runs
[moonbitlang/core] bench json/stringify_escape_bench_test.mbt:48 ("bench Json::stringify 2KB prose one newline n=64") ok
time (mean ± σ)         range (min … max) 
 133.81 µs ±   4.49 µs   130.99 µs … 143.72 µs  in 10 ×    736 runs
[moonbitlang/core] bench json/parse_bench_test.mbt:45 ("bench json parse mixed object array n=1000") ok
time (mean ± σ)         range (min … max) 
   1.17 ms ±   1.41 µs     1.17 ms …   1.17 ms  in 10 ×     86 runs
[moonbitlang/core] bench json/number_bench_test.mbt:64 ("bench json parse int array n=10000") ok
time (mean ± σ)         range (min … max) 
 503.00 µs ±   1.14 µs   501.17 µs … 504.04 µs  in 10 ×    199 runs
[moonbitlang/core] bench json/number_bench_test.mbt:70 ("bench json parse float array n=10000") ok
time (mean ± σ)         range (min … max) 
 694.01 µs ±   1.06 µs   691.92 µs … 696.15 µs  in 10 ×    145 runs
[moonbitlang/core] bench json/number_bench_test.mbt:76 ("bench json parse long mantissa array n=10000") ok
time (mean ± σ)         range (min … max) 
   1.09 ms ±   1.42 µs     1.08 ms …   1.09 ms  in 10 ×     92 runs
[moonbitlang/core] bench json/json_inspect_bench_test.mbt:16 ("bench json_inspect passing Int") ok
time (mean ± σ)         range (min … max) 
 177.77 ns ±   0.23 ns   177.54 ns … 178.13 ns  in 10 × 100000 runs
[moonbitlang/core] bench lazy_list/concat_bench_test.mbt:40 ("bench LazyList build and traverse n=2048") ok
time (mean ± σ)         range (min … max) 
 114.54 µs ± 108.78 ns   114.40 µs … 114.73 µs  in 10 ×    874 runs
[moonbitlang/core] bench lazy_list/concat_bench_test.mbt:49 ("bench LazyList re-traverse a forced list n=2048") ok
time (mean ± σ)         range (min … max) 
  25.61 µs ±  15.38 ns    25.58 µs …  25.64 µs  in 10 ×   3904 runs
[moonbitlang/core] bench lazy_list/concat_bench_test.mbt:57 ("bench LazyList left-nested concat, build only n=2048") ok
time (mean ± σ)         range (min … max) 
 305.13 µs ±   2.28 µs   303.24 µs … 310.79 µs  in 10 ×    330 runs
[moonbitlang/core] bench lazy_list/concat_bench_test.mbt:62 ("bench LazyList left-nested concat, build and traverse n=2048") ok
time (mean ± σ)         range (min … max) 
 427.87 µs ± 468.01 ns   427.30 µs … 428.58 µs  in 10 ×    234 runs
[moonbitlang/core] bench lazy_list/concat_bench_test.mbt:69 ("bench LazyList concat while consuming n=2048") ok
time (mean ± σ)         range (min … max) 
 499.85 µs ± 393.19 ns   499.26 µs … 500.50 µs  in 10 ×    200 runs
[moonbitlang/core] bench lexbuf/lexbuf_bench_test.mbt:47 ("bench Lexbuf retained token chunks=10000 size=1") ok
time (mean ± σ)         range (min … max) 
 237.47 µs ± 318.74 ns   237.09 µs … 237.93 µs  in 10 ×    422 runs
[moonbitlang/core] bench lexbuf/lexbuf_bench_test.mbt:52 ("bench Lexbuf retained token chunks=1250 size=8") ok
time (mean ± σ)         range (min … max) 
  50.93 µs ±  32.55 ns    50.88 µs …  50.99 µs  in 10 ×   1979 runs
[moonbitlang/core] bench lexbuf/lexbuf_bench_test.mbt:57 ("bench Lexbuf retained token chunks=157 size=64") ok
time (mean ± σ)         range (min … max) 
  21.14 µs ±  24.44 ns    21.09 µs …  21.17 µs  in 10 ×   4734 runs
[moonbitlang/core] bench lexbuf/lexbuf_bench_test.mbt:62 ("bench Lexbuf retained token chunks=20 size=512") ok
time (mean ± σ)         range (min … max) 
  17.06 µs ±  17.06 ns    17.04 µs …  17.10 µs  in 10 ×   5865 runs
[moonbitlang/core] bench quickcheck/shrink_collection_bench_test.mbt:16 ("bench shrink Array first candidate size=10000") ok
time (mean ± σ)         range (min … max) 
 309.87 ns ±   8.98 ns   302.05 ns … 323.76 ns  in 10 × 100000 runs
[moonbitlang/core] bench quickcheck/shrink_collection_bench_test.mbt:22 ("bench shrink List first candidate size=10000") ok
time (mean ± σ)         range (min … max) 
 212.98 µs ±   3.07 µs   209.07 µs … 218.62 µs  in 10 ×    486 runs
[moonbitlang/core] bench quickcheck/generator_bench_test.mbt:16 ("bench Generator::zip_with n=1000000") ok
time (mean ± σ)         range (min … max) 
   9.98 ms ±  15.55 µs     9.96 ms …  10.01 ms  in 10 ×     11 runs
[moonbitlang/core] bench quickcheck/arbitrary_string_bench_test.mbt:16 ("bench Arbitrary String size=10000 count=100") ok
time (mean ± σ)         range (min … max) 
   2.86 ms ±   3.53 µs     2.86 ms …   2.87 ms  in 10 ×     35 runs
[moonbitlang/core] bench random/random_test.mbt:409 ("bench random") ok
time (mean ± σ)         range (min … max) 
  20.25 ms ± 217.06 µs    20.05 ms …  20.64 ms  in 10 ×      5 runs
[moonbitlang/core] bench set/set_algebra_bench_test.mbt:26 ("bench Set::union String 10k 50% overlap") ok
time (mean ± σ)         range (min … max) 
 652.31 µs ± 554.10 ns   651.65 µs … 653.28 µs  in 10 ×    154 runs
[moonbitlang/core] bench set/set_algebra_bench_test.mbt:33 ("bench Set::union Int 10k 50% overlap") ok
time (mean ± σ)         range (min … max) 
 558.45 µs ±   1.25 µs   556.94 µs … 560.73 µs  in 10 ×    180 runs
[moonbitlang/core] bench set/set_algebra_bench_test.mbt:40 ("bench Set::intersection String 10k 50% overlap") ok
time (mean ± σ)         range (min … max) 
 357.61 µs ±   2.82 µs   355.55 µs … 362.37 µs  in 10 ×    279 runs
[moonbitlang/core] bench set/set_algebra_bench_test.mbt:47 ("bench Set::difference String 10k 50% overlap") ok
time (mean ± σ)         range (min … max) 
 359.83 µs ±   7.28 µs   351.54 µs … 372.09 µs  in 10 ×    278 runs
[moonbitlang/core] bench set/set_algebra_bench_test.mbt:54 ("bench Set::is_subset String 10k true") ok
time (mean ± σ)         range (min … max) 
 122.51 µs ±   1.92 µs   120.66 µs … 124.86 µs  in 10 ×    799 runs
[moonbitlang/core] bench set/set_algebra_bench_test.mbt:61 ("bench Set == String 10k") ok
time (mean ± σ)         range (min … max) 
 129.87 µs ±   1.03 µs   128.38 µs … 130.91 µs  in 10 ×    765 runs
[moonbitlang/core] bench set/set_algebra_bench_test.mbt:68 ("bench Set == Int 10k") ok
time (mean ± σ)         range (min … max) 
  89.19 µs ± 806.85 ns    88.53 µs …  90.69 µs  in 10 ×   1098 runs
[moonbitlang/core] bench set/linked_hash_set_bench_test.mbt:19 ("bench Set::add n=50000") ok
time (mean ± σ)         range (min … max) 
   2.62 ms ±   3.27 µs     2.62 ms …   2.63 ms  in 10 ×     39 runs
[moonbitlang/core] bench set/linked_hash_set_bench_test.mbt:30 ("bench Set::contains n=50000") ok
time (mean ± σ)         range (min … max) 
 886.92 µs ± 367.24 ns   886.25 µs … 887.34 µs  in 10 ×    113 runs
[moonbitlang/core] bench set/linked_hash_set_bench_test.mbt:47 ("bench Set::contains miss n=50000") ok
time (mean ± σ)         range (min … max) 
   1.06 ms ±   5.19 µs     1.05 ms …   1.07 ms  in 10 ×     95 runs
[moonbitlang/core] bench set/linked_hash_set_bench_test.mbt:67 ("bench Set::add+remove n=50000") ok
time (mean ± σ)         range (min … max) 
   3.88 ms ±  40.75 µs     3.86 ms …   3.99 ms  in 10 ×     27 runs
[moonbitlang/core] bench set/linked_hash_set_bench_test.mbt:86 ("bench Set::filter n=50000") ok
time (mean ± σ)         range (min … max) 
 353.27 µs ±   1.53 µs   351.60 µs … 355.92 µs  in 10 ×    284 runs
[moonbitlang/core] bench set/linked_hash_set_bench_test.mbt:92 ("bench Set comprehension filter n=50000") ok
time (mean ± σ)         range (min … max) 
 927.36 µs ±   4.09 µs   918.91 µs … 931.99 µs  in 10 ×    108 runs
[moonbitlang/core] bench sorted_set/sorted_set_bench_test.mbt:22 ("bench SortedSet::to_array Int n=50000") ok
time (mean ± σ)         range (min … max) 
 209.41 µs ± 335.33 ns   209.25 µs … 210.36 µs  in 10 ×    478 runs
[moonbitlang/core] bench sorted_set/sorted_set_bench_test.mbt:30 ("bench SortedSet::to_array Ref n=50000") ok
time (mean ± σ)         range (min … max) 
 243.60 µs ± 306.54 ns   242.91 µs … 243.89 µs  in 10 ×    413 runs
[moonbitlang/core] bench string/regex_bench_test.mbt:16 ("bench regex /aa?b/ on 1MB string") ok
time (mean ± σ)         range (min … max) 
   1.55 ms ±   4.62 µs     1.54 ms …   1.56 ms  in 10 ×     66 runs
[moonbitlang/core] bench string/regex_bench_test.mbt:23 ("bench regex phone lines") ok
time (mean ± σ)         range (min … max) 
   3.11 µs ±  10.31 ns     3.10 µs …   3.13 µs  in 10 ×  32255 runs
[moonbitlang/core] bench string/regex_bench_test.mbt:43 ("bench regex large pattern") ok
time (mean ± σ)         range (min … max) 
   1.52 ms ± 944.15 ns     1.52 ms …   1.52 ms  in 10 ×     66 runs
[moonbitlang/core] bench v128/v128_bench_test.mbt:32 ("bench V128 i64x2_add n=10000") ok
time (mean ± σ)         range (min … max) 
   5.42 µs ±  16.67 ns     5.41 µs …   5.47 µs  in 10 ×  18465 runs
[moonbitlang/core] bench v128/v128_bench_test.mbt:44 ("bench V128 i32x4_add n=10000") ok
time (mean ± σ)         range (min … max) 
   5.41 µs ±   3.49 ns     5.41 µs …   5.42 µs  in 10 ×  18471 runs
[moonbitlang/core] bench v128/v128_bench_test.mbt:56 ("bench V128 i8x16_add n=10000") ok
time (mean ± σ)         range (min … max) 
   5.41 µs ±   2.10 ns     5.41 µs …   5.42 µs  in 10 ×  18488 runs
[moonbitlang/core] bench v128/v128_bench_test.mbt:68 ("bench V128 i8x16_splat n=10000") ok
time (mean ± σ)         range (min … max) 
   5.40 µs ±   1.71 ns     5.40 µs …   5.40 µs  in 10 ×  18525 runs
[moonbitlang/core] bench v128/v128_bench_test.mbt:79 ("bench V128 i8x16_extract_lane_u n=10000") ok
time (mean ± σ)         range (min … max) 
   6.16 µs ±   4.17 ns     6.15 µs …   6.16 µs  in 10 ×  16238 runs
[moonbitlang/core] bench v128/v128_bench_test.mbt:93 ("bench V128 i8x16_replace_lane n=10000") ok
time (mean ± σ)         range (min … max) 
  35.19 µs ±  18.68 ns    35.17 µs …  35.22 µs  in 10 ×   2844 runs
[moonbitlang/core] bench v128/v128_bench_test.mbt:108 ("bench V128 i8x16_bitmask n=10000") ok
time (mean ± σ)         range (min … max) 
   9.50 µs ± 121.13 ns     9.38 µs …   9.74 µs  in 10 ×  10480 runs
[moonbitlang/core] bench v128/v128_bench_test.mbt:120 ("bench V128 load/store n=10000") ok
time (mean ± σ)         range (min … max) 
  32.65 µs ± 277.60 ns    32.52 µs …  33.43 µs  in 10 ×   2695 runs
[moonbitlang/core] bench v128/v128_bench_test.mbt:135 ("bench V128 load8x8_u n=10000") ok
time (mean ± σ)         range (min … max) 
   5.44 µs ±  22.24 ns     5.40 µs …   5.46 µs  in 10 ×  18394 runs
[moonbitlang/core] bench v128/v128_bench_test.mbt:147 ("bench V128 load8x8_s n=10000") ok
time (mean ± σ)         range (min … max) 
   5.40 µs ±   2.85 ns     5.40 µs …   5.40 µs  in 10 ×  18454 runs
[moonbitlang/core] bench v128/v128_bench_test.mbt:159 ("bench V128 load16x4_u n=10000") ok
time (mean ± σ)         range (min … max) 
   5.40 µs ±   3.69 ns     5.40 µs …   5.41 µs  in 10 ×  18402 runs
[moonbitlang/core] bench v128/v128_bench_test.mbt:171 ("bench V128 load16x4_s n=10000") ok
time (mean ± σ)         range (min … max) 
   5.41 µs ±  15.74 ns     5.40 µs …   5.44 µs  in 10 ×  18405 runs
[moonbitlang/core] bench v128/v128_bench_test.mbt:183 ("bench V128 load32x2_u n=10000") ok
time (mean ± σ)         range (min … max) 
   5.40 µs ±  11.60 ns     5.39 µs …   5.43 µs  in 10 ×  18521 runs
[moonbitlang/core] bench v128/v128_bench_test.mbt:195 ("bench V128 load32x2_s n=10000") ok
time (mean ± σ)         range (min … max) 
   5.40 µs ±   5.15 ns     5.39 µs …   5.41 µs  in 10 ×  18531 runs
[moonbitlang/core] bench v128/v128_bench_test.mbt:207 ("bench V128 load_splat n=10000") ok
time (mean ± σ)         range (min … max) 
  16.57 µs ± 490.36 ns    16.22 µs …  17.50 µs  in 10 ×   6137 runs
[moonbitlang/core] bench v128/v128_bench_test.mbt:223 ("bench V128 load8_lane n=10000") ok
time (mean ± σ)         range (min … max) 
  35.20 µs ±  17.79 ns    35.18 µs …  35.23 µs  in 10 ×   2840 runs
[moonbitlang/core] bench v128/v128_bench_test.mbt:235 ("bench V128 load16_lane n=10000") ok
time (mean ± σ)         range (min … max) 
  35.27 µs ±  17.14 ns    35.25 µs …  35.30 µs  in 10 ×   2836 runs
[moonbitlang/core] bench v128/v128_bench_test.mbt:247 ("bench V128 load32_lane n=10000") ok
time (mean ± σ)         range (min … max) 
  35.52 µs ±  16.49 ns    35.50 µs …  35.56 µs  in 10 ×   2815 runs
[moonbitlang/core] bench v128/v128_bench_test.mbt:259 ("bench V128 load64_lane n=10000") ok
time (mean ± σ)         range (min … max) 
  10.53 µs ±  10.41 ns    10.50 µs …  10.54 µs  in 10 ×   9491 runs
[moonbitlang/core] bench v128/v128_bench_test.mbt:271 ("bench V128 extend i8x16 to i16x8 n=10000") ok
time (mean ± σ)         range (min … max) 
  10.81 µs ±   8.79 ns    10.80 µs …  10.83 µs  in 10 ×   9255 runs
[moonbitlang/core] bench v128/v128_bench_test.mbt:285 ("bench V128 extend i16x8 to i32x4 n=10000") ok
time (mean ± σ)         range (min … max) 
  10.81 µs ±   4.23 ns    10.80 µs …  10.81 µs  in 10 ×   9257 runs
[moonbitlang/core] bench v128/v128_bench_test.mbt:299 ("bench V128 extend i32x4 to i64x2 n=10000") ok
time (mean ± σ)         range (min … max) 
  10.89 µs ± 173.61 ns    10.79 µs …  11.35 µs  in 10 ×   9244 runs
[moonbitlang/core] bench v128/v128_bench_test.mbt:313 ("bench V128 all_true n=10000") ok
time (mean ± σ)         range (min … max) 
  13.01 µs ± 630.67 ns    12.48 µs …  14.20 µs  in 10 ×   7610 runs
[moonbitlang/core] bench v128/v128_bench_test.mbt:337 ("bench V128 bitmask all widths n=10000") ok
time (mean ± σ)         range (min … max) 
  17.17 µs ± 298.30 ns    16.88 µs …  17.48 µs  in 10 ×   5724 runs
[moonbitlang/core] bench v128/v128_bench_test.mbt:353 ("bench V128 swizzle n=10000") ok
time (mean ± σ)         range (min … max) 
   5.52 µs ±  76.65 ns     5.43 µs …   5.62 µs  in 10 ×  17880 runs
[moonbitlang/core] bench v128/v128_bench_test.mbt:371 ("bench V128 shuffle n=10000") ok
time (mean ± σ)         range (min … max) 
  10.81 µs ±   7.58 ns    10.80 µs …  10.83 µs  in 10 ×   9262 runs
Total tests: 490, passed: 490, failed: 0.
