[moonbitlang/core] bench argparse/globals_bench_test.mbt:16 ("bench parse inherited globals with an override") ok
time (mean ± σ)         range (min … max) 
   4.34 µs ±  10.04 ns     4.32 µs …   4.35 µs  in 10 ×  22442 runs
[moonbitlang/core] bench bench/hash_bench_test.mbt:16 ("bench Hash for Bytes (small)") ok
time (mean ± σ)         range (min … max) 
  12.58 ns ±   0.19 ns    12.29 ns …  12.96 ns  in 10 × 100000 runs
[moonbitlang/core] bench bench/hash_bench_test.mbt:22 ("bench Hash for Bytes (medium)") ok
time (mean ± σ)         range (min … max) 
 136.90 ns ±   0.31 ns   136.35 ns … 137.25 ns  in 10 × 100000 runs
[moonbitlang/core] bench bench/hash_bench_test.mbt:28 ("bench Hash for Bytes (large)") ok
time (mean ± σ)         range (min … max) 
   2.29 µs ±   4.91 ns     2.28 µs …   2.30 µs  in 10 ×  43741 runs
[moonbitlang/core] bench bench/hash_bench_test.mbt:34 ("bench Hash for BytesView (small)") ok
time (mean ± σ)         range (min … max) 
  11.28 ns ±   0.18 ns    10.98 ns …  11.49 ns  in 10 × 100000 runs
[moonbitlang/core] bench bench/hash_bench_test.mbt:41 ("bench Hash for BytesView (medium)") ok
time (mean ± σ)         range (min … max) 
 127.41 ns ±   0.27 ns   126.94 ns … 127.75 ns  in 10 × 100000 runs
[moonbitlang/core] bench bench/hash_bench_test.mbt:48 ("bench Hash for BytesView (large)") ok
time (mean ± σ)         range (min … max) 
   2.26 µs ±   1.46 ns     2.26 µs …   2.27 µs  in 10 ×  44136 runs
[moonbitlang/core] bench bench/hash_bench_test.mbt:55 ("bench Hasher::combine_bytes (small)") ok
time (mean ± σ)         range (min … max) 
  11.07 ns ±   0.29 ns    10.63 ns …  11.52 ns  in 10 × 100000 runs
[moonbitlang/core] bench bench/hash_bench_test.mbt:65 ("bench Hasher::combine_bytes (medium)") ok
time (mean ± σ)         range (min … max) 
 112.17 ns ±   0.28 ns   111.63 ns … 112.47 ns  in 10 × 100000 runs
[moonbitlang/core] bench bench/hash_bench_test.mbt:75 ("bench Hasher::combine_bytes (large)") ok
time (mean ± σ)         range (min … max) 
   1.97 µs ±   1.17 ns     1.97 µs …   1.98 µs  in 10 ×  50647 runs
[moonbitlang/core] bench bigint/to_string_radix_bench_test.mbt:23 ("bench bigint to_string radix=7 (4000 bits)") ok
time (mean ± σ)         range (min … max) 
  15.20 µs ±  26.87 ns    15.16 µs …  15.23 µs  in 10 ×   6560 runs
[moonbitlang/core] bench bigint/to_string_radix_bench_test.mbt:29 ("bench bigint to_string radix=36 (4000 bits)") ok
time (mean ± σ)         range (min … max) 
  13.43 µs ±  10.90 ns    13.41 µs …  13.45 µs  in 10 ×   7406 runs
[moonbitlang/core] bench bigint/to_string_radix_bench_test.mbt:35 ("bench bigint to_string radix=10 reference (4000 bits)") ok
time (mean ± σ)         range (min … max) 
  11.85 µs ±  22.56 ns    11.82 µs …  11.89 µs  in 10 ×   8384 runs
[moonbitlang/core] bench bigint/to_string_bench_test.mbt:30 ("bench BigInt::to_string n=40 digits") ok
time (mean ± σ)         range (min … max) 
  86.70 ns ±   1.23 ns    85.64 ns …  89.77 ns  in 10 × 100000 runs
[moonbitlang/core] bench bigint/to_string_bench_test.mbt:36 ("bench BigInt::to_string n=400 digits") ok
time (mean ± σ)         range (min … max) 
   2.83 µs ±   4.67 ns     2.82 µs …   2.84 µs  in 10 ×  35341 runs
[moonbitlang/core] bench bigint/to_string_bench_test.mbt:42 ("bench BigInt::to_string n=4000 digits") ok
time (mean ± σ)         range (min … max) 
  61.44 µs ± 103.43 ns    61.33 µs …  61.62 µs  in 10 ×   1623 runs
[moonbitlang/core] bench bigint/to_string_bench_test.mbt:48 ("bench BigInt::to_string n=40000 digits") ok
time (mean ± σ)         range (min … max) 
   2.22 ms ±   1.92 µs     2.22 ms …   2.23 ms  in 10 ×     45 runs
[moonbitlang/core] bench bigint/to_string_bench_test.mbt:54 ("bench BigInt::to_string n=250000 digits") ok
time (mean ± σ)         range (min … max) 
  24.30 ms ±  17.65 µs    24.28 ms …  24.33 ms  in 10 ×      5 runs
[moonbitlang/core] bench bigint/from_octets_bench_test.mbt:21 ("bench BigInt::from_octets n=64") ok
time (mean ± σ)         range (min … max) 
   1.46 µs ±   3.69 ns     1.46 µs …   1.47 µs  in 10 ×  68479 runs
[moonbitlang/core] bench bigint/from_octets_bench_test.mbt:27 ("bench BigInt::from_octets n=1024") ok
time (mean ± σ)         range (min … max) 
  22.37 µs ± 163.67 ns    22.18 µs …  22.70 µs  in 10 ×   4460 runs
[moonbitlang/core] bench bigint/division_bench_test.mbt:66 ("bench BigInt balanced division n=4000 digits") ok
time (mean ± σ)         range (min … max) 
  27.03 ns ±   2.47 ns    26.08 ns …  34.02 ns  in 10 ×   4049 runs
[moonbitlang/core] bench bigint/division_bench_test.mbt:72 ("bench BigInt balanced division n=40000 digits") ok
time (mean ± σ)         range (min … max) 
   1.40 ms ±   4.20 µs     1.39 ms …   1.41 ms  in 10 ×     72 runs
[moonbitlang/core] bench bigint/division_bench_test.mbt:78 ("bench BigInt balanced division n=250000 digits") ok
time (mean ± σ)         range (min … max) 
  16.15 ms ±  17.02 µs    16.13 ms …  16.19 ms  in 10 ×      7 runs
[moonbitlang/core] bench bigint/division_bench_test.mbt:84 ("bench BigInt unbalanced division q=65536 d=64 limbs") ok
time (mean ± σ)         range (min … max) 
   6.74 ms ±  11.28 µs     6.72 ms …   6.75 ms  in 10 ×     15 runs
[moonbitlang/core] bench bigint/division_bench_test.mbt:90 ("bench BigInt narrow division q=9 d=64 limbs") ok
time (mean ± σ)         range (min … max) 
   4.98 ns ±   0.11 ns     4.86 ns …   5.19 ns  in 10 × 100000 runs
[moonbitlang/core] bench buffer/write_bench_test.mbt:30 ("bench Buffer::write_byte n=4096") ok
time (mean ± σ)         range (min … max) 
   4.98 µs ±   8.94 ns     4.98 µs …   5.01 µs  in 10 ×  20050 runs
[moonbitlang/core] bench buffer/write_bench_test.mbt:42 ("bench Buffer::write_uint16_be n=4096") ok
time (mean ± σ)         range (min … max) 
   4.34 µs ±  27.15 ns     4.30 µs …   4.38 µs  in 10 ×  22867 runs
[moonbitlang/core] bench buffer/write_bench_test.mbt:54 ("bench Buffer::write_uint_le n=4096") ok
time (mean ± σ)         range (min … max) 
   5.15 µs ±   2.92 ns     5.14 µs …   5.15 µs  in 10 ×  19412 runs
[moonbitlang/core] bench buffer/write_bench_test.mbt:66 ("bench Buffer::write_uint64_be n=4096") ok
time (mean ± σ)         range (min … max) 
 588.64 µs ±   7.58 µs   581.58 µs … 601.72 µs  in 10 ×    167 runs
[moonbitlang/core] bench buffer/write_bench_test.mbt:78 ("bench Buffer::write_char_utf8 ASCII n=4096") ok
time (mean ± σ)         range (min … max) 
  16.23 µs ±  14.51 ns    16.21 µs …  16.26 µs  in 10 ×   6157 runs
[moonbitlang/core] bench buffer/write_bench_test.mbt:90 ("bench Buffer::write_char_utf8 non-BMP n=4096") ok
time (mean ± σ)         range (min … max) 
  20.19 µs ± 119.13 ns    20.00 µs …  20.34 µs  in 10 ×   4978 runs
[moonbitlang/core] bench buffer/write_bench_test.mbt:103 ("bench Buffer::write_char_utf16le BMP n=4096") ok
time (mean ± σ)         range (min … max) 
   4.37 µs ±  26.49 ns     4.33 µs …   4.40 µs  in 10 ×  22972 runs
[moonbitlang/core] bench buffer/write_bench_test.mbt:115 ("bench Buffer::write_string_utf16le chunks n=4096") ok
time (mean ± σ)         range (min … max) 
  91.09 µs ±  38.51 ns    91.05 µs …  91.17 µs  in 10 ×   1096 runs
[moonbitlang/core] bench buffer/write_bench_test.mbt:130 ("bench @buffer.from_array n=4096") ok
time (mean ± σ)         range (min … max) 
   4.14 µs ±  10.08 ns     4.12 µs …   4.15 µs  in 10 ×  24341 runs
[moonbitlang/core] bench builtin/view_bench_test.mbt:34 ("bench ArrayView::at Int n=100000") ok
time (mean ± σ)         range (min … max) 
  81.35 µs ±  57.11 ns    81.29 µs …  81.48 µs  in 10 ×   1229 runs
[moonbitlang/core] bench builtin/view_bench_test.mbt:47 ("bench ArrayView::get Int n=100000") ok
time (mean ± σ)         range (min … max) 
  67.82 µs ±  47.06 ns    67.78 µs …  67.93 µs  in 10 ×   1474 runs
[moonbitlang/core] bench builtin/view_bench_test.mbt:62 ("bench ArrayView::unsafe_get Int n=100000") ok
time (mean ± σ)         range (min … max) 
  54.31 µs ±  54.30 ns    54.25 µs …  54.40 µs  in 10 ×   1841 runs
[moonbitlang/core] bench builtin/view_bench_test.mbt:75 ("bench ArrayView::rev_fold Int n=100000") ok
time (mean ± σ)         range (min … max) 
  54.47 µs ± 157.94 ns    54.37 µs …  54.86 µs  in 10 ×   1837 runs
[moonbitlang/core] bench builtin/view_bench_test.mbt:82 ("bench ArrayView::rev_foldi Int n=100000") ok
time (mean ± σ)         range (min … max) 
  54.45 µs ±  81.67 ns    54.37 µs …  54.59 µs  in 10 ×   1838 runs
[moonbitlang/core] bench builtin/view_bench_test.mbt:91 ("bench ArrayView::equal Int n=100000") ok
time (mean ± σ)         range (min … max) 
 109.67 µs ±   2.80 µs   108.43 µs … 117.28 µs  in 10 ×    819 runs
[moonbitlang/core] bench builtin/view_bench_test.mbt:99 ("bench ArrayView::compare Int n=100000") ok
time (mean ± σ)         range (min … max) 
 140.18 µs ±   3.87 µs   136.23 µs … 147.44 µs  in 10 ×    670 runs
[moonbitlang/core] bench builtin/view_bench_test.mbt:107 ("bench MutArrayView::at Int n=100000") ok
time (mean ± σ)         range (min … max) 
  95.88 µs ± 801.15 ns    94.90 µs …  96.58 µs  in 10 ×   1039 runs
[moonbitlang/core] bench builtin/view_bench_test.mbt:120 ("bench MutArrayView::unsafe_get Int n=100000") ok
time (mean ± σ)         range (min … max) 
  54.25 µs ±  35.21 ns    54.21 µs …  54.32 µs  in 10 ×   1843 runs
[moonbitlang/core] bench builtin/view_bench_test.mbt:133 ("bench MutArrayView::set Int n=100000") ok
time (mean ± σ)         range (min … max) 
 110.35 µs ± 304.48 ns   110.05 µs … 111.13 µs  in 10 ×    906 runs
[moonbitlang/core] bench builtin/view_bench_test.mbt:145 ("bench MutArrayView::unsafe_set Int n=100000") ok
time (mean ± σ)         range (min … max) 
  54.27 µs ±  32.35 ns    54.23 µs …  54.33 µs  in 10 ×   1844 runs
[moonbitlang/core] bench builtin/view_bench_test.mbt:157 ("bench BytesView::at n=100000") ok
time (mean ± σ)         range (min … max) 
  67.81 µs ±  77.48 ns    67.76 µs …  68.02 µs  in 10 ×   1475 runs
[moonbitlang/core] bench builtin/view_bench_test.mbt:170 ("bench BytesView::unsafe_get n=100000") ok
time (mean ± σ)         range (min … max) 
  40.74 µs ± 117.75 ns    40.66 µs …  40.98 µs  in 10 ×   2457 runs
[moonbitlang/core] bench builtin/stringbuilder_bench_test.mbt:28 ("bench StringBuilder::write_string chunks n=4096") ok
time (mean ± σ)         range (min … max) 
  11.37 µs ±  52.99 ns    11.25 µs …  11.42 µs  in 10 ×   8840 runs
[moonbitlang/core] bench builtin/stringbuilder_bench_test.mbt:41 ("bench StringBuilder::write_view chunks n=4096") ok
time (mean ± σ)         range (min … max) 
  16.51 µs ± 131.00 ns    16.30 µs …  16.72 µs  in 10 ×   6098 runs
[moonbitlang/core] bench builtin/stringbuilder_bench_test.mbt:54 ("bench StringBuilder::write_stringview chunks n=4096") ok
time (mean ± σ)         range (min … max) 
  16.57 µs ± 137.68 ns    16.35 µs …  16.76 µs  in 10 ×   6006 runs
[moonbitlang/core] bench builtin/stringbuilder_bench_test.mbt:67 ("bench StringBuilder::write_char ASCII n=4096") ok
time (mean ± σ)         range (min … max) 
  16.70 µs ± 145.52 ns    16.52 µs …  16.88 µs  in 10 ×   6042 runs
[moonbitlang/core] bench builtin/stringbuilder_bench_test.mbt:79 ("bench StringBuilder::write_char non-BMP n=4096") ok
time (mean ± σ)         range (min … max) 
  16.64 µs ±  81.00 ns    16.48 µs …  16.73 µs  in 10 ×   6041 runs
[moonbitlang/core] bench builtin/stringbuilder_bench_test.mbt:92 ("bench StringBuilder::reset reuse spare capacity n=4096") ok
time (mean ± σ)         range (min … max) 
  11.53 µs ±  67.27 ns    11.45 µs …  11.66 µs  in 10 ×   8673 runs
[moonbitlang/core] bench builtin/string_to_upper_bench_test.mbt:61 ("bench String::to_upper short") ok
time (mean ± σ)         range (min … max) 
 106.04 ns ±   0.54 ns   105.30 ns … 106.76 ns  in 10 × 100000 runs
[moonbitlang/core] bench builtin/string_to_upper_bench_test.mbt:66 ("bench String::to_upper long") ok
time (mean ± σ)         range (min … max) 
   5.51 µs ±  19.21 ns     5.49 µs …   5.54 µs  in 10 ×  18134 runs
[moonbitlang/core] bench builtin/string_to_upper_bench_test.mbt:71 ("bench String::to_upper sparse") ok
time (mean ± σ)         range (min … max) 
   4.24 µs ±  36.68 ns     4.17 µs …   4.27 µs  in 10 ×  23697 runs
[moonbitlang/core] bench builtin/string_to_upper_bench_test.mbt:76 ("bench String::to_upper late-lowercase") ok
time (mean ± σ)         range (min … max) 
   1.00 µs ±   0.37 ns     1.00 µs …   1.00 µs  in 10 ×  99646 runs
[moonbitlang/core] bench builtin/string_to_upper_bench_test.mbt:81 ("bench String::to_upper one-unit runs") ok
time (mean ± σ)         range (min … max) 
   4.36 µs ±  10.90 ns     4.34 µs …   4.37 µs  in 10 ×  23421 runs
[moonbitlang/core] bench builtin/string_to_upper_bench_test.mbt:86 ("bench String::to_upper all-lowercase") ok
time (mean ± σ)         range (min … max) 
   4.89 µs ±  13.89 ns     4.86 µs …   4.90 µs  in 10 ×  20595 runs
[moonbitlang/core] bench builtin/string_to_upper_bench_test.mbt:91 ("bench String::to_upper no-change short") ok
time (mean ± σ)         range (min … max) 
  20.29 ns ±   0.45 ns    19.85 ns …  20.92 ns  in 10 × 100000 runs
[moonbitlang/core] bench builtin/string_to_upper_bench_test.mbt:96 ("bench String::to_upper no-change long") ok
time (mean ± σ)         range (min … max) 
   1.58 µs ±  11.62 ns     1.57 µs …   1.61 µs  in 10 ×  62367 runs
[moonbitlang/core] bench builtin/string_to_upper_bench_test.mbt:101 ("bench StringView::to_upper short") ok
time (mean ± σ)         range (min … max) 
 109.35 ns ±   0.33 ns   108.82 ns … 109.89 ns  in 10 × 100000 runs
[moonbitlang/core] bench builtin/string_to_upper_bench_test.mbt:106 ("bench StringView::to_upper long") ok
time (mean ± σ)         range (min … max) 
   5.61 µs ±  47.04 ns     5.53 µs …   5.65 µs  in 10 ×  17911 runs
[moonbitlang/core] bench builtin/string_to_upper_bench_test.mbt:111 ("bench StringView::to_upper no-change long") ok
time (mean ± σ)         range (min … max) 
   1.77 µs ±  12.49 ns     1.77 µs …   1.81 µs  in 10 ×  55381 runs
[moonbitlang/core] bench builtin/string_to_lower_bench_test.mbt:61 ("bench String::to_lower short") ok
time (mean ± σ)         range (min … max) 
 107.60 ns ±   0.45 ns   107.10 ns … 108.26 ns  in 10 × 100000 runs
[moonbitlang/core] bench builtin/string_to_lower_bench_test.mbt:66 ("bench String::to_lower long") ok
time (mean ± σ)         range (min … max) 
   5.68 µs ±   5.37 ns     5.68 µs …   5.69 µs  in 10 ×  17626 runs
[moonbitlang/core] bench builtin/string_to_lower_bench_test.mbt:71 ("bench String::to_lower sparse") ok
time (mean ± σ)         range (min … max) 
   5.06 µs ±   4.91 ns     5.05 µs …   5.07 µs  in 10 ×  19906 runs
[moonbitlang/core] bench builtin/string_to_lower_bench_test.mbt:76 ("bench String::to_lower late-uppercase") ok
time (mean ± σ)         range (min … max) 
 995.68 ns ±   0.48 ns   995.05 ns … 996.52 ns  in 10 × 100000 runs
[moonbitlang/core] bench builtin/string_to_lower_bench_test.mbt:81 ("bench String::to_lower one-unit runs") ok
time (mean ± σ)         range (min … max) 
   4.33 µs ±   8.56 ns     4.32 µs …   4.34 µs  in 10 ×  23426 runs
[moonbitlang/core] bench builtin/string_to_lower_bench_test.mbt:86 ("bench String::to_lower all-uppercase") ok
time (mean ± σ)         range (min … max) 
   4.15 µs ±  12.76 ns     4.13 µs …   4.16 µs  in 10 ×  24343 runs
[moonbitlang/core] bench builtin/string_to_lower_bench_test.mbt:91 ("bench String::to_lower no-change short") ok
time (mean ± σ)         range (min … max) 
  20.79 ns ±   0.47 ns    20.35 ns …  21.42 ns  in 10 × 100000 runs
[moonbitlang/core] bench builtin/string_to_lower_bench_test.mbt:96 ("bench String::to_lower no-change long") ok
time (mean ± σ)         range (min … max) 
   1.71 µs ±  12.90 ns     1.70 µs …   1.74 µs  in 10 ×  57593 runs
[moonbitlang/core] bench builtin/string_to_lower_bench_test.mbt:101 ("bench StringView::to_lower short") ok
time (mean ± σ)         range (min … max) 
 107.73 ns ±   0.78 ns   106.90 ns … 108.78 ns  in 10 × 100000 runs
[moonbitlang/core] bench builtin/string_to_lower_bench_test.mbt:106 ("bench StringView::to_lower long") ok
time (mean ± σ)         range (min … max) 
   5.52 µs ±  28.08 ns     5.48 µs …   5.55 µs  in 10 ×  18092 runs
[moonbitlang/core] bench builtin/string_to_lower_bench_test.mbt:111 ("bench StringView::to_lower no-change long") ok
time (mean ± σ)         range (min … max) 
   1.90 µs ±  13.85 ns     1.90 µs …   1.94 µs  in 10 ×  51605 runs
[moonbitlang/core] bench builtin/string_to_array_bench_test.mbt:24 ("bench String::to_array ASCII 51 chars") ok
time (mean ± σ)         range (min … max) 
 161.62 ns ±   0.28 ns   161.06 ns … 162.02 ns  in 10 × 100000 runs
[moonbitlang/core] bench builtin/string_to_array_bench_test.mbt:29 ("bench String::to_array mixed 1KB") ok
time (mean ± σ)         range (min … max) 
   3.33 µs ±   6.54 ns     3.32 µs …   3.35 µs  in 10 ×  30012 runs
[moonbitlang/core] bench builtin/string_to_array_bench_test.mbt:34 ("bench StringView::to_array mixed 1KB") ok
time (mean ± σ)         range (min … max) 
   3.33 µs ±   2.58 ns     3.33 µs …   3.34 µs  in 10 ×  29952 runs
[moonbitlang/core] bench builtin/string_methods_bench_test.mbt:36 ("bench StringView::has_prefix match n=100000 needle=128") ok
time (mean ± σ)         range (min … max) 
 528.57 ns ±   0.56 ns   527.69 ns … 529.32 ns  in 10 × 100000 runs
[moonbitlang/core] bench builtin/string_methods_bench_test.mbt:45 ("bench StringView::has_prefix mismatch n=100000 needle=128") ok
time (mean ± σ)         range (min … max) 
   6.92 ns ±   0.37 ns     6.57 ns …   7.46 ns  in 10 × 100000 runs
[moonbitlang/core] bench builtin/string_methods_bench_test.mbt:54 ("bench StringView::has_suffix match n=100000 needle=128") ok
time (mean ± σ)         range (min … max) 
 528.42 ns ±   0.50 ns   527.78 ns … 529.25 ns  in 10 × 100000 runs
[moonbitlang/core] bench builtin/string_methods_bench_test.mbt:63 ("bench StringView::has_suffix mismatch n=100000 needle=128") ok
time (mean ± σ)         range (min … max) 
   7.30 ns ±   0.49 ns     6.85 ns …   8.10 ns  in 10 × 100000 runs
[moonbitlang/core] bench builtin/string_find_code_unit_bench_test.mbt:16 ("bench find one code unit absent n=4") ok
time (mean ± σ)         range (min … max) 
  10.08 ns ±   0.43 ns     9.71 ns …  10.64 ns  in 10 × 100000 runs
[moonbitlang/core] bench builtin/string_find_code_unit_bench_test.mbt:22 ("bench find one code unit absent n=8") ok
time (mean ± σ)         range (min … max) 
  13.65 ns ±   0.41 ns    13.32 ns …  14.17 ns  in 10 × 100000 runs
[moonbitlang/core] bench builtin/string_find_code_unit_bench_test.mbt:28 ("bench find one code unit present@0 n=8") ok
time (mean ± σ)         range (min … max) 
   5.94 ns ±   0.35 ns     5.51 ns …   6.39 ns  in 10 × 100000 runs
[moonbitlang/core] bench builtin/string_find_code_unit_bench_test.mbt:34 ("bench find one code unit absent n=64") ok
time (mean ± σ)         range (min … max) 
  78.04 ns ±   0.46 ns    77.66 ns …  78.67 ns  in 10 × 100000 runs
[moonbitlang/core] bench builtin/string_find_code_unit_bench_test.mbt:40 ("bench find one code unit absent n=256") ok
time (mean ± σ)         range (min … max) 
 286.45 ns ±   0.62 ns   285.76 ns … 287.44 ns  in 10 × 100000 runs
[moonbitlang/core] bench builtin/string_find_code_unit_bench_test.mbt:46 ("bench find one code unit present@end n=256") ok
time (mean ± σ)         range (min … max) 
 288.00 ns ±   0.44 ns   287.41 ns … 288.57 ns  in 10 × 100000 runs
[moonbitlang/core] bench builtin/string_find_code_unit_bench_test.mbt:52 ("bench rev_find one code unit absent n=256") ok
time (mean ± σ)         range (min … max) 
 287.60 ns ±   0.59 ns   287.01 ns … 288.57 ns  in 10 × 100000 runs
[moonbitlang/core] bench builtin/string_find_code_unit_bench_test.mbt:58 ("bench rev_find one code unit present@start n=256") ok
time (mean ± σ)         range (min … max) 
 288.23 ns ±   0.54 ns   287.57 ns … 288.84 ns  in 10 × 100000 runs
[moonbitlang/core] bench builtin/string_find_code_unit_bench_test.mbt:64 ("bench rev_find one code unit present@end n=8") ok
time (mean ± σ)         range (min … max) 
   6.03 ns ±   0.43 ns     5.58 ns …   6.72 ns  in 10 × 100000 runs
[moonbitlang/core] bench builtin/string_find_code_unit_bench_test.mbt:70 ("bench StringView find one code unit absent n=256") ok
time (mean ± σ)         range (min … max) 
 287.25 ns ±   0.60 ns   286.57 ns … 287.97 ns  in 10 × 100000 runs
[moonbitlang/core] bench builtin/string_find_code_unit_bench_test.mbt:77 ("bench StringView rev_find one code unit absent n=256") ok
time (mean ± σ)         range (min … max) 
 286.83 ns ±   0.66 ns   286.14 ns … 287.87 ns  in 10 × 100000 runs
[moonbitlang/core] bench builtin/string_find_code_unit_bench_test.mbt:84 ("bench find two anchors absent n=256") ok
time (mean ± σ)         range (min … max) 
 495.25 ns ±   0.56 ns   494.43 ns … 496.14 ns  in 10 × 100000 runs
[moonbitlang/core] bench builtin/string_find_code_unit_bench_test.mbt:90 ("bench find two anchors present@end n=256") ok
time (mean ± σ)         range (min … max) 
 496.11 ns ±   1.04 ns   494.84 ns … 497.88 ns  in 10 × 100000 runs
[moonbitlang/core] bench builtin/string_find_code_unit_bench_test.mbt:96 ("bench find two anchors dense false positives n=256") ok
time (mean ± σ)         range (min … max) 
   1.18 µs ±   0.65 ns     1.18 µs …   1.18 µs  in 10 ×  84965 runs
[moonbitlang/core] bench builtin/string_find_code_unit_bench_test.mbt:102 ("bench find two anchors long absent n=256") ok
time (mean ± σ)         range (min … max) 
 272.64 ns ±   0.42 ns   272.13 ns … 273.28 ns  in 10 × 100000 runs
[moonbitlang/core] bench builtin/string_find_code_unit_bench_test.mbt:108 ("bench rev_find two anchors absent n=256") ok
time (mean ± σ)         range (min … max) 
 288.58 ns ±   0.35 ns   288.04 ns … 289.05 ns  in 10 × 100000 runs
[moonbitlang/core] bench builtin/string_find_code_unit_bench_test.mbt:114 ("bench rev_find two anchors present@start n=256") ok
time (mean ± σ)         range (min … max) 
 357.96 ns ±   0.57 ns   357.31 ns … 358.76 ns  in 10 × 100000 runs
[moonbitlang/core] bench builtin/string_find_code_unit_bench_test.mbt:120 ("bench rev_find two anchors dense false positives n=256") ok
time (mean ± σ)         range (min … max) 
   1.31 µs ±   0.59 ns     1.31 µs …   1.32 µs  in 10 ×  76025 runs
[moonbitlang/core] bench builtin/string_find_code_unit_bench_test.mbt:126 ("bench StringView find two anchors absent n=256") ok
time (mean ± σ)         range (min … max) 
 495.51 ns ±   0.49 ns   495.02 ns … 496.42 ns  in 10 × 100000 runs
[moonbitlang/core] bench builtin/string_find_adversary_bench_test.mbt:26 ("bench find adversary m=64 n=4096") ok
time (mean ± σ)         range (min … max) 
  28.01 µs ±   8.25 µs    22.92 µs …  42.66 µs  in 10 ×   2339 runs
[moonbitlang/core] bench builtin/string_find_adversary_bench_test.mbt:33 ("bench rev_find adversary m=64 n=4096") ok
time (mean ± σ)         range (min … max) 
  29.19 µs ±   8.27 µs    24.03 µs …  43.66 µs  in 10 ×   2289 runs
[moonbitlang/core] bench builtin/string_find_adversary_bench_test.mbt:40 ("bench find adversary m=512 n=65536") ok
time (mean ± σ)         range (min … max) 
 682.42 µs ±  14.49 µs   672.74 µs … 705.58 µs  in 10 ×    138 runs
[moonbitlang/core] bench builtin/string_find_adversary_bench_test.mbt:47 ("bench find dense miss fast path n=4096") ok
time (mean ± σ)         range (min … max) 
  16.67 µs ±   6.95 ns    16.66 µs …  16.68 µs  in 10 ×   6004 runs
[moonbitlang/core] bench builtin/string_find_adversary_bench_test.mbt:53 ("bench find rare hit end fast path n=4096") ok
time (mean ± σ)         range (min … max) 
  10.02 µs ±  17.67 ns    10.01 µs …  10.07 µs  in 10 ×   9993 runs
[moonbitlang/core] bench builtin/string_escape_bench_test.mbt:61 ("bench String::escape short plain") ok
time (mean ± σ)         range (min … max) 
  47.39 ns ±   0.51 ns    46.47 ns …  47.96 ns  in 10 × 100000 runs
[moonbitlang/core] bench builtin/string_escape_bench_test.mbt:66 ("bench String::escape short escaped") ok
time (mean ± σ)         range (min … max) 
 120.75 ns ±   1.16 ns   119.28 ns … 122.45 ns  in 10 × 100000 runs
[moonbitlang/core] bench builtin/string_escape_bench_test.mbt:71 ("bench String::escape threshold plain") ok
time (mean ± σ)         range (min … max) 
  54.11 ns ±   0.51 ns    53.40 ns …  54.77 ns  in 10 × 100000 runs
[moonbitlang/core] bench builtin/string_escape_bench_test.mbt:76 ("bench String::escape prose") ok
time (mean ± σ)         range (min … max) 
 256.18 ns ±   0.97 ns   255.05 ns … 258.41 ns  in 10 × 100000 runs
[moonbitlang/core] bench builtin/string_escape_bench_test.mbt:81 ("bench String::escape escape-first") ok
time (mean ± σ)         range (min … max) 
 344.53 ns ±   0.63 ns   344.02 ns … 345.76 ns  in 10 × 100000 runs
[moonbitlang/core] bench builtin/string_escape_bench_test.mbt:86 ("bench String::escape long plain") ok
time (mean ± σ)         range (min … max) 
  11.18 µs ±  81.73 ns    11.14 µs …  11.41 µs  in 10 ×   8838 runs
[moonbitlang/core] bench builtin/string_escape_bench_test.mbt:91 ("bench String::escape long dense") ok
time (mean ± σ)         range (min … max) 
  40.83 µs ± 104.63 ns    40.62 µs …  40.95 µs  in 10 ×   2465 runs
[moonbitlang/core] bench builtin/string_escape_bench_test.mbt:96 ("bench String::escape long all-escaped") ok
time (mean ± σ)         range (min … max) 
  26.73 µs ± 155.62 ns    26.44 µs …  26.88 µs  in 10 ×   3751 runs
[moonbitlang/core] bench builtin/string_escape_bench_test.mbt:101 ("bench String::escape long unicode") ok
time (mean ± σ)         range (min … max) 
  12.63 µs ± 144.77 ns    12.53 µs …  12.94 µs  in 10 ×   7960 runs
[moonbitlang/core] bench builtin/string_escape_bench_test.mbt:106 ("bench StringView::escape long plain view") ok
time (mean ± σ)         range (min … max) 
  10.93 µs ±  76.90 ns    10.89 µs …  11.14 µs  in 10 ×   9049 runs
[moonbitlang/core] bench builtin/string_escape_bench_test.mbt:112 ("bench debug to_string short plain") ok
time (mean ± σ)         range (min … max) 
  81.90 ns ±   1.57 ns    80.18 ns …  83.97 ns  in 10 × 100000 runs
[moonbitlang/core] bench builtin/string_escape_bench_test.mbt:117 ("bench debug to_string prose") ok
time (mean ± σ)         range (min … max) 
 287.25 ns ±   0.37 ns   286.55 ns … 287.79 ns  in 10 × 100000 runs
[moonbitlang/core] bench builtin/string_escape_bench_test.mbt:122 ("bench debug to_string long plain") ok
time (mean ± σ)         range (min … max) 
  11.20 µs ±  13.65 ns    11.18 µs …  11.22 µs  in 10 ×   8734 runs
[moonbitlang/core] bench builtin/string_equal_bench_test.mbt:28 ("bench StringView::equal n=100000 equal") ok
time (mean ± σ)         range (min … max) 
   3.15 µs ±  22.17 ns     3.14 µs …   3.22 µs  in 10 ×  31100 runs
[moonbitlang/core] bench builtin/string_equal_bench_test.mbt:35 ("bench StringView::equal n=100000 mismatch at end") ok
time (mean ± σ)         range (min … max) 
 410.15 µs ± 201.81 ns   409.90 µs … 410.45 µs  in 10 ×    244 runs
[moonbitlang/core] bench builtin/string_equal_bench_test.mbt:44 ("bench StringView::equal_to_string n=100000 equal") ok
time (mean ± σ)         range (min … max) 
   3.24 µs ±  79.21 ns     3.18 µs …   3.38 µs  in 10 ×  30438 runs
[moonbitlang/core] bench builtin/string_char_set_bench_test.mbt:43 ("bench StringView::contains_any ASCII miss n=100000") ok
time (mean ± σ)         range (min … max) 
 298.89 µs ± 809.26 ns   298.23 µs … 300.98 µs  in 10 ×    335 runs
[moonbitlang/core] bench builtin/string_char_set_bench_test.mbt:54 ("bench StringView::contains_any ASCII match at end n=100000") ok
time (mean ± σ)         range (min … max) 
 298.62 µs ± 251.52 ns   298.30 µs … 299.15 µs  in 10 ×    335 runs
[moonbitlang/core] bench builtin/string_char_set_bench_test.mbt:67 ("bench StringView::trim_start ASCII n=100000") ok
time (mean ± σ)         range (min … max) 
 298.59 µs ± 494.94 ns   298.13 µs … 299.77 µs  in 10 ×    335 runs
[moonbitlang/core] bench builtin/string_char_set_bench_test.mbt:74 ("bench StringView::trim_end ASCII n=100000") ok
time (mean ± σ)         range (min … max) 
 298.50 µs ± 347.78 ns   298.11 µs … 299.35 µs  in 10 ×    335 runs
[moonbitlang/core] bench builtin/string_char_set_bench_test.mbt:79 ("bench StringView::trim ASCII n=100000") ok
time (mean ± σ)         range (min … max) 
 597.32 µs ± 492.27 ns   596.86 µs … 598.46 µs  in 10 ×    168 runs
[moonbitlang/core] bench builtin/string_char_set_bench_test.mbt:96 ("bench StringView::trim short inputs") ok
time (mean ± σ)         range (min … max) 
 141.50 ns ±   0.69 ns   140.62 ns … 142.55 ns  in 10 × 100000 runs
[moonbitlang/core] bench builtin/string_char_set_bench_test.mbt:107 ("bench StringView::contains_any short inputs") ok
time (mean ± σ)         range (min … max) 
 108.61 ns ±   0.35 ns   108.19 ns … 109.11 ns  in 10 × 100000 runs
[moonbitlang/core] bench builtin/string_char_length_bench_test.mbt:51 ("bench char_length ascii 8") ok
time (mean ± σ)         range (min … max) 
  12.88 ns ±   0.38 ns    12.52 ns …  13.33 ns  in 10 × 100000 runs
[moonbitlang/core] bench builtin/string_char_length_bench_test.mbt:56 ("bench char_length ascii 16") ok
time (mean ± σ)         range (min … max) 
  21.58 ns ±   0.49 ns    21.16 ns …  22.24 ns  in 10 × 100000 runs
[moonbitlang/core] bench builtin/string_char_length_bench_test.mbt:61 ("bench char_length ascii 100") ok
time (mean ± σ)         range (min … max) 
 192.74 ns ±   0.35 ns   192.28 ns … 193.22 ns  in 10 × 100000 runs
[moonbitlang/core] bench builtin/string_char_length_bench_test.mbt:66 ("bench char_length ascii 4k") ok
time (mean ± σ)         range (min … max) 
   8.92 µs ±  39.28 ns     8.90 µs …   9.03 µs  in 10 ×  11245 runs
[moonbitlang/core] bench builtin/string_char_length_bench_test.mbt:71 ("bench char_length ascii 64k") ok
time (mean ± σ)         range (min … max) 
 153.13 µs ±   9.47 µs   142.05 µs … 161.02 µs  in 10 ×    625 runs
[moonbitlang/core] bench builtin/string_char_length_bench_test.mbt:76 ("bench char_length cjk 4k") ok
time (mean ± σ)         range (min … max) 
   8.91 µs ±  35.28 ns     8.89 µs …   9.01 µs  in 10 ×  11243 runs
[moonbitlang/core] bench builtin/string_char_length_bench_test.mbt:81 ("bench char_length emoji 4k") ok
time (mean ± σ)         range (min … max) 
   8.11 µs ± 626.36 ns     6.36 µs …   8.35 µs  in 10 ×  11997 runs
[moonbitlang/core] bench builtin/string_char_length_bench_test.mbt:86 ("bench char_length mixed 4k") ok
time (mean ± σ)         range (min … max) 
  10.53 µs ±   4.34 ns    10.52 µs …  10.53 µs  in 10 ×   9454 runs
[moonbitlang/core] bench builtin/string_char_length_bench_test.mbt:91 ("bench StringView::char_length ascii 4k unaligned") ok
time (mean ± σ)         range (min … max) 
   8.94 µs ±  54.88 ns     8.89 µs …   9.06 µs  in 10 ×  11258 runs
[moonbitlang/core] bench builtin/string_char_length_bench_test.mbt:97 ("bench char_length_eq ascii 16") ok
time (mean ± σ)         range (min … max) 
  21.89 ns ±   0.50 ns    21.48 ns …  22.52 ns  in 10 × 100000 runs
[moonbitlang/core] bench builtin/string_char_length_bench_test.mbt:102 ("bench char_length_eq ascii 4k") ok
time (mean ± σ)         range (min … max) 
   8.92 µs ±  34.23 ns     8.90 µs …   9.01 µs  in 10 ×  11240 runs
[moonbitlang/core] bench builtin/string_char_length_bench_test.mbt:107 ("bench char_length_eq emoji 4k") ok
time (mean ± σ)         range (min … max) 
   8.20 µs ± 448.95 ns     6.92 µs …   8.35 µs  in 10 ×  11990 runs
[moonbitlang/core] bench builtin/string_char_length_bench_test.mbt:112 ("bench char_length_eq mixed 4k") ok
time (mean ± σ)         range (min … max) 
  10.52 µs ±   4.71 ns    10.52 µs …  10.53 µs  in 10 ×   9492 runs
[moonbitlang/core] bench builtin/string_char_length_bench_test.mbt:119 ("bench char_length_ge ascii 4k len 3") ok
time (mean ± σ)         range (min … max) 
  10.89 ns ±   0.49 ns    10.49 ns …  11.53 ns  in 10 × 100000 runs
[moonbitlang/core] bench builtin/string_char_length_bench_test.mbt:124 ("bench char_length_ge ascii 4k len 2000") ok
time (mean ± σ)         range (min … max) 
   4.38 µs ±  48.46 ns     4.35 µs …   4.49 µs  in 10 ×  22976 runs
[moonbitlang/core] bench builtin/string_char_length_bench_test.mbt:129 ("bench char_length_ge cjk 4k len 4096") ok
time (mean ± σ)         range (min … max) 
   8.91 µs ±  34.79 ns     8.89 µs …   9.01 µs  in 10 ×  11247 runs
[moonbitlang/core] bench builtin/string_char_length_bench_test.mbt:134 ("bench char_length_ge emoji 4k len 2048") ok
time (mean ± σ)         range (min … max) 
   8.18 µs ± 508.35 ns     6.74 µs …   8.35 µs  in 10 ×  11994 runs
[moonbitlang/core] bench builtin/sort_bench_test.mbt:21 ("bench Array::sort n=1000") ok
time (mean ± σ)         range (min … max) 
  19.79 µs ± 575.25 ns    19.32 µs …  20.76 µs  in 10 ×   4822 runs
[moonbitlang/core] bench builtin/sort_bench_test.mbt:31 ("bench Array::sort n=100000") ok
time (mean ± σ)         range (min … max) 
   6.22 ms ± 145.52 µs     6.14 ms …   6.63 ms  in 10 ×     17 runs
[moonbitlang/core] bench builtin/sort_bench_test.mbt:41 ("bench Array::sort_by n=10000") ok
time (mean ± σ)         range (min … max) 
 492.10 µs ± 700.41 ns   491.18 µs … 493.17 µs  in 10 ×    203 runs
[moonbitlang/core] bench builtin/range_equal_bench_test.mbt:56 ("bench range_equal StringView== n=4 equal") ok
time (mean ± σ)         range (min … max) 
   6.54 ns ±   0.38 ns     6.19 ns …   7.12 ns  in 10 × 100000 runs
[moonbitlang/core] bench builtin/range_equal_bench_test.mbt:61 ("bench range_equal StringView== n=8 equal") ok
time (mean ± σ)         range (min … max) 
   6.87 ns ±   0.40 ns     6.44 ns …   7.44 ns  in 10 × 100000 runs
[moonbitlang/core] bench builtin/range_equal_bench_test.mbt:66 ("bench range_equal StringView== n=8 mismatch at end") ok
time (mean ± σ)         range (min … max) 
  21.30 ns ±   0.51 ns    20.90 ns …  22.00 ns  in 10 × 100000 runs
[moonbitlang/core] bench builtin/range_equal_bench_test.mbt:71 ("bench range_equal StringView== n=16 equal") ok
time (mean ± σ)         range (min … max) 
   6.87 ns ±   0.34 ns     6.59 ns …   7.29 ns  in 10 × 100000 runs
[moonbitlang/core] bench builtin/range_equal_bench_test.mbt:76 ("bench range_equal StringView== n=16 mismatch at end") ok
time (mean ± σ)         range (min … max) 
  36.76 ns ±   0.52 ns    36.32 ns …  37.48 ns  in 10 × 100000 runs
[moonbitlang/core] bench builtin/range_equal_bench_test.mbt:81 ("bench range_equal StringView== n=15 equal") ok
time (mean ± σ)         range (min … max) 
   7.05 ns ±   0.38 ns     6.57 ns …   7.65 ns  in 10 × 100000 runs
[moonbitlang/core] bench builtin/range_equal_bench_test.mbt:86 ("bench range_equal StringView== n=64 equal") ok
time (mean ± σ)         range (min … max) 
   8.34 ns ±   0.42 ns     7.85 ns …   9.01 ns  in 10 × 100000 runs
[moonbitlang/core] bench builtin/range_equal_bench_test.mbt:91 ("bench range_equal StringView== n=64 mismatch at end") ok
time (mean ± σ)         range (min … max) 
 133.92 ns ±   0.50 ns   133.28 ns … 134.54 ns  in 10 × 100000 runs
[moonbitlang/core] bench builtin/range_equal_bench_test.mbt:96 ("bench range_equal StringView== n=1024 equal") ok
time (mean ± σ)         range (min … max) 
  32.58 ns ±   0.53 ns    32.13 ns …  33.34 ns  in 10 × 100000 runs
[moonbitlang/core] bench builtin/range_equal_bench_test.mbt:101 ("bench range_equal StringView== n=1024 mismatch at end") ok
time (mean ± σ)         range (min … max) 
   2.71 µs ±   1.04 µs     1.98 µs …   4.20 µs  in 10 ×  23797 runs
[moonbitlang/core] bench builtin/range_equal_bench_test.mbt:106 ("bench range_equal StringView== n=1024 mismatch at 0") ok
time (mean ± σ)         range (min … max) 
   7.93 ns ±   0.45 ns     7.47 ns …   8.67 ns  in 10 × 100000 runs
[moonbitlang/core] bench builtin/range_equal_bench_test.mbt:111 ("bench range_equal StringView== n=65536 equal") ok
time (mean ± σ)         range (min … max) 
   1.84 µs ± 244.86 ns     1.72 µs …   2.31 µs  in 10 ×  45229 runs
[moonbitlang/core] bench builtin/range_equal_bench_test.mbt:116 ("bench range_equal StringView== n=65536 mismatch at end") ok
time (mean ± σ)         range (min … max) 
 269.12 µs ± 286.89 ns   268.76 µs … 269.68 µs  in 10 ×    372 runs
[moonbitlang/core] bench builtin/range_equal_bench_test.mbt:121 ("bench range_equal BytesView== n=4 equal") ok
time (mean ± σ)         range (min … max) 
   7.37 ns ±   0.36 ns     7.07 ns …   7.82 ns  in 10 × 100000 runs
[moonbitlang/core] bench builtin/range_equal_bench_test.mbt:126 ("bench range_equal BytesView== n=8 equal") ok
time (mean ± σ)         range (min … max) 
  10.45 ns ±   0.43 ns     9.82 ns …  11.22 ns  in 10 × 100000 runs
[moonbitlang/core] bench builtin/range_equal_bench_test.mbt:131 ("bench range_equal BytesView== n=8 mismatch at end") ok
time (mean ± σ)         range (min … max) 
   9.97 ns ±   0.56 ns     9.24 ns …  10.79 ns  in 10 × 100000 runs
[moonbitlang/core] bench builtin/range_equal_bench_test.mbt:136 ("bench range_equal BytesView== n=16 equal") ok
time (mean ± σ)         range (min … max) 
  14.31 ns ±   0.45 ns    13.89 ns …  14.90 ns  in 10 × 100000 runs
[moonbitlang/core] bench builtin/range_equal_bench_test.mbt:141 ("bench range_equal BytesView== n=16 mismatch at end") ok
time (mean ± σ)         range (min … max) 
  14.28 ns ±   0.58 ns    13.62 ns …  15.00 ns  in 10 × 100000 runs
[moonbitlang/core] bench builtin/range_equal_bench_test.mbt:146 ("bench range_equal BytesView== n=31 equal") ok
time (mean ± σ)         range (min … max) 
  24.28 ns ±   0.42 ns    23.90 ns …  24.88 ns  in 10 × 100000 runs
[moonbitlang/core] bench builtin/range_equal_bench_test.mbt:151 ("bench range_equal BytesView== n=64 equal") ok
time (mean ± σ)         range (min … max) 
  37.90 ns ±   0.50 ns    37.47 ns …  38.58 ns  in 10 × 100000 runs
[moonbitlang/core] bench builtin/range_equal_bench_test.mbt:156 ("bench range_equal BytesView== n=64 mismatch at end") ok
time (mean ± σ)         range (min … max) 
  37.73 ns ±   0.60 ns    37.25 ns …  38.64 ns  in 10 × 100000 runs
[moonbitlang/core] bench builtin/range_equal_bench_test.mbt:161 ("bench range_equal BytesView== n=1024 equal") ok
time (mean ± σ)         range (min … max) 
 567.10 ns ±   0.84 ns   566.22 ns … 568.37 ns  in 10 × 100000 runs
[moonbitlang/core] bench builtin/range_equal_bench_test.mbt:166 ("bench range_equal BytesView== n=1024 mismatch at end") ok
time (mean ± σ)         range (min … max) 
 566.72 ns ±   0.44 ns   565.92 ns … 567.28 ns  in 10 × 100000 runs
[moonbitlang/core] bench builtin/range_equal_bench_test.mbt:171 ("bench range_equal BytesView== n=1024 mismatch at 0") ok
time (mean ± σ)         range (min … max) 
   4.84 ns ±   0.36 ns     4.46 ns …   5.23 ns  in 10 × 100000 runs
[moonbitlang/core] bench builtin/range_equal_bench_test.mbt:176 ("bench range_equal BytesView== n=65536 equal") ok
time (mean ± σ)         range (min … max) 
  35.57 µs ±  17.88 ns    35.55 µs …  35.59 µs  in 10 ×   2809 runs
[moonbitlang/core] bench builtin/range_equal_bench_test.mbt:181 ("bench range_equal BytesView== n=65536 mismatch at end") ok
time (mean ± σ)         range (min … max) 
  35.57 µs ±  19.78 ns    35.55 µs …  35.60 µs  in 10 ×   2811 runs
[moonbitlang/core] bench builtin/range_equal_bench_test.mbt:186 ("bench range_equal StringView::has_prefix prefix=32 hit") ok
time (mean ± σ)         range (min … max) 
  94.85 ns ±   0.47 ns    94.24 ns …  95.42 ns  in 10 × 100000 runs
[moonbitlang/core] bench builtin/range_equal_bench_test.mbt:193 ("bench range_equal StringView::has_prefix prefix=32 miss at end") ok
time (mean ± σ)         range (min … max) 
  95.95 ns ±   0.48 ns    95.37 ns …  96.48 ns  in 10 × 100000 runs
[moonbitlang/core] bench builtin/linked_hash_map_bench_test.mbt:19 ("bench Map::set n=50000") ok
time (mean ± σ)         range (min … max) 
   3.38 ms ± 253.75 µs     3.04 ms …   3.78 ms  in 10 ×     35 runs
[moonbitlang/core] bench builtin/linked_hash_map_bench_test.mbt:30 ("bench Map::get n=50000") ok
time (mean ± σ)         range (min … max) 
 882.25 µs ±   1.01 µs   881.10 µs … 883.56 µs  in 10 ×    114 runs
[moonbitlang/core] bench builtin/linked_hash_map_bench_test.mbt:47 ("bench Map::get miss n=50000") ok
time (mean ± σ)         range (min … max) 
   1.04 ms ±   1.97 µs     1.04 ms …   1.05 ms  in 10 ×     94 runs
[moonbitlang/core] bench builtin/linked_hash_map_bench_test.mbt:67 ("bench Map::set+remove n=50000") ok
time (mean ± σ)         range (min … max) 
   4.44 ms ± 126.72 µs     4.35 ms …   4.79 ms  in 10 ×     22 runs
[moonbitlang/core] bench builtin/linked_hash_map_bench_test.mbt:83 ("bench Map::each n=50000") ok
time (mean ± σ)         range (min … max) 
  63.97 µs ±  78.71 ns    63.76 µs …  64.03 µs  in 10 ×   1570 runs
[moonbitlang/core] bench builtin/linked_hash_map_bench_test.mbt:101 ("bench Map::filter n=50000") ok
time (mean ± σ)         range (min … max) 
   1.06 ms ±  50.79 µs     1.02 ms …   1.16 ms  in 10 ×     97 runs
[moonbitlang/core] bench builtin/linked_hash_map_bench_test.mbt:107 ("bench Map comprehension filter n=50000") ok
time (mean ± σ)         range (min … max) 
   3.11 ms ±  10.06 µs     3.09 ms …   3.12 ms  in 10 ×     28 runs
[moonbitlang/core] bench builtin/lexical_compare_bench_test.mbt:42 ("bench lexical_compare equal n=256") ok
time (mean ± σ)         range (min … max) 
 194.78 ns ±   0.52 ns   194.14 ns … 195.84 ns  in 10 × 100000 runs
[moonbitlang/core] bench builtin/lexical_compare_bench_test.mbt:47 ("bench lexical_compare common-prefix n=256") ok
time (mean ± σ)         range (min … max) 
 185.50 ns ±   0.50 ns   184.84 ns … 186.27 ns  in 10 × 100000 runs
[moonbitlang/core] bench builtin/lexical_compare_bench_test.mbt:52 ("bench lexical_compare early-diff n=256") ok
time (mean ± σ)         range (min … max) 
   6.46 ns ±   0.36 ns     6.10 ns …   7.05 ns  in 10 × 100000 runs
[moonbitlang/core] bench builtin/lexical_compare_bench_test.mbt:89 ("bench String::lexical_compare equal n=256") ok
time (mean ± σ)         range (min … max) 
   1.05 µs ±   7.12 ns     1.05 µs …   1.07 µs  in 10 ×  93392 runs
[moonbitlang/core] bench builtin/lexical_compare_bench_test.mbt:94 ("bench String::lexical_compare common-prefix n=256") ok
time (mean ± σ)         range (min … max) 
   1.12 µs ±   7.70 ns     1.12 µs …   1.14 µs  in 10 ×  87819 runs
[moonbitlang/core] bench builtin/lexical_compare_bench_test.mbt:99 ("bench String::lexical_compare early-diff n=256") ok
time (mean ± σ)         range (min … max) 
  12.28 ns ±   0.37 ns    11.98 ns …  12.73 ns  in 10 × 100000 runs
[moonbitlang/core] bench builtin/lexical_compare_bench_test.mbt:104 ("bench StringView::lexical_compare equal n=256") ok
time (mean ± σ)         range (min … max) 
   1.05 µs ±   8.42 ns     1.05 µs …   1.08 µs  in 10 ×  93503 runs
[moonbitlang/core] bench builtin/lexical_compare_bench_test.mbt:109 ("bench StringView::lexical_compare common-prefix n=256") ok
time (mean ± σ)         range (min … max) 
   1.12 µs ±   7.53 ns     1.12 µs …   1.14 µs  in 10 ×  87910 runs
[moonbitlang/core] bench builtin/lexical_compare_bench_test.mbt:114 ("bench StringView::lexical_compare early-diff n=256") ok
time (mean ± σ)         range (min … max) 
  12.31 ns ±   0.39 ns    11.98 ns …  12.79 ns  in 10 × 100000 runs
[moonbitlang/core] bench builtin/lexical_compare_bench_test.mbt:121 ("bench String::compare equal-length common-prefix n=256") ok
time (mean ± σ)         range (min … max) 
   1.05 µs ±   7.11 ns     1.05 µs …   1.07 µs  in 10 ×  93627 runs
[moonbitlang/core] bench builtin/lexical_compare_bench_test.mbt:128 ("bench StringView::compare equal-length common-prefix n=256") ok
time (mean ± σ)         range (min … max) 
   1.06 µs ±   7.28 ns     1.06 µs …   1.08 µs  in 10 ×  92811 runs
[moonbitlang/core] bench builtin/lexical_compare_bench_test.mbt:135 ("bench StringView::compare_ignore_ascii_case common-prefix n=256") ok
time (mean ± σ)         range (min … max) 
   1.05 µs ±   7.22 ns     1.05 µs …   1.07 µs  in 10 ×  93618 runs
[moonbitlang/core] bench builtin/contains_code_unit_bench_test.mbt:19 ("bench contains_code_unit absent n=4") ok
time (mean ± σ)         range (min … max) 
   9.43 ns ±   0.40 ns     9.08 ns …   9.94 ns  in 10 × 100000 runs
[moonbitlang/core] bench builtin/contains_code_unit_bench_test.mbt:25 ("bench contains_code_unit absent n=8") ok
time (mean ± σ)         range (min … max) 
  13.12 ns ±   0.42 ns    12.77 ns …  13.72 ns  in 10 × 100000 runs
[moonbitlang/core] bench builtin/contains_code_unit_bench_test.mbt:31 ("bench contains_code_unit present@0 n=8") ok
time (mean ± σ)         range (min … max) 
   5.17 ns ±   0.42 ns     4.67 ns …   5.69 ns  in 10 × 100000 runs
[moonbitlang/core] bench builtin/contains_code_unit_bench_test.mbt:37 ("bench contains_code_unit absent n=16") ok
time (mean ± σ)         range (min … max) 
  21.88 ns ±   0.54 ns    21.44 ns …  22.64 ns  in 10 × 100000 runs
[moonbitlang/core] bench builtin/contains_code_unit_bench_test.mbt:43 ("bench contains_code_unit absent n=64") ok
time (mean ± σ)         range (min … max) 
  77.23 ns ±   0.51 ns    76.70 ns …  78.03 ns  in 10 × 100000 runs
[moonbitlang/core] bench builtin/contains_code_unit_bench_test.mbt:49 ("bench contains_code_unit absent n=256") ok
time (mean ± σ)         range (min … max) 
 285.62 ns ±   0.45 ns   285.16 ns … 286.13 ns  in 10 × 100000 runs
[moonbitlang/core] bench builtin/contains_code_unit_bench_test.mbt:55 ("bench contains_code_unit present@end n=256") ok
time (mean ± σ)         range (min … max) 
 286.79 ns ±   0.61 ns   286.00 ns … 287.66 ns  in 10 × 100000 runs
[moonbitlang/core] bench builtin/contains_code_unit_bench_test.mbt:61 ("bench contains_code_unit present@0 n=256") ok
time (mean ± σ)         range (min … max) 
   5.16 ns ±   0.43 ns     4.65 ns …   5.71 ns  in 10 × 100000 runs
[moonbitlang/core] bench builtin/contains_code_unit_bench_test.mbt:67 ("bench StringView contains_code_unit absent n=256") ok
time (mean ± σ)         range (min … max) 
 287.19 ns ±   0.56 ns   286.53 ns … 287.98 ns  in 10 × 100000 runs
[moonbitlang/core] bench builtin/bytesview_compare_bench_test.mbt:16 ("bench BytesView Compare equal n=1000000") ok
time (mean ± σ)         range (min … max) 
   1.36 ms ± 243.37 µs     1.14 ms …   1.63 ms  in 10 ×     62 runs
[moonbitlang/core] bench builtin/bytesview_compare_bench_test.mbt:23 ("bench BytesView Compare last-diff n=1000000") ok
time (mean ± σ)         range (min … max) 
 685.53 µs ±   1.16 µs   683.53 µs … 686.84 µs  in 10 ×    146 runs
[moonbitlang/core] bench builtin/bytes_unsafe_bench_test.mbt:31 ("bench Bytes::unsafe_read_uint16_le n=4096") ok
time (mean ± σ)         range (min … max) 
   2.53 µs ±  28.11 ns     2.52 µs …   2.60 µs  in 10 ×  39676 runs
[moonbitlang/core] bench builtin/bytes_unsafe_bench_test.mbt:43 ("bench Bytes::unsafe_read_uint32_le n=4096") ok
time (mean ± σ)         range (min … max) 
   3.76 µs ±  77.07 ns     3.62 µs …   3.85 µs  in 10 ×  26517 runs
[moonbitlang/core] bench builtin/bytes_unsafe_bench_test.mbt:55 ("bench Bytes::unsafe_read_uint64_le n=4096") ok
time (mean ± σ)         range (min … max) 
 295.22 µs ±   1.56 µs   293.33 µs … 296.84 µs  in 10 ×    339 runs
[moonbitlang/core] bench builtin/bytes_unsafe_bench_test.mbt:67 ("bench FixedArray::unsafe_write_uint16_le n=4096") ok
time (mean ± σ)         range (min … max) 
   2.26 µs ±  25.40 ns     2.25 µs …   2.32 µs  in 10 ×  44411 runs
[moonbitlang/core] bench builtin/bytes_unsafe_bench_test.mbt:78 ("bench FixedArray::unsafe_write_uint32_le n=4096") ok
time (mean ± σ)         range (min … max) 
   3.42 µs ±  38.61 ns     3.41 µs …   3.51 µs  in 10 ×  29372 runs
[moonbitlang/core] bench builtin/bytes_unsafe_bench_test.mbt:89 ("bench FixedArray::unsafe_write_uint64_le n=4096") ok
time (mean ± σ)         range (min … max) 
 557.31 µs ±   4.84 µs   551.46 µs … 563.83 µs  in 10 ×    183 runs
[moonbitlang/core] bench builtin/bytes_output_bench_test.mbt:19 ("bench Bytes Show binary n=100000") ok
time (mean ± σ)         range (min … max) 
   4.79 ms ± 463.50 µs     4.18 ms …   5.54 ms  in 10 ×     21 runs
[moonbitlang/core] bench builtin/bytes_output_bench_test.mbt:24 ("bench Bytes ToJson binary n=100000") ok
time (mean ± σ)         range (min … max) 
   4.90 ms ± 861.45 µs     4.07 ms …   6.09 ms  in 10 ×     21 runs
[moonbitlang/core] bench builtin/bytes_hash_bench_test.mbt:54 ("bench Hash::hash(Bytes) n=32") ok
time (mean ± σ)         range (min … max) 
  18.95 ns ±   0.50 ns    18.52 ns …  19.72 ns  in 10 × 100000 runs
[moonbitlang/core] bench builtin/bytes_hash_bench_test.mbt:60 ("bench Hash::hash(Bytes) n=8192") ok
time (mean ± σ)         range (min … max) 
   4.61 µs ±  50.94 ns     4.58 µs …   4.72 µs  in 10 ×  21839 runs
[moonbitlang/core] bench builtin/bytes_hash_bench_test.mbt:66 ("bench Map::at Bytes n=1024 key_bytes=32") ok
time (mean ± σ)         range (min … max) 
  63.81 µs ± 260.26 ns    63.52 µs …  64.23 µs  in 10 ×   1549 runs
[moonbitlang/core] bench builtin/bytes_from_array_bench_test.mbt:30 ("bench Bytes::from_array n=262144 full") ok
time (mean ± σ)         range (min … max) 
 546.00 µs ±  13.81 µs   540.60 µs … 584.85 µs  in 10 ×    170 runs
[moonbitlang/core] bench builtin/bytes_from_array_bench_test.mbt:41 ("bench Bytes::from_array n=262144 sliced") ok
time (mean ± σ)         range (min … max) 
 548.92 µs ±  11.56 µs   543.78 µs … 581.58 µs  in 10 ×    180 runs
[moonbitlang/core] bench builtin/bytes_from_array_bench_test.mbt:48 ("bench Bytes::makei from ArrayView n=262144 full") ok
time (mean ± σ)         range (min … max) 
 531.84 µs ±  11.89 µs   520.84 µs … 564.42 µs  in 10 ×    188 runs
[moonbitlang/core] bench builtin/bytes_from_array_bench_test.mbt:59 ("bench Bytes::makei from ArrayView n=262144 sliced") ok
time (mean ± σ)         range (min … max) 
 525.84 µs ±  12.27 µs   519.18 µs … 559.29 µs  in 10 ×    186 runs
[moonbitlang/core] bench builtin/bytes_equal_bench_test.mbt:37 ("bench Bytes::equal n=100000 equal") ok
time (mean ± σ)         range (min … max) 
  54.43 µs ± 188.20 ns    54.32 µs …  54.95 µs  in 10 ×   1460 runs
[moonbitlang/core] bench builtin/bytes_equal_bench_test.mbt:44 ("bench Bytes::equal n=100000 aliased object") ok
time (mean ± σ)         range (min … max) 
  81.39 µs ±  43.80 ns    81.34 µs …  81.47 µs  in 10 ×   1226 runs
[moonbitlang/core] bench builtin/bytes_equal_bench_test.mbt:54 ("bench Bytes::equal n=100000 mismatch at end") ok
time (mean ± σ)         range (min … max) 
  54.39 µs ±  51.67 ns    54.31 µs …  54.47 µs  in 10 ×   1473 runs
[moonbitlang/core] bench builtin/bytes_add_bench_test.mbt:16 ("bench Bytes add total=1000000") ok
time (mean ± σ)         range (min … max) 
   2.15 ms ± 123.05 µs     2.06 ms …   2.35 ms  in 10 ×     42 runs
[moonbitlang/core] bench builtin/bitstring_uint_aligned_bench_test.mbt:24 ("bench Bytes::unsafe_extract_uint_le_aligned n=8192") ok
time (mean ± σ)         range (min … max) 
   2.10 µs ±  28.26 ns     2.08 µs …   2.15 µs  in 10 ×  47599 runs
[moonbitlang/core] bench builtin/bitstring_uint64_aligned_bench_test.mbt:24 ("bench Bytes::unsafe_extract_uint64_le_aligned n=8192") ok
time (mean ± σ)         range (min … max) 
  74.18 µs ± 329.06 ns    73.76 µs …  74.62 µs  in 10 ×   1349 runs
[moonbitlang/core] bench builtin/bitstring_extract_bench_test.mbt:35 ("bench BytesView uint_le aligned len=32") ok
time (mean ± σ)         range (min … max) 
   2.36 µs ±  26.91 ns     2.35 µs …   2.42 µs  in 10 ×  42556 runs
[moonbitlang/core] bench builtin/bitstring_extract_bench_test.mbt:48 ("bench BytesView uint_be aligned len=32") ok
time (mean ± σ)         range (min … max) 
   2.43 µs ±  28.28 ns     2.41 µs …   2.49 µs  in 10 ×  41363 runs
[moonbitlang/core] bench builtin/bitstring_extract_bench_test.mbt:61 ("bench ArrayView uint_le aligned len=32") ok
time (mean ± σ)         range (min … max) 
   3.81 µs ±  46.53 ns     3.76 µs …   3.89 µs  in 10 ×  26238 runs
[moonbitlang/core] bench builtin/bitstring_extract_bench_test.mbt:75 ("bench ArrayView uint_be aligned len=32") ok
time (mean ± σ)         range (min … max) 
   3.93 µs ±  45.35 ns     3.90 µs …   4.03 µs  in 10 ×  25615 runs
[moonbitlang/core] bench builtin/bitstring_extract_bench_test.mbt:89 ("bench BytesView uint64_le aligned len=64") ok
time (mean ± σ)         range (min … max) 
  76.42 µs ± 373.24 ns    75.86 µs …  76.90 µs  in 10 ×   1306 runs
[moonbitlang/core] bench builtin/bitstring_extract_bench_test.mbt:102 ("bench BytesView uint64_be aligned len=64") ok
time (mean ± σ)         range (min … max) 
  77.60 µs ± 486.70 ns    77.02 µs …  78.27 µs  in 10 ×   1294 runs
[moonbitlang/core] bench builtin/bitstring_extract_bench_test.mbt:115 ("bench ArrayView uint64_le aligned len=64") ok
time (mean ± σ)         range (min … max) 
  81.01 µs ± 722.35 ns    80.02 µs …  82.03 µs  in 10 ×   1233 runs
[moonbitlang/core] bench builtin/bitstring_extract_bench_test.mbt:129 ("bench ArrayView uint64_be aligned len=64") ok
time (mean ± σ)         range (min … max) 
  81.35 µs ± 523.17 ns    80.87 µs …  82.13 µs  in 10 ×   1231 runs
[moonbitlang/core] bench builtin/bitstring_extract_bench_test.mbt:143 ("bench BytesView uint_le unaligned len=32") ok
time (mean ± σ)         range (min … max) 
  26.81 µs ±  98.31 ns    26.67 µs …  26.90 µs  in 10 ×   3718 runs
[moonbitlang/core] bench builtin/bitstring_extract_bench_test.mbt:156 ("bench BytesView uint64_le unaligned len=64") ok
time (mean ± σ)         range (min … max) 
 100.19 µs ± 598.62 ns    99.36 µs … 101.34 µs  in 10 ×   1002 runs
[moonbitlang/core] bench builtin/bitstring_extract_bench_test.mbt:169 ("bench BytesView uint_le aligned len=16") ok
time (mean ± σ)         range (min … max) 
   3.73 µs ±  44.94 ns     3.71 µs …   3.84 µs  in 10 ×  26906 runs
[moonbitlang/core] bench builtin/bitstring_extract_bench_test.mbt:182 ("bench BytesView uint_le aligned len=24") ok
time (mean ± σ)         range (min … max) 
  22.05 µs ±  34.23 ns    22.00 µs …  22.10 µs  in 10 ×   4532 runs
[moonbitlang/core] bench builtin/array_retain_bench_test.mbt:29 ("bench Array::retain all keep Int n=100000") ok
time (mean ± σ)         range (min … max) 
  68.55 µs ± 647.09 ns    67.92 µs …  69.34 µs  in 10 ×   1447 runs
[moonbitlang/core] bench builtin/array_retain_bench_test.mbt:42 ("bench Array::retain all keep Ref n=100000") ok
time (mean ± σ)         range (min … max) 
  83.26 µs ±   1.16 µs    81.92 µs …  84.44 µs  in 10 ×   1187 runs
[moonbitlang/core] bench builtin/array_retain_bench_test.mbt:55 ("bench Array::retain drop tail n=100000") ok
time (mean ± σ)         range (min … max) 
 216.19 µs ±  44.83 µs   185.38 µs … 281.80 µs  in 10 ×    522 runs
[moonbitlang/core] bench builtin/array_retain_bench_test.mbt:66 ("bench Array::retain late sparse drop n=100000") ok
time (mean ± σ)         range (min … max) 
 222.77 µs ±   2.01 µs   219.84 µs … 225.03 µs  in 10 ×    453 runs
[moonbitlang/core] bench builtin/array_retain_bench_test.mbt:77 ("bench Array::retain drop first n=100000") ok
time (mean ± σ)         range (min … max) 
 231.57 µs ±   2.25 µs   227.98 µs … 235.42 µs  in 10 ×    428 runs
[moonbitlang/core] bench builtin/array_make_blit_bench_test.mbt:32 ("bench FixedArray::copy Ref n=1000000") ok
time (mean ± σ)         range (min … max) 
   1.33 ms ±  90.38 µs     1.23 ms …   1.42 ms  in 10 ×     73 runs
[moonbitlang/core] bench builtin/array_make_blit_bench_test.mbt:38 ("bench Array::from_fixed_array Ref n=1000000") ok
time (mean ± σ)         range (min … max) 
   3.85 ms ± 219.54 µs     3.53 ms …   4.04 ms  in 10 ×     29 runs
[moonbitlang/core] bench builtin/array_make_blit_bench_test.mbt:44 ("bench Array::add Ref n=500000+500000") ok
time (mean ± σ)         range (min … max) 
   3.71 ms ± 225.57 µs     3.37 ms …   3.90 ms  in 10 ×     30 runs
[moonbitlang/core] bench builtin/array_make_blit_bench_test.mbt:51 ("bench ArrayView::add Ref n=500000+500000") ok
time (mean ± σ)         range (min … max) 
   3.68 ms ± 279.23 µs     3.35 ms …   3.95 ms  in 10 ×     27 runs
[moonbitlang/core] bench builtin/array_make_blit_bench_test.mbt:60 ("bench Array::blit_to Ref n=1000000 overwrite") ok
time (mean ± σ)         range (min … max) 
   2.04 ms ±   3.90 µs     2.04 ms …   2.05 ms  in 10 ×     49 runs
[moonbitlang/core] bench builtin/array_make_blit_bench_test.mbt:70 ("bench Array::blit_to Ref n=1000000 grow") ok
time (mean ± σ)         range (min … max) 
   3.70 ms ± 196.39 µs     3.42 ms …   3.89 ms  in 10 ×     30 runs
[moonbitlang/core] bench builtin/array_make_blit_bench_test.mbt:80 ("bench ArrayView::blit_to Ref n=1000000 overwrite") ok
time (mean ± σ)         range (min … max) 
   2.08 ms ±   1.27 µs     2.08 ms …   2.08 ms  in 10 ×     49 runs
[moonbitlang/core] bench builtin/array_make_blit_bench_test.mbt:90 ("bench ArrayView::blit_to Ref n=1000000 grow") ok
time (mean ± σ)         range (min … max) 
   3.70 ms ± 232.03 µs     3.36 ms …   3.94 ms  in 10 ×     30 runs
[moonbitlang/core] bench builtin/array_make_blit_bench_test.mbt:100 ("bench Array::append Ref n=1000000 grow") ok
time (mean ± σ)         range (min … max) 
   9.19 ms ± 528.62 µs     8.73 ms …  10.06 ms  in 10 ×     12 runs
[moonbitlang/core] bench builtin/array_make_blit_bench_test.mbt:110 ("bench Array::push Ref n=1000000 resize") ok
time (mean ± σ)         range (min … max) 
   9.28 ms ± 622.23 µs     8.76 ms …  10.13 ms  in 10 ×     11 runs
[moonbitlang/core] bench builtin/array_make_blit_bench_test.mbt:129 ("bench Array::copy Int n=1000000") ok
time (mean ± σ)         range (min … max) 
   1.19 ms ±  65.48 µs     1.07 ms …   1.23 ms  in 10 ×     84 runs
[moonbitlang/core] bench builtin/array_make_blit_bench_test.mbt:135 ("bench Array::copy Ref n=1000000") ok
time (mean ± σ)         range (min … max) 
   1.34 ms ±  74.86 µs     1.23 ms …   1.41 ms  in 10 ×     76 runs
[moonbitlang/core] bench builtin/array_locals_bench_test.mbt:29 ("bench Array::retain_map n=100000") ok
time (mean ± σ)         range (min … max) 
 106.47 µs ±   2.32 µs   104.08 µs … 109.69 µs  in 10 ×    959 runs
[moonbitlang/core] bench builtin/array_locals_bench_test.mbt:38 ("bench Array::shuffle_in_place n=100000") ok
time (mean ± σ)         range (min … max) 
 205.20 µs ± 184.97 ns   204.96 µs … 205.47 µs  in 10 ×    488 runs
[moonbitlang/core] bench builtin/array_locals_bench_test.mbt:50 ("bench Array::filter_map n=100000") ok
time (mean ± σ)         range (min … max) 
 243.51 µs ±   5.52 µs   241.38 µs … 259.20 µs  in 10 ×    414 runs
[moonbitlang/core] bench builtin/array_locals_bench_test.mbt:58 ("bench FixedArray::each n=100000") ok
time (mean ± σ)         range (min … max) 
  52.49 µs ±   1.44 µs    50.86 µs …  53.91 µs  in 10 ×   1859 runs
[moonbitlang/core] bench builtin/array_locals_bench_test.mbt:68 ("bench FixedArray::eachi n=100000") ok
time (mean ± σ)         range (min … max) 
  57.03 µs ±   1.26 µs    54.81 µs …  58.38 µs  in 10 ×   1726 runs
[moonbitlang/core] bench builtin/array_locals_bench_test.mbt:78 ("bench FixedArray::rev_each n=100000") ok
time (mean ± σ)         range (min … max) 
 515.45 µs ± 182.66 ns   515.21 µs … 515.73 µs  in 10 ×    195 runs
[moonbitlang/core] bench builtin/array_locals_bench_test.mbt:88 ("bench FixedArray::rev_eachi n=100000") ok
time (mean ± σ)         range (min … max) 
  71.72 µs ±  87.03 ns    71.60 µs …  71.91 µs  in 10 ×   1395 runs
[moonbitlang/core] bench builtin/array_locals_bench_test.mbt:98 ("bench FixedArray::map n=100000") ok
time (mean ± σ)         range (min … max) 
 243.61 µs ±  12.35 µs   234.45 µs … 267.49 µs  in 10 ×    426 runs
[moonbitlang/core] bench builtin/array_locals_bench_test.mbt:104 ("bench FixedArray::mapi n=100000") ok
time (mean ± σ)         range (min … max) 
 243.06 µs ±  12.22 µs   234.61 µs … 266.55 µs  in 10 ×    424 runs
[moonbitlang/core] bench builtin/array_locals_bench_test.mbt:110 ("bench FixedArray::makei n=100000") ok
time (mean ± σ)         range (min … max) 
 258.72 µs ±  12.91 µs   252.16 µs … 283.55 µs  in 10 ×    401 runs
[moonbitlang/core] bench builtin/array_locals_bench_test.mbt:115 ("bench FixedArray::fold n=100000") ok
time (mean ± σ)         range (min … max) 
  52.43 µs ±   1.56 µs    50.88 µs …  54.12 µs  in 10 ×   1886 runs
[moonbitlang/core] bench builtin/array_locals_bench_test.mbt:121 ("bench FixedArray::rev_fold n=100000") ok
time (mean ± σ)         range (min … max) 
 515.99 µs ±   1.25 µs   515.16 µs … 519.19 µs  in 10 ×    195 runs
[moonbitlang/core] bench builtin/array_locals_bench_test.mbt:127 ("bench FixedArray::foldi n=100000") ok
time (mean ± σ)         range (min … max) 
  55.66 µs ± 630.74 ns    55.19 µs …  56.81 µs  in 10 ×   1757 runs
[moonbitlang/core] bench builtin/array_locals_bench_test.mbt:133 ("bench FixedArray::rev_foldi n=100000") ok
time (mean ± σ)         range (min … max) 
  62.49 µs ± 169.97 ns    62.20 µs …  62.78 µs  in 10 ×   1598 runs
[moonbitlang/core] bench builtin/array_locals_bench_test.mbt:139 ("bench ArrayView::chunk_by n=100000") ok
time (mean ± σ)         range (min … max) 
 101.83 µs ± 146.66 ns   101.71 µs … 102.13 µs  in 10 ×    983 runs
[moonbitlang/core] bench builtin/array_locals_bench_test.mbt:146 ("bench ArrayView::each n=100000") ok
time (mean ± σ)         range (min … max) 
  59.55 µs ± 224.16 ns    59.25 µs …  59.91 µs  in 10 ×   1724 runs
[moonbitlang/core] bench builtin/array_locals_bench_test.mbt:157 ("bench ArrayView::eachi n=100000") ok
time (mean ± σ)         range (min … max) 
  61.11 µs ± 134.63 ns    61.00 µs …  61.47 µs  in 10 ×   1637 runs
[moonbitlang/core] bench builtin/array_locals_bench_test.mbt:168 ("bench ArrayView::rev_each n=100000") ok
time (mean ± σ)         range (min … max) 
  63.90 µs ± 169.75 ns    63.74 µs …  64.17 µs  in 10 ×   1559 runs
[moonbitlang/core] bench builtin/array_locals_bench_test.mbt:179 ("bench ArrayView::rev_eachi n=100000") ok
time (mean ± σ)         range (min … max) 
  69.74 µs ±  74.75 ns    69.58 µs …  69.82 µs  in 10 ×   1438 runs
[moonbitlang/core] bench builtin/array_locals_bench_test.mbt:190 ("bench ArrayView::all n=100000") ok
time (mean ± σ)         range (min … max) 
  81.40 µs ±  54.94 ns    81.32 µs …  81.50 µs  in 10 ×   1229 runs
[moonbitlang/core] bench builtin/array_locals_bench_test.mbt:197 ("bench ArrayView::any n=100000") ok
time (mean ± σ)         range (min … max) 
  81.37 µs ±  42.27 ns    81.32 µs …  81.48 µs  in 10 ×   1229 runs
[moonbitlang/core] bench builtin/array_locals_bench_test.mbt:204 ("bench ArrayView::search_by n=100000") ok
time (mean ± σ)         range (min … max) 
  81.37 µs ±  52.71 ns    81.32 µs …  81.50 µs  in 10 ×   1229 runs
[moonbitlang/core] bench builtin/array_locals_bench_test.mbt:213 ("bench ArrayView::fold n=100000") ok
time (mean ± σ)         range (min … max) 
  59.56 µs ± 415.45 ns    58.82 µs …  60.01 µs  in 10 ×   1655 runs
[moonbitlang/core] bench builtin/array_locals_bench_test.mbt:220 ("bench ArrayView::rev_fold n=100000") ok
time (mean ± σ)         range (min … max) 
 515.05 µs ± 256.76 ns   514.65 µs … 515.34 µs  in 10 ×    195 runs
[moonbitlang/core] bench builtin/array_locals_bench_test.mbt:227 ("bench ArrayView::foldi n=100000") ok
time (mean ± σ)         range (min … max) 
  61.08 µs ±  64.07 ns    61.01 µs …  61.21 µs  in 10 ×   1637 runs
[moonbitlang/core] bench builtin/array_locals_bench_test.mbt:234 ("bench ArrayView::rev_foldi n=100000") ok
time (mean ± σ)         range (min … max) 
  72.88 µs ± 141.46 ns    72.69 µs …  73.11 µs  in 10 ×   1370 runs
[moonbitlang/core] bench builtin/array_locals_bench_test.mbt:241 ("bench ArrayView::map n=100000") ok
time (mean ± σ)         range (min … max) 
 185.58 µs ±   9.89 µs   179.24 µs … 202.56 µs  in 10 ×    556 runs
[moonbitlang/core] bench builtin/array_locals_bench_test.mbt:248 ("bench ArrayView::mapi n=100000") ok
time (mean ± σ)         range (min … max) 
 186.16 µs ±   9.59 µs   179.43 µs … 202.60 µs  in 10 ×    557 runs
[moonbitlang/core] bench builtin/array_locals_bench_test.mbt:255 ("bench ArrayView::filter n=100000") ok
time (mean ± σ)         range (min … max) 
 238.95 µs ±   5.27 µs   236.61 µs … 253.91 µs  in 10 ×    421 runs
[moonbitlang/core] bench builtin/array_locals_bench_test.mbt:262 ("bench ArrayView::filter_map n=100000") ok
time (mean ± σ)         range (min … max) 
 243.21 µs ±   3.66 µs   241.65 µs … 253.56 µs  in 10 ×    413 runs
[moonbitlang/core] bench bytes/find_bench_test.mbt:92 ("bench BytesView::find single byte hit end n=4096") ok
time (mean ± σ)         range (min … max) 
   2.23 µs ±   1.19 ns     2.23 µs …   2.23 µs  in 10 ×  44771 runs
[moonbitlang/core] bench bytes/find_bench_test.mbt:99 ("bench BytesView::find single byte miss n=4096") ok
time (mean ± σ)         range (min … max) 
   2.23 µs ±   1.30 ns     2.23 µs …   2.24 µs  in 10 ×  44756 runs
[moonbitlang/core] bench bytes/find_bench_test.mbt:106 ("bench BytesView::find substring rare hit end n=4096") ok
time (mean ± σ)         range (min … max) 
   2.23 µs ±   1.34 ns     2.23 µs …   2.24 µs  in 10 ×  44731 runs
[moonbitlang/core] bench bytes/find_bench_test.mbt:113 ("bench BytesView::find substring dense miss n=4096") ok
time (mean ± σ)         range (min … max) 
   2.23 µs ±   4.70 ns     2.23 µs …   2.24 µs  in 10 ×  44761 runs
[moonbitlang/core] bench bytes/find_bench_test.mbt:120 ("bench BytesView::find offset view rare hit end n=4096") ok
time (mean ± σ)         range (min … max) 
   2.23 µs ±   2.22 ns     2.23 µs …   2.24 µs  in 10 ×  44749 runs
[moonbitlang/core] bench bytes/find_bench_test.mbt:127 ("bench BytesView::find long dense miss n=4096") ok
time (mean ± σ)         range (min … max) 
   4.68 µs ±   9.30 ns     4.66 µs …   4.69 µs  in 10 ×  21463 runs
[moonbitlang/core] bench bytes/find_bench_test.mbt:134 ("bench BytesView::find single byte miss n=32") ok
time (mean ± σ)         range (min … max) 
  22.23 ns ±   0.22 ns    21.91 ns …  22.46 ns  in 10 × 100000 runs
[moonbitlang/core] bench bytes/find_bench_test.mbt:141 ("bench BytesView::find substring miss n=32") ok
time (mean ± σ)         range (min … max) 
  20.68 ns ±   0.22 ns    20.32 ns …  20.96 ns  in 10 × 100000 runs
[moonbitlang/core] bench bytes/find_bench_test.mbt:148 ("bench BytesView::rev_find single byte hit start n=4096") ok
time (mean ± σ)         range (min … max) 
   2.23 µs ±   2.58 ns     2.23 µs …   2.24 µs  in 10 ×  44681 runs
[moonbitlang/core] bench bytes/find_bench_test.mbt:155 ("bench BytesView::rev_find single byte miss n=4096") ok
time (mean ± σ)         range (min … max) 
   2.23 µs ±   1.30 ns     2.23 µs …   2.24 µs  in 10 ×  44708 runs
[moonbitlang/core] bench bytes/find_bench_test.mbt:162 ("bench BytesView::rev_find substring rare hit start n=4096") ok
time (mean ± σ)         range (min … max) 
   2.24 µs ±   1.07 ns     2.23 µs …   2.24 µs  in 10 ×  44693 runs
[moonbitlang/core] bench bytes/find_bench_test.mbt:169 ("bench BytesView::rev_find substring dense miss n=4096") ok
time (mean ± σ)         range (min … max) 
   3.34 µs ±   2.73 ns     3.34 µs …   3.35 µs  in 10 ×  29892 runs
[moonbitlang/core] bench bytes/find_bench_test.mbt:176 ("bench BytesView::rev_find offset view rare hit start n=4096") ok
time (mean ± σ)         range (min … max) 
   2.24 µs ±   1.58 ns     2.24 µs …   2.24 µs  in 10 ×  44647 runs
[moonbitlang/core] bench bytes/find_bench_test.mbt:185 ("bench BytesView::rev_find long dense miss n=4096") ok
time (mean ± σ)         range (min … max) 
   3.32 µs ±   2.22 ns     3.31 µs …   3.32 µs  in 10 ×  30130 runs
[moonbitlang/core] bench debug/debug_inspect_bench_test.mbt:16 ("bench debug_inspect passing Int") ok
time (mean ± σ)         range (min … max) 
  44.76 ns ±   0.77 ns    43.58 ns …  45.91 ns  in 10 × 100000 runs
[moonbitlang/core] bench debug/debug_inspect_bench_test.mbt:21 ("bench debug_inspect passing Array") ok
time (mean ± σ)         range (min … max) 
 801.77 ns ±   3.15 ns   794.26 ns … 804.52 ns  in 10 × 100000 runs
[moonbitlang/core] bench deque/deque_bench_test.mbt:22 ("bench Deque::to_array Int n=50000") ok
time (mean ± σ)         range (min … max) 
 128.94 µs ±   4.99 µs   126.19 µs … 140.55 µs  in 10 ×    691 runs
[moonbitlang/core] bench deque/deque_bench_test.mbt:28 ("bench Deque::to_array Ref n=50000") ok
time (mean ± σ)         range (min … max) 
 136.51 µs ±   4.32 µs   133.65 µs … 146.50 µs  in 10 ×    666 runs
[moonbitlang/core] bench deque/deque_bench_test.mbt:34 ("bench Deque steady-state pop_front/push_back x100000 len=1000") ok
time (mean ± σ)         range (min … max) 
 515.48 µs ± 283.77 ns   515.12 µs … 516.11 µs  in 10 ×    195 runs
[moonbitlang/core] bench deque/deque_bench_test.mbt:51 ("bench Deque steady-state push_front/pop_back x100000 len=1000") ok
time (mean ± σ)         range (min … max) 
 515.30 µs ± 245.32 ns   514.91 µs … 515.67 µs  in 10 ×    195 runs
[moonbitlang/core] bench deque/deque_bench_test.mbt:67 ("bench Deque::get x100000 len=1000") ok
time (mean ± σ)         range (min … max) 
 629.87 µs ± 985.71 ns   629.18 µs … 632.58 µs  in 10 ×    159 runs
[moonbitlang/core] bench encoding/ascii/ascii_bench_test.mbt:40 ("bench ASCII decode n=15") ok
time (mean ± σ)         range (min … max) 
 118.59 ns ±   0.49 ns   117.85 ns … 119.16 ns  in 10 × 100000 runs
[moonbitlang/core] bench encoding/ascii/ascii_bench_test.mbt:46 ("bench ASCII decode n=16") ok
time (mean ± σ)         range (min … max) 
 122.17 ns ±   0.58 ns   121.00 ns … 123.02 ns  in 10 × 100000 runs
[moonbitlang/core] bench encoding/ascii/ascii_bench_test.mbt:52 ("bench ASCII decode n=32") ok
time (mean ± σ)         range (min … max) 
 198.62 ns ±   1.38 ns   196.37 ns … 200.14 ns  in 10 × 100000 runs
[moonbitlang/core] bench encoding/ascii/ascii_bench_test.mbt:58 ("bench ASCII decode n=64") ok
time (mean ± σ)         range (min … max) 
 371.49 ns ±   0.51 ns   370.76 ns … 372.13 ns  in 10 × 100000 runs
[moonbitlang/core] bench encoding/ascii/ascii_bench_test.mbt:64 ("bench ASCII decode n=100000") ok
time (mean ± σ)         range (min … max) 
 589.37 µs ±   7.97 µs   581.15 µs … 597.45 µs  in 10 ×    171 runs
[moonbitlang/core] bench encoding/ascii/ascii_bench_test.mbt:70 ("bench ASCII decode n=1000000") ok
time (mean ± σ)         range (min … max) 
   6.40 ms ±  33.46 µs     6.36 ms …   6.45 ms  in 10 ×     16 runs
[moonbitlang/core] bench encoding/base64/v128_bench_wbtest.mbt:38 ("bench encode scalar n=64") ok
time (mean ± σ)         range (min … max) 
 483.48 ns ±   2.66 ns   476.45 ns … 486.04 ns  in 10 × 100000 runs
[moonbitlang/core] bench encoding/base64/v128_bench_wbtest.mbt:43 ("bench encode v128 n=64") ok
time (mean ± σ)         range (min … max) 
 487.71 ns ±   1.46 ns   484.15 ns … 489.04 ns  in 10 × 100000 runs
[moonbitlang/core] bench encoding/base64/v128_bench_wbtest.mbt:48 ("bench encode scalar n=1024") ok
time (mean ± σ)         range (min … max) 
   6.94 µs ±  46.24 ns     6.85 µs …   7.00 µs  in 10 ×  14474 runs
[moonbitlang/core] bench encoding/base64/v128_bench_wbtest.mbt:53 ("bench encode v128 n=1024") ok
time (mean ± σ)         range (min … max) 
   6.90 µs ±  61.09 ns     6.82 µs …   6.97 µs  in 10 ×  14537 runs
[moonbitlang/core] bench encoding/base64/v128_bench_wbtest.mbt:58 ("bench encode scalar n=65536") ok
time (mean ± σ)         range (min … max) 
 580.46 µs ±   1.73 µs   577.16 µs … 581.63 µs  in 10 ×    174 runs
[moonbitlang/core] bench encoding/base64/v128_bench_wbtest.mbt:63 ("bench encode v128 n=65536") ok
time (mean ± σ)         range (min … max) 
 581.33 µs ±   2.42 µs   575.95 µs … 582.79 µs  in 10 ×    174 runs
[moonbitlang/core] bench encoding/base64/v128_bench_wbtest.mbt:68 ("bench decode scalar n=64") ok
time (mean ± σ)         range (min … max) 
 621.63 ns ±   2.01 ns   620.12 ns … 626.97 ns  in 10 × 100000 runs
[moonbitlang/core] bench encoding/base64/v128_bench_wbtest.mbt:75 ("bench decode v128 n=64") ok
time (mean ± σ)         range (min … max) 
 621.82 ns ±   0.80 ns   620.67 ns … 623.02 ns  in 10 × 100000 runs
[moonbitlang/core] bench encoding/base64/v128_bench_wbtest.mbt:80 ("bench decode scalar n=1024") ok
time (mean ± σ)         range (min … max) 
   9.38 µs ± 332.59 ns     9.17 µs …  10.05 µs  in 10 ×  10359 runs
[moonbitlang/core] bench encoding/base64/v128_bench_wbtest.mbt:87 ("bench decode v128 n=1024") ok
time (mean ± σ)         range (min … max) 
   9.54 µs ± 249.88 ns     9.32 µs …  10.10 µs  in 10 ×  10490 runs
[moonbitlang/core] bench encoding/base64/v128_bench_wbtest.mbt:92 ("bench decode scalar n=65536") ok
time (mean ± σ)         range (min … max) 
 753.14 µs ±   9.80 µs   744.29 µs … 767.59 µs  in 10 ×    117 runs
[moonbitlang/core] bench encoding/base64/v128_bench_wbtest.mbt:99 ("bench decode v128 n=65536") ok
time (mean ± σ)         range (min … max) 
 756.45 µs ±   9.23 µs   747.07 µs … 767.29 µs  in 10 ×    117 runs
[moonbitlang/core] bench encoding/hex/v128_bench_wbtest.mbt:34 ("bench encode scalar 4k") ok
time (mean ± σ)         range (min … max) 
  39.52 µs ± 127.77 ns    39.29 µs …  39.68 µs  in 10 ×   2574 runs
[moonbitlang/core] bench encoding/hex/v128_bench_wbtest.mbt:39 ("bench encode public 64") ok
time (mean ± σ)         range (min … max) 
 650.85 ns ±   2.13 ns   648.53 ns … 654.98 ns  in 10 × 100000 runs
[moonbitlang/core] bench encoding/hex/v128_bench_wbtest.mbt:44 ("bench encode public 4k") ok
time (mean ± σ)         range (min … max) 
  40.36 µs ± 234.38 ns    39.79 µs …  40.55 µs  in 10 ×   2576 runs
[moonbitlang/core] bench encoding/hex/v128_bench_wbtest.mbt:49 ("bench encode public 64k") ok
time (mean ± σ)         range (min … max) 
   1.06 ms ±   1.31 µs     1.05 ms …   1.06 ms  in 10 ×     96 runs
[moonbitlang/core] bench encoding/hex/v128_bench_wbtest.mbt:54 ("bench decode scalar 4k") ok
time (mean ± σ)         range (min … max) 
  41.84 µs ± 621.59 ns    41.20 µs …  43.19 µs  in 10 ×   2379 runs
[moonbitlang/core] bench encoding/hex/v128_bench_wbtest.mbt:62 ("bench decode public 4k") ok
time (mean ± σ)         range (min … max) 
  42.53 µs ± 832.79 ns    41.36 µs …  44.07 µs  in 10 ×   2414 runs
[moonbitlang/core] bench encoding/hex/v128_bench_wbtest.mbt:70 ("bench decode public 64k") ok
time (mean ± σ)         range (min … max) 
 591.26 µs ±   1.84 µs   588.97 µs … 594.91 µs  in 10 ×    169 runs
[moonbitlang/core] bench encoding/utf16/utf16_v128_bench_test.mbt:57 ("bench utf16 encode ASCII LE n=100000") ok
time (mean ± σ)         range (min … max) 
 171.84 µs ±   8.89 µs   167.88 µs … 195.27 µs  in 10 ×    424 runs
[moonbitlang/core] bench encoding/utf16/utf16_v128_bench_test.mbt:63 ("bench utf16 encode ASCII BE n=100000") ok
time (mean ± σ)         range (min … max) 
 222.23 µs ± 159.49 ns   222.03 µs … 222.51 µs  in 10 ×    451 runs
[moonbitlang/core] bench encoding/utf16/utf16_v128_bench_test.mbt:69 ("bench utf16 encode mixed LE n=100000") ok
time (mean ± σ)         range (min … max) 
 171.84 µs ±   8.84 µs   167.90 µs … 195.20 µs  in 10 ×    426 runs
[moonbitlang/core] bench encoding/utf16/utf16_v128_bench_test.mbt:75 ("bench utf16 encode mixed BE n=100000") ok
time (mean ± σ)         range (min … max) 
 222.81 µs ± 429.27 ns   221.98 µs … 223.30 µs  in 10 ×    453 runs
[moonbitlang/core] bench encoding/utf16/utf16_v128_bench_test.mbt:81 ("bench utf16 decode ASCII LE n=100000") ok
time (mean ± σ)         range (min … max) 
 766.73 µs ±   1.26 µs   765.99 µs … 770.29 µs  in 10 ×    130 runs
[moonbitlang/core] bench encoding/utf16/utf16_v128_bench_test.mbt:87 ("bench utf16 decode ASCII BE n=100000") ok
time (mean ± σ)         range (min … max) 
 795.46 µs ±   3.77 µs   786.29 µs … 798.75 µs  in 10 ×    125 runs
[moonbitlang/core] bench encoding/utf16/utf16_v128_bench_test.mbt:95 ("bench utf16 decode mixed LE n=100000") ok
time (mean ± σ)         range (min … max) 
 800.38 µs ±   5.09 µs   793.46 µs … 807.63 µs  in 10 ×    125 runs
[moonbitlang/core] bench encoding/utf16/utf16_v128_bench_test.mbt:101 ("bench utf16 decode mixed BE n=100000") ok
time (mean ± σ)         range (min … max) 
 833.56 µs ±   4.51 µs   830.35 µs … 843.17 µs  in 10 ×    120 runs
[moonbitlang/core] bench encoding/utf16/utf16_v128_bench_test.mbt:109 ("bench utf16 decode emoji LE n=100000") ok
time (mean ± σ)         range (min … max) 
 692.61 µs ± 961.44 ns   691.38 µs … 694.09 µs  in 10 ×    143 runs
[moonbitlang/core] bench encoding/utf16/utf16_v128_bench_test.mbt:115 ("bench utf16 decode emoji BE n=100000") ok
time (mean ± σ)         range (min … max) 
 756.29 µs ±   5.38 µs   744.12 µs … 760.23 µs  in 10 ×    125 runs
[moonbitlang/core] bench hashmap/hashmap_bench_test.mbt:19 ("bench HashMap::set n=50000") ok
time (mean ± σ)         range (min … max) 
   2.01 ms ±  27.07 µs     1.98 ms …   2.05 ms  in 10 ×     50 runs
[moonbitlang/core] bench hashmap/hashmap_bench_test.mbt:30 ("bench HashMap::get n=50000") ok
time (mean ± σ)         range (min … max) 
 372.36 µs ±   4.97 µs   362.95 µs … 375.40 µs  in 10 ×    266 runs
[moonbitlang/core] bench hashmap/hashmap_bench_test.mbt:47 ("bench HashMap::get miss n=50000") ok
time (mean ± σ)         range (min … max) 
 501.47 µs ±  10.15 µs   491.72 µs … 525.65 µs  in 10 ×    183 runs
[moonbitlang/core] bench hashmap/hashmap_bench_test.mbt:67 ("bench HashMap::set+remove n=50000") ok
time (mean ± σ)         range (min … max) 
   3.00 ms ±  49.01 µs     2.94 ms …   3.07 ms  in 10 ×     34 runs
[moonbitlang/core] bench hashmap/hashmap_bench_test.mbt:87 ("bench HashMap::copy+remove n=50000") ok
time (mean ± σ)         range (min … max) 
   1.48 ms ±  21.76 µs     1.45 ms …   1.51 ms  in 10 ×     69 runs
[moonbitlang/core] bench hashmap/hashmap_bench_test.mbt:102 ("bench HashMap::copy n=50000") ok
time (mean ± σ)         range (min … max) 
 996.69 µs ±  38.44 µs   962.30 µs …   1.07 ms  in 10 ×     94 runs
[moonbitlang/core] bench hashmap/hashmap_bench_test.mbt:114 ("bench HashMap::to_array Int n=50000") ok
time (mean ± σ)         range (min … max) 
 889.57 µs ±  29.84 µs   842.56 µs … 928.14 µs  in 10 ×    112 runs
[moonbitlang/core] bench hashmap/hashmap_bench_test.mbt:123 ("bench HashMap::to_array Ref n=50000") ok
time (mean ± σ)         range (min … max) 
 883.24 µs ±  25.17 µs   848.78 µs … 921.45 µs  in 10 ×    118 runs
[moonbitlang/core] bench hashmap/hashmap_bench_test.mbt:141 ("bench HashMap::filter n=50000") ok
time (mean ± σ)         range (min … max) 
   1.06 ms ±   2.33 µs     1.06 ms …   1.06 ms  in 10 ×     94 runs
[moonbitlang/core] bench hashmap/hashmap_bench_test.mbt:147 ("bench HashMap comprehension filter n=50000") ok
time (mean ± σ)         range (min … max) 
   3.54 ms ±  94.19 µs     3.39 ms …   3.69 ms  in 10 ×     28 runs
[moonbitlang/core] bench hashset/set_algebra_bench_test.mbt:26 ("bench HashSet::union String 10k 50% overlap") ok
time (mean ± σ)         range (min … max) 
 559.75 µs ±   4.22 µs   557.03 µs … 569.77 µs  in 10 ×    174 runs
[moonbitlang/core] bench hashset/set_algebra_bench_test.mbt:33 ("bench HashSet::union Int 10k 50% overlap") ok
time (mean ± σ)         range (min … max) 
 511.79 µs ±   4.46 µs   508.20 µs … 520.20 µs  in 10 ×    196 runs
[moonbitlang/core] bench hashset/set_algebra_bench_test.mbt:40 ("bench HashSet::intersection String 10k 50% overlap") ok
time (mean ± σ)         range (min … max) 
 336.53 µs ±  15.17 µs   320.24 µs … 355.70 µs  in 10 ×    278 runs
[moonbitlang/core] bench hashset/set_algebra_bench_test.mbt:47 ("bench HashSet::difference String 10k 50% overlap") ok
time (mean ± σ)         range (min … max) 
 335.10 µs ±   2.59 µs   332.64 µs … 339.24 µs  in 10 ×    295 runs
[moonbitlang/core] bench hashset/set_algebra_bench_test.mbt:54 ("bench HashSet::is_subset String 10k true") ok
time (mean ± σ)         range (min … max) 
 192.94 µs ±   4.86 µs   189.21 µs … 200.05 µs  in 10 ×    523 runs
[moonbitlang/core] bench hashset/set_algebra_bench_test.mbt:61 ("bench HashSet == String 10k") ok
time (mean ± σ)         range (min … max) 
 195.38 µs ±   3.75 µs   191.49 µs … 202.90 µs  in 10 ×    489 runs
[moonbitlang/core] bench hashset/set_algebra_bench_test.mbt:68 ("bench HashSet == Int 10k") ok
time (mean ± σ)         range (min … max) 
  77.67 µs ±  10.94 µs    67.66 µs …  94.24 µs  in 10 ×   1112 runs
[moonbitlang/core] bench hashset/hashset_bench_test.mbt:19 ("bench HashSet::add n=50000") ok
time (mean ± σ)         range (min … max) 
   2.21 ms ±  26.93 µs     2.18 ms …   2.25 ms  in 10 ×     46 runs
[moonbitlang/core] bench hashset/hashset_bench_test.mbt:30 ("bench HashSet::contains n=50000") ok
time (mean ± σ)         range (min … max) 
 967.98 µs ±   5.73 µs   957.44 µs … 972.85 µs  in 10 ×    101 runs
[moonbitlang/core] bench hashset/hashset_bench_test.mbt:56 ("bench HashSet::filter n=50000") ok
time (mean ± σ)         range (min … max) 
 429.22 µs ±   1.84 µs   426.76 µs … 432.20 µs  in 10 ×    232 runs
[moonbitlang/core] bench hashset/hashset_bench_test.mbt:62 ("bench HashSet comprehension filter n=50000") ok
time (mean ± σ)         range (min … max) 
   1.31 ms ±   2.15 µs     1.31 ms …   1.31 ms  in 10 ×     76 runs
[moonbitlang/core] bench immut/hashmap/update_bench_test.mbt:21 ("bench HashMap::remove absent x1000 n=100000") ok
time (mean ± σ)         range (min … max) 
  41.59 µs ±  26.11 ns    41.53 µs …  41.63 µs  in 10 ×   2407 runs
[moonbitlang/core] bench immut/hashmap/update_bench_test.mbt:32 ("bench HashMap::remove present x1000 n=100000") ok
time (mean ± σ)         range (min … max) 
 194.40 µs ± 413.64 ns   193.94 µs … 195.20 µs  in 10 ×    515 runs
[moonbitlang/core] bench immut/hashmap/update_bench_test.mbt:43 ("bench HashMap::union with a derived version n=100000") ok
time (mean ± σ)         range (min … max) 
 977.64 ns ±   3.55 ns   972.79 ns … 981.69 ns  in 10 × 100000 runs
[moonbitlang/core] bench immut/hashmap/update_bench_test.mbt:49 ("bench HashMap::intersection with a derived version n=100000") ok
time (mean ± σ)         range (min … max) 
 906.33 ns ±   4.41 ns   899.88 ns … 912.57 ns  in 10 × 100000 runs
[moonbitlang/core] bench immut/hashmap/hashmap_build_bench_test.mbt:37 ("bench HashMap constructor ordered n=10000") ok
time (mean ± σ)         range (min … max) 
   1.26 ms ±   8.10 µs     1.25 ms …   1.28 ms  in 10 ×     79 runs
[moonbitlang/core] bench immut/hashmap/hashmap_build_bench_test.mbt:43 ("bench HashMap constructor random n=10000") ok
time (mean ± σ)         range (min … max) 
   1.26 ms ±  11.33 µs     1.25 ms …   1.29 ms  in 10 ×     79 runs
[moonbitlang/core] bench immut/hashmap/hashmap_build_bench_test.mbt:49 ("bench HashMap::from_iter random n=10000") ok
time (mean ± σ)         range (min … max) 
   1.29 ms ±   8.91 µs     1.29 ms …   1.32 ms  in 10 ×     78 runs
[moonbitlang/core] bench immut/hashset/update_bench_test.mbt:21 ("bench HashSet::add existing x1000 n=100000") ok
time (mean ± σ)         range (min … max) 
  50.09 µs ± 261.10 ns    49.43 µs …  50.25 µs  in 10 ×   2030 runs
[moonbitlang/core] bench immut/hashset/update_bench_test.mbt:32 ("bench HashSet::remove absent x1000 n=100000") ok
time (mean ± σ)         range (min … max) 
  41.42 µs ±  40.86 ns    41.37 µs …  41.49 µs  in 10 ×   2356 runs
[moonbitlang/core] bench immut/hashset/update_bench_test.mbt:43 ("bench HashSet::add new x1000 n=100000") ok
time (mean ± σ)         range (min … max) 
 196.09 µs ±   4.61 µs   191.36 µs … 203.64 µs  in 10 ×    519 runs
[moonbitlang/core] bench immut/hashset/update_bench_test.mbt:54 ("bench HashSet::union with a derived version n=100000") ok
time (mean ± σ)         range (min … max) 
 745.58 ns ±   2.73 ns   740.83 ns … 749.38 ns  in 10 × 100000 runs
[moonbitlang/core] bench immut/hashset/hashset_build_bench_test.mbt:34 ("bench HashSet constructor ordered n=10000") ok
time (mean ± σ)         range (min … max) 
   1.23 ms ±  10.95 µs     1.22 ms …   1.26 ms  in 10 ×     81 runs
[moonbitlang/core] bench immut/hashset/hashset_build_bench_test.mbt:40 ("bench HashSet constructor random n=10000") ok
time (mean ± σ)         range (min … max) 
   1.23 ms ±   9.62 µs     1.23 ms …   1.26 ms  in 10 ×     81 runs
[moonbitlang/core] bench immut/hashset/hashset_build_bench_test.mbt:46 ("bench HashSet::from_iter random n=10000") ok
time (mean ± σ)         range (min … max) 
   1.28 ms ±   9.56 µs     1.27 ms …   1.31 ms  in 10 ×     79 runs
[moonbitlang/core] bench immut/priority_queue/priority_queue_build_bench_test.mbt:38 ("bench PriorityQueue::from_array ordered n=10000") ok
time (mean ± σ)         range (min … max) 
  95.17 µs ±   1.54 µs    94.13 µs …  99.38 µs  in 10 ×    965 runs
[moonbitlang/core] bench immut/priority_queue/priority_queue_build_bench_test.mbt:44 ("bench PriorityQueue::from_array reverse n=10000") ok
time (mean ± σ)         range (min … max) 
  76.77 µs ± 290.58 ns    76.30 µs …  77.13 µs  in 10 ×   1231 runs
[moonbitlang/core] bench immut/priority_queue/priority_queue_build_bench_test.mbt:50 ("bench PriorityQueue::from_array random n=10000") ok
time (mean ± σ)         range (min … max) 
  92.83 µs ±   1.43 µs    91.91 µs …  96.76 µs  in 10 ×   1001 runs
[moonbitlang/core] bench immut/priority_queue/priority_queue_build_bench_test.mbt:56 ("bench PriorityQueue::from_iter random n=10000") ok
time (mean ± σ)         range (min … max) 
 105.81 µs ± 919.78 ns   104.94 µs … 108.22 µs  in 10 ×    918 runs
[moonbitlang/core] bench immut/sorted_map/sorted_map_build_bench_test.mbt:54 ("bench SortedMap constructor reverse n=10000") ok
time (mean ± σ)         range (min … max) 
 127.10 µs ± 972.80 ns   126.30 µs … 128.72 µs  in 10 ×    785 runs
[moonbitlang/core] bench immut/sorted_map/sorted_map_build_bench_test.mbt:60 ("bench SortedMap::from_iter ordered n=10000") ok
time (mean ± σ)         range (min … max) 
   3.81 ms ±  19.61 µs     3.78 ms …   3.83 ms  in 10 ×     27 runs
[moonbitlang/core] bench immut/sorted_map/sorted_map_build_bench_test.mbt:66 ("bench SortedMap::from_iter almost ordered n=10000") ok
time (mean ± σ)         range (min … max) 
   3.84 ms ±  25.02 µs     3.81 ms …   3.87 ms  in 10 ×     27 runs
[moonbitlang/core] bench immut/sorted_map/sorted_map_build_bench_test.mbt:72 ("bench SortedMap::from_iter random n=10000") ok
time (mean ± σ)         range (min … max) 
   1.83 ms ±   7.01 µs     1.82 ms …   1.84 ms  in 10 ×     56 runs
[moonbitlang/core] bench immut/sorted_map/sorted_map_build_bench_test.mbt:78 ("bench SortedMap constructor ordered n=10000") ok
time (mean ± σ)         range (min … max) 
 128.46 µs ± 733.52 ns   127.34 µs … 129.50 µs  in 10 ×    775 runs
[moonbitlang/core] bench immut/sorted_map/sorted_map_build_bench_test.mbt:84 ("bench SortedMap constructor almost ordered n=10000") ok
time (mean ± σ)         range (min … max) 
 254.60 µs ± 984.32 ns   253.41 µs … 256.60 µs  in 10 ×    392 runs
[moonbitlang/core] bench immut/sorted_map/sorted_map_build_bench_test.mbt:90 ("bench SortedMap constructor random n=10000") ok
time (mean ± σ)         range (min … max) 
 831.05 µs ±   3.85 µs   827.43 µs … 838.69 µs  in 10 ×    119 runs
[moonbitlang/core] bench immut/sorted_map/merge_bench_test.mbt:29 ("bench merge disjoint n=1000") ok
time (mean ± σ)         range (min … max) 
   3.61 µs ±  13.59 ns     3.59 µs …   3.63 µs  in 10 ×  27369 runs
[moonbitlang/core] bench immut/sorted_map/merge_bench_test.mbt:36 ("bench merge disjoint n=5000") ok
time (mean ± σ)         range (min … max) 
   5.34 µs ±  53.95 ns     5.27 µs …   5.44 µs  in 10 ×  18605 runs
[moonbitlang/core] bench immut/sorted_map/merge_bench_test.mbt:43 ("bench merge disjoint n=10000") ok
time (mean ± σ)         range (min … max) 
   6.42 µs ±  52.84 ns     6.35 µs …   6.51 µs  in 10 ×  15662 runs
[moonbitlang/core] bench immut/sorted_map/merge_bench_test.mbt:50 ("bench merge overlapping 50% n=1000") ok
time (mean ± σ)         range (min … max) 
  10.01 µs ±  23.30 ns     9.98 µs …  10.05 µs  in 10 ×   9876 runs
[moonbitlang/core] bench immut/sorted_map/merge_bench_test.mbt:57 ("bench merge overlapping 50% n=5000") ok
time (mean ± σ)         range (min … max) 
  48.45 µs ± 110.56 ns    48.34 µs …  48.68 µs  in 10 ×   2058 runs
[moonbitlang/core] bench immut/sorted_map/merge_bench_test.mbt:64 ("bench merge overlapping 50% n=10000") ok
time (mean ± σ)         range (min … max) 
 101.29 µs ± 395.88 ns   100.60 µs … 101.94 µs  in 10 ×    993 runs
[moonbitlang/core] bench immut/sorted_map/merge_bench_test.mbt:71 ("bench merge identical n=1000") ok
time (mean ± σ)         range (min … max) 
  10.65 µs ±  18.49 ns    10.63 µs …  10.68 µs  in 10 ×   9391 runs
[moonbitlang/core] bench immut/sorted_map/merge_bench_test.mbt:78 ("bench merge identical n=5000") ok
time (mean ± σ)         range (min … max) 
  52.62 µs ± 401.29 ns    52.04 µs …  53.19 µs  in 10 ×   1895 runs
[moonbitlang/core] bench immut/sorted_map/merge_bench_test.mbt:85 ("bench merge interleaved n=1000") ok
time (mean ± σ)         range (min … max) 
  51.57 µs ± 125.06 ns    51.41 µs …  51.79 µs  in 10 ×   1936 runs
[moonbitlang/core] bench immut/sorted_map/merge_bench_test.mbt:92 ("bench merge interleaved n=5000") ok
time (mean ± σ)         range (min … max) 
 290.80 µs ±   1.27 µs   289.45 µs … 292.95 µs  in 10 ×    347 runs
[moonbitlang/core] bench immut/sorted_map/merge_bench_test.mbt:99 ("bench merge small into large n=100+10000") ok
time (mean ± σ)         range (min … max) 
   4.80 µs ±  40.32 ns     4.74 µs …   4.84 µs  in 10 ×  20900 runs
[moonbitlang/core] bench immut/sorted_set/sorted_set_build_bench_test.mbt:51 ("bench SortedSet constructor reverse n=10000") ok
time (mean ± σ)         range (min … max) 
 110.85 µs ± 569.80 ns   110.27 µs … 112.00 µs  in 10 ×    897 runs
[moonbitlang/core] bench immut/sorted_set/sorted_set_build_bench_test.mbt:57 ("bench SortedSet::from_iter ordered n=10000") ok
time (mean ± σ)         range (min … max) 
   2.90 ms ±  23.99 µs     2.87 ms …   2.93 ms  in 10 ×     35 runs
[moonbitlang/core] bench immut/sorted_set/sorted_set_build_bench_test.mbt:63 ("bench SortedSet::from_iter almost ordered n=10000") ok
time (mean ± σ)         range (min … max) 
   2.91 ms ±  22.48 µs     2.87 ms …   2.93 ms  in 10 ×     35 runs
[moonbitlang/core] bench immut/sorted_set/sorted_set_build_bench_test.mbt:69 ("bench SortedSet::from_iter rev almost ordered n=10000") ok
time (mean ± σ)         range (min … max) 
   3.20 ms ±  24.86 µs     3.16 ms …   3.24 ms  in 10 ×     32 runs
[moonbitlang/core] bench immut/sorted_set/sorted_set_build_bench_test.mbt:75 ("bench SortedSet::from_iter random n=10000") ok
time (mean ± σ)         range (min … max) 
   1.69 ms ±  10.23 µs     1.68 ms …   1.70 ms  in 10 ×     61 runs
[moonbitlang/core] bench immut/sorted_set/sorted_set_build_bench_test.mbt:81 ("bench SortedSet constructor ordered n=10000") ok
time (mean ± σ)         range (min … max) 
 113.41 µs ± 752.40 ns   112.69 µs … 114.91 µs  in 10 ×    874 runs
[moonbitlang/core] bench immut/sorted_set/sorted_set_build_bench_test.mbt:87 ("bench SortedSet constructor almost ordered n=10000") ok
time (mean ± σ)         range (min … max) 
 172.79 µs ± 913.30 ns   171.29 µs … 174.26 µs  in 10 ×    577 runs
[moonbitlang/core] bench immut/sorted_set/sorted_set_build_bench_test.mbt:93 ("bench SortedSet constructor random n=10000") ok
time (mean ± σ)         range (min … max) 
 495.37 µs ± 451.76 ns   494.91 µs … 496.22 µs  in 10 ×    198 runs
[moonbitlang/core] bench immut/vector/vector_iter_bench_test.mbt:24 ("bench Vector::iter fold n=100000") ok
time (mean ± σ)         range (min … max) 
 619.63 µs ±   5.94 µs   611.82 µs … 627.49 µs  in 10 ×    160 runs
[moonbitlang/core] bench immut/vector/vector_iter_bench_test.mbt:30 ("bench Vector::iter each n=100000") ok
time (mean ± σ)         range (min … max) 
 621.77 µs ±   3.22 µs   616.99 µs … 626.02 µs  in 10 ×    160 runs
[moonbitlang/core] bench immut/vector/vector_iter_bench_test.mbt:40 ("bench Vector::iter to_array n=100000") ok
time (mean ± σ)         range (min … max) 
   1.34 ms ± 153.36 µs     1.08 ms …   1.44 ms  in 10 ×     92 runs
[moonbitlang/core] bench immut/vector/vector_iter_bench_test.mbt:46 ("bench Vector::for-in n=100000") ok
time (mean ± σ)         range (min … max) 
 622.42 µs ±   3.98 µs   613.74 µs … 626.80 µs  in 10 ×    161 runs
[moonbitlang/core] bench immut/vector/vector_contains_bench_test.mbt:24 ("bench Vector::contains missing n=100000") ok
time (mean ± σ)         range (min … max) 
  82.24 µs ±  60.32 ns    82.18 µs …  82.38 µs  in 10 ×   1217 runs
[moonbitlang/core] bench immut/vector/vector_contains_bench_test.mbt:30 ("bench Vector::contains tree-end n=100000") ok
time (mean ± σ)         range (min … max) 
  83.30 µs ± 119.46 ns    83.15 µs …  83.50 µs  in 10 ×   1198 runs
[moonbitlang/core] bench immut/vector/vector_contains_bench_test.mbt:36 ("bench Vector::contains tail-end n=100000") ok
time (mean ± σ)         range (min … max) 
  84.22 µs ± 166.76 ns    84.08 µs …  84.54 µs  in 10 ×   1192 runs
[moonbitlang/core] bench internal/strconv/parse_double_bench_test.mbt:48 ("bench parse_double fast digits n=4096") ok
time (mean ± σ)         range (min … max) 
 621.36 µs ±   1.01 µs   619.36 µs … 622.60 µs  in 10 ×    158 runs
[moonbitlang/core] bench internal/strconv/parse_double_bench_test.mbt:55 ("bench parse_double underscores n=4096") ok
time (mean ± σ)         range (min … max) 
 940.94 µs ±   3.51 µs   936.37 µs … 947.95 µs  in 10 ×     97 runs
[moonbitlang/core] bench internal/strconv/parse_double_bench_test.mbt:62 ("bench parse_double long mantissa n=4096") ok
time (mean ± σ)         range (min … max) 
   2.42 ms ±   5.39 µs     2.41 ms …   2.42 ms  in 10 ×     41 runs
[moonbitlang/core] bench json/stringify_indent_bench_test.mbt:45 ("bench Json::stringify deep wide indent=2 n=10000") ok
time (mean ± σ)         range (min … max) 
 247.87 µs ± 434.32 ns   247.18 µs … 248.44 µs  in 10 ×    407 runs
[moonbitlang/core] bench json/stringify_indent_bench_test.mbt:54 ("bench Json::stringify compact n=10000") ok
time (mean ± σ)         range (min … max) 
 179.42 µs ± 276.50 ns   178.93 µs … 179.75 µs  in 10 ×    560 runs
[moonbitlang/core] bench json/stringify_indent_bench_test.mbt:60 ("bench Json::stringify shallow wide indent=2 n=500") ok
time (mean ± σ)         range (min … max) 
 253.98 µs ±   4.82 µs   249.08 µs … 259.86 µs  in 10 ×    383 runs
[moonbitlang/core] bench json/stringify_indent_bench_test.mbt:66 ("bench Json::stringify shallow wide compact n=500") ok
time (mean ± σ)         range (min … max) 
 200.03 µs ± 494.55 ns   199.27 µs … 200.62 µs  in 10 ×    499 runs
[moonbitlang/core] bench json/stringify_escape_bench_test.mbt:24 ("bench Json::stringify strings no escape n=2048") ok
time (mean ± σ)         range (min … max) 
 158.08 µs ± 803.92 ns   157.55 µs … 159.85 µs  in 10 ×    620 runs
[moonbitlang/core] bench json/stringify_escape_bench_test.mbt:30 ("bench Json::stringify strings slash no escape n=2048") ok
time (mean ± σ)         range (min … max) 
 157.63 µs ± 124.87 ns   157.49 µs … 157.87 µs  in 10 ×    631 runs
[moonbitlang/core] bench json/stringify_escape_bench_test.mbt:36 ("bench Json::stringify strings slash escaped n=2048") ok
time (mean ± σ)         range (min … max) 
 416.49 µs ±   1.18 µs   414.05 µs … 418.14 µs  in 10 ×    241 runs
[moonbitlang/core] bench json/stringify_escape_bench_test.mbt:42 ("bench Json::stringify strings quotes controls n=2048") ok
time (mean ± σ)         range (min … max) 
 353.46 µs ± 427.14 ns   352.99 µs … 354.34 µs  in 10 ×    283 runs
[moonbitlang/core] bench json/stringify_escape_bench_test.mbt:48 ("bench Json::stringify 2KB prose one newline n=64") ok
time (mean ± σ)         range (min … max) 
 285.36 µs ± 120.78 ns   285.20 µs … 285.53 µs  in 10 ×    350 runs
[moonbitlang/core] bench json/parse_bench_test.mbt:45 ("bench json parse mixed object array n=1000") ok
time (mean ± σ)         range (min … max) 
   1.48 ms ±   3.20 µs     1.47 ms …   1.48 ms  in 10 ×     68 runs
[moonbitlang/core] bench json/number_bench_test.mbt:64 ("bench json parse int array n=10000") ok
time (mean ± σ)         range (min … max) 
   1.07 ms ±   8.86 µs     1.05 ms …   1.08 ms  in 10 ×     93 runs
[moonbitlang/core] bench json/number_bench_test.mbt:70 ("bench json parse float array n=10000") ok
time (mean ± σ)         range (min … max) 
   2.02 ms ±  72.88 µs     1.94 ms …   2.14 ms  in 10 ×     51 runs
[moonbitlang/core] bench json/number_bench_test.mbt:76 ("bench json parse long mantissa array n=10000") ok
time (mean ± σ)         range (min … max) 
   6.87 ms ± 231.22 µs     6.73 ms …   7.34 ms  in 10 ×     15 runs
[moonbitlang/core] bench json/lex_string_bench_test.mbt:43 ("bench json parse object with short keys n=1000") ok
time (mean ± σ)         range (min … max) 
 118.61 µs ± 488.22 ns   118.09 µs … 119.50 µs  in 10 ×    836 runs
[moonbitlang/core] bench json/lex_string_bench_test.mbt:59 ("bench json parse strings len=20 n=1000") ok
time (mean ± σ)         range (min … max) 
  57.90 µs ± 196.46 ns    57.70 µs …  58.24 µs  in 10 ×   1690 runs
[moonbitlang/core] bench json/lex_string_bench_test.mbt:67 ("bench json parse strings len=64 n=1000") ok
time (mean ± σ)         range (min … max) 
 130.21 µs ± 458.68 ns   129.88 µs … 131.42 µs  in 10 ×    763 runs
[moonbitlang/core] bench json/lex_string_bench_test.mbt:73 ("bench json parse strings len=1024 n=64") ok
time (mean ± σ)         range (min … max) 
 108.41 µs ± 165.45 ns   108.28 µs … 108.77 µs  in 10 ×    913 runs
[moonbitlang/core] bench json/lex_string_bench_test.mbt:79 ("bench json parse single string len=65536") ok
time (mean ± σ)         range (min … max) 
 117.87 µs ±  23.88 µs   106.60 µs … 174.72 µs  in 10 ×    511 runs
[moonbitlang/core] bench json/lex_string_bench_test.mbt:85 ("bench json parse strings len=1040 escape every 100 n=64") ok
time (mean ± σ)         range (min … max) 
 146.33 µs ± 390.73 ns   145.69 µs … 146.91 µs  in 10 ×    684 runs
[moonbitlang/core] bench json/lex_string_bench_test.mbt:100 ("bench json parse strings dense escapes n=1000") ok
time (mean ± σ)         range (min … max) 
 562.93 µs ±   2.67 µs   559.58 µs … 567.97 µs  in 10 ×    180 runs
[moonbitlang/core] bench json/json_inspect_bench_test.mbt:16 ("bench json_inspect passing Int") ok
time (mean ± σ)         range (min … max) 
  24.32 ns ±   0.43 ns    23.87 ns …  24.95 ns  in 10 × 100000 runs
[moonbitlang/core] bench json/from_json_bench_test.mbt:31 ("bench from_json Array[Array[Int]] 500x50") ok
time (mean ± σ)         range (min … max) 
 233.50 µs ± 706.84 ns   232.39 µs … 234.66 µs  in 10 ×    429 runs
[moonbitlang/core] bench json/from_json_bench_test.mbt:41 ("bench from_json Array[Double] n=10000") ok
time (mean ± σ)         range (min … max) 
  36.54 µs ±  63.08 ns    36.50 µs …  36.72 µs  in 10 ×   2728 runs
[moonbitlang/core] bench json/from_json_bench_test.mbt:51 ("bench from_json Map[String, Int] n=1000") ok
time (mean ± σ)         range (min … max) 
  51.80 µs ± 147.12 ns    51.66 µs …  52.16 µs  in 10 ×   1885 runs
[moonbitlang/core] bench lazy_list/concat_bench_test.mbt:40 ("bench LazyList build and traverse n=2048") ok
time (mean ± σ)         range (min … max) 
  64.74 µs ± 408.90 ns    64.20 µs …  65.24 µs  in 10 ×   1556 runs
[moonbitlang/core] bench lazy_list/concat_bench_test.mbt:49 ("bench LazyList re-traverse a forced list n=2048") ok
time (mean ± σ)         range (min … max) 
  33.04 µs ±  55.89 ns    32.96 µs …  33.13 µs  in 10 ×   3062 runs
[moonbitlang/core] bench lazy_list/concat_bench_test.mbt:57 ("bench LazyList left-nested concat, build only n=2048") ok
time (mean ± σ)         range (min … max) 
  74.25 µs ± 213.30 ns    73.89 µs …  74.48 µs  in 10 ×   1330 runs
[moonbitlang/core] bench lazy_list/concat_bench_test.mbt:62 ("bench LazyList left-nested concat, build and traverse n=2048") ok
time (mean ± σ)         range (min … max) 
 263.10 µs ±   1.09 µs   262.02 µs … 265.85 µs  in 10 ×    382 runs
[moonbitlang/core] bench lazy_list/concat_bench_test.mbt:69 ("bench LazyList concat while consuming n=2048") ok
time (mean ± σ)         range (min … max) 
 161.80 µs ± 253.22 ns   161.49 µs … 162.31 µs  in 10 ×    618 runs
[moonbitlang/core] bench lexbuf/lexbuf_bench_test.mbt:47 ("bench Lexbuf retained token chunks=10000 size=1") ok
time (mean ± σ)         range (min … max) 
 524.04 µs ±   1.91 µs   520.61 µs … 526.29 µs  in 10 ×    192 runs
[moonbitlang/core] bench lexbuf/lexbuf_bench_test.mbt:52 ("bench Lexbuf retained token chunks=1250 size=8") ok
time (mean ± σ)         range (min … max) 
  97.88 µs ± 642.57 ns    96.54 µs …  98.53 µs  in 10 ×    965 runs
[moonbitlang/core] bench lexbuf/lexbuf_bench_test.mbt:57 ("bench Lexbuf retained token chunks=157 size=64") ok
time (mean ± σ)         range (min … max) 
  59.46 µs ± 324.90 ns    58.77 µs …  59.82 µs  in 10 ×   1707 runs
[moonbitlang/core] bench lexbuf/lexbuf_bench_test.mbt:62 ("bench Lexbuf retained token chunks=20 size=512") ok
time (mean ± σ)         range (min … max) 
  48.57 µs ± 227.76 ns    48.34 µs …  49.10 µs  in 10 ×   2059 runs
[moonbitlang/core] bench quickcheck/shrink_collection_bench_test.mbt:16 ("bench shrink Array first candidate size=10000") ok
time (mean ± σ)         range (min … max) 
 138.90 ns ±   0.73 ns   137.98 ns … 139.95 ns  in 10 × 100000 runs
[moonbitlang/core] bench quickcheck/shrink_collection_bench_test.mbt:22 ("bench shrink List first candidate size=10000") ok
time (mean ± σ)         range (min … max) 
  78.09 µs ±  87.81 ns    77.96 µs …  78.31 µs  in 10 ×   1271 runs
[moonbitlang/core] bench quickcheck/generator_bench_test.mbt:16 ("bench Generator::zip_with n=1000000") ok
time (mean ± σ)         range (min … max) 
 258.56 ms ±   1.23 ms   255.76 ms … 259.92 ms  in 10 ×      1 runs
[moonbitlang/core] bench quickcheck/arbitrary_string_bench_test.mbt:16 ("bench Arbitrary String size=10000 count=100") ok
time (mean ± σ)         range (min … max) 
  59.73 ms ± 252.51 µs    59.10 ms …  59.99 ms  in 10 ×      2 runs
[moonbitlang/core] bench random/random_test.mbt:409 ("bench random") ok
time (mean ± σ)         range (min … max) 
 234.26 ms ± 668.64 µs   232.43 ms … 234.71 ms  in 10 ×      1 runs
[moonbitlang/core] bench set/set_algebra_bench_test.mbt:26 ("bench Set::union String 10k 50% overlap") ok
time (mean ± σ)         range (min … max) 
 663.57 µs ±   6.12 µs   656.58 µs … 672.64 µs  in 10 ×    152 runs
[moonbitlang/core] bench set/set_algebra_bench_test.mbt:33 ("bench Set::union Int 10k 50% overlap") ok
time (mean ± σ)         range (min … max) 
 621.71 µs ±   8.80 µs   611.66 µs … 637.27 µs  in 10 ×    164 runs
[moonbitlang/core] bench set/set_algebra_bench_test.mbt:40 ("bench Set::intersection String 10k 50% overlap") ok
time (mean ± σ)         range (min … max) 
 314.91 µs ±   2.32 µs   311.63 µs … 319.48 µs  in 10 ×    307 runs
[moonbitlang/core] bench set/set_algebra_bench_test.mbt:47 ("bench Set::difference String 10k 50% overlap") ok
time (mean ± σ)         range (min … max) 
 333.39 µs ±  15.78 µs   319.78 µs … 356.63 µs  in 10 ×    277 runs
[moonbitlang/core] bench set/set_algebra_bench_test.mbt:54 ("bench Set::is_subset String 10k true") ok
time (mean ± σ)         range (min … max) 
 161.57 µs ±   4.40 µs   155.00 µs … 164.86 µs  in 10 ×    606 runs
[moonbitlang/core] bench set/set_algebra_bench_test.mbt:61 ("bench Set == String 10k") ok
time (mean ± σ)         range (min … max) 
 164.96 µs ±   3.82 µs   159.33 µs … 167.73 µs  in 10 ×    590 runs
[moonbitlang/core] bench set/set_algebra_bench_test.mbt:68 ("bench Set == Int 10k") ok
time (mean ± σ)         range (min … max) 
 105.94 µs ±   5.55 µs    97.15 µs … 110.52 µs  in 10 ×   1127 runs
[moonbitlang/core] bench set/linked_hash_set_bench_test.mbt:19 ("bench Set::add n=50000") ok
time (mean ± σ)         range (min … max) 
   3.18 ms ±  56.02 µs     3.11 ms …   3.25 ms  in 10 ×     32 runs
[moonbitlang/core] bench set/linked_hash_set_bench_test.mbt:30 ("bench Set::contains n=50000") ok
time (mean ± σ)         range (min … max) 
 943.53 µs ±   9.77 µs   936.46 µs … 959.96 µs  in 10 ×    107 runs
[moonbitlang/core] bench set/linked_hash_set_bench_test.mbt:47 ("bench Set::contains miss n=50000") ok
time (mean ± σ)         range (min … max) 
   1.03 ms ±   3.54 µs     1.02 ms …   1.03 ms  in 10 ×     96 runs
[moonbitlang/core] bench set/linked_hash_set_bench_test.mbt:67 ("bench Set::add+remove n=50000") ok
time (mean ± σ)         range (min … max) 
   4.09 ms ±  31.64 µs     4.06 ms …   4.14 ms  in 10 ×     25 runs
[moonbitlang/core] bench set/linked_hash_set_bench_test.mbt:86 ("bench Set::filter n=50000") ok
time (mean ± σ)         range (min … max) 
 448.41 µs ± 760.87 ns   447.44 µs … 449.89 µs  in 10 ×    223 runs
[moonbitlang/core] bench set/linked_hash_set_bench_test.mbt:92 ("bench Set comprehension filter n=50000") ok
time (mean ± σ)         range (min … max) 
   1.25 ms ±   1.35 µs     1.25 ms …   1.25 ms  in 10 ×     80 runs
[moonbitlang/core] bench sorted_set/sorted_set_bench_test.mbt:22 ("bench SortedSet::to_array Int n=50000") ok
time (mean ± σ)         range (min … max) 
 365.03 µs ±   1.25 µs   363.78 µs … 368.38 µs  in 10 ×    274 runs
[moonbitlang/core] bench sorted_set/sorted_set_bench_test.mbt:30 ("bench SortedSet::to_array Ref n=50000") ok
time (mean ± σ)         range (min … max) 
 355.53 µs ± 962.54 ns   353.40 µs … 356.82 µs  in 10 ×    278 runs
[moonbitlang/core] bench string/regex_bench_test.mbt:16 ("bench regex /aa?b/ on 1MB string") ok
time (mean ± σ)         range (min … max) 
   5.73 ms ±   7.99 µs     5.71 ms …   5.74 ms  in 10 ×     18 runs
[moonbitlang/core] bench string/regex_bench_test.mbt:23 ("bench regex phone lines") ok
time (mean ± σ)         range (min … max) 
   4.08 µs ±  27.34 ns     4.02 µs …   4.11 µs  in 10 ×  24361 runs
[moonbitlang/core] bench string/regex_bench_test.mbt:43 ("bench regex large pattern") ok
time (mean ± σ)         range (min … max) 
   3.64 ms ±   2.26 µs     3.64 ms …   3.65 ms  in 10 ×     28 runs
[moonbitlang/core] bench v128/v128_bench_test.mbt:32 ("bench V128 i64x2_add n=10000") ok
time (mean ± σ)         range (min … max) 
 417.33 µs ±   1.12 µs   414.59 µs … 418.31 µs  in 10 ×    238 runs
[moonbitlang/core] bench v128/v128_bench_test.mbt:44 ("bench V128 i32x4_add n=10000") ok
time (mean ± σ)         range (min … max) 
   2.56 ms ±  13.20 µs     2.53 ms …   2.57 ms  in 10 ×     39 runs
[moonbitlang/core] bench v128/v128_bench_test.mbt:56 ("bench V128 i8x16_add n=10000") ok
time (mean ± σ)         range (min … max) 
  11.89 ms ±  90.40 µs    11.73 ms …  11.97 ms  in 10 ×      9 runs
[moonbitlang/core] bench v128/v128_bench_test.mbt:68 ("bench V128 i8x16_splat n=10000") ok
time (mean ± σ)         range (min … max) 
  13.60 ms ± 188.08 µs    13.39 ms …  14.04 ms  in 10 ×      8 runs
[moonbitlang/core] bench v128/v128_bench_test.mbt:79 ("bench V128 i8x16_extract_lane_u n=10000") ok
time (mean ± σ)         range (min … max) 
 248.04 µs ±   6.86 µs   240.71 µs … 259.90 µs  in 10 ×    373 runs
[moonbitlang/core] bench v128/v128_bench_test.mbt:93 ("bench V128 i8x16_replace_lane n=10000") ok
time (mean ± σ)         range (min … max) 
 674.42 µs ±  11.20 µs   665.64 µs … 692.11 µs  in 10 ×    146 runs
[moonbitlang/core] bench v128/v128_bench_test.mbt:108 ("bench V128 i8x16_bitmask n=10000") ok
time (mean ± σ)         range (min … max) 
   4.20 ms ±   7.34 µs     4.19 ms …   4.22 ms  in 10 ×     24 runs
[moonbitlang/core] bench v128/v128_bench_test.mbt:120 ("bench V128 load/store n=10000") ok
time (mean ± σ)         range (min … max) 
   5.35 ms ±  67.46 µs     5.23 ms …   5.42 ms  in 10 ×     19 runs
[moonbitlang/core] bench v128/v128_bench_test.mbt:135 ("bench V128 load8x8_u n=10000") ok
time (mean ± σ)         range (min … max) 
   2.31 ms ±  52.80 µs     2.25 ms …   2.38 ms  in 10 ×     42 runs
[moonbitlang/core] bench v128/v128_bench_test.mbt:147 ("bench V128 load8x8_s n=10000") ok
time (mean ± σ)         range (min … max) 
   2.39 ms ±  49.19 µs     2.34 ms …   2.45 ms  in 10 ×     41 runs
[moonbitlang/core] bench v128/v128_bench_test.mbt:159 ("bench V128 load16x4_u n=10000") ok
time (mean ± σ)         range (min … max) 
   1.83 ms ±  30.33 µs     1.80 ms …   1.86 ms  in 10 ×     53 runs
[moonbitlang/core] bench v128/v128_bench_test.mbt:171 ("bench V128 load16x4_s n=10000") ok
time (mean ± σ)         range (min … max) 
   1.87 ms ±  41.41 µs     1.82 ms …   1.91 ms  in 10 ×     53 runs
[moonbitlang/core] bench v128/v128_bench_test.mbt:183 ("bench V128 load32x2_u n=10000") ok
time (mean ± σ)         range (min … max) 
   1.64 ms ±  38.06 µs     1.59 ms …   1.68 ms  in 10 ×     60 runs
[moonbitlang/core] bench v128/v128_bench_test.mbt:195 ("bench V128 load32x2_s n=10000") ok
time (mean ± σ)         range (min … max) 
   1.64 ms ±  29.29 µs     1.61 ms …   1.68 ms  in 10 ×     59 runs
[moonbitlang/core] bench v128/v128_bench_test.mbt:207 ("bench V128 load_splat n=10000") ok
time (mean ± σ)         range (min … max) 
   7.58 ms ± 128.38 µs     7.39 ms …   7.69 ms  in 10 ×     14 runs
[moonbitlang/core] bench v128/v128_bench_test.mbt:223 ("bench V128 load8_lane n=10000") ok
time (mean ± σ)         range (min … max) 
 684.10 µs ±  11.04 µs   675.75 µs … 700.48 µs  in 10 ×    143 runs
[moonbitlang/core] bench v128/v128_bench_test.mbt:235 ("bench V128 load16_lane n=10000") ok
time (mean ± σ)         range (min … max) 
 687.41 µs ±  10.61 µs   679.32 µs … 703.57 µs  in 10 ×    143 runs
[moonbitlang/core] bench v128/v128_bench_test.mbt:247 ("bench V128 load32_lane n=10000") ok
time (mean ± σ)         range (min … max) 
 682.38 µs ±   9.67 µs   674.20 µs … 695.41 µs  in 10 ×    145 runs
[moonbitlang/core] bench v128/v128_bench_test.mbt:259 ("bench V128 load64_lane n=10000") ok
time (mean ± σ)         range (min … max) 
   1.10 ms ±  24.10 µs     1.08 ms …   1.13 ms  in 10 ×     89 runs
[moonbitlang/core] bench v128/v128_bench_test.mbt:271 ("bench V128 extend i8x16 to i16x8 n=10000") ok
time (mean ± σ)         range (min … max) 
   9.50 ms ±  56.71 µs     9.37 ms …   9.56 ms  in 10 ×     11 runs
[moonbitlang/core] bench v128/v128_bench_test.mbt:285 ("bench V128 extend i16x8 to i32x4 n=10000") ok
time (mean ± σ)         range (min … max) 
   3.91 ms ±  23.41 µs     3.87 ms …   3.93 ms  in 10 ×     26 runs
[moonbitlang/core] bench v128/v128_bench_test.mbt:299 ("bench V128 extend i32x4 to i64x2 n=10000") ok
time (mean ± σ)         range (min … max) 
   2.35 ms ±   5.91 µs     2.33 ms …   2.35 ms  in 10 ×     44 runs
[moonbitlang/core] bench v128/v128_bench_test.mbt:313 ("bench V128 all_true n=10000") ok
time (mean ± σ)         range (min … max) 
 742.57 µs ±   5.64 µs   735.51 µs … 748.82 µs  in 10 ×    135 runs
[moonbitlang/core] bench v128/v128_bench_test.mbt:337 ("bench V128 bitmask all widths n=10000") ok
time (mean ± σ)         range (min … max) 
   7.77 ms ±  55.93 µs     7.67 ms …   7.81 ms  in 10 ×     13 runs
[moonbitlang/core] bench v128/v128_bench_test.mbt:353 ("bench V128 swizzle n=10000") ok
time (mean ± σ)         range (min … max) 
  23.08 ms ±  35.07 µs    23.04 ms …  23.15 ms  in 10 ×      5 runs
[moonbitlang/core] bench v128/v128_bench_test.mbt:371 ("bench V128 shuffle n=10000") ok
time (mean ± σ)         range (min … max) 
  18.07 ms ±  32.79 µs    18.02 ms …  18.15 ms  in 10 ×      6 runs
Total tests: 500, passed: 500, failed: 0.
