[moonbitlang/core] bench argparse/globals_bench_test.mbt:16 ("bench parse inherited globals with an override") ok
time (mean ± σ)         range (min … max) 
   6.76 µs ±  19.02 ns     6.74 µs …   6.81 µs  in 10 ×  14260 runs
[moonbitlang/core] bench bench/hash_bench_test.mbt:16 ("bench Hash for Bytes (small)") ok
time (mean ± σ)         range (min … max) 
  16.91 ns ±   0.11 ns    16.70 ns …  17.02 ns  in 10 × 100000 runs
[moonbitlang/core] bench bench/hash_bench_test.mbt:22 ("bench Hash for Bytes (medium)") ok
time (mean ± σ)         range (min … max) 
 123.59 ns ±   0.33 ns   122.89 ns … 123.92 ns  in 10 × 100000 runs
[moonbitlang/core] bench bench/hash_bench_test.mbt:28 ("bench Hash for Bytes (large)") ok
time (mean ± σ)         range (min … max) 
   2.21 µs ±  13.52 ns     2.20 µs …   2.25 µs  in 10 ×  45098 runs
[moonbitlang/core] bench bench/hash_bench_test.mbt:34 ("bench Hash for BytesView (small)") ok
time (mean ± σ)         range (min … max) 
  32.40 ns ±   0.07 ns    32.34 ns …  32.58 ns  in 10 × 100000 runs
[moonbitlang/core] bench bench/hash_bench_test.mbt:41 ("bench Hash for BytesView (medium)") ok
time (mean ± σ)         range (min … max) 
 325.85 ns ±   2.75 ns   324.76 ns … 333.63 ns  in 10 × 100000 runs
[moonbitlang/core] bench bench/hash_bench_test.mbt:48 ("bench Hash for BytesView (large)") ok
time (mean ± σ)         range (min … max) 
   5.01 µs ±   4.59 ns     5.00 µs …   5.02 µs  in 10 ×  19969 runs
[moonbitlang/core] bench bench/hash_bench_test.mbt:55 ("bench Hasher::combine_bytes (small)") ok
time (mean ± σ)         range (min … max) 
  27.34 ns ±   0.14 ns    27.23 ns …  27.64 ns  in 10 × 100000 runs
[moonbitlang/core] bench bench/hash_bench_test.mbt:65 ("bench Hasher::combine_bytes (medium)") ok
time (mean ± σ)         range (min … max) 
 212.81 ns ±   0.15 ns   212.56 ns … 213.05 ns  in 10 × 100000 runs
[moonbitlang/core] bench bench/hash_bench_test.mbt:75 ("bench Hasher::combine_bytes (large)") ok
time (mean ± σ)         range (min … max) 
   3.23 µs ±   2.56 ns     3.23 µs …   3.23 µs  in 10 ×  31020 runs
[moonbitlang/core] bench bigint/to_string_radix_bench_test.mbt:23 ("bench bigint to_string radix=7 (4000 bits)") ok
time (mean ± σ)         range (min … max) 
 503.56 µs ±   1.25 µs   502.34 µs … 506.61 µs  in 10 ×    199 runs
[moonbitlang/core] bench bigint/to_string_radix_bench_test.mbt:29 ("bench bigint to_string radix=36 (4000 bits)") ok
time (mean ± σ)         range (min … max) 
 296.20 µs ± 435.46 ns   295.45 µs … 296.67 µs  in 10 ×    338 runs
[moonbitlang/core] bench bigint/to_string_radix_bench_test.mbt:35 ("bench bigint to_string radix=10 reference (4000 bits)") ok
time (mean ± σ)         range (min … max) 
  11.99 µs ±  30.10 ns    11.97 µs …  12.05 µs  in 10 ×   8316 runs
[moonbitlang/core] bench bigint/to_string_bench_test.mbt:30 ("bench BigInt::to_string n=40 digits") ok
time (mean ± σ)         range (min … max) 
 277.83 ns ±   0.31 ns   277.43 ns … 278.28 ns  in 10 × 100000 runs
[moonbitlang/core] bench bigint/to_string_bench_test.mbt:36 ("bench BigInt::to_string n=400 digits") ok
time (mean ± σ)         range (min … max) 
   2.19 µs ±   1.61 ns     2.19 µs …   2.19 µs  in 10 ×  45621 runs
[moonbitlang/core] bench bigint/to_string_bench_test.mbt:42 ("bench BigInt::to_string n=4000 digits") ok
time (mean ± σ)         range (min … max) 
 117.52 µs ±   1.75 µs   115.58 µs … 119.47 µs  in 10 ×    829 runs
[moonbitlang/core] bench bigint/to_string_bench_test.mbt:48 ("bench BigInt::to_string n=40000 digits") ok
time (mean ± σ)         range (min … max) 
  12.23 ms ±  37.63 µs    12.20 ms …  12.31 ms  in 10 ×      9 runs
[moonbitlang/core] bench bigint/to_string_bench_test.mbt:54 ("bench BigInt::to_string n=250000 digits") ok
time (mean ± σ)         range (min … max) 
 220.18 ms ± 762.58 µs   219.41 ms … 221.48 ms  in 10 ×      1 runs
[moonbitlang/core] bench bigint/from_octets_bench_test.mbt:21 ("bench BigInt::from_octets n=64") ok
time (mean ± σ)         range (min … max) 
  51.03 ns ±   0.08 ns    50.95 ns …  51.23 ns  in 10 × 100000 runs
[moonbitlang/core] bench bigint/from_octets_bench_test.mbt:27 ("bench BigInt::from_octets n=1024") ok
time (mean ± σ)         range (min … max) 
 518.98 ns ±   0.33 ns   518.48 ns … 519.39 ns  in 10 × 100000 runs
[moonbitlang/core] bench bigint/division_bench_test.mbt:66 ("bench BigInt balanced division n=4000 digits") ok
time (mean ± σ)         range (min … max) 
 303.32 µs ±   1.56 µs   301.64 µs … 306.23 µs  in 10 ×    332 runs
[moonbitlang/core] bench bigint/division_bench_test.mbt:72 ("bench BigInt balanced division n=40000 digits") ok
time (mean ± σ)         range (min … max) 
  14.44 ms ±  51.73 µs    14.37 ms …  14.51 ms  in 10 ×      7 runs
[moonbitlang/core] bench bigint/division_bench_test.mbt:78 ("bench BigInt balanced division n=250000 digits") ok
time (mean ± σ)         range (min … max) 
 321.17 ms ± 585.74 µs   320.40 ms … 322.18 ms  in 10 ×      1 runs
[moonbitlang/core] bench bigint/division_bench_test.mbt:84 ("bench BigInt unbalanced division q=65536 d=64 limbs") ok
time (mean ± σ)         range (min … max) 
  37.56 ms ±  38.25 µs    37.51 ms …  37.63 ms  in 10 ×      3 runs
[moonbitlang/core] bench bigint/division_bench_test.mbt:90 ("bench BigInt narrow division q=9 d=64 limbs") ok
time (mean ± σ)         range (min … max) 
 645.57 ns ±   0.44 ns   644.86 ns … 646.19 ns  in 10 × 100000 runs
[moonbitlang/core] bench buffer/write_bench_test.mbt:30 ("bench Buffer::write_byte n=4096") ok
time (mean ± σ)         range (min … max) 
   7.74 µs ±   3.08 ns     7.74 µs …   7.75 µs  in 10 ×  12922 runs
[moonbitlang/core] bench buffer/write_bench_test.mbt:42 ("bench Buffer::write_uint16_be n=4096") ok
time (mean ± σ)         range (min … max) 
   8.51 µs ±  16.68 ns     8.49 µs …   8.54 µs  in 10 ×  11775 runs
[moonbitlang/core] bench buffer/write_bench_test.mbt:54 ("bench Buffer::write_uint_le n=4096") ok
time (mean ± σ)         range (min … max) 
  12.86 µs ±  73.14 ns    12.79 µs …  12.99 µs  in 10 ×   7680 runs
[moonbitlang/core] bench buffer/write_bench_test.mbt:66 ("bench Buffer::write_uint64_be n=4096") ok
time (mean ± σ)         range (min … max) 
  16.26 µs ±  11.69 ns    16.25 µs …  16.28 µs  in 10 ×   6146 runs
[moonbitlang/core] bench buffer/write_bench_test.mbt:78 ("bench Buffer::write_char_utf8 ASCII n=4096") ok
time (mean ± σ)         range (min … max) 
  10.65 µs ±  30.27 ns    10.60 µs …  10.71 µs  in 10 ×   9181 runs
[moonbitlang/core] bench buffer/write_bench_test.mbt:90 ("bench Buffer::write_char_utf8 non-BMP n=4096") ok
time (mean ± σ)         range (min … max) 
  15.62 µs ±  31.45 ns    15.58 µs …  15.67 µs  in 10 ×   6421 runs
[moonbitlang/core] bench buffer/write_bench_test.mbt:103 ("bench Buffer::write_char_utf16le BMP n=4096") ok
time (mean ± σ)         range (min … max) 
  11.38 µs ±  12.84 ns    11.36 µs …  11.39 µs  in 10 ×   8718 runs
[moonbitlang/core] bench buffer/write_bench_test.mbt:115 ("bench Buffer::write_string_utf16le chunks n=4096") ok
time (mean ± σ)         range (min … max) 
  72.30 µs ±  50.78 ns    72.25 µs …  72.39 µs  in 10 ×   1384 runs
[moonbitlang/core] bench buffer/write_bench_test.mbt:130 ("bench @buffer.from_array n=4096") ok
time (mean ± σ)         range (min … max) 
   2.40 µs ±   3.61 ns     2.39 µs …   2.40 µs  in 10 ×  41536 runs
[moonbitlang/core] bench builtin/view_bench_test.mbt:34 ("bench ArrayView::at Int n=100000") ok
time (mean ± σ)         range (min … max) 
  81.44 µs ±  34.90 ns    81.40 µs …  81.50 µs  in 10 ×   1228 runs
[moonbitlang/core] bench builtin/view_bench_test.mbt:47 ("bench ArrayView::get Int n=100000") ok
time (mean ± σ)         range (min … max) 
  73.04 µs ± 897.21 ns    71.92 µs …  73.96 µs  in 10 ×   1361 runs
[moonbitlang/core] bench builtin/view_bench_test.mbt:62 ("bench ArrayView::unsafe_get Int n=100000") ok
time (mean ± σ)         range (min … max) 
  57.76 µs ±   1.11 µs    56.35 µs …  58.90 µs  in 10 ×   1781 runs
[moonbitlang/core] bench builtin/view_bench_test.mbt:75 ("bench ArrayView::rev_fold Int n=100000") ok
time (mean ± σ)         range (min … max) 
  56.33 µs ± 352.08 ns    55.68 µs …  56.63 µs  in 10 ×   1798 runs
[moonbitlang/core] bench builtin/view_bench_test.mbt:82 ("bench ArrayView::rev_foldi Int n=100000") ok
time (mean ± σ)         range (min … max) 
  56.08 µs ± 514.85 ns    55.14 µs …  56.54 µs  in 10 ×   1816 runs
[moonbitlang/core] bench builtin/view_bench_test.mbt:91 ("bench ArrayView::equal Int n=100000") ok
time (mean ± σ)         range (min … max) 
  88.51 µs ± 610.10 ns    87.58 µs …  89.46 µs  in 10 ×   1123 runs
[moonbitlang/core] bench builtin/view_bench_test.mbt:99 ("bench ArrayView::compare Int n=100000") ok
time (mean ± σ)         range (min … max) 
  95.15 µs ±  46.13 ns    95.08 µs …  95.21 µs  in 10 ×   1051 runs
[moonbitlang/core] bench builtin/view_bench_test.mbt:107 ("bench MutArrayView::at Int n=100000") ok
time (mean ± σ)         range (min … max) 
  81.46 µs ±  55.60 ns    81.38 µs …  81.54 µs  in 10 ×   1229 runs
[moonbitlang/core] bench builtin/view_bench_test.mbt:120 ("bench MutArrayView::unsafe_get Int n=100000") ok
time (mean ± σ)         range (min … max) 
  57.78 µs ±   1.02 µs    56.41 µs …  59.05 µs  in 10 ×   1742 runs
[moonbitlang/core] bench builtin/view_bench_test.mbt:133 ("bench MutArrayView::set Int n=100000") ok
time (mean ± σ)         range (min … max) 
 108.51 µs ±  43.24 ns   108.44 µs … 108.58 µs  in 10 ×    922 runs
[moonbitlang/core] bench builtin/view_bench_test.mbt:145 ("bench MutArrayView::unsafe_set Int n=100000") ok
time (mean ± σ)         range (min … max) 
  67.48 µs ±   1.87 µs    65.26 µs …  69.36 µs  in 10 ×   1441 runs
[moonbitlang/core] bench builtin/view_bench_test.mbt:157 ("bench BytesView::at n=100000") ok
time (mean ± σ)         range (min … max) 
  81.44 µs ± 145.94 ns    81.36 µs …  81.85 µs  in 10 ×   1229 runs
[moonbitlang/core] bench builtin/view_bench_test.mbt:170 ("bench BytesView::unsafe_get n=100000") ok
time (mean ± σ)         range (min … max) 
  48.41 µs ± 536.59 ns    47.70 µs …  49.49 µs  in 10 ×   2093 runs
[moonbitlang/core] bench builtin/stringbuilder_bench_test.mbt:28 ("bench StringBuilder::write_string chunks n=4096") ok
time (mean ± σ)         range (min … max) 
  51.30 µs ±  25.32 ns    51.27 µs …  51.34 µs  in 10 ×   1946 runs
[moonbitlang/core] bench builtin/stringbuilder_bench_test.mbt:41 ("bench StringBuilder::write_view chunks n=4096") ok
time (mean ± σ)         range (min … max) 
  50.97 µs ± 142.28 ns    50.89 µs …  51.37 µs  in 10 ×   1963 runs
[moonbitlang/core] bench builtin/stringbuilder_bench_test.mbt:54 ("bench StringBuilder::write_stringview chunks n=4096") ok
time (mean ± σ)         range (min … max) 
  50.95 µs ±  23.78 ns    50.92 µs …  50.98 µs  in 10 ×   1961 runs
[moonbitlang/core] bench builtin/stringbuilder_bench_test.mbt:67 ("bench StringBuilder::write_char ASCII n=4096") ok
time (mean ± σ)         range (min … max) 
  13.86 µs ± 124.79 ns    13.70 µs …  14.01 µs  in 10 ×   7253 runs
[moonbitlang/core] bench builtin/stringbuilder_bench_test.mbt:79 ("bench StringBuilder::write_char non-BMP n=4096") ok
time (mean ± σ)         range (min … max) 
  19.30 µs ±  43.42 ns    19.28 µs …  19.42 µs  in 10 ×   5183 runs
[moonbitlang/core] bench builtin/stringbuilder_bench_test.mbt:92 ("bench StringBuilder::reset reuse spare capacity n=4096") ok
time (mean ± σ)         range (min … max) 
 382.09 µs ± 139.06 ns   381.90 µs … 382.38 µs  in 10 ×    262 runs
[moonbitlang/core] bench builtin/string_to_upper_bench_test.mbt:61 ("bench String::to_upper short") ok
time (mean ± σ)         range (min … max) 
  40.62 ns ±   0.09 ns    40.53 ns …  40.83 ns  in 10 × 100000 runs
[moonbitlang/core] bench builtin/string_to_upper_bench_test.mbt:66 ("bench String::to_upper long") ok
time (mean ± σ)         range (min … max) 
 644.75 ns ±   0.32 ns   644.34 ns … 645.42 ns  in 10 × 100000 runs
[moonbitlang/core] bench builtin/string_to_upper_bench_test.mbt:71 ("bench String::to_upper sparse") ok
time (mean ± σ)         range (min … max) 
 644.58 ns ±   0.28 ns   644.10 ns … 644.96 ns  in 10 × 100000 runs
[moonbitlang/core] bench builtin/string_to_upper_bench_test.mbt:76 ("bench String::to_upper late-lowercase") ok
time (mean ± σ)         range (min … max) 
 655.18 ns ±   0.43 ns   654.56 ns … 655.90 ns  in 10 × 100000 runs
[moonbitlang/core] bench builtin/string_to_upper_bench_test.mbt:81 ("bench String::to_upper one-unit runs") ok
time (mean ± σ)         range (min … max) 
 644.29 ns ±   0.37 ns   643.71 ns … 644.75 ns  in 10 × 100000 runs
[moonbitlang/core] bench builtin/string_to_upper_bench_test.mbt:86 ("bench String::to_upper all-lowercase") ok
time (mean ± σ)         range (min … max) 
 644.17 ns ±   0.68 ns   642.97 ns … 644.94 ns  in 10 × 100000 runs
[moonbitlang/core] bench builtin/string_to_upper_bench_test.mbt:91 ("bench String::to_upper no-change short") ok
time (mean ± σ)         range (min … max) 
  23.05 ns ±   0.04 ns    23.01 ns …  23.12 ns  in 10 × 100000 runs
[moonbitlang/core] bench builtin/string_to_upper_bench_test.mbt:96 ("bench String::to_upper no-change long") ok
time (mean ± σ)         range (min … max) 
  97.26 ns ±   1.40 ns    96.39 ns … 100.50 ns  in 10 × 100000 runs
[moonbitlang/core] bench builtin/string_to_upper_bench_test.mbt:101 ("bench StringView::to_upper short") ok
time (mean ± σ)         range (min … max) 
  43.22 ns ±   0.10 ns    43.13 ns …  43.41 ns  in 10 × 100000 runs
[moonbitlang/core] bench builtin/string_to_upper_bench_test.mbt:106 ("bench StringView::to_upper long") ok
time (mean ± σ)         range (min … max) 
 653.88 ns ±   0.43 ns   653.36 ns … 654.58 ns  in 10 × 100000 runs
[moonbitlang/core] bench builtin/string_to_upper_bench_test.mbt:111 ("bench StringView::to_upper no-change long") ok
time (mean ± σ)         range (min … max) 
  99.96 ns ±   0.10 ns    99.84 ns … 100.12 ns  in 10 × 100000 runs
[moonbitlang/core] bench builtin/string_to_lower_bench_test.mbt:61 ("bench String::to_lower short") ok
time (mean ± σ)         range (min … max) 
  40.62 ns ±   0.07 ns    40.53 ns …  40.74 ns  in 10 × 100000 runs
[moonbitlang/core] bench builtin/string_to_lower_bench_test.mbt:66 ("bench String::to_lower long") ok
time (mean ± σ)         range (min … max) 
 643.93 ns ±   0.49 ns   643.59 ns … 645.02 ns  in 10 × 100000 runs
[moonbitlang/core] bench builtin/string_to_lower_bench_test.mbt:71 ("bench String::to_lower sparse") ok
time (mean ± σ)         range (min … max) 
 644.05 ns ±   0.43 ns   643.43 ns … 644.67 ns  in 10 × 100000 runs
[moonbitlang/core] bench builtin/string_to_lower_bench_test.mbt:76 ("bench String::to_lower late-uppercase") ok
time (mean ± σ)         range (min … max) 
 655.55 ns ±   0.40 ns   655.01 ns … 656.19 ns  in 10 × 100000 runs
[moonbitlang/core] bench builtin/string_to_lower_bench_test.mbt:81 ("bench String::to_lower one-unit runs") ok
time (mean ± σ)         range (min … max) 
 644.54 ns ±   0.28 ns   644.02 ns … 645.05 ns  in 10 × 100000 runs
[moonbitlang/core] bench builtin/string_to_lower_bench_test.mbt:86 ("bench String::to_lower all-uppercase") ok
time (mean ± σ)         range (min … max) 
 644.67 ns ±   0.80 ns   643.93 ns … 646.69 ns  in 10 × 100000 runs
[moonbitlang/core] bench builtin/string_to_lower_bench_test.mbt:91 ("bench String::to_lower no-change short") ok
time (mean ± σ)         range (min … max) 
  24.29 ns ±   0.13 ns    24.18 ns …  24.56 ns  in 10 × 100000 runs
[moonbitlang/core] bench builtin/string_to_lower_bench_test.mbt:96 ("bench String::to_lower no-change long") ok
time (mean ± σ)         range (min … max) 
  96.54 ns ±   0.14 ns    96.37 ns …  96.80 ns  in 10 × 100000 runs
[moonbitlang/core] bench builtin/string_to_lower_bench_test.mbt:101 ("bench StringView::to_lower short") ok
time (mean ± σ)         range (min … max) 
  44.37 ns ±   0.08 ns    44.26 ns …  44.48 ns  in 10 × 100000 runs
[moonbitlang/core] bench builtin/string_to_lower_bench_test.mbt:106 ("bench StringView::to_lower long") ok
time (mean ± σ)         range (min … max) 
 653.82 ns ±   0.36 ns   653.27 ns … 654.27 ns  in 10 × 100000 runs
[moonbitlang/core] bench builtin/string_to_lower_bench_test.mbt:111 ("bench StringView::to_lower no-change long") ok
time (mean ± σ)         range (min … max) 
 100.03 ns ±   0.13 ns    99.84 ns … 100.21 ns  in 10 × 100000 runs
[moonbitlang/core] bench builtin/string_to_array_bench_test.mbt:24 ("bench String::to_array ASCII 51 chars") ok
time (mean ± σ)         range (min … max) 
 154.55 ns ±   0.27 ns   154.24 ns … 154.96 ns  in 10 × 100000 runs
[moonbitlang/core] bench builtin/string_to_array_bench_test.mbt:29 ("bench String::to_array mixed 1KB") ok
time (mean ± σ)         range (min … max) 
   2.33 µs ±   1.08 ns     2.32 µs …   2.33 µs  in 10 ×  42813 runs
[moonbitlang/core] bench builtin/string_to_array_bench_test.mbt:34 ("bench StringView::to_array mixed 1KB") ok
time (mean ± σ)         range (min … max) 
   2.32 µs ±   5.48 ns     2.32 µs …   2.33 µs  in 10 ×  43090 runs
[moonbitlang/core] bench builtin/string_methods_bench_test.mbt:36 ("bench StringView::has_prefix match n=100000 needle=128") ok
time (mean ± σ)         range (min … max) 
  28.51 ns ±   0.10 ns    28.44 ns …  28.73 ns  in 10 × 100000 runs
[moonbitlang/core] bench builtin/string_methods_bench_test.mbt:45 ("bench StringView::has_prefix mismatch n=100000 needle=128") ok
time (mean ± σ)         range (min … max) 
  17.47 ns ±   0.34 ns    17.16 ns …  18.02 ns  in 10 × 100000 runs
[moonbitlang/core] bench builtin/string_methods_bench_test.mbt:54 ("bench StringView::has_suffix match n=100000 needle=128") ok
time (mean ± σ)         range (min … max) 
  28.99 ns ±   0.10 ns    28.89 ns …  29.15 ns  in 10 × 100000 runs
[moonbitlang/core] bench builtin/string_methods_bench_test.mbt:63 ("bench StringView::has_suffix mismatch n=100000 needle=128") ok
time (mean ± σ)         range (min … max) 
  17.56 ns ±   0.40 ns    17.13 ns …  17.99 ns  in 10 × 100000 runs
[moonbitlang/core] bench builtin/string_find_code_unit_bench_test.mbt:16 ("bench find one code unit absent n=4") ok
time (mean ± σ)         range (min … max) 
  20.29 ns ±   0.04 ns    20.25 ns …  20.36 ns  in 10 × 100000 runs
[moonbitlang/core] bench builtin/string_find_code_unit_bench_test.mbt:22 ("bench find one code unit absent n=8") ok
time (mean ± σ)         range (min … max) 
  19.91 ns ±   0.14 ns    19.81 ns …  20.24 ns  in 10 × 100000 runs
[moonbitlang/core] bench builtin/string_find_code_unit_bench_test.mbt:28 ("bench find one code unit present@0 n=8") ok
time (mean ± σ)         range (min … max) 
  18.04 ns ±   0.31 ns    17.82 ns …  18.63 ns  in 10 × 100000 runs
[moonbitlang/core] bench builtin/string_find_code_unit_bench_test.mbt:34 ("bench find one code unit absent n=64") ok
time (mean ± σ)         range (min … max) 
  25.90 ns ±   0.06 ns    25.86 ns …  26.04 ns  in 10 × 100000 runs
[moonbitlang/core] bench builtin/string_find_code_unit_bench_test.mbt:40 ("bench find one code unit absent n=256") ok
time (mean ± σ)         range (min … max) 
  46.27 ns ±   0.09 ns    46.18 ns …  46.43 ns  in 10 × 100000 runs
[moonbitlang/core] bench builtin/string_find_code_unit_bench_test.mbt:46 ("bench find one code unit present@end n=256") ok
time (mean ± σ)         range (min … max) 
  45.04 ns ±   0.09 ns    44.95 ns …  45.24 ns  in 10 × 100000 runs
[moonbitlang/core] bench builtin/string_find_code_unit_bench_test.mbt:52 ("bench rev_find one code unit absent n=256") ok
time (mean ± σ)         range (min … max) 
  46.88 ns ±   0.10 ns    46.79 ns …  47.09 ns  in 10 × 100000 runs
[moonbitlang/core] bench builtin/string_find_code_unit_bench_test.mbt:58 ("bench rev_find one code unit present@start n=256") ok
time (mean ± σ)         range (min … max) 
  45.00 ns ±   0.13 ns    44.89 ns …  45.25 ns  in 10 × 100000 runs
[moonbitlang/core] bench builtin/string_find_code_unit_bench_test.mbt:64 ("bench rev_find one code unit present@end n=8") ok
time (mean ± σ)         range (min … max) 
  18.07 ns ±   0.30 ns    17.85 ns …  18.65 ns  in 10 × 100000 runs
[moonbitlang/core] bench builtin/string_find_code_unit_bench_test.mbt:70 ("bench StringView find one code unit absent n=256") ok
time (mean ± σ)         range (min … max) 
  43.92 ns ±   0.11 ns    43.82 ns …  44.11 ns  in 10 × 100000 runs
[moonbitlang/core] bench builtin/string_find_code_unit_bench_test.mbt:77 ("bench StringView rev_find one code unit absent n=256") ok
time (mean ± σ)         range (min … max) 
  44.74 ns ±   0.06 ns    44.65 ns …  44.83 ns  in 10 × 100000 runs
[moonbitlang/core] bench builtin/string_find_code_unit_bench_test.mbt:84 ("bench find two anchors absent n=256") ok
time (mean ± σ)         range (min … max) 
  61.03 ns ±   0.15 ns    60.86 ns …  61.24 ns  in 10 × 100000 runs
[moonbitlang/core] bench builtin/string_find_code_unit_bench_test.mbt:90 ("bench find two anchors present@end n=256") ok
time (mean ± σ)         range (min … max) 
  61.35 ns ±   0.18 ns    61.19 ns …  61.72 ns  in 10 × 100000 runs
[moonbitlang/core] bench builtin/string_find_code_unit_bench_test.mbt:96 ("bench find two anchors dense false positives n=256") ok
time (mean ± σ)         range (min … max) 
 714.92 ns ±   0.43 ns   714.04 ns … 715.41 ns  in 10 × 100000 runs
[moonbitlang/core] bench builtin/string_find_code_unit_bench_test.mbt:102 ("bench find two anchors long absent n=256") ok
time (mean ± σ)         range (min … max) 
  55.74 ns ±   0.35 ns    55.49 ns …  56.60 ns  in 10 × 100000 runs
[moonbitlang/core] bench builtin/string_find_code_unit_bench_test.mbt:108 ("bench rev_find two anchors absent n=256") ok
time (mean ± σ)         range (min … max) 
  60.46 ns ±   0.11 ns    60.31 ns …  60.60 ns  in 10 × 100000 runs
[moonbitlang/core] bench builtin/string_find_code_unit_bench_test.mbt:114 ("bench rev_find two anchors present@start n=256") ok
time (mean ± σ)         range (min … max) 
  60.97 ns ±   0.12 ns    60.84 ns …  61.19 ns  in 10 × 100000 runs
[moonbitlang/core] bench builtin/string_find_code_unit_bench_test.mbt:120 ("bench rev_find two anchors dense false positives n=256") ok
time (mean ± σ)         range (min … max) 
 709.50 ns ±   0.34 ns   709.11 ns … 710.08 ns  in 10 × 100000 runs
[moonbitlang/core] bench builtin/string_find_code_unit_bench_test.mbt:126 ("bench StringView find two anchors absent n=256") ok
time (mean ± σ)         range (min … max) 
  59.37 ns ±   0.11 ns    59.24 ns …  59.58 ns  in 10 × 100000 runs
[moonbitlang/core] bench builtin/string_find_adversary_bench_test.mbt:26 ("bench find adversary m=64 n=4096") ok
time (mean ± σ)         range (min … max) 
  11.13 µs ±   6.04 ns    11.12 µs …  11.14 µs  in 10 ×   8961 runs
[moonbitlang/core] bench builtin/string_find_adversary_bench_test.mbt:33 ("bench rev_find adversary m=64 n=4096") ok
time (mean ± σ)         range (min … max) 
  11.48 µs ±   8.46 ns    11.48 µs …  11.50 µs  in 10 ×   8682 runs
[moonbitlang/core] bench builtin/string_find_adversary_bench_test.mbt:40 ("bench find adversary m=512 n=65536") ok
time (mean ± σ)         range (min … max) 
 174.45 µs ± 100.94 ns   174.26 µs … 174.58 µs  in 10 ×    574 runs
[moonbitlang/core] bench builtin/string_find_adversary_bench_test.mbt:47 ("bench find dense miss fast path n=4096") ok
time (mean ± σ)         range (min … max) 
 617.30 ns ±   0.51 ns   616.62 ns … 618.11 ns  in 10 × 100000 runs
[moonbitlang/core] bench builtin/string_find_adversary_bench_test.mbt:53 ("bench find rare hit end fast path n=4096") ok
time (mean ± σ)         range (min … max) 
 626.50 ns ±   0.91 ns   625.65 ns … 628.68 ns  in 10 × 100000 runs
[moonbitlang/core] bench builtin/string_escape_bench_test.mbt:61 ("bench String::escape short plain") ok
time (mean ± σ)         range (min … max) 
 130.24 ns ±   0.36 ns   129.82 ns … 130.86 ns  in 10 × 100000 runs
[moonbitlang/core] bench builtin/string_escape_bench_test.mbt:66 ("bench String::escape short escaped") ok
time (mean ± σ)         range (min … max) 
 166.04 ns ±   0.48 ns   165.41 ns … 166.93 ns  in 10 × 100000 runs
[moonbitlang/core] bench builtin/string_escape_bench_test.mbt:71 ("bench String::escape threshold plain") ok
time (mean ± σ)         range (min … max) 
 130.76 ns ±   0.63 ns   129.94 ns … 131.48 ns  in 10 × 100000 runs
[moonbitlang/core] bench builtin/string_escape_bench_test.mbt:76 ("bench String::escape prose") ok
time (mean ± σ)         range (min … max) 
 221.35 ns ±   0.81 ns   220.23 ns … 222.56 ns  in 10 × 100000 runs
[moonbitlang/core] bench builtin/string_escape_bench_test.mbt:81 ("bench String::escape escape-first") ok
time (mean ± σ)         range (min … max) 
 237.68 ns ±   0.49 ns   237.20 ns … 238.49 ns  in 10 × 100000 runs
[moonbitlang/core] bench builtin/string_escape_bench_test.mbt:86 ("bench String::escape long plain") ok
time (mean ± σ)         range (min … max) 
   4.15 µs ±  11.23 ns     4.13 µs …   4.16 µs  in 10 ×  24544 runs
[moonbitlang/core] bench builtin/string_escape_bench_test.mbt:91 ("bench String::escape long dense") ok
time (mean ± σ)         range (min … max) 
  21.64 µs ± 214.39 ns    21.46 µs …  21.97 µs  in 10 ×   4587 runs
[moonbitlang/core] bench builtin/string_escape_bench_test.mbt:96 ("bench String::escape long all-escaped") ok
time (mean ± σ)         range (min … max) 
  35.54 µs ±  20.97 ns    35.51 µs …  35.57 µs  in 10 ×   2810 runs
[moonbitlang/core] bench builtin/string_escape_bench_test.mbt:101 ("bench String::escape long unicode") ok
time (mean ± σ)         range (min … max) 
   4.38 µs ±  16.67 ns     4.36 µs …   4.41 µs  in 10 ×  23331 runs
[moonbitlang/core] bench builtin/string_escape_bench_test.mbt:106 ("bench StringView::escape long plain view") ok
time (mean ± σ)         range (min … max) 
   3.67 µs ±   3.58 ns     3.67 µs …   3.68 µs  in 10 ×  27067 runs
[moonbitlang/core] bench builtin/string_escape_bench_test.mbt:112 ("bench debug to_string short plain") ok
time (mean ± σ)         range (min … max) 
 351.51 ns ±   0.67 ns   350.75 ns … 352.62 ns  in 10 × 100000 runs
[moonbitlang/core] bench builtin/string_escape_bench_test.mbt:117 ("bench debug to_string prose") ok
time (mean ± σ)         range (min … max) 
 502.94 ns ±   0.68 ns   501.88 ns … 503.96 ns  in 10 × 100000 runs
[moonbitlang/core] bench builtin/string_escape_bench_test.mbt:122 ("bench debug to_string long plain") ok
time (mean ± σ)         range (min … max) 
   7.27 µs ±  26.83 ns     7.25 µs …   7.32 µs  in 10 ×  13687 runs
[moonbitlang/core] bench builtin/string_equal_bench_test.mbt:28 ("bench StringView::equal n=100000 equal") ok
time (mean ± σ)         range (min … max) 
   9.10 µs ±   4.65 ns     9.09 µs …   9.11 µs  in 10 ×  10968 runs
[moonbitlang/core] bench builtin/string_equal_bench_test.mbt:35 ("bench StringView::equal n=100000 mismatch at end") ok
time (mean ± σ)         range (min … max) 
   9.12 µs ±  88.71 ns     9.09 µs …   9.38 µs  in 10 ×  10966 runs
[moonbitlang/core] bench builtin/string_equal_bench_test.mbt:44 ("bench StringView::equal_to_string n=100000 equal") ok
time (mean ± σ)         range (min … max) 
   9.10 µs ±   8.24 ns     9.09 µs …   9.12 µs  in 10 ×  10959 runs
[moonbitlang/core] bench builtin/string_char_set_bench_test.mbt:43 ("bench StringView::contains_any ASCII miss n=100000") ok
time (mean ± σ)         range (min … max) 
  14.48 µs ±  13.24 ns    14.47 µs …  14.50 µs  in 10 ×   6893 runs
[moonbitlang/core] bench builtin/string_char_set_bench_test.mbt:54 ("bench StringView::contains_any ASCII match at end n=100000") ok
time (mean ± σ)         range (min … max) 
  14.51 µs ±  32.80 ns    14.49 µs …  14.57 µs  in 10 ×   6865 runs
[moonbitlang/core] bench builtin/string_char_set_bench_test.mbt:67 ("bench StringView::trim_start ASCII n=100000") ok
time (mean ± σ)         range (min … max) 
  17.92 µs ±  38.77 ns    17.89 µs …  18.02 µs  in 10 ×   5569 runs
[moonbitlang/core] bench builtin/string_char_set_bench_test.mbt:74 ("bench StringView::trim_end ASCII n=100000") ok
time (mean ± σ)         range (min … max) 
  17.94 µs ±  24.23 ns    17.91 µs …  17.99 µs  in 10 ×   5565 runs
[moonbitlang/core] bench builtin/string_char_set_bench_test.mbt:79 ("bench StringView::trim ASCII n=100000") ok
time (mean ± σ)         range (min … max) 
  35.80 µs ±  17.65 ns    35.76 µs …  35.82 µs  in 10 ×   2793 runs
[moonbitlang/core] bench builtin/string_char_set_bench_test.mbt:96 ("bench StringView::trim short inputs") ok
time (mean ± σ)         range (min … max) 
 261.98 ns ±   0.50 ns   261.42 ns … 262.95 ns  in 10 × 100000 runs
[moonbitlang/core] bench builtin/string_char_set_bench_test.mbt:107 ("bench StringView::contains_any short inputs") ok
time (mean ± σ)         range (min … max) 
 139.91 ns ±   0.19 ns   139.76 ns … 140.37 ns  in 10 × 100000 runs
[moonbitlang/core] bench builtin/string_char_length_bench_test.mbt:51 ("bench char_length ascii 8") ok
time (mean ± σ)         range (min … max) 
  21.49 ns ±   0.03 ns    21.45 ns …  21.55 ns  in 10 × 100000 runs
[moonbitlang/core] bench builtin/string_char_length_bench_test.mbt:56 ("bench char_length ascii 16") ok
time (mean ± σ)         range (min … max) 
  17.83 ns ±   0.07 ns    17.75 ns …  17.94 ns  in 10 × 100000 runs
[moonbitlang/core] bench builtin/string_char_length_bench_test.mbt:61 ("bench char_length ascii 100") ok
time (mean ± σ)         range (min … max) 
  29.29 ns ±   0.09 ns    29.21 ns …  29.46 ns  in 10 × 100000 runs
[moonbitlang/core] bench builtin/string_char_length_bench_test.mbt:66 ("bench char_length ascii 4k") ok
time (mean ± σ)         range (min … max) 
 471.29 ns ±   0.25 ns   470.92 ns … 471.78 ns  in 10 × 100000 runs
[moonbitlang/core] bench builtin/string_char_length_bench_test.mbt:71 ("bench char_length ascii 64k") ok
time (mean ± σ)         range (min … max) 
   7.25 µs ±   5.24 ns     7.24 µs …   7.26 µs  in 10 ×  13750 runs
[moonbitlang/core] bench builtin/string_char_length_bench_test.mbt:76 ("bench char_length cjk 4k") ok
time (mean ± σ)         range (min … max) 
 471.17 ns ±   0.23 ns   470.88 ns … 471.61 ns  in 10 × 100000 runs
[moonbitlang/core] bench builtin/string_char_length_bench_test.mbt:81 ("bench char_length emoji 4k") ok
time (mean ± σ)         range (min … max) 
   1.07 µs ±   2.09 ns     1.07 µs …   1.07 µs  in 10 ×  93844 runs
[moonbitlang/core] bench builtin/string_char_length_bench_test.mbt:86 ("bench char_length mixed 4k") ok
time (mean ± σ)         range (min … max) 
 625.46 ns ±   0.28 ns   625.08 ns … 625.92 ns  in 10 × 100000 runs
[moonbitlang/core] bench builtin/string_char_length_bench_test.mbt:91 ("bench StringView::char_length ascii 4k unaligned") ok
time (mean ± σ)         range (min … max) 
 473.67 ns ±   0.32 ns   473.18 ns … 474.08 ns  in 10 × 100000 runs
[moonbitlang/core] bench builtin/string_char_length_bench_test.mbt:97 ("bench char_length_eq ascii 16") ok
time (mean ± σ)         range (min … max) 
  18.42 ns ±   0.06 ns    18.37 ns …  18.53 ns  in 10 × 100000 runs
[moonbitlang/core] bench builtin/string_char_length_bench_test.mbt:102 ("bench char_length_eq ascii 4k") ok
time (mean ± σ)         range (min … max) 
 559.23 ns ±   0.87 ns   558.56 ns … 561.56 ns  in 10 × 100000 runs
[moonbitlang/core] bench builtin/string_char_length_bench_test.mbt:107 ("bench char_length_eq emoji 4k") ok
time (mean ± σ)         range (min … max) 
   1.17 µs ±   0.59 ns     1.16 µs …   1.17 µs  in 10 ×  85883 runs
[moonbitlang/core] bench builtin/string_char_length_bench_test.mbt:112 ("bench char_length_eq mixed 4k") ok
time (mean ± σ)         range (min … max) 
 722.84 ns ±   0.39 ns   722.28 ns … 723.56 ns  in 10 × 100000 runs
[moonbitlang/core] bench builtin/string_char_length_bench_test.mbt:119 ("bench char_length_ge ascii 4k len 3") ok
time (mean ± σ)         range (min … max) 
  17.32 ns ±   0.02 ns    17.29 ns …  17.37 ns  in 10 × 100000 runs
[moonbitlang/core] bench builtin/string_char_length_bench_test.mbt:124 ("bench char_length_ge ascii 4k len 2000") ok
time (mean ± σ)         range (min … max) 
 285.05 ns ±   0.32 ns   284.73 ns … 285.72 ns  in 10 × 100000 runs
[moonbitlang/core] bench builtin/string_char_length_bench_test.mbt:129 ("bench char_length_ge cjk 4k len 4096") ok
time (mean ± σ)         range (min … max) 
 560.29 ns ±   0.34 ns   559.90 ns … 560.96 ns  in 10 × 100000 runs
[moonbitlang/core] bench builtin/string_char_length_bench_test.mbt:134 ("bench char_length_ge emoji 4k len 2048") ok
time (mean ± σ)         range (min … max) 
   1.16 µs ±   0.34 ns     1.16 µs …   1.17 µs  in 10 ×  85921 runs
[moonbitlang/core] bench builtin/sort_bench_test.mbt:21 ("bench Array::sort n=1000") ok
time (mean ± σ)         range (min … max) 
  20.06 µs ±  65.44 ns    19.98 µs …  20.19 µs  in 10 ×   4951 runs
[moonbitlang/core] bench builtin/sort_bench_test.mbt:31 ("bench Array::sort n=100000") ok
time (mean ± σ)         range (min … max) 
   5.72 ms ±   7.38 µs     5.71 ms …   5.73 ms  in 10 ×     18 runs
[moonbitlang/core] bench builtin/sort_bench_test.mbt:41 ("bench Array::sort_by n=10000") ok
time (mean ± σ)         range (min … max) 
 713.56 µs ± 551.27 ns   712.73 µs … 714.34 µs  in 10 ×    140 runs
[moonbitlang/core] bench builtin/range_equal_bench_test.mbt:56 ("bench range_equal StringView== n=4 equal") ok
time (mean ± σ)         range (min … max) 
  16.28 ns ±   0.39 ns    15.92 ns …  16.76 ns  in 10 × 100000 runs
[moonbitlang/core] bench builtin/range_equal_bench_test.mbt:61 ("bench range_equal StringView== n=8 equal") ok
time (mean ± σ)         range (min … max) 
  14.76 ns ±   0.26 ns    14.57 ns …  15.27 ns  in 10 × 100000 runs
[moonbitlang/core] bench builtin/range_equal_bench_test.mbt:66 ("bench range_equal StringView== n=8 mismatch at end") ok
time (mean ± σ)         range (min … max) 
  14.74 ns ±   0.26 ns    14.57 ns …  15.26 ns  in 10 × 100000 runs
[moonbitlang/core] bench builtin/range_equal_bench_test.mbt:71 ("bench range_equal StringView== n=16 equal") ok
time (mean ± σ)         range (min … max) 
  14.91 ns ±   0.08 ns    14.85 ns …  15.05 ns  in 10 × 100000 runs
[moonbitlang/core] bench builtin/range_equal_bench_test.mbt:76 ("bench range_equal StringView== n=16 mismatch at end") ok
time (mean ± σ)         range (min … max) 
  15.20 ns ±   0.43 ns    14.85 ns …  15.72 ns  in 10 × 100000 runs
[moonbitlang/core] bench builtin/range_equal_bench_test.mbt:81 ("bench range_equal StringView== n=15 equal") ok
time (mean ± σ)         range (min … max) 
  15.14 ns ±   0.29 ns    14.89 ns …  15.63 ns  in 10 × 100000 runs
[moonbitlang/core] bench builtin/range_equal_bench_test.mbt:86 ("bench range_equal StringView== n=64 equal") ok
time (mean ± σ)         range (min … max) 
  18.68 ns ±   0.03 ns    18.64 ns …  18.72 ns  in 10 × 100000 runs
[moonbitlang/core] bench builtin/range_equal_bench_test.mbt:91 ("bench range_equal StringView== n=64 mismatch at end") ok
time (mean ± σ)         range (min … max) 
  18.84 ns ±   0.34 ns    18.64 ns …  19.50 ns  in 10 × 100000 runs
[moonbitlang/core] bench builtin/range_equal_bench_test.mbt:96 ("bench range_equal StringView== n=1024 equal") ok
time (mean ± σ)         range (min … max) 
 105.31 ns ±   0.09 ns   105.18 ns … 105.44 ns  in 10 × 100000 runs
[moonbitlang/core] bench builtin/range_equal_bench_test.mbt:101 ("bench range_equal StringView== n=1024 mismatch at end") ok
time (mean ± σ)         range (min … max) 
 105.42 ns ±   0.16 ns   105.18 ns … 105.63 ns  in 10 × 100000 runs
[moonbitlang/core] bench builtin/range_equal_bench_test.mbt:106 ("bench range_equal StringView== n=1024 mismatch at 0") ok
time (mean ± σ)         range (min … max) 
  14.90 ns ±   0.14 ns    14.82 ns …  15.30 ns  in 10 × 100000 runs
[moonbitlang/core] bench builtin/range_equal_bench_test.mbt:111 ("bench range_equal StringView== n=65536 equal") ok
time (mean ± σ)         range (min … max) 
   5.99 µs ±   5.47 ns     5.98 µs …   6.00 µs  in 10 ×  16695 runs
[moonbitlang/core] bench builtin/range_equal_bench_test.mbt:116 ("bench range_equal StringView== n=65536 mismatch at end") ok
time (mean ± σ)         range (min … max) 
   5.99 µs ±   3.59 ns     5.98 µs …   5.99 µs  in 10 ×  16697 runs
[moonbitlang/core] bench builtin/range_equal_bench_test.mbt:121 ("bench range_equal BytesView== n=4 equal") ok
time (mean ± σ)         range (min … max) 
  15.96 ns ±   0.02 ns    15.93 ns …  15.99 ns  in 10 × 100000 runs
[moonbitlang/core] bench builtin/range_equal_bench_test.mbt:126 ("bench range_equal BytesView== n=8 equal") ok
time (mean ± σ)         range (min … max) 
  17.90 ns ±   0.07 ns    17.85 ns …  18.03 ns  in 10 × 100000 runs
[moonbitlang/core] bench builtin/range_equal_bench_test.mbt:131 ("bench range_equal BytesView== n=8 mismatch at end") ok
time (mean ± σ)         range (min … max) 
  17.33 ns ±   0.04 ns    17.28 ns …  17.38 ns  in 10 × 100000 runs
[moonbitlang/core] bench builtin/range_equal_bench_test.mbt:136 ("bench range_equal BytesView== n=16 equal") ok
time (mean ± σ)         range (min … max) 
  14.67 ns ±   0.16 ns    14.56 ns …  15.03 ns  in 10 × 100000 runs
[moonbitlang/core] bench builtin/range_equal_bench_test.mbt:141 ("bench range_equal BytesView== n=16 mismatch at end") ok
time (mean ± σ)         range (min … max) 
  14.61 ns ±   0.03 ns    14.57 ns …  14.67 ns  in 10 × 100000 runs
[moonbitlang/core] bench builtin/range_equal_bench_test.mbt:146 ("bench range_equal BytesView== n=31 equal") ok
time (mean ± σ)         range (min … max) 
  14.90 ns ±   0.07 ns    14.84 ns …  15.08 ns  in 10 × 100000 runs
[moonbitlang/core] bench builtin/range_equal_bench_test.mbt:151 ("bench range_equal BytesView== n=64 equal") ok
time (mean ± σ)         range (min … max) 
  16.28 ns ±   0.08 ns    16.21 ns …  16.43 ns  in 10 × 100000 runs
[moonbitlang/core] bench builtin/range_equal_bench_test.mbt:156 ("bench range_equal BytesView== n=64 mismatch at end") ok
time (mean ± σ)         range (min … max) 
  16.27 ns ±   0.06 ns    16.22 ns …  16.38 ns  in 10 × 100000 runs
[moonbitlang/core] bench builtin/range_equal_bench_test.mbt:161 ("bench range_equal BytesView== n=1024 equal") ok
time (mean ± σ)         range (min … max) 
  58.88 ns ±   0.04 ns    58.84 ns …  58.97 ns  in 10 × 100000 runs
[moonbitlang/core] bench builtin/range_equal_bench_test.mbt:166 ("bench range_equal BytesView== n=1024 mismatch at end") ok
time (mean ± σ)         range (min … max) 
  58.90 ns ±   0.13 ns    58.80 ns …  59.19 ns  in 10 × 100000 runs
[moonbitlang/core] bench builtin/range_equal_bench_test.mbt:171 ("bench range_equal BytesView== n=1024 mismatch at 0") ok
time (mean ± σ)         range (min … max) 
  14.91 ns ±   0.08 ns    14.84 ns …  15.05 ns  in 10 × 100000 runs
[moonbitlang/core] bench builtin/range_equal_bench_test.mbt:176 ("bench range_equal BytesView== n=65536 equal") ok
time (mean ± σ)         range (min … max) 
   3.02 µs ±   6.95 ns     3.01 µs …   3.03 µs  in 10 ×  33228 runs
[moonbitlang/core] bench builtin/range_equal_bench_test.mbt:181 ("bench range_equal BytesView== n=65536 mismatch at end") ok
time (mean ± σ)         range (min … max) 
   3.01 µs ±   0.66 ns     3.01 µs …   3.01 µs  in 10 ×  33185 runs
[moonbitlang/core] bench builtin/range_equal_bench_test.mbt:186 ("bench range_equal StringView::has_prefix prefix=32 hit") ok
time (mean ± σ)         range (min … max) 
  18.41 ns ±   0.03 ns    18.38 ns …  18.46 ns  in 10 × 100000 runs
[moonbitlang/core] bench builtin/range_equal_bench_test.mbt:193 ("bench range_equal StringView::has_prefix prefix=32 miss at end") ok
time (mean ± σ)         range (min … max) 
  18.51 ns ±   0.17 ns    18.38 ns …  18.91 ns  in 10 × 100000 runs
[moonbitlang/core] bench builtin/linked_hash_map_bench_test.mbt:19 ("bench Map::set n=50000") ok
time (mean ± σ)         range (min … max) 
   3.66 ms ±   2.46 µs     3.65 ms …   3.66 ms  in 10 ×     28 runs
[moonbitlang/core] bench builtin/linked_hash_map_bench_test.mbt:30 ("bench Map::get n=50000") ok
time (mean ± σ)         range (min … max) 
   1.13 ms ±   4.27 µs     1.13 ms …   1.14 ms  in 10 ×     89 runs
[moonbitlang/core] bench builtin/linked_hash_map_bench_test.mbt:47 ("bench Map::get miss n=50000") ok
time (mean ± σ)         range (min … max) 
   1.24 ms ±   3.19 µs     1.23 ms …   1.24 ms  in 10 ×     81 runs
[moonbitlang/core] bench builtin/linked_hash_map_bench_test.mbt:67 ("bench Map::set+remove n=50000") ok
time (mean ± σ)         range (min … max) 
   5.11 ms ±   5.59 µs     5.10 ms …   5.12 ms  in 10 ×     20 runs
[moonbitlang/core] bench builtin/linked_hash_map_bench_test.mbt:83 ("bench Map::each n=50000") ok
time (mean ± σ)         range (min … max) 
 130.96 µs ± 111.95 ns   130.76 µs … 131.11 µs  in 10 ×    759 runs
[moonbitlang/core] bench builtin/linked_hash_map_bench_test.mbt:101 ("bench Map::filter n=50000") ok
time (mean ± σ)         range (min … max) 
   1.51 ms ± 820.69 ns     1.51 ms …   1.51 ms  in 10 ×     67 runs
[moonbitlang/core] bench builtin/linked_hash_map_bench_test.mbt:107 ("bench Map comprehension filter n=50000") ok
time (mean ± σ)         range (min … max) 
   3.78 ms ±   5.92 µs     3.78 ms …   3.79 ms  in 10 ×     27 runs
[moonbitlang/core] bench builtin/lexical_compare_bench_test.mbt:42 ("bench lexical_compare equal n=256") ok
time (mean ± σ)         range (min … max) 
  36.73 ns ±   0.06 ns    36.66 ns …  36.84 ns  in 10 × 100000 runs
[moonbitlang/core] bench builtin/lexical_compare_bench_test.mbt:47 ("bench lexical_compare common-prefix n=256") ok
time (mean ± σ)         range (min … max) 
  36.73 ns ±   0.09 ns    36.67 ns …  36.94 ns  in 10 × 100000 runs
[moonbitlang/core] bench builtin/lexical_compare_bench_test.mbt:52 ("bench lexical_compare early-diff n=256") ok
time (mean ± σ)         range (min … max) 
  19.82 ns ±   0.38 ns    19.44 ns …  20.28 ns  in 10 × 100000 runs
[moonbitlang/core] bench builtin/lexical_compare_bench_test.mbt:89 ("bench String::lexical_compare equal n=256") ok
time (mean ± σ)         range (min … max) 
 244.39 ns ±   0.46 ns   243.60 ns … 245.10 ns  in 10 × 100000 runs
[moonbitlang/core] bench builtin/lexical_compare_bench_test.mbt:94 ("bench String::lexical_compare common-prefix n=256") ok
time (mean ± σ)         range (min … max) 
 243.02 ns ±   0.36 ns   242.56 ns … 243.61 ns  in 10 × 100000 runs
[moonbitlang/core] bench builtin/lexical_compare_bench_test.mbt:99 ("bench String::lexical_compare early-diff n=256") ok
time (mean ± σ)         range (min … max) 
  19.85 ns ±   0.05 ns    19.80 ns …  19.94 ns  in 10 × 100000 runs
[moonbitlang/core] bench builtin/lexical_compare_bench_test.mbt:104 ("bench StringView::lexical_compare equal n=256") ok
time (mean ± σ)         range (min … max) 
 245.73 ns ±   0.30 ns   245.36 ns … 246.16 ns  in 10 × 100000 runs
[moonbitlang/core] bench builtin/lexical_compare_bench_test.mbt:109 ("bench StringView::lexical_compare common-prefix n=256") ok
time (mean ± σ)         range (min … max) 
 244.68 ns ±   0.18 ns   244.42 ns … 244.91 ns  in 10 × 100000 runs
[moonbitlang/core] bench builtin/lexical_compare_bench_test.mbt:114 ("bench StringView::lexical_compare early-diff n=256") ok
time (mean ± σ)         range (min … max) 
  17.44 ns ±   0.05 ns    17.38 ns …  17.54 ns  in 10 × 100000 runs
[moonbitlang/core] bench builtin/lexical_compare_bench_test.mbt:121 ("bench String::compare equal-length common-prefix n=256") ok
time (mean ± σ)         range (min … max) 
 194.73 ns ±   1.73 ns   193.64 ns … 198.92 ns  in 10 × 100000 runs
[moonbitlang/core] bench builtin/lexical_compare_bench_test.mbt:128 ("bench StringView::compare equal-length common-prefix n=256") ok
time (mean ± σ)         range (min … max) 
 246.27 ns ±   0.21 ns   246.00 ns … 246.56 ns  in 10 × 100000 runs
[moonbitlang/core] bench builtin/lexical_compare_bench_test.mbt:135 ("bench StringView::compare_ignore_ascii_case common-prefix n=256") ok
time (mean ± σ)         range (min … max) 
 430.16 ns ±   0.29 ns   429.84 ns … 430.73 ns  in 10 × 100000 runs
[moonbitlang/core] bench builtin/contains_code_unit_bench_test.mbt:19 ("bench contains_code_unit absent n=4") ok
time (mean ± σ)         range (min … max) 
  15.23 ns ±   0.02 ns    15.20 ns …  15.27 ns  in 10 × 100000 runs
[moonbitlang/core] bench builtin/contains_code_unit_bench_test.mbt:25 ("bench contains_code_unit absent n=8") ok
time (mean ± σ)         range (min … max) 
  14.97 ns ±   0.15 ns    14.85 ns …  15.35 ns  in 10 × 100000 runs
[moonbitlang/core] bench builtin/contains_code_unit_bench_test.mbt:31 ("bench contains_code_unit present@0 n=8") ok
time (mean ± σ)         range (min … max) 
  14.41 ns ±   0.38 ns    14.04 ns …  14.92 ns  in 10 × 100000 runs
[moonbitlang/core] bench builtin/contains_code_unit_bench_test.mbt:37 ("bench contains_code_unit absent n=16") ok
time (mean ± σ)         range (min … max) 
  15.84 ns ±   0.19 ns    15.69 ns …  16.20 ns  in 10 × 100000 runs
[moonbitlang/core] bench builtin/contains_code_unit_bench_test.mbt:43 ("bench contains_code_unit absent n=64") ok
time (mean ± σ)         range (min … max) 
  18.99 ns ±   0.06 ns    18.92 ns …  19.11 ns  in 10 × 100000 runs
[moonbitlang/core] bench builtin/contains_code_unit_bench_test.mbt:49 ("bench contains_code_unit absent n=256") ok
time (mean ± σ)         range (min … max) 
  32.80 ns ±   0.15 ns    32.70 ns …  33.12 ns  in 10 × 100000 runs
[moonbitlang/core] bench builtin/contains_code_unit_bench_test.mbt:55 ("bench contains_code_unit present@end n=256") ok
time (mean ± σ)         range (min … max) 
  31.87 ns ±   0.10 ns    31.78 ns …  32.10 ns  in 10 × 100000 runs
[moonbitlang/core] bench builtin/contains_code_unit_bench_test.mbt:61 ("bench contains_code_unit present@0 n=256") ok
time (mean ± σ)         range (min … max) 
  14.37 ns ±   0.25 ns    14.05 ns …  14.72 ns  in 10 × 100000 runs
[moonbitlang/core] bench builtin/contains_code_unit_bench_test.mbt:67 ("bench StringView contains_code_unit absent n=256") ok
time (mean ± σ)         range (min … max) 
  33.01 ns ±   0.13 ns    32.92 ns …  33.31 ns  in 10 × 100000 runs
[moonbitlang/core] bench builtin/bytesview_compare_bench_test.mbt:16 ("bench BytesView Compare equal n=1000000") ok
time (mean ± σ)         range (min … max) 
  65.79 µs ±  76.79 ns    65.72 µs …  65.98 µs  in 10 ×   1521 runs
[moonbitlang/core] bench builtin/bytesview_compare_bench_test.mbt:23 ("bench BytesView Compare last-diff n=1000000") ok
time (mean ± σ)         range (min … max) 
  65.83 µs ± 187.95 ns    65.73 µs …  66.34 µs  in 10 ×   1518 runs
[moonbitlang/core] bench builtin/bytes_unsafe_bench_test.mbt:31 ("bench Bytes::unsafe_read_uint16_le n=4096") ok
time (mean ± σ)         range (min … max) 
   2.23 µs ±   1.00 ns     2.23 µs …   2.24 µs  in 10 ×  44733 runs
[moonbitlang/core] bench builtin/bytes_unsafe_bench_test.mbt:43 ("bench Bytes::unsafe_read_uint32_le n=4096") ok
time (mean ± σ)         range (min … max) 
   1.73 µs ±  19.53 ns     1.71 µs …   1.77 µs  in 10 ×  58294 runs
[moonbitlang/core] bench builtin/bytes_unsafe_bench_test.mbt:55 ("bench Bytes::unsafe_read_uint64_le n=4096") ok
time (mean ± σ)         range (min … max) 
   1.51 µs ±   3.39 ns     1.50 µs …   1.51 µs  in 10 ×  66580 runs
[moonbitlang/core] bench builtin/bytes_unsafe_bench_test.mbt:67 ("bench FixedArray::unsafe_write_uint16_le n=4096") ok
time (mean ± σ)         range (min … max) 
   1.41 µs ±   0.31 ns     1.41 µs …   1.41 µs  in 10 ×  70976 runs
[moonbitlang/core] bench builtin/bytes_unsafe_bench_test.mbt:78 ("bench FixedArray::unsafe_write_uint32_le n=4096") ok
time (mean ± σ)         range (min … max) 
   1.41 µs ±   0.83 ns     1.41 µs …   1.41 µs  in 10 ×  71070 runs
[moonbitlang/core] bench builtin/bytes_unsafe_bench_test.mbt:89 ("bench FixedArray::unsafe_write_uint64_le n=4096") ok
time (mean ± σ)         range (min … max) 
   1.42 µs ±   2.28 ns     1.42 µs …   1.43 µs  in 10 ×  70383 runs
[moonbitlang/core] bench builtin/bytes_output_bench_test.mbt:19 ("bench Bytes Show binary n=100000") ok
time (mean ± σ)         range (min … max) 
   1.39 ms ±  12.95 µs     1.37 ms …   1.41 ms  in 10 ×     72 runs
[moonbitlang/core] bench builtin/bytes_output_bench_test.mbt:24 ("bench Bytes ToJson binary n=100000") ok
time (mean ± σ)         range (min … max) 
   1.11 ms ±   8.16 µs     1.10 ms …   1.12 ms  in 10 ×     90 runs
[moonbitlang/core] bench builtin/bytes_hash_bench_test.mbt:54 ("bench Hash::hash(Bytes) n=32") ok
time (mean ± σ)         range (min … max) 
  20.24 ns ±   0.35 ns    19.99 ns …  20.88 ns  in 10 × 100000 runs
[moonbitlang/core] bench builtin/bytes_hash_bench_test.mbt:60 ("bench Hash::hash(Bytes) n=8192") ok
time (mean ± σ)         range (min … max) 
   4.43 µs ±   2.78 ns     4.42 µs …   4.43 µs  in 10 ×  22560 runs
[moonbitlang/core] bench builtin/bytes_hash_bench_test.mbt:66 ("bench Map::at Bytes n=1024 key_bytes=32") ok
time (mean ± σ)         range (min … max) 
  27.05 µs ±  98.87 ns    26.94 µs …  27.20 µs  in 10 ×   3678 runs
[moonbitlang/core] bench builtin/bytes_from_array_bench_test.mbt:30 ("bench Bytes::from_array n=262144 full") ok
time (mean ± σ)         range (min … max) 
   4.09 µs ±   1.21 ns     4.08 µs …   4.09 µs  in 10 ×  24375 runs
[moonbitlang/core] bench builtin/bytes_from_array_bench_test.mbt:41 ("bench Bytes::from_array n=262144 sliced") ok
time (mean ± σ)         range (min … max) 
   4.08 µs ±   1.93 ns     4.07 µs …   4.08 µs  in 10 ×  24341 runs
[moonbitlang/core] bench builtin/bytes_from_array_bench_test.mbt:48 ("bench Bytes::makei from ArrayView n=262144 full") ok
time (mean ± σ)         range (min … max) 
 881.77 µs ±   7.45 µs   875.70 µs … 895.45 µs  in 10 ×    111 runs
[moonbitlang/core] bench builtin/bytes_from_array_bench_test.mbt:59 ("bench Bytes::makei from ArrayView n=262144 sliced") ok
time (mean ± σ)         range (min … max) 
 882.02 µs ±   3.63 µs   877.17 µs … 887.37 µs  in 10 ×    112 runs
[moonbitlang/core] bench builtin/bytes_equal_bench_test.mbt:37 ("bench Bytes::equal n=100000 equal") ok
time (mean ± σ)         range (min … max) 
   4.41 µs ±  41.21 ns     4.38 µs …   4.52 µs  in 10 ×  22859 runs
[moonbitlang/core] bench builtin/bytes_equal_bench_test.mbt:44 ("bench Bytes::equal n=100000 aliased object") ok
time (mean ± σ)         range (min … max) 
  14.24 ns ±   0.42 ns    13.88 ns …  14.78 ns  in 10 × 100000 runs
[moonbitlang/core] bench builtin/bytes_equal_bench_test.mbt:54 ("bench Bytes::equal n=100000 mismatch at end") ok
time (mean ± σ)         range (min … max) 
   4.39 µs ±   2.18 ns     4.39 µs …   4.40 µs  in 10 ×  22779 runs
[moonbitlang/core] bench builtin/bytes_add_bench_test.mbt:16 ("bench Bytes add total=1000000") ok
time (mean ± σ)         range (min … max) 
  16.00 µs ± 104.20 ns    15.94 µs …  16.22 µs  in 10 ×   6155 runs
[moonbitlang/core] bench builtin/bitstring_uint_aligned_bench_test.mbt:24 ("bench Bytes::unsafe_extract_uint_le_aligned n=8192") ok
time (mean ± σ)         range (min … max) 
 885.09 ns ±   0.53 ns   884.33 ns … 885.69 ns  in 10 × 100000 runs
[moonbitlang/core] bench builtin/bitstring_uint64_aligned_bench_test.mbt:24 ("bench Bytes::unsafe_extract_uint64_le_aligned n=8192") ok
time (mean ± σ)         range (min … max) 
 484.65 ns ±   0.57 ns   483.85 ns … 485.39 ns  in 10 × 100000 runs
[moonbitlang/core] bench builtin/bitstring_extract_bench_test.mbt:35 ("bench BytesView uint_le aligned len=32") ok
time (mean ± σ)         range (min … max) 
   1.41 µs ±   2.80 ns     1.41 µs …   1.41 µs  in 10 ×  71127 runs
[moonbitlang/core] bench builtin/bitstring_extract_bench_test.mbt:48 ("bench BytesView uint_be aligned len=32") ok
time (mean ± σ)         range (min … max) 
   2.08 µs ±  22.32 ns     2.04 µs …   2.10 µs  in 10 ×  47094 runs
[moonbitlang/core] bench builtin/bitstring_extract_bench_test.mbt:61 ("bench ArrayView uint_le aligned len=32") ok
time (mean ± σ)         range (min … max) 
   1.41 µs ±   0.39 ns     1.41 µs …   1.41 µs  in 10 ×  71137 runs
[moonbitlang/core] bench builtin/bitstring_extract_bench_test.mbt:75 ("bench ArrayView uint_be aligned len=32") ok
time (mean ± σ)         range (min … max) 
   2.11 µs ±   6.30 ns     2.10 µs …   2.12 µs  in 10 ×  48509 runs
[moonbitlang/core] bench builtin/bitstring_extract_bench_test.mbt:89 ("bench BytesView uint64_le aligned len=64") ok
time (mean ± σ)         range (min … max) 
 711.19 ns ±   0.43 ns   710.77 ns … 711.90 ns  in 10 × 100000 runs
[moonbitlang/core] bench builtin/bitstring_extract_bench_test.mbt:102 ("bench BytesView uint64_be aligned len=64") ok
time (mean ± σ)         range (min … max) 
   1.62 µs ±  11.10 ns     1.60 µs …   1.64 µs  in 10 ×  62186 runs
[moonbitlang/core] bench builtin/bitstring_extract_bench_test.mbt:115 ("bench ArrayView uint64_le aligned len=64") ok
time (mean ± σ)         range (min … max) 
 711.83 ns ±   1.74 ns   710.78 ns … 716.69 ns  in 10 × 100000 runs
[moonbitlang/core] bench builtin/bitstring_extract_bench_test.mbt:129 ("bench ArrayView uint64_be aligned len=64") ok
time (mean ± σ)         range (min … max) 
   1.58 µs ±  12.46 ns     1.57 µs …   1.60 µs  in 10 ×  61402 runs
[moonbitlang/core] bench builtin/bitstring_extract_bench_test.mbt:143 ("bench BytesView uint_le unaligned len=32") ok
time (mean ± σ)         range (min … max) 
  20.56 µs ±  11.68 ns    20.55 µs …  20.58 µs  in 10 ×   4864 runs
[moonbitlang/core] bench builtin/bitstring_extract_bench_test.mbt:156 ("bench BytesView uint64_le unaligned len=64") ok
time (mean ± σ)         range (min … max) 
  16.43 µs ±  58.55 ns    16.36 µs …  16.51 µs  in 10 ×   6064 runs
[moonbitlang/core] bench builtin/bitstring_extract_bench_test.mbt:169 ("bench BytesView uint_le aligned len=16") ok
time (mean ± σ)         range (min … max) 
   2.79 µs ±   0.71 ns     2.79 µs …   2.79 µs  in 10 ×  35788 runs
[moonbitlang/core] bench builtin/bitstring_extract_bench_test.mbt:182 ("bench BytesView uint_le aligned len=24") ok
time (mean ± σ)         range (min … max) 
  15.82 µs ±  91.74 ns    15.72 µs …  16.02 µs  in 10 ×   6306 runs
[moonbitlang/core] bench builtin/array_retain_bench_test.mbt:29 ("bench Array::retain all keep Int n=100000") ok
time (mean ± σ)         range (min … max) 
 176.39 µs ± 449.17 ns   176.12 µs … 177.49 µs  in 10 ×    568 runs
[moonbitlang/core] bench builtin/array_retain_bench_test.mbt:42 ("bench Array::retain all keep Ref n=100000") ok
time (mean ± σ)         range (min … max) 
 178.90 µs ±  56.05 ns   178.83 µs … 178.98 µs  in 10 ×    560 runs
[moonbitlang/core] bench builtin/array_retain_bench_test.mbt:55 ("bench Array::retain drop tail n=100000") ok
time (mean ± σ)         range (min … max) 
  87.57 µs ± 115.96 ns    87.47 µs …  87.75 µs  in 10 ×   1142 runs
[moonbitlang/core] bench builtin/array_retain_bench_test.mbt:66 ("bench Array::retain late sparse drop n=100000") ok
time (mean ± σ)         range (min … max) 
 114.84 µs ±  60.47 ns   114.76 µs … 114.97 µs  in 10 ×    869 runs
[moonbitlang/core] bench builtin/array_retain_bench_test.mbt:77 ("bench Array::retain drop first n=100000") ok
time (mean ± σ)         range (min … max) 
 115.29 µs ± 153.05 ns   115.01 µs … 115.41 µs  in 10 ×    869 runs
[moonbitlang/core] bench builtin/array_make_blit_bench_test.mbt:32 ("bench FixedArray::copy Ref n=1000000") ok
time (mean ± σ)         range (min … max) 
   1.85 ms ±   1.44 µs     1.85 ms …   1.85 ms  in 10 ×     55 runs
[moonbitlang/core] bench builtin/array_make_blit_bench_test.mbt:38 ("bench Array::from_fixed_array Ref n=1000000") ok
time (mean ± σ)         range (min … max) 
   1.85 ms ±   1.06 µs     1.85 ms …   1.85 ms  in 10 ×     55 runs
[moonbitlang/core] bench builtin/array_make_blit_bench_test.mbt:44 ("bench Array::add Ref n=500000+500000") ok
time (mean ± σ)         range (min … max) 
   3.52 ms ±   6.06 µs     3.51 ms …   3.52 ms  in 10 ×     29 runs
[moonbitlang/core] bench builtin/array_make_blit_bench_test.mbt:51 ("bench ArrayView::add Ref n=500000+500000") ok
time (mean ± σ)         range (min … max) 
   3.64 ms ±   5.02 µs     3.64 ms …   3.66 ms  in 10 ×     28 runs
[moonbitlang/core] bench builtin/array_make_blit_bench_test.mbt:60 ("bench Array::blit_to Ref n=1000000 overwrite") ok
time (mean ± σ)         range (min … max) 
   2.85 ms ±  26.99 µs     2.81 ms …   2.87 ms  in 10 ×     35 runs
[moonbitlang/core] bench builtin/array_make_blit_bench_test.mbt:70 ("bench Array::blit_to Ref n=1000000 grow") ok
time (mean ± σ)         range (min … max) 
   4.53 ms ±   7.59 µs     4.52 ms …   4.54 ms  in 10 ×     23 runs
[moonbitlang/core] bench builtin/array_make_blit_bench_test.mbt:80 ("bench ArrayView::blit_to Ref n=1000000 overwrite") ok
time (mean ± σ)         range (min … max) 
   2.86 ms ±   1.35 µs     2.86 ms …   2.86 ms  in 10 ×     35 runs
[moonbitlang/core] bench builtin/array_make_blit_bench_test.mbt:90 ("bench ArrayView::blit_to Ref n=1000000 grow") ok
time (mean ± σ)         range (min … max) 
   4.28 ms ±  14.48 µs     4.26 ms …   4.31 ms  in 10 ×     24 runs
[moonbitlang/core] bench builtin/array_make_blit_bench_test.mbt:100 ("bench Array::append Ref n=1000000 grow") ok
time (mean ± σ)         range (min … max) 
   4.29 ms ±   8.65 µs     4.28 ms …   4.30 ms  in 10 ×     24 runs
[moonbitlang/core] bench builtin/array_make_blit_bench_test.mbt:110 ("bench Array::push Ref n=1000000 resize") ok
time (mean ± σ)         range (min … max) 
   3.86 ms ±  13.58 µs     3.83 ms …   3.88 ms  in 10 ×     26 runs
[moonbitlang/core] bench builtin/array_make_blit_bench_test.mbt:129 ("bench Array::copy Int n=1000000") ok
time (mean ± σ)         range (min … max) 
  62.68 µs ±  25.87 ns    62.64 µs …  62.72 µs  in 10 ×   1593 runs
[moonbitlang/core] bench builtin/array_make_blit_bench_test.mbt:135 ("bench Array::copy Ref n=1000000") ok
time (mean ± σ)         range (min … max) 
   4.28 ms ±  19.92 µs     4.26 ms …   4.30 ms  in 10 ×     24 runs
[moonbitlang/core] bench builtin/array_locals_bench_test.mbt:29 ("bench Array::retain_map n=100000") ok
time (mean ± σ)         range (min … max) 
 143.05 µs ± 259.84 ns   142.67 µs … 143.37 µs  in 10 ×    701 runs
[moonbitlang/core] bench builtin/array_locals_bench_test.mbt:38 ("bench Array::shuffle_in_place n=100000") ok
time (mean ± σ)         range (min … max) 
 204.05 µs ± 676.18 ns   203.58 µs … 205.49 µs  in 10 ×    491 runs
[moonbitlang/core] bench builtin/array_locals_bench_test.mbt:50 ("bench Array::filter_map n=100000") ok
time (mean ± σ)         range (min … max) 
 146.59 µs ± 114.62 ns   146.46 µs … 146.77 µs  in 10 ×    676 runs
[moonbitlang/core] bench builtin/array_locals_bench_test.mbt:58 ("bench FixedArray::each n=100000") ok
time (mean ± σ)         range (min … max) 
 172.69 µs ± 133.51 ns   172.54 µs … 172.93 µs  in 10 ×    579 runs
[moonbitlang/core] bench builtin/array_locals_bench_test.mbt:68 ("bench FixedArray::eachi n=100000") ok
time (mean ± σ)         range (min … max) 
 172.67 µs ± 100.93 ns   172.50 µs … 172.80 µs  in 10 ×    580 runs
[moonbitlang/core] bench builtin/array_locals_bench_test.mbt:78 ("bench FixedArray::rev_each n=100000") ok
time (mean ± σ)         range (min … max) 
 172.40 µs ± 150.97 ns   172.22 µs … 172.68 µs  in 10 ×    581 runs
[moonbitlang/core] bench builtin/array_locals_bench_test.mbt:88 ("bench FixedArray::rev_eachi n=100000") ok
time (mean ± σ)         range (min … max) 
 172.24 µs ±  58.76 ns   172.15 µs … 172.31 µs  in 10 ×    580 runs
[moonbitlang/core] bench builtin/array_locals_bench_test.mbt:98 ("bench FixedArray::map n=100000") ok
time (mean ± σ)         range (min … max) 
 105.51 µs ± 291.33 ns   105.10 µs … 106.19 µs  in 10 ×    952 runs
[moonbitlang/core] bench builtin/array_locals_bench_test.mbt:104 ("bench FixedArray::mapi n=100000") ok
time (mean ± σ)         range (min … max) 
  61.47 µs ± 843.68 ns    60.62 µs …  63.08 µs  in 10 ×   1637 runs
[moonbitlang/core] bench builtin/array_locals_bench_test.mbt:110 ("bench FixedArray::makei n=100000") ok
time (mean ± σ)         range (min … max) 
  85.85 µs ± 642.25 ns    85.23 µs …  87.06 µs  in 10 ×   1145 runs
[moonbitlang/core] bench builtin/array_locals_bench_test.mbt:115 ("bench FixedArray::fold n=100000") ok
time (mean ± σ)         range (min … max) 
  54.15 µs ±   1.31 µs    52.18 µs …  55.27 µs  in 10 ×   1880 runs
[moonbitlang/core] bench builtin/array_locals_bench_test.mbt:121 ("bench FixedArray::rev_fold n=100000") ok
time (mean ± σ)         range (min … max) 
  53.79 µs ± 909.68 ns    52.93 µs …  55.21 µs  in 10 ×   1836 runs
[moonbitlang/core] bench builtin/array_locals_bench_test.mbt:127 ("bench FixedArray::foldi n=100000") ok
time (mean ± σ)         range (min … max) 
  59.74 µs ±  50.81 ns    59.65 µs …  59.81 µs  in 10 ×   1676 runs
[moonbitlang/core] bench builtin/array_locals_bench_test.mbt:133 ("bench FixedArray::rev_foldi n=100000") ok
time (mean ± σ)         range (min … max) 
  59.51 µs ± 102.66 ns    59.44 µs …  59.79 µs  in 10 ×   1682 runs
[moonbitlang/core] bench builtin/array_locals_bench_test.mbt:139 ("bench ArrayView::chunk_by n=100000") ok
time (mean ± σ)         range (min … max) 
  84.02 µs ± 238.21 ns    83.64 µs …  84.43 µs  in 10 ×   1188 runs
[moonbitlang/core] bench builtin/array_locals_bench_test.mbt:146 ("bench ArrayView::each n=100000") ok
time (mean ± σ)         range (min … max) 
 172.13 µs ± 133.79 ns   171.91 µs … 172.33 µs  in 10 ×    582 runs
[moonbitlang/core] bench builtin/array_locals_bench_test.mbt:157 ("bench ArrayView::eachi n=100000") ok
time (mean ± σ)         range (min … max) 
 172.20 µs ±  68.25 ns   172.11 µs … 172.32 µs  in 10 ×    582 runs
[moonbitlang/core] bench builtin/array_locals_bench_test.mbt:168 ("bench ArrayView::rev_each n=100000") ok
time (mean ± σ)         range (min … max) 
 176.89 µs ± 140.09 ns   176.68 µs … 177.08 µs  in 10 ×    565 runs
[moonbitlang/core] bench builtin/array_locals_bench_test.mbt:179 ("bench ArrayView::rev_eachi n=100000") ok
time (mean ± σ)         range (min … max) 
 177.22 µs ± 101.23 ns   177.09 µs … 177.39 µs  in 10 ×    565 runs
[moonbitlang/core] bench builtin/array_locals_bench_test.mbt:190 ("bench ArrayView::all n=100000") ok
time (mean ± σ)         range (min … max) 
  60.01 µs ± 437.10 ns    59.46 µs …  60.60 µs  in 10 ×   1653 runs
[moonbitlang/core] bench builtin/array_locals_bench_test.mbt:197 ("bench ArrayView::any n=100000") ok
time (mean ± σ)         range (min … max) 
  57.10 µs ± 603.30 ns    56.33 µs …  57.93 µs  in 10 ×   1737 runs
[moonbitlang/core] bench builtin/array_locals_bench_test.mbt:204 ("bench ArrayView::search_by n=100000") ok
time (mean ± σ)         range (min … max) 
  64.12 µs ±   2.30 µs    61.57 µs …  66.38 µs  in 10 ×   1509 runs
[moonbitlang/core] bench builtin/array_locals_bench_test.mbt:213 ("bench ArrayView::fold n=100000") ok
time (mean ± σ)         range (min … max) 
  57.48 µs ±   1.18 µs    56.36 µs …  59.11 µs  in 10 ×   1709 runs
[moonbitlang/core] bench builtin/array_locals_bench_test.mbt:220 ("bench ArrayView::rev_fold n=100000") ok
time (mean ± σ)         range (min … max) 
  55.97 µs ± 140.91 ns    55.83 µs …  56.23 µs  in 10 ×   1786 runs
[moonbitlang/core] bench builtin/array_locals_bench_test.mbt:227 ("bench ArrayView::foldi n=100000") ok
time (mean ± σ)         range (min … max) 
  59.65 µs ± 287.13 ns    59.26 µs …  59.94 µs  in 10 ×   1683 runs
[moonbitlang/core] bench builtin/array_locals_bench_test.mbt:234 ("bench ArrayView::rev_foldi n=100000") ok
time (mean ± σ)         range (min … max) 
  68.04 µs ± 148.51 ns    67.85 µs …  68.29 µs  in 10 ×   1466 runs
[moonbitlang/core] bench builtin/array_locals_bench_test.mbt:241 ("bench ArrayView::map n=100000") ok
time (mean ± σ)         range (min … max) 
  85.07 µs ±  60.34 ns    84.98 µs …  85.15 µs  in 10 ×   1172 runs
[moonbitlang/core] bench builtin/array_locals_bench_test.mbt:248 ("bench ArrayView::mapi n=100000") ok
time (mean ± σ)         range (min … max) 
  86.86 µs ±  62.29 ns    86.80 µs …  86.97 µs  in 10 ×   1149 runs
[moonbitlang/core] bench builtin/array_locals_bench_test.mbt:255 ("bench ArrayView::filter n=100000") ok
time (mean ± σ)         range (min … max) 
 131.69 µs ± 735.24 ns   131.08 µs … 133.44 µs  in 10 ×    746 runs
[moonbitlang/core] bench builtin/array_locals_bench_test.mbt:262 ("bench ArrayView::filter_map n=100000") ok
time (mean ± σ)         range (min … max) 
 150.95 µs ± 866.92 ns   149.99 µs … 152.06 µs  in 10 ×    661 runs
[moonbitlang/core] bench bytes/find_bench_test.mbt:92 ("bench BytesView::find single byte hit end n=4096") ok
time (mean ± σ)         range (min … max) 
 310.72 ns ±   0.31 ns   310.34 ns … 311.23 ns  in 10 × 100000 runs
[moonbitlang/core] bench bytes/find_bench_test.mbt:99 ("bench BytesView::find single byte miss n=4096") ok
time (mean ± σ)         range (min … max) 
 306.94 ns ±   0.22 ns   306.62 ns … 307.28 ns  in 10 × 100000 runs
[moonbitlang/core] bench bytes/find_bench_test.mbt:106 ("bench BytesView::find substring rare hit end n=4096") ok
time (mean ± σ)         range (min … max) 
 408.31 ns ±   0.38 ns   407.87 ns … 408.96 ns  in 10 × 100000 runs
[moonbitlang/core] bench bytes/find_bench_test.mbt:113 ("bench BytesView::find substring dense miss n=4096") ok
time (mean ± σ)         range (min … max) 
 419.87 ns ±   0.29 ns   419.49 ns … 420.30 ns  in 10 × 100000 runs
[moonbitlang/core] bench bytes/find_bench_test.mbt:120 ("bench BytesView::find offset view rare hit end n=4096") ok
time (mean ± σ)         range (min … max) 
 406.69 ns ±   0.42 ns   406.11 ns … 407.44 ns  in 10 × 100000 runs
[moonbitlang/core] bench bytes/find_bench_test.mbt:127 ("bench BytesView::find long dense miss n=4096") ok
time (mean ± σ)         range (min … max) 
   4.70 µs ±   2.93 ns     4.70 µs …   4.71 µs  in 10 ×  21275 runs
[moonbitlang/core] bench bytes/find_bench_test.mbt:134 ("bench BytesView::find single byte miss n=32") ok
time (mean ± σ)         range (min … max) 
  18.49 ns ±   0.04 ns    18.43 ns …  18.56 ns  in 10 × 100000 runs
[moonbitlang/core] bench bytes/find_bench_test.mbt:141 ("bench BytesView::find substring miss n=32") ok
time (mean ± σ)         range (min … max) 
  28.87 ns ±   0.02 ns    28.83 ns …  28.91 ns  in 10 × 100000 runs
[moonbitlang/core] bench bytes/find_bench_test.mbt:148 ("bench BytesView::rev_find single byte hit start n=4096") ok
time (mean ± σ)         range (min … max) 
 298.03 ns ±   0.51 ns   297.51 ns … 298.79 ns  in 10 × 100000 runs
[moonbitlang/core] bench bytes/find_bench_test.mbt:155 ("bench BytesView::rev_find single byte miss n=4096") ok
time (mean ± σ)         range (min … max) 
 290.56 ns ±   0.27 ns   290.28 ns … 291.12 ns  in 10 × 100000 runs
[moonbitlang/core] bench bytes/find_bench_test.mbt:162 ("bench BytesView::rev_find substring rare hit start n=4096") ok
time (mean ± σ)         range (min … max) 
 408.95 ns ±   2.71 ns   403.68 ns … 410.77 ns  in 10 × 100000 runs
[moonbitlang/core] bench bytes/find_bench_test.mbt:169 ("bench BytesView::rev_find substring dense miss n=4096") ok
time (mean ± σ)         range (min … max) 
 407.92 ns ±   1.36 ns   404.32 ns … 409.26 ns  in 10 × 100000 runs
[moonbitlang/core] bench bytes/find_bench_test.mbt:176 ("bench BytesView::rev_find offset view rare hit start n=4096") ok
time (mean ± σ)         range (min … max) 
 409.93 ns ±   1.20 ns   409.07 ns … 412.56 ns  in 10 × 100000 runs
[moonbitlang/core] bench bytes/find_bench_test.mbt:185 ("bench BytesView::rev_find long dense miss n=4096") ok
time (mean ± σ)         range (min … max) 
 401.56 ns ±   2.65 ns   399.74 ns … 406.56 ns  in 10 × 100000 runs
[moonbitlang/core] bench debug/debug_inspect_bench_test.mbt:16 ("bench debug_inspect passing Int") ok
time (mean ± σ)         range (min … max) 
 266.45 ns ±   0.47 ns   265.63 ns … 267.02 ns  in 10 × 100000 runs
[moonbitlang/core] bench debug/debug_inspect_bench_test.mbt:21 ("bench debug_inspect passing Array") ok
time (mean ± σ)         range (min … max) 
   2.81 µs ±   5.77 ns     2.81 µs …   2.83 µs  in 10 ×  35616 runs
[moonbitlang/core] bench deque/deque_bench_test.mbt:22 ("bench Deque::to_array Int n=50000") ok
time (mean ± σ)         range (min … max) 
 141.33 µs ± 664.06 ns   140.76 µs … 142.30 µs  in 10 ×    711 runs
[moonbitlang/core] bench deque/deque_bench_test.mbt:28 ("bench Deque::to_array Ref n=50000") ok
time (mean ± σ)         range (min … max) 
 330.88 µs ±   2.33 µs   328.44 µs … 333.49 µs  in 10 ×    304 runs
[moonbitlang/core] bench deque/deque_bench_test.mbt:34 ("bench Deque steady-state pop_front/push_back x100000 len=1000") ok
time (mean ± σ)         range (min … max) 
 632.82 µs ±   4.36 µs   629.09 µs … 642.07 µs  in 10 ×    156 runs
[moonbitlang/core] bench deque/deque_bench_test.mbt:51 ("bench Deque steady-state push_front/pop_back x100000 len=1000") ok
time (mean ± σ)         range (min … max) 
 745.91 µs ±   4.28 µs   740.38 µs … 753.28 µs  in 10 ×    135 runs
[moonbitlang/core] bench deque/deque_bench_test.mbt:67 ("bench Deque::get x100000 len=1000") ok
time (mean ± σ)         range (min … max) 
 599.40 µs ± 233.82 ns   599.11 µs … 599.84 µs  in 10 ×    167 runs
[moonbitlang/core] bench encoding/ascii/ascii_bench_test.mbt:40 ("bench ASCII decode n=15") ok
time (mean ± σ)         range (min … max) 
  43.60 ns ±   0.19 ns    43.44 ns …  43.95 ns  in 10 × 100000 runs
[moonbitlang/core] bench encoding/ascii/ascii_bench_test.mbt:46 ("bench ASCII decode n=16") ok
time (mean ± σ)         range (min … max) 
  43.01 ns ±   0.12 ns    42.88 ns …  43.21 ns  in 10 × 100000 runs
[moonbitlang/core] bench encoding/ascii/ascii_bench_test.mbt:52 ("bench ASCII decode n=32") ok
time (mean ± σ)         range (min … max) 
  55.14 ns ±   0.88 ns    54.61 ns …  56.81 ns  in 10 × 100000 runs
[moonbitlang/core] bench encoding/ascii/ascii_bench_test.mbt:58 ("bench ASCII decode n=64") ok
time (mean ± σ)         range (min … max) 
  49.53 ns ±   0.27 ns    49.28 ns …  50.02 ns  in 10 × 100000 runs
[moonbitlang/core] bench encoding/ascii/ascii_bench_test.mbt:64 ("bench ASCII decode n=100000") ok
time (mean ± σ)         range (min … max) 
  16.71 µs ±  65.12 ns    16.60 µs …  16.86 µs  in 10 ×   4922 runs
[moonbitlang/core] bench encoding/ascii/ascii_bench_test.mbt:70 ("bench ASCII decode n=1000000") ok
time (mean ± σ)         range (min … max) 
 162.71 µs ± 936.78 ns   161.93 µs … 164.86 µs  in 10 ×    600 runs
[moonbitlang/core] bench encoding/base64/v128_bench_wbtest.mbt:38 ("bench encode scalar n=64") ok
time (mean ± σ)         range (min … max) 
 555.83 ns ±   3.69 ns   550.39 ns … 560.89 ns  in 10 × 100000 runs
[moonbitlang/core] bench encoding/base64/v128_bench_wbtest.mbt:43 ("bench encode v128 n=64") ok
time (mean ± σ)         range (min … max) 
 117.20 ns ±   0.23 ns   116.90 ns … 117.59 ns  in 10 × 100000 runs
[moonbitlang/core] bench encoding/base64/v128_bench_wbtest.mbt:48 ("bench encode scalar n=1024") ok
time (mean ± σ)         range (min … max) 
   7.37 µs ±  15.37 ns     7.34 µs …   7.39 µs  in 10 ×  13471 runs
[moonbitlang/core] bench encoding/base64/v128_bench_wbtest.mbt:53 ("bench encode v128 n=1024") ok
time (mean ± σ)         range (min … max) 
 758.16 ns ±   0.56 ns   757.41 ns … 759.23 ns  in 10 × 100000 runs
[moonbitlang/core] bench encoding/base64/v128_bench_wbtest.mbt:58 ("bench encode scalar n=65536") ok
time (mean ± σ)         range (min … max) 
 457.27 µs ±   1.15 µs   454.65 µs … 459.17 µs  in 10 ×    218 runs
[moonbitlang/core] bench encoding/base64/v128_bench_wbtest.mbt:63 ("bench encode v128 n=65536") ok
time (mean ± σ)         range (min … max) 
  50.57 µs ±  71.36 ns    50.48 µs …  50.74 µs  in 10 ×   1992 runs
[moonbitlang/core] bench encoding/base64/v128_bench_wbtest.mbt:68 ("bench decode scalar n=64") ok
time (mean ± σ)         range (min … max) 
 502.20 ns ±   0.29 ns   501.75 ns … 502.70 ns  in 10 × 100000 runs
[moonbitlang/core] bench encoding/base64/v128_bench_wbtest.mbt:75 ("bench decode v128 n=64") ok
time (mean ± σ)         range (min … max) 
 142.64 ns ±   0.18 ns   142.35 ns … 142.85 ns  in 10 × 100000 runs
[moonbitlang/core] bench encoding/base64/v128_bench_wbtest.mbt:80 ("bench decode scalar n=1024") ok
time (mean ± σ)         range (min … max) 
   7.62 µs ± 335.73 ns     7.10 µs …   7.93 µs  in 10 ×  12707 runs
[moonbitlang/core] bench encoding/base64/v128_bench_wbtest.mbt:87 ("bench decode v128 n=1024") ok
time (mean ± σ)         range (min … max) 
 506.93 ns ±   0.37 ns   506.47 ns … 507.41 ns  in 10 × 100000 runs
[moonbitlang/core] bench encoding/base64/v128_bench_wbtest.mbt:92 ("bench decode scalar n=65536") ok
time (mean ± σ)         range (min … max) 
 782.99 µs ±   1.09 µs   781.39 µs … 784.36 µs  in 10 ×    128 runs
[moonbitlang/core] bench encoding/base64/v128_bench_wbtest.mbt:99 ("bench decode v128 n=65536") ok
time (mean ± σ)         range (min … max) 
  24.63 µs ±  28.21 ns    24.60 µs …  24.68 µs  in 10 ×   4047 runs
[moonbitlang/core] bench encoding/hex/v128_bench_wbtest.mbt:34 ("bench encode scalar 4k") ok
time (mean ± σ)         range (min … max) 
  33.25 µs ± 250.95 ns    32.92 µs …  33.53 µs  in 10 ×   2977 runs
[moonbitlang/core] bench encoding/hex/v128_bench_wbtest.mbt:39 ("bench encode public 64") ok
time (mean ± σ)         range (min … max) 
  77.02 ns ±   0.14 ns    76.75 ns …  77.18 ns  in 10 × 100000 runs
[moonbitlang/core] bench encoding/hex/v128_bench_wbtest.mbt:44 ("bench encode public 4k") ok
time (mean ± σ)         range (min … max) 
 983.14 ns ±   9.72 ns   965.24 ns … 997.92 ns  in 10 × 100000 runs
[moonbitlang/core] bench encoding/hex/v128_bench_wbtest.mbt:49 ("bench encode public 64k") ok
time (mean ± σ)         range (min … max) 
  15.20 µs ±  32.23 ns    15.15 µs …  15.23 µs  in 10 ×   6575 runs
[moonbitlang/core] bench encoding/hex/v128_bench_wbtest.mbt:54 ("bench decode scalar 4k") ok
time (mean ± σ)         range (min … max) 
  22.05 µs ±   1.70 µs    20.28 µs …  24.58 µs  in 10 ×   4494 runs
[moonbitlang/core] bench encoding/hex/v128_bench_wbtest.mbt:62 ("bench decode public 4k") ok
time (mean ± σ)         range (min … max) 
   1.28 µs ±   0.71 ns     1.28 µs …   1.28 µs  in 10 ×  78268 runs
[moonbitlang/core] bench encoding/hex/v128_bench_wbtest.mbt:70 ("bench decode public 64k") ok
time (mean ± σ)         range (min … max) 
  19.76 µs ±  14.47 ns    19.73 µs …  19.77 µs  in 10 ×   5063 runs
[moonbitlang/core] bench encoding/utf16/utf16_v128_bench_test.mbt:57 ("bench utf16 encode ASCII LE n=100000") ok
time (mean ± σ)         range (min … max) 
 160.93 µs ± 376.88 ns   160.37 µs … 161.63 µs  in 10 ×    623 runs
[moonbitlang/core] bench encoding/utf16/utf16_v128_bench_test.mbt:63 ("bench utf16 encode ASCII BE n=100000") ok
time (mean ± σ)         range (min … max) 
 171.09 µs ± 418.56 ns   170.64 µs … 171.77 µs  in 10 ×    587 runs
[moonbitlang/core] bench encoding/utf16/utf16_v128_bench_test.mbt:69 ("bench utf16 encode mixed LE n=100000") ok
time (mean ± σ)         range (min … max) 
 160.48 µs ±  98.26 ns   160.34 µs … 160.61 µs  in 10 ×    620 runs
[moonbitlang/core] bench encoding/utf16/utf16_v128_bench_test.mbt:75 ("bench utf16 encode mixed BE n=100000") ok
time (mean ± σ)         range (min … max) 
 171.18 µs ± 137.11 ns   170.95 µs … 171.40 µs  in 10 ×    585 runs
[moonbitlang/core] bench encoding/utf16/utf16_v128_bench_test.mbt:81 ("bench utf16 decode ASCII LE n=100000") ok
time (mean ± σ)         range (min … max) 
  18.47 µs ±  26.88 ns    18.43 µs …  18.51 µs  in 10 ×   5405 runs
[moonbitlang/core] bench encoding/utf16/utf16_v128_bench_test.mbt:87 ("bench utf16 decode ASCII BE n=100000") ok
time (mean ± σ)         range (min … max) 
  32.36 µs ±  52.41 ns    32.26 µs …  32.43 µs  in 10 ×   3087 runs
[moonbitlang/core] bench encoding/utf16/utf16_v128_bench_test.mbt:95 ("bench utf16 decode mixed LE n=100000") ok
time (mean ± σ)         range (min … max) 
  18.36 µs ± 128.78 ns    18.23 µs …  18.57 µs  in 10 ×   5412 runs
[moonbitlang/core] bench encoding/utf16/utf16_v128_bench_test.mbt:101 ("bench utf16 decode mixed BE n=100000") ok
time (mean ± σ)         range (min … max) 
  32.55 µs ± 103.62 ns    32.47 µs …  32.74 µs  in 10 ×   3072 runs
[moonbitlang/core] bench encoding/utf16/utf16_v128_bench_test.mbt:109 ("bench utf16 decode emoji LE n=100000") ok
time (mean ± σ)         range (min … max) 
 537.96 µs ± 315.99 ns   537.60 µs … 538.54 µs  in 10 ×    187 runs
[moonbitlang/core] bench encoding/utf16/utf16_v128_bench_test.mbt:115 ("bench utf16 decode emoji BE n=100000") ok
time (mean ± σ)         range (min … max) 
 549.24 µs ± 395.31 ns   548.82 µs … 549.90 µs  in 10 ×    183 runs
[moonbitlang/core] bench hashmap/hashmap_bench_test.mbt:19 ("bench HashMap::set n=50000") ok
time (mean ± σ)         range (min … max) 
   2.96 ms ±   3.06 µs     2.95 ms …   2.96 ms  in 10 ×     34 runs
[moonbitlang/core] bench hashmap/hashmap_bench_test.mbt:30 ("bench HashMap::get n=50000") ok
time (mean ± σ)         range (min … max) 
 522.47 µs ±   1.25 µs   520.57 µs … 523.81 µs  in 10 ×    192 runs
[moonbitlang/core] bench hashmap/hashmap_bench_test.mbt:47 ("bench HashMap::get miss n=50000") ok
time (mean ± σ)         range (min … max) 
 650.18 µs ±   1.28 µs   649.31 µs … 653.73 µs  in 10 ×    154 runs
[moonbitlang/core] bench hashmap/hashmap_bench_test.mbt:67 ("bench HashMap::set+remove n=50000") ok
time (mean ± σ)         range (min … max) 
   3.34 ms ±   1.21 µs     3.34 ms …   3.34 ms  in 10 ×     30 runs
[moonbitlang/core] bench hashmap/hashmap_bench_test.mbt:87 ("bench HashMap::copy+remove n=50000") ok
time (mean ± σ)         range (min … max) 
   2.05 ms ±   5.00 µs     2.04 ms …   2.05 ms  in 10 ×     49 runs
[moonbitlang/core] bench hashmap/hashmap_bench_test.mbt:102 ("bench HashMap::copy n=50000") ok
time (mean ± σ)         range (min … max) 
   1.60 ms ± 732.27 ns     1.60 ms …   1.60 ms  in 10 ×     63 runs
[moonbitlang/core] bench hashmap/hashmap_bench_test.mbt:114 ("bench HashMap::to_array Int n=50000") ok
time (mean ± σ)         range (min … max) 
   1.09 ms ± 973.52 ns     1.09 ms …   1.10 ms  in 10 ×     92 runs
[moonbitlang/core] bench hashmap/hashmap_bench_test.mbt:123 ("bench HashMap::to_array Ref n=50000") ok
time (mean ± σ)         range (min … max) 
   1.21 ms ±   5.92 µs     1.21 ms …   1.22 ms  in 10 ×     82 runs
[moonbitlang/core] bench hashmap/hashmap_bench_test.mbt:141 ("bench HashMap::filter n=50000") ok
time (mean ± σ)         range (min … max) 
   1.56 ms ± 586.95 ns     1.56 ms …   1.56 ms  in 10 ×     65 runs
[moonbitlang/core] bench hashmap/hashmap_bench_test.mbt:147 ("bench HashMap comprehension filter n=50000") ok
time (mean ± σ)         range (min … max) 
   3.86 ms ±   3.62 µs     3.85 ms …   3.87 ms  in 10 ×     26 runs
[moonbitlang/core] bench hashset/set_algebra_bench_test.mbt:26 ("bench HashSet::union String 10k 50% overlap") ok
time (mean ± σ)         range (min … max) 
   1.00 ms ± 987.16 ns   999.32 µs …   1.00 ms  in 10 ×    100 runs
[moonbitlang/core] bench hashset/set_algebra_bench_test.mbt:33 ("bench HashSet::union Int 10k 50% overlap") ok
time (mean ± σ)         range (min … max) 
 871.03 µs ± 528.02 ns   870.12 µs … 872.13 µs  in 10 ×    115 runs
[moonbitlang/core] bench hashset/set_algebra_bench_test.mbt:40 ("bench HashSet::intersection String 10k 50% overlap") ok
time (mean ± σ)         range (min … max) 
 553.09 µs ±   1.08 µs   552.38 µs … 556.01 µs  in 10 ×    181 runs
[moonbitlang/core] bench hashset/set_algebra_bench_test.mbt:47 ("bench HashSet::difference String 10k 50% overlap") ok
time (mean ± σ)         range (min … max) 
 515.75 µs ±   1.78 µs   513.72 µs … 518.21 µs  in 10 ×    195 runs
[moonbitlang/core] bench hashset/set_algebra_bench_test.mbt:54 ("bench HashSet::is_subset String 10k true") ok
time (mean ± σ)         range (min … max) 
 188.56 µs ± 262.56 ns   188.25 µs … 189.16 µs  in 10 ×    524 runs
[moonbitlang/core] bench hashset/set_algebra_bench_test.mbt:61 ("bench HashSet == String 10k") ok
time (mean ± σ)         range (min … max) 
 189.21 µs ± 111.15 ns   189.04 µs … 189.38 µs  in 10 ×    522 runs
[moonbitlang/core] bench hashset/set_algebra_bench_test.mbt:68 ("bench HashSet == Int 10k") ok
time (mean ± σ)         range (min … max) 
  96.15 µs ±   5.28 µs    89.96 µs … 101.18 µs  in 10 ×   1107 runs
[moonbitlang/core] bench hashset/hashset_bench_test.mbt:19 ("bench HashSet::add n=50000") ok
time (mean ± σ)         range (min … max) 
   3.00 ms ±   1.25 µs     3.00 ms …   3.00 ms  in 10 ×     34 runs
[moonbitlang/core] bench hashset/hashset_bench_test.mbt:30 ("bench HashSet::contains n=50000") ok
time (mean ± σ)         range (min … max) 
   1.12 ms ±   6.35 µs     1.11 ms …   1.12 ms  in 10 ×     90 runs
[moonbitlang/core] bench hashset/hashset_bench_test.mbt:56 ("bench HashSet::filter n=50000") ok
time (mean ± σ)         range (min … max) 
 760.94 µs ±   2.12 µs   757.49 µs … 763.52 µs  in 10 ×    133 runs
[moonbitlang/core] bench hashset/hashset_bench_test.mbt:62 ("bench HashSet comprehension filter n=50000") ok
time (mean ± σ)         range (min … max) 
   1.46 ms ±   3.86 µs     1.46 ms …   1.47 ms  in 10 ×     69 runs
[moonbitlang/core] bench immut/hashmap/update_bench_test.mbt:21 ("bench HashMap::remove absent x1000 n=100000") ok
time (mean ± σ)         range (min … max) 
  43.84 µs ± 143.65 ns    43.63 µs …  43.97 µs  in 10 ×   2288 runs
[moonbitlang/core] bench immut/hashmap/update_bench_test.mbt:32 ("bench HashMap::remove present x1000 n=100000") ok
time (mean ± σ)         range (min … max) 
 676.08 µs ± 212.55 ns   675.84 µs … 676.49 µs  in 10 ×    148 runs
[moonbitlang/core] bench immut/hashmap/update_bench_test.mbt:43 ("bench HashMap::union with a derived version n=100000") ok
time (mean ± σ)         range (min … max) 
   1.22 µs ±   7.97 ns     1.21 µs …   1.23 µs  in 10 ×  81462 runs
[moonbitlang/core] bench immut/hashmap/update_bench_test.mbt:49 ("bench HashMap::intersection with a derived version n=100000") ok
time (mean ± σ)         range (min … max) 
   1.54 µs ±   8.55 ns     1.53 µs …   1.56 µs  in 10 ×  64325 runs
[moonbitlang/core] bench immut/hashmap/hashmap_build_bench_test.mbt:37 ("bench HashMap constructor ordered n=10000") ok
time (mean ± σ)         range (min … max) 
   2.26 ms ±   5.88 µs     2.26 ms …   2.27 ms  in 10 ×     45 runs
[moonbitlang/core] bench immut/hashmap/hashmap_build_bench_test.mbt:43 ("bench HashMap constructor random n=10000") ok
time (mean ± σ)         range (min … max) 
   2.27 ms ±   4.70 µs     2.27 ms …   2.29 ms  in 10 ×     45 runs
[moonbitlang/core] bench immut/hashmap/hashmap_build_bench_test.mbt:49 ("bench HashMap::from_iter random n=10000") ok
time (mean ± σ)         range (min … max) 
   2.31 ms ±   1.08 µs     2.31 ms …   2.31 ms  in 10 ×     44 runs
[moonbitlang/core] bench immut/hashset/update_bench_test.mbt:21 ("bench HashSet::add existing x1000 n=100000") ok
time (mean ± σ)         range (min … max) 
  54.98 µs ±  18.81 ns    54.95 µs …  55.01 µs  in 10 ×   1829 runs
[moonbitlang/core] bench immut/hashset/update_bench_test.mbt:32 ("bench HashSet::remove absent x1000 n=100000") ok
time (mean ± σ)         range (min … max) 
  43.18 µs ±  17.63 ns    43.16 µs …  43.22 µs  in 10 ×   2316 runs
[moonbitlang/core] bench immut/hashset/update_bench_test.mbt:43 ("bench HashSet::add new x1000 n=100000") ok
time (mean ± σ)         range (min … max) 
 661.23 µs ± 531.58 ns   660.65 µs … 662.15 µs  in 10 ×    152 runs
[moonbitlang/core] bench immut/hashset/update_bench_test.mbt:54 ("bench HashSet::union with a derived version n=100000") ok
time (mean ± σ)         range (min … max) 
   1.21 µs ±   6.42 ns     1.20 µs …   1.22 µs  in 10 ×  83511 runs
[moonbitlang/core] bench immut/hashset/hashset_build_bench_test.mbt:34 ("bench HashSet constructor ordered n=10000") ok
time (mean ± σ)         range (min … max) 
   2.24 ms ±   4.07 µs     2.23 ms …   2.25 ms  in 10 ×     45 runs
[moonbitlang/core] bench immut/hashset/hashset_build_bench_test.mbt:40 ("bench HashSet constructor random n=10000") ok
time (mean ± σ)         range (min … max) 
   2.25 ms ±  10.68 µs     2.23 ms …   2.26 ms  in 10 ×     45 runs
[moonbitlang/core] bench immut/hashset/hashset_build_bench_test.mbt:46 ("bench HashSet::from_iter random n=10000") ok
time (mean ± σ)         range (min … max) 
   2.27 ms ± 970.89 ns     2.27 ms …   2.27 ms  in 10 ×     45 runs
[moonbitlang/core] bench immut/priority_queue/priority_queue_build_bench_test.mbt:38 ("bench PriorityQueue::from_array ordered n=10000") ok
time (mean ± σ)         range (min … max) 
 160.09 µs ±  92.72 ns   159.95 µs … 160.21 µs  in 10 ×    622 runs
[moonbitlang/core] bench immut/priority_queue/priority_queue_build_bench_test.mbt:44 ("bench PriorityQueue::from_array reverse n=10000") ok
time (mean ± σ)         range (min … max) 
 148.86 µs ± 104.39 ns   148.74 µs … 149.03 µs  in 10 ×    671 runs
[moonbitlang/core] bench immut/priority_queue/priority_queue_build_bench_test.mbt:50 ("bench PriorityQueue::from_array random n=10000") ok
time (mean ± σ)         range (min … max) 
 162.13 µs ± 348.31 ns   161.35 µs … 162.48 µs  in 10 ×    617 runs
[moonbitlang/core] bench immut/priority_queue/priority_queue_build_bench_test.mbt:56 ("bench PriorityQueue::from_iter random n=10000") ok
time (mean ± σ)         range (min … max) 
 214.92 µs ± 595.15 ns   214.54 µs … 216.11 µs  in 10 ×    463 runs
[moonbitlang/core] bench immut/sorted_map/sorted_map_build_bench_test.mbt:54 ("bench SortedMap constructor reverse n=10000") ok
time (mean ± σ)         range (min … max) 
 237.23 µs ± 176.70 ns   236.90 µs … 237.46 µs  in 10 ×    424 runs
[moonbitlang/core] bench immut/sorted_map/sorted_map_build_bench_test.mbt:60 ("bench SortedMap::from_iter ordered n=10000") ok
time (mean ± σ)         range (min … max) 
   6.31 ms ±  11.55 µs     6.30 ms …   6.33 ms  in 10 ×     17 runs
[moonbitlang/core] bench immut/sorted_map/sorted_map_build_bench_test.mbt:66 ("bench SortedMap::from_iter almost ordered n=10000") ok
time (mean ± σ)         range (min … max) 
   6.33 ms ±  10.73 µs     6.31 ms …   6.34 ms  in 10 ×     17 runs
[moonbitlang/core] bench immut/sorted_map/sorted_map_build_bench_test.mbt:72 ("bench SortedMap::from_iter random n=10000") ok
time (mean ± σ)         range (min … max) 
   4.07 ms ±   5.74 µs     4.06 ms …   4.08 ms  in 10 ×     25 runs
[moonbitlang/core] bench immut/sorted_map/sorted_map_build_bench_test.mbt:78 ("bench SortedMap constructor ordered n=10000") ok
time (mean ± σ)         range (min … max) 
 250.92 µs ± 228.21 ns   250.45 µs … 251.28 µs  in 10 ×    401 runs
[moonbitlang/core] bench immut/sorted_map/sorted_map_build_bench_test.mbt:84 ("bench SortedMap constructor almost ordered n=10000") ok
time (mean ± σ)         range (min … max) 
 596.82 µs ±   4.00 µs   592.32 µs … 601.06 µs  in 10 ×    167 runs
[moonbitlang/core] bench immut/sorted_map/sorted_map_build_bench_test.mbt:90 ("bench SortedMap constructor random n=10000") ok
time (mean ± σ)         range (min … max) 
   2.10 ms ±   1.33 µs     2.10 ms …   2.10 ms  in 10 ×     48 runs
[moonbitlang/core] bench immut/sorted_map/merge_bench_test.mbt:29 ("bench merge disjoint n=1000") ok
time (mean ± σ)         range (min … max) 
   8.05 µs ±  53.82 ns     8.00 µs …   8.11 µs  in 10 ×  12320 runs
[moonbitlang/core] bench immut/sorted_map/merge_bench_test.mbt:36 ("bench merge disjoint n=5000") ok
time (mean ± σ)         range (min … max) 
  12.04 µs ±   8.89 ns    12.03 µs …  12.06 µs  in 10 ×   8291 runs
[moonbitlang/core] bench immut/sorted_map/merge_bench_test.mbt:43 ("bench merge disjoint n=10000") ok
time (mean ± σ)         range (min … max) 
  14.33 µs ±  10.20 ns    14.31 µs …  14.34 µs  in 10 ×   6994 runs
[moonbitlang/core] bench immut/sorted_map/merge_bench_test.mbt:50 ("bench merge overlapping 50% n=1000") ok
time (mean ± σ)         range (min … max) 
  27.26 µs ±  15.49 ns    27.24 µs …  27.29 µs  in 10 ×   3665 runs
[moonbitlang/core] bench immut/sorted_map/merge_bench_test.mbt:57 ("bench merge overlapping 50% n=5000") ok
time (mean ± σ)         range (min … max) 
 132.64 µs ± 940.89 ns   131.95 µs … 134.37 µs  in 10 ×    744 runs
[moonbitlang/core] bench immut/sorted_map/merge_bench_test.mbt:64 ("bench merge overlapping 50% n=10000") ok
time (mean ± σ)         range (min … max) 
 228.46 µs ± 773.38 ns   227.74 µs … 229.47 µs  in 10 ×    433 runs
[moonbitlang/core] bench immut/sorted_map/merge_bench_test.mbt:71 ("bench merge identical n=1000") ok
time (mean ± σ)         range (min … max) 
  38.25 µs ± 214.02 ns    37.84 µs …  38.46 µs  in 10 ×   2609 runs
[moonbitlang/core] bench immut/sorted_map/merge_bench_test.mbt:78 ("bench merge identical n=5000") ok
time (mean ± σ)         range (min … max) 
 193.27 µs ± 217.45 ns   192.95 µs … 193.65 µs  in 10 ×    507 runs
[moonbitlang/core] bench immut/sorted_map/merge_bench_test.mbt:85 ("bench merge interleaved n=1000") ok
time (mean ± σ)         range (min … max) 
 140.90 µs ±  63.85 ns   140.83 µs … 141.01 µs  in 10 ×    710 runs
[moonbitlang/core] bench immut/sorted_map/merge_bench_test.mbt:92 ("bench merge interleaved n=5000") ok
time (mean ± σ)         range (min … max) 
 710.77 µs ±   4.53 µs   707.44 µs … 717.69 µs  in 10 ×    140 runs
[moonbitlang/core] bench immut/sorted_map/merge_bench_test.mbt:99 ("bench merge small into large n=100+10000") ok
time (mean ± σ)         range (min … max) 
  10.72 µs ±  61.89 ns    10.65 µs …  10.78 µs  in 10 ×   9274 runs
[moonbitlang/core] bench immut/sorted_set/sorted_set_build_bench_test.mbt:51 ("bench SortedSet constructor reverse n=10000") ok
time (mean ± σ)         range (min … max) 
 223.52 µs ± 558.00 ns   222.99 µs … 224.27 µs  in 10 ×    444 runs
[moonbitlang/core] bench immut/sorted_set/sorted_set_build_bench_test.mbt:57 ("bench SortedSet::from_iter ordered n=10000") ok
time (mean ± σ)         range (min … max) 
   6.16 ms ±  15.81 µs     6.15 ms …   6.19 ms  in 10 ×     17 runs
[moonbitlang/core] bench immut/sorted_set/sorted_set_build_bench_test.mbt:63 ("bench SortedSet::from_iter almost ordered n=10000") ok
time (mean ± σ)         range (min … max) 
   6.18 ms ±  29.90 µs     6.16 ms …   6.25 ms  in 10 ×     17 runs
[moonbitlang/core] bench immut/sorted_set/sorted_set_build_bench_test.mbt:69 ("bench SortedSet::from_iter rev almost ordered n=10000") ok
time (mean ± σ)         range (min … max) 
   6.87 ms ±  21.85 µs     6.82 ms …   6.88 ms  in 10 ×     15 runs
[moonbitlang/core] bench immut/sorted_set/sorted_set_build_bench_test.mbt:75 ("bench SortedSet::from_iter random n=10000") ok
time (mean ± σ)         range (min … max) 
   4.02 ms ±   6.51 µs     4.01 ms …   4.03 ms  in 10 ×     25 runs
[moonbitlang/core] bench immut/sorted_set/sorted_set_build_bench_test.mbt:81 ("bench SortedSet constructor ordered n=10000") ok
time (mean ± σ)         range (min … max) 
 237.09 µs ± 197.29 ns   236.72 µs … 237.35 µs  in 10 ×    424 runs
[moonbitlang/core] bench immut/sorted_set/sorted_set_build_bench_test.mbt:87 ("bench SortedSet constructor almost ordered n=10000") ok
time (mean ± σ)         range (min … max) 
 263.46 µs ± 321.42 ns   263.05 µs … 263.87 µs  in 10 ×    378 runs
[moonbitlang/core] bench immut/sorted_set/sorted_set_build_bench_test.mbt:93 ("bench SortedSet constructor random n=10000") ok
time (mean ± σ)         range (min … max) 
 573.83 µs ± 241.23 ns   573.52 µs … 574.25 µs  in 10 ×    173 runs
[moonbitlang/core] bench immut/vector/vector_iter_bench_test.mbt:24 ("bench Vector::iter fold n=100000") ok
time (mean ± σ)         range (min … max) 
 726.24 µs ±   2.41 µs   722.63 µs … 732.21 µs  in 10 ×    137 runs
[moonbitlang/core] bench immut/vector/vector_iter_bench_test.mbt:30 ("bench Vector::iter each n=100000") ok
time (mean ± σ)         range (min … max) 
 767.44 µs ± 961.81 ns   765.88 µs … 768.66 µs  in 10 ×    131 runs
[moonbitlang/core] bench immut/vector/vector_iter_bench_test.mbt:40 ("bench Vector::iter to_array n=100000") ok
time (mean ± σ)         range (min … max) 
 870.06 µs ±   4.50 µs   863.85 µs … 875.68 µs  in 10 ×    115 runs
[moonbitlang/core] bench immut/vector/vector_iter_bench_test.mbt:46 ("bench Vector::for-in n=100000") ok
time (mean ± σ)         range (min … max) 
 713.37 µs ±   1.86 µs   709.80 µs … 717.28 µs  in 10 ×    140 runs
[moonbitlang/core] bench immut/vector/vector_contains_bench_test.mbt:24 ("bench Vector::contains missing n=100000") ok
time (mean ± σ)         range (min … max) 
  56.38 µs ±  87.19 ns    56.32 µs …  56.60 µs  in 10 ×   1775 runs
[moonbitlang/core] bench immut/vector/vector_contains_bench_test.mbt:30 ("bench Vector::contains tree-end n=100000") ok
time (mean ± σ)         range (min … max) 
  56.34 µs ±  30.49 ns    56.29 µs …  56.38 µs  in 10 ×   1776 runs
[moonbitlang/core] bench immut/vector/vector_contains_bench_test.mbt:36 ("bench Vector::contains tail-end n=100000") ok
time (mean ± σ)         range (min … max) 
  56.38 µs ±  61.06 ns    56.32 µs …  56.52 µs  in 10 ×   1766 runs
[moonbitlang/core] bench internal/strconv/parse_double_bench_test.mbt:48 ("bench parse_double fast digits n=4096") ok
time (mean ± σ)         range (min … max) 
 428.51 µs ±   2.76 µs   425.60 µs … 431.92 µs  in 10 ×    232 runs
[moonbitlang/core] bench internal/strconv/parse_double_bench_test.mbt:55 ("bench parse_double underscores n=4096") ok
time (mean ± σ)         range (min … max) 
 546.25 µs ±   1.37 µs   544.01 µs … 547.94 µs  in 10 ×    184 runs
[moonbitlang/core] bench internal/strconv/parse_double_bench_test.mbt:62 ("bench parse_double long mantissa n=4096") ok
time (mean ± σ)         range (min … max) 
 610.02 µs ± 214.00 ns   609.78 µs … 610.39 µs  in 10 ×    164 runs
[moonbitlang/core] bench json/stringify_indent_bench_test.mbt:45 ("bench Json::stringify deep wide indent=2 n=10000") ok
time (mean ± σ)         range (min … max) 
 512.25 µs ± 709.77 ns   511.53 µs … 513.98 µs  in 10 ×    196 runs
[moonbitlang/core] bench json/stringify_indent_bench_test.mbt:54 ("bench Json::stringify compact n=10000") ok
time (mean ± σ)         range (min … max) 
 344.91 µs ±   2.83 µs   342.26 µs … 348.76 µs  in 10 ×    288 runs
[moonbitlang/core] bench json/stringify_indent_bench_test.mbt:60 ("bench Json::stringify shallow wide indent=2 n=500") ok
time (mean ± σ)         range (min … max) 
 343.32 µs ± 811.78 ns   341.80 µs … 344.00 µs  in 10 ×    292 runs
[moonbitlang/core] bench json/stringify_indent_bench_test.mbt:66 ("bench Json::stringify shallow wide compact n=500") ok
time (mean ± σ)         range (min … max) 
 278.30 µs ± 862.16 ns   277.72 µs … 280.10 µs  in 10 ×    342 runs
[moonbitlang/core] bench json/stringify_escape_bench_test.mbt:24 ("bench Json::stringify strings no escape n=2048") ok
time (mean ± σ)         range (min … max) 
  94.02 µs ±  57.20 ns    93.93 µs …  94.09 µs  in 10 ×   1062 runs
[moonbitlang/core] bench json/stringify_escape_bench_test.mbt:30 ("bench Json::stringify strings slash no escape n=2048") ok
time (mean ± σ)         range (min … max) 
  93.84 µs ± 107.19 ns    93.68 µs …  93.98 µs  in 10 ×   1062 runs
[moonbitlang/core] bench json/stringify_escape_bench_test.mbt:36 ("bench Json::stringify strings slash escaped n=2048") ok
time (mean ± σ)         range (min … max) 
 255.88 µs ± 926.28 ns   255.12 µs … 257.27 µs  in 10 ×    389 runs
[moonbitlang/core] bench json/stringify_escape_bench_test.mbt:42 ("bench Json::stringify strings quotes controls n=2048") ok
time (mean ± σ)         range (min … max) 
 226.30 µs ± 143.80 ns   226.15 µs … 226.59 µs  in 10 ×    441 runs
[moonbitlang/core] bench json/stringify_escape_bench_test.mbt:48 ("bench Json::stringify 2KB prose one newline n=64") ok
time (mean ± σ)         range (min … max) 
 250.24 µs ± 165.07 ns   250.09 µs … 250.63 µs  in 10 ×    400 runs
[moonbitlang/core] bench json/parse_bench_test.mbt:45 ("bench json parse mixed object array n=1000") ok
time (mean ± σ)         range (min … max) 
   1.95 ms ±   6.69 µs     1.95 ms …   1.96 ms  in 10 ×     51 runs
[moonbitlang/core] bench json/number_bench_test.mbt:64 ("bench json parse int array n=10000") ok
time (mean ± σ)         range (min … max) 
 919.04 µs ± 824.20 ns   917.82 µs … 920.00 µs  in 10 ×    109 runs
[moonbitlang/core] bench json/number_bench_test.mbt:70 ("bench json parse float array n=10000") ok
time (mean ± σ)         range (min … max) 
   1.27 ms ± 791.74 ns     1.26 ms …   1.27 ms  in 10 ×     79 runs
[moonbitlang/core] bench json/number_bench_test.mbt:76 ("bench json parse long mantissa array n=10000") ok
time (mean ± σ)         range (min … max) 
   2.03 ms ±   5.56 µs     2.02 ms …   2.04 ms  in 10 ×     50 runs
[moonbitlang/core] bench json/lex_string_bench_test.mbt:43 ("bench json parse object with short keys n=1000") ok
time (mean ± σ)         range (min … max) 
 251.39 µs ± 287.27 ns   250.97 µs … 251.76 µs  in 10 ×    400 runs
[moonbitlang/core] bench json/lex_string_bench_test.mbt:59 ("bench json parse strings len=20 n=1000") ok
time (mean ± σ)         range (min … max) 
 130.69 µs ±  61.87 ns   130.60 µs … 130.80 µs  in 10 ×    766 runs
[moonbitlang/core] bench json/lex_string_bench_test.mbt:67 ("bench json parse strings len=64 n=1000") ok
time (mean ± σ)         range (min … max) 
 261.17 µs ± 208.56 ns   260.87 µs … 261.47 µs  in 10 ×    383 runs
[moonbitlang/core] bench json/lex_string_bench_test.mbt:73 ("bench json parse strings len=1024 n=64") ok
time (mean ± σ)         range (min … max) 
 197.60 µs ±  88.44 ns   197.43 µs … 197.69 µs  in 10 ×    506 runs
[moonbitlang/core] bench json/lex_string_bench_test.mbt:79 ("bench json parse single string len=65536") ok
time (mean ± σ)         range (min … max) 
 188.86 µs ±  85.59 ns   188.73 µs … 188.97 µs  in 10 ×    532 runs
[moonbitlang/core] bench json/lex_string_bench_test.mbt:85 ("bench json parse strings len=1040 escape every 100 n=64") ok
time (mean ± σ)         range (min … max) 
 169.71 µs ± 508.82 ns   169.04 µs … 170.92 µs  in 10 ×    591 runs
[moonbitlang/core] bench json/lex_string_bench_test.mbt:100 ("bench json parse strings dense escapes n=1000") ok
time (mean ± σ)         range (min … max) 
 594.66 µs ±   1.97 µs   591.68 µs … 596.75 µs  in 10 ×    169 runs
[moonbitlang/core] bench json/json_inspect_bench_test.mbt:16 ("bench json_inspect passing Int") ok
time (mean ± σ)         range (min … max) 
 272.69 ns ±   0.53 ns   272.04 ns … 273.53 ns  in 10 × 100000 runs
[moonbitlang/core] bench json/from_json_bench_test.mbt:31 ("bench from_json Array[Array[Int]] 500x50") ok
time (mean ± σ)         range (min … max) 
 177.40 µs ±   1.98 µs   173.13 µs … 178.41 µs  in 10 ×    561 runs
[moonbitlang/core] bench json/from_json_bench_test.mbt:41 ("bench from_json Array[Double] n=10000") ok
time (mean ± σ)         range (min … max) 
  52.21 µs ± 581.80 ns    51.08 µs …  52.53 µs  in 10 ×   1907 runs
[moonbitlang/core] bench json/from_json_bench_test.mbt:51 ("bench from_json Map[String, Int] n=1000") ok
time (mean ± σ)         range (min … max) 
  80.76 µs ± 833.23 ns    80.05 µs …  81.81 µs  in 10 ×   1226 runs
[moonbitlang/core] bench lazy_list/concat_bench_test.mbt:40 ("bench LazyList build and traverse n=2048") ok
time (mean ± σ)         range (min … max) 
 183.70 µs ±   1.64 µs   182.60 µs … 186.30 µs  in 10 ×    537 runs
[moonbitlang/core] bench lazy_list/concat_bench_test.mbt:49 ("bench LazyList re-traverse a forced list n=2048") ok
time (mean ± σ)         range (min … max) 
  50.34 µs ± 633.86 ns    49.25 µs …  50.90 µs  in 10 ×   1976 runs
[moonbitlang/core] bench lazy_list/concat_bench_test.mbt:57 ("bench LazyList left-nested concat, build only n=2048") ok
time (mean ± σ)         range (min … max) 
 395.34 µs ± 352.65 ns   394.70 µs … 395.89 µs  in 10 ×    254 runs
[moonbitlang/core] bench lazy_list/concat_bench_test.mbt:62 ("bench LazyList left-nested concat, build and traverse n=2048") ok
time (mean ± σ)         range (min … max) 
 685.48 µs ±   3.57 µs   682.84 µs … 693.25 µs  in 10 ×    144 runs
[moonbitlang/core] bench lazy_list/concat_bench_test.mbt:69 ("bench LazyList concat while consuming n=2048") ok
time (mean ± σ)         range (min … max) 
 682.22 µs ± 700.66 ns   680.97 µs … 683.20 µs  in 10 ×    147 runs
[moonbitlang/core] bench lexbuf/lexbuf_bench_test.mbt:47 ("bench Lexbuf retained token chunks=10000 size=1") ok
time (mean ± σ)         range (min … max) 
 616.26 µs ± 248.23 ns   615.91 µs … 616.57 µs  in 10 ×    160 runs
[moonbitlang/core] bench lexbuf/lexbuf_bench_test.mbt:52 ("bench Lexbuf retained token chunks=1250 size=8") ok
time (mean ± σ)         range (min … max) 
 131.48 µs ± 389.66 ns   130.81 µs … 131.77 µs  in 10 ×    758 runs
[moonbitlang/core] bench lexbuf/lexbuf_bench_test.mbt:57 ("bench Lexbuf retained token chunks=157 size=64") ok
time (mean ± σ)         range (min … max) 
  67.13 µs ± 162.39 ns    67.01 µs …  67.51 µs  in 10 ×   1478 runs
[moonbitlang/core] bench lexbuf/lexbuf_bench_test.mbt:62 ("bench Lexbuf retained token chunks=20 size=512") ok
time (mean ± σ)         range (min … max) 
  61.76 µs ± 256.14 ns    61.55 µs …  62.25 µs  in 10 ×   1614 runs
[moonbitlang/core] bench quickcheck/shrink_collection_bench_test.mbt:16 ("bench shrink Array first candidate size=10000") ok
time (mean ± σ)         range (min … max) 
 456.67 ns ±   0.26 ns   456.29 ns … 456.98 ns  in 10 × 100000 runs
[moonbitlang/core] bench quickcheck/shrink_collection_bench_test.mbt:22 ("bench shrink List first candidate size=10000") ok
time (mean ± σ)         range (min … max) 
 379.37 µs ±   1.87 µs   376.88 µs … 382.58 µs  in 10 ×    262 runs
[moonbitlang/core] bench quickcheck/generator_bench_test.mbt:16 ("bench Generator::zip_with n=1000000") ok
time (mean ± σ)         range (min … max) 
  23.37 ms ± 162.81 µs    23.17 ms …  23.57 ms  in 10 ×      5 runs
[moonbitlang/core] bench quickcheck/arbitrary_string_bench_test.mbt:16 ("bench Arbitrary String size=10000 count=100") ok
time (mean ± σ)         range (min … max) 
   6.08 ms ±   4.48 µs     6.07 ms …   6.08 ms  in 10 ×     17 runs
[moonbitlang/core] bench random/random_test.mbt:409 ("bench random") ok
time (mean ± σ)         range (min … max) 
  44.24 ms ±  59.51 µs    44.20 ms …  44.40 ms  in 10 ×      3 runs
[moonbitlang/core] bench set/set_algebra_bench_test.mbt:26 ("bench Set::union String 10k 50% overlap") ok
time (mean ± σ)         range (min … max) 
 936.65 µs ±  10.77 µs   931.11 µs … 964.64 µs  in 10 ×    107 runs
[moonbitlang/core] bench set/set_algebra_bench_test.mbt:33 ("bench Set::union Int 10k 50% overlap") ok
time (mean ± σ)         range (min … max) 
 787.40 µs ± 736.38 ns   786.41 µs … 789.07 µs  in 10 ×    128 runs
[moonbitlang/core] bench set/set_algebra_bench_test.mbt:40 ("bench Set::intersection String 10k 50% overlap") ok
time (mean ± σ)         range (min … max) 
 524.16 µs ± 917.60 ns   523.15 µs … 526.20 µs  in 10 ×    190 runs
[moonbitlang/core] bench set/set_algebra_bench_test.mbt:47 ("bench Set::difference String 10k 50% overlap") ok
time (mean ± σ)         range (min … max) 
 525.21 µs ±   1.42 µs   523.85 µs … 528.17 µs  in 10 ×    190 runs
[moonbitlang/core] bench set/set_algebra_bench_test.mbt:54 ("bench Set::is_subset String 10k true") ok
time (mean ± σ)         range (min … max) 
 205.56 µs ± 175.60 ns   205.21 µs … 205.77 µs  in 10 ×    488 runs
[moonbitlang/core] bench set/set_algebra_bench_test.mbt:61 ("bench Set == String 10k") ok
time (mean ± σ)         range (min … max) 
 206.14 µs ± 465.01 ns   205.16 µs … 206.70 µs  in 10 ×    485 runs
[moonbitlang/core] bench set/set_algebra_bench_test.mbt:68 ("bench Set == Int 10k") ok
time (mean ± σ)         range (min … max) 
 131.41 µs ± 731.82 ns   130.47 µs … 132.47 µs  in 10 ×    755 runs
[moonbitlang/core] bench set/linked_hash_set_bench_test.mbt:19 ("bench Set::add n=50000") ok
time (mean ± σ)         range (min … max) 
   3.65 ms ±   2.38 µs     3.65 ms …   3.65 ms  in 10 ×     28 runs
[moonbitlang/core] bench set/linked_hash_set_bench_test.mbt:30 ("bench Set::contains n=50000") ok
time (mean ± σ)         range (min … max) 
   1.13 ms ±   2.73 µs     1.13 ms …   1.14 ms  in 10 ×     89 runs
[moonbitlang/core] bench set/linked_hash_set_bench_test.mbt:47 ("bench Set::contains miss n=50000") ok
time (mean ± σ)         range (min … max) 
   1.24 ms ±   3.24 µs     1.23 ms …   1.24 ms  in 10 ×     82 runs
[moonbitlang/core] bench set/linked_hash_set_bench_test.mbt:67 ("bench Set::add+remove n=50000") ok
time (mean ± σ)         range (min … max) 
   5.14 ms ±   7.45 µs     5.12 ms …   5.14 ms  in 10 ×     20 runs
[moonbitlang/core] bench set/linked_hash_set_bench_test.mbt:86 ("bench Set::filter n=50000") ok
time (mean ± σ)         range (min … max) 
 674.86 µs ±   3.72 µs   669.01 µs … 678.54 µs  in 10 ×    148 runs
[moonbitlang/core] bench set/linked_hash_set_bench_test.mbt:92 ("bench Set comprehension filter n=50000") ok
time (mean ± σ)         range (min … max) 
   1.31 ms ±   1.60 µs     1.30 ms …   1.31 ms  in 10 ×     77 runs
[moonbitlang/core] bench sorted_set/sorted_set_bench_test.mbt:22 ("bench SortedSet::to_array Int n=50000") ok
time (mean ± σ)         range (min … max) 
 393.76 µs ± 699.97 ns   392.64 µs … 394.56 µs  in 10 ×    254 runs
[moonbitlang/core] bench sorted_set/sorted_set_bench_test.mbt:30 ("bench SortedSet::to_array Ref n=50000") ok
time (mean ± σ)         range (min … max) 
 545.46 µs ±   5.50 µs   538.38 µs … 550.18 µs  in 10 ×    183 runs
[moonbitlang/core] bench string/regex_bench_test.mbt:16 ("bench regex /aa?b/ on 1MB string") ok
time (mean ± σ)         range (min … max) 
   2.47 ms ±  24.78 µs     2.42 ms …   2.48 ms  in 10 ×     41 runs
[moonbitlang/core] bench string/regex_bench_test.mbt:23 ("bench regex phone lines") ok
time (mean ± σ)         range (min … max) 
   6.02 µs ±  35.92 ns     5.96 µs …   6.05 µs  in 10 ×  16699 runs
[moonbitlang/core] bench string/regex_bench_test.mbt:43 ("bench regex large pattern") ok
time (mean ± σ)         range (min … max) 
   2.86 ms ±   6.65 µs     2.85 ms …   2.87 ms  in 10 ×     36 runs
[moonbitlang/core] bench v128/v128_bench_test.mbt:32 ("bench V128 i64x2_add n=10000") ok
time (mean ± σ)         range (min … max) 
   5.46 µs ±   2.66 ns     5.46 µs …   5.47 µs  in 10 ×  18304 runs
[moonbitlang/core] bench v128/v128_bench_test.mbt:44 ("bench V128 i32x4_add n=10000") ok
time (mean ± σ)         range (min … max) 
   5.46 µs ±   2.22 ns     5.46 µs …   5.46 µs  in 10 ×  18303 runs
[moonbitlang/core] bench v128/v128_bench_test.mbt:56 ("bench V128 i8x16_add n=10000") ok
time (mean ± σ)         range (min … max) 
   5.46 µs ±   2.19 ns     5.45 µs …   5.46 µs  in 10 ×  18318 runs
[moonbitlang/core] bench v128/v128_bench_test.mbt:68 ("bench V128 i8x16_splat n=10000") ok
time (mean ± σ)         range (min … max) 
   5.41 µs ±   2.83 ns     5.41 µs …   5.41 µs  in 10 ×  18486 runs
[moonbitlang/core] bench v128/v128_bench_test.mbt:79 ("bench V128 i8x16_extract_lane_u n=10000") ok
time (mean ± σ)         range (min … max) 
   8.67 µs ± 157.65 ns     8.49 µs …   8.83 µs  in 10 ×  11757 runs
[moonbitlang/core] bench v128/v128_bench_test.mbt:93 ("bench V128 i8x16_replace_lane n=10000") ok
time (mean ± σ)         range (min … max) 
  39.59 µs ±  70.68 ns    39.53 µs …  39.79 µs  in 10 ×   2526 runs
[moonbitlang/core] bench v128/v128_bench_test.mbt:108 ("bench V128 i8x16_bitmask n=10000") ok
time (mean ± σ)         range (min … max) 
   8.00 µs ±   9.05 ns     7.99 µs …   8.02 µs  in 10 ×  12425 runs
[moonbitlang/core] bench v128/v128_bench_test.mbt:120 ("bench V128 load/store n=10000") ok
time (mean ± σ)         range (min … max) 
  32.56 µs ±  17.92 ns    32.53 µs …  32.58 µs  in 10 ×   3070 runs
[moonbitlang/core] bench v128/v128_bench_test.mbt:135 ("bench V128 load8x8_u n=10000") ok
time (mean ± σ)         range (min … max) 
   5.45 µs ±  47.93 ns     5.43 µs …   5.58 µs  in 10 ×  18351 runs
[moonbitlang/core] bench v128/v128_bench_test.mbt:147 ("bench V128 load8x8_s n=10000") ok
time (mean ± σ)         range (min … max) 
   5.43 µs ±   2.40 ns     5.42 µs …   5.43 µs  in 10 ×  18414 runs
[moonbitlang/core] bench v128/v128_bench_test.mbt:159 ("bench V128 load16x4_u n=10000") ok
time (mean ± σ)         range (min … max) 
   5.43 µs ±   7.05 ns     5.42 µs …   5.45 µs  in 10 ×  18409 runs
[moonbitlang/core] bench v128/v128_bench_test.mbt:171 ("bench V128 load16x4_s n=10000") ok
time (mean ± σ)         range (min … max) 
   5.43 µs ±   8.05 ns     5.42 µs …   5.45 µs  in 10 ×  18399 runs
[moonbitlang/core] bench v128/v128_bench_test.mbt:183 ("bench V128 load32x2_u n=10000") ok
time (mean ± σ)         range (min … max) 
   5.43 µs ±   4.48 ns     5.42 µs …   5.44 µs  in 10 ×  18421 runs
[moonbitlang/core] bench v128/v128_bench_test.mbt:195 ("bench V128 load32x2_s n=10000") ok
time (mean ± σ)         range (min … max) 
   5.43 µs ±   1.60 ns     5.43 µs …   5.43 µs  in 10 ×  18413 runs
[moonbitlang/core] bench v128/v128_bench_test.mbt:207 ("bench V128 load_splat n=10000") ok
time (mean ± σ)         range (min … max) 
  21.71 µs ±  11.27 ns    21.69 µs …  21.73 µs  in 10 ×   4608 runs
[moonbitlang/core] bench v128/v128_bench_test.mbt:223 ("bench V128 load8_lane n=10000") ok
time (mean ± σ)         range (min … max) 
  39.64 µs ±  26.15 ns    39.60 µs …  39.67 µs  in 10 ×   2525 runs
[moonbitlang/core] bench v128/v128_bench_test.mbt:235 ("bench V128 load16_lane n=10000") ok
time (mean ± σ)         range (min … max) 
  39.84 µs ±  13.69 ns    39.82 µs …  39.86 µs  in 10 ×   2522 runs
[moonbitlang/core] bench v128/v128_bench_test.mbt:247 ("bench V128 load32_lane n=10000") ok
time (mean ± σ)         range (min … max) 
  39.86 µs ± 187.77 ns    39.75 µs …  40.26 µs  in 10 ×   2515 runs
[moonbitlang/core] bench v128/v128_bench_test.mbt:259 ("bench V128 load64_lane n=10000") ok
time (mean ± σ)         range (min … max) 
  62.47 µs ±  56.79 ns    62.39 µs …  62.56 µs  in 10 ×   1602 runs
[moonbitlang/core] bench v128/v128_bench_test.mbt:271 ("bench V128 extend i8x16 to i16x8 n=10000") ok
time (mean ± σ)         range (min … max) 
  10.85 µs ±   8.01 ns    10.84 µs …  10.86 µs  in 10 ×   9201 runs
[moonbitlang/core] bench v128/v128_bench_test.mbt:285 ("bench V128 extend i16x8 to i32x4 n=10000") ok
time (mean ± σ)         range (min … max) 
  10.85 µs ±   6.28 ns    10.84 µs …  10.86 µs  in 10 ×   9201 runs
[moonbitlang/core] bench v128/v128_bench_test.mbt:299 ("bench V128 extend i32x4 to i64x2 n=10000") ok
time (mean ± σ)         range (min … max) 
  10.85 µs ±   6.86 ns    10.84 µs …  10.86 µs  in 10 ×   9198 runs
[moonbitlang/core] bench v128/v128_bench_test.mbt:313 ("bench V128 all_true n=10000") ok
time (mean ± σ)         range (min … max) 
  19.68 µs ± 102.89 ns    19.59 µs …  19.84 µs  in 10 ×   5043 runs
[moonbitlang/core] bench v128/v128_bench_test.mbt:337 ("bench V128 bitmask all widths n=10000") ok
time (mean ± σ)         range (min … max) 
  17.91 µs ±  40.08 ns    17.86 µs …  18.01 µs  in 10 ×   5598 runs
[moonbitlang/core] bench v128/v128_bench_test.mbt:353 ("bench V128 swizzle n=10000") ok
time (mean ± σ)         range (min … max) 
   5.46 µs ±   3.23 ns     5.46 µs …   5.47 µs  in 10 ×  18291 runs
[moonbitlang/core] bench v128/v128_bench_test.mbt:371 ("bench V128 shuffle n=10000") ok
time (mean ± σ)         range (min … max) 
  10.87 µs ±   6.08 ns    10.87 µs …  10.88 µs  in 10 ×   9186 runs
Total tests: 500, passed: 500, failed: 0.
