[moonbitlang/core] bench argparse/globals_bench_test.mbt:16 ("bench parse inherited globals with an override") ok
time (mean ± σ)         range (min … max) 
   2.47 µs ±   8.71 ns     2.45 µs …   2.48 µs  in 10 ×  40359 runs
[moonbitlang/core] bench bench/hash_bench_test.mbt:16 ("bench Hash for Bytes (small)") ok
time (mean ± σ)         range (min … max) 
  12.97 ns ±   0.15 ns    12.79 ns …  13.22 ns  in 10 × 100000 runs
[moonbitlang/core] bench bench/hash_bench_test.mbt:22 ("bench Hash for Bytes (medium)") ok
time (mean ± σ)         range (min … max) 
 136.93 ns ±   0.29 ns   136.51 ns … 137.33 ns  in 10 × 100000 runs
[moonbitlang/core] bench bench/hash_bench_test.mbt:28 ("bench Hash for Bytes (large)") ok
time (mean ± σ)         range (min … max) 
   2.29 µs ±   3.42 ns     2.29 µs …   2.30 µs  in 10 ×  43517 runs
[moonbitlang/core] bench bench/hash_bench_test.mbt:34 ("bench Hash for BytesView (small)") ok
time (mean ± σ)         range (min … max) 
  16.18 ns ±   0.54 ns    15.44 ns …  16.89 ns  in 10 × 100000 runs
[moonbitlang/core] bench bench/hash_bench_test.mbt:41 ("bench Hash for BytesView (medium)") ok
time (mean ± σ)         range (min … max) 
 139.84 ns ±   0.25 ns   139.60 ns … 140.37 ns  in 10 × 100000 runs
[moonbitlang/core] bench bench/hash_bench_test.mbt:48 ("bench Hash for BytesView (large)") ok
time (mean ± σ)         range (min … max) 
   2.30 µs ±   0.98 ns     2.30 µs …   2.30 µs  in 10 ×  43308 runs
[moonbitlang/core] bench bench/hash_bench_test.mbt:55 ("bench Hasher::combine_bytes (small)") ok
time (mean ± σ)         range (min … max) 
  15.07 ns ±   0.31 ns    14.50 ns …  15.48 ns  in 10 × 100000 runs
[moonbitlang/core] bench bench/hash_bench_test.mbt:65 ("bench Hasher::combine_bytes (medium)") ok
time (mean ± σ)         range (min … max) 
 124.38 ns ±   0.22 ns   124.17 ns … 124.87 ns  in 10 × 100000 runs
[moonbitlang/core] bench bench/hash_bench_test.mbt:75 ("bench Hasher::combine_bytes (large)") ok
time (mean ± σ)         range (min … max) 
   2.03 µs ±   1.29 ns     2.02 µs …   2.03 µs  in 10 ×  49359 runs
[moonbitlang/core] bench bigint/to_string_radix_bench_test.mbt:23 ("bench bigint to_string radix=7 (4000 bits)") ok
time (mean ± σ)         range (min … max) 
  31.97 µs ±  88.02 ns    31.89 µs …  32.18 µs  in 10 ×   3091 runs
[moonbitlang/core] bench bigint/to_string_radix_bench_test.mbt:29 ("bench bigint to_string radix=36 (4000 bits)") ok
time (mean ± σ)         range (min … max) 
  36.09 µs ±  46.88 ns    36.05 µs …  36.20 µs  in 10 ×   2750 runs
[moonbitlang/core] bench bigint/to_string_radix_bench_test.mbt:35 ("bench bigint to_string radix=10 reference (4000 bits)") ok
time (mean ± σ)         range (min … max) 
  29.93 µs ± 123.81 ns    29.81 µs …  30.19 µs  in 10 ×   3310 runs
[moonbitlang/core] bench bigint/to_string_bench_test.mbt:30 ("bench BigInt::to_string n=40 digits") ok
time (mean ± σ)         range (min … max) 
 205.49 ns ±   2.00 ns   202.54 ns … 207.33 ns  in 10 × 100000 runs
[moonbitlang/core] bench bigint/to_string_bench_test.mbt:36 ("bench BigInt::to_string n=400 digits") ok
time (mean ± σ)         range (min … max) 
   4.07 µs ±  17.73 ns     4.05 µs …   4.11 µs  in 10 ×  24270 runs
[moonbitlang/core] bench bigint/to_string_bench_test.mbt:42 ("bench BigInt::to_string n=4000 digits") ok
time (mean ± σ)         range (min … max) 
 307.52 µs ± 264.78 ns   307.13 µs … 307.88 µs  in 10 ×    325 runs
[moonbitlang/core] bench bigint/to_string_bench_test.mbt:48 ("bench BigInt::to_string n=40000 digits") ok
time (mean ± σ)         range (min … max) 
  29.21 ms ±  21.09 µs    29.18 ms …  29.25 ms  in 10 ×      4 runs
[moonbitlang/core] bench bigint/to_string_bench_test.mbt:54 ("bench BigInt::to_string n=250000 digits") ok
time (mean ± σ)         range (min … max) 
   1.14 s ± 540.07 µs     1.14 s …   1.14 s  in 10 ×      1 runs
[moonbitlang/core] bench bigint/from_octets_bench_test.mbt:21 ("bench BigInt::from_octets n=64") ok
time (mean ± σ)         range (min … max) 
  59.92 ns ±   2.49 ns    56.56 ns …  62.98 ns  in 10 × 100000 runs
[moonbitlang/core] bench bigint/from_octets_bench_test.mbt:27 ("bench BigInt::from_octets n=1024") ok
time (mean ± σ)         range (min … max) 
 742.50 ns ±  24.49 ns   721.31 ns … 787.48 ns  in 10 × 100000 runs
[moonbitlang/core] bench bigint/division_bench_test.mbt:66 ("bench BigInt balanced division n=4000 digits") ok
time (mean ± σ)         range (min … max) 
 211.46 µs ±  81.65 ns   211.35 µs … 211.58 µs  in 10 ×    473 runs
[moonbitlang/core] bench bigint/division_bench_test.mbt:72 ("bench BigInt balanced division n=40000 digits") ok
time (mean ± σ)         range (min … max) 
  20.47 ms ±  17.10 µs    20.45 ms …  20.50 ms  in 10 ×      5 runs
[moonbitlang/core] bench bigint/division_bench_test.mbt:78 ("bench BigInt balanced division n=250000 digits") ok
time (mean ± σ)         range (min … max) 
 797.72 ms ± 706.76 µs   797.30 ms … 799.59 ms  in 10 ×      1 runs
[moonbitlang/core] bench bigint/division_bench_test.mbt:84 ("bench BigInt unbalanced division q=65536 d=64 limbs") ok
time (mean ± σ)         range (min … max) 
  21.25 ms ±  49.35 µs    21.20 ms …  21.34 ms  in 10 ×      5 runs
[moonbitlang/core] bench bigint/division_bench_test.mbt:90 ("bench BigInt narrow division q=9 d=64 limbs") ok
time (mean ± σ)         range (min … max) 
 865.15 ns ±  10.13 ns   859.53 ns … 889.13 ns  in 10 × 100000 runs
[moonbitlang/core] bench buffer/write_bench_test.mbt:30 ("bench Buffer::write_byte n=4096") ok
time (mean ± σ)         range (min … max) 
   8.03 µs ± 135.76 ns     7.94 µs …   8.23 µs  in 10 ×  12554 runs
[moonbitlang/core] bench buffer/write_bench_test.mbt:42 ("bench Buffer::write_uint16_be n=4096") ok
time (mean ± σ)         range (min … max) 
   8.56 µs ±  30.73 ns     8.51 µs …   8.58 µs  in 10 ×  11659 runs
[moonbitlang/core] bench buffer/write_bench_test.mbt:54 ("bench Buffer::write_uint_le n=4096") ok
time (mean ± σ)         range (min … max) 
  10.22 µs ±  41.42 ns    10.17 µs …  10.31 µs  in 10 ×   9699 runs
[moonbitlang/core] bench buffer/write_bench_test.mbt:66 ("bench Buffer::write_uint64_be n=4096") ok
time (mean ± σ)         range (min … max) 
  13.98 µs ±  99.79 ns    13.91 µs …  14.12 µs  in 10 ×   7059 runs
[moonbitlang/core] bench buffer/write_bench_test.mbt:78 ("bench Buffer::write_char_utf8 ASCII n=4096") ok
time (mean ± σ)         range (min … max) 
   8.13 µs ±  72.33 ns     8.05 µs …   8.25 µs  in 10 ×  12296 runs
[moonbitlang/core] bench buffer/write_bench_test.mbt:90 ("bench Buffer::write_char_utf8 non-BMP n=4096") ok
time (mean ± σ)         range (min … max) 
  12.79 µs ± 102.03 ns    12.66 µs …  12.93 µs  in 10 ×   7987 runs
[moonbitlang/core] bench buffer/write_bench_test.mbt:103 ("bench Buffer::write_char_utf16le BMP n=4096") ok
time (mean ± σ)         range (min … max) 
   8.80 µs ±  54.02 ns     8.68 µs …   8.86 µs  in 10 ×  11207 runs
[moonbitlang/core] bench buffer/write_bench_test.mbt:115 ("bench Buffer::write_string_utf16le chunks n=4096") ok
time (mean ± σ)         range (min … max) 
  72.78 µs ± 378.09 ns    72.47 µs …  73.47 µs  in 10 ×   1360 runs
[moonbitlang/core] bench buffer/write_bench_test.mbt:130 ("bench @buffer.from_array n=4096") ok
time (mean ± σ)         range (min … max) 
   2.63 µs ±  13.71 ns     2.61 µs …   2.65 µs  in 10 ×  37946 runs
[moonbitlang/core] bench builtin/view_bench_test.mbt:34 ("bench ArrayView::at Int n=100000") ok
time (mean ± σ)         range (min … max) 
  81.43 µs ±  36.07 ns    81.38 µs …  81.48 µs  in 10 ×   1230 runs
[moonbitlang/core] bench builtin/view_bench_test.mbt:47 ("bench ArrayView::get Int n=100000") ok
time (mean ± σ)         range (min … max) 
  68.17 µs ± 168.79 ns    67.98 µs …  68.40 µs  in 10 ×   1472 runs
[moonbitlang/core] bench builtin/view_bench_test.mbt:62 ("bench ArrayView::unsafe_get Int n=100000") ok
time (mean ± σ)         range (min … max) 
  58.74 µs ± 113.11 ns    58.62 µs …  59.03 µs  in 10 ×   1705 runs
[moonbitlang/core] bench builtin/view_bench_test.mbt:75 ("bench ArrayView::rev_fold Int n=100000") ok
time (mean ± σ)         range (min … max) 
  56.85 µs ±  43.37 ns    56.77 µs …  56.90 µs  in 10 ×   1759 runs
[moonbitlang/core] bench builtin/view_bench_test.mbt:82 ("bench ArrayView::rev_foldi Int n=100000") ok
time (mean ± σ)         range (min … max) 
  56.87 µs ±  39.57 ns    56.82 µs …  56.94 µs  in 10 ×   1762 runs
[moonbitlang/core] bench builtin/view_bench_test.mbt:91 ("bench ArrayView::equal Int n=100000") ok
time (mean ± σ)         range (min … max) 
  76.32 µs ±  90.55 ns    76.20 µs …  76.41 µs  in 10 ×   1311 runs
[moonbitlang/core] bench builtin/view_bench_test.mbt:99 ("bench ArrayView::compare Int n=100000") ok
time (mean ± σ)         range (min … max) 
  98.32 µs ±  43.60 ns    98.27 µs …  98.38 µs  in 10 ×   1018 runs
[moonbitlang/core] bench builtin/view_bench_test.mbt:107 ("bench MutArrayView::at Int n=100000") ok
time (mean ± σ)         range (min … max) 
  81.42 µs ±  40.97 ns    81.34 µs …  81.46 µs  in 10 ×   1229 runs
[moonbitlang/core] bench builtin/view_bench_test.mbt:120 ("bench MutArrayView::unsafe_get Int n=100000") ok
time (mean ± σ)         range (min … max) 
  58.72 µs ± 129.85 ns    58.60 µs …  59.06 µs  in 10 ×   1707 runs
[moonbitlang/core] bench builtin/view_bench_test.mbt:133 ("bench MutArrayView::set Int n=100000") ok
time (mean ± σ)         range (min … max) 
 108.48 µs ±  52.26 ns   108.42 µs … 108.60 µs  in 10 ×    923 runs
[moonbitlang/core] bench builtin/view_bench_test.mbt:145 ("bench MutArrayView::unsafe_set Int n=100000") ok
time (mean ± σ)         range (min … max) 
  57.87 µs ± 188.13 ns    57.65 µs …  58.26 µs  in 10 ×   1733 runs
[moonbitlang/core] bench builtin/view_bench_test.mbt:157 ("bench BytesView::at n=100000") ok
time (mean ± σ)         range (min … max) 
  81.39 µs ±  70.14 ns    81.32 µs …  81.56 µs  in 10 ×   1230 runs
[moonbitlang/core] bench builtin/view_bench_test.mbt:170 ("bench BytesView::unsafe_get n=100000") ok
time (mean ± σ)         range (min … max) 
  52.99 µs ±  64.07 ns    52.91 µs …  53.10 µs  in 10 ×   1890 runs
[moonbitlang/core] bench builtin/stringbuilder_bench_test.mbt:28 ("bench StringBuilder::write_string chunks n=4096") ok
time (mean ± σ)         range (min … max) 
  83.15 µs ±   2.03 µs    79.03 µs …  84.48 µs  in 10 ×   1294 runs
[moonbitlang/core] bench builtin/stringbuilder_bench_test.mbt:41 ("bench StringBuilder::write_view chunks n=4096") ok
time (mean ± σ)         range (min … max) 
  78.14 µs ± 248.68 ns    77.90 µs …  78.75 µs  in 10 ×   1273 runs
[moonbitlang/core] bench builtin/stringbuilder_bench_test.mbt:54 ("bench StringBuilder::write_stringview chunks n=4096") ok
time (mean ± σ)         range (min … max) 
  78.90 µs ± 321.89 ns    78.53 µs …  79.60 µs  in 10 ×   1260 runs
[moonbitlang/core] bench builtin/stringbuilder_bench_test.mbt:67 ("bench StringBuilder::write_char ASCII n=4096") ok
time (mean ± σ)         range (min … max) 
   8.67 µs ± 456.03 ns     8.33 µs …   9.33 µs  in 10 ×  12071 runs
[moonbitlang/core] bench builtin/stringbuilder_bench_test.mbt:79 ("bench StringBuilder::write_char non-BMP n=4096") ok
time (mean ± σ)         range (min … max) 
  10.90 µs ± 309.26 ns    10.80 µs …  11.78 µs  in 10 ×   9258 runs
[moonbitlang/core] bench builtin/stringbuilder_bench_test.mbt:92 ("bench StringBuilder::reset reuse spare capacity n=4096") ok
time (mean ± σ)         range (min … max) 
 130.23 µs ± 224.58 ns   129.97 µs … 130.71 µs  in 10 ×    761 runs
[moonbitlang/core] bench builtin/string_to_upper_bench_test.mbt:61 ("bench String::to_upper short") ok
time (mean ± σ)         range (min … max) 
  30.01 ns ±   0.33 ns    29.59 ns …  30.57 ns  in 10 × 100000 runs
[moonbitlang/core] bench builtin/string_to_upper_bench_test.mbt:66 ("bench String::to_upper long") ok
time (mean ± σ)         range (min … max) 
   1.13 µs ±   4.93 ns     1.13 µs …   1.14 µs  in 10 ×  88395 runs
[moonbitlang/core] bench builtin/string_to_upper_bench_test.mbt:71 ("bench String::to_upper sparse") ok
time (mean ± σ)         range (min … max) 
   1.11 µs ±   4.53 ns     1.10 µs …   1.11 µs  in 10 ×  89831 runs
[moonbitlang/core] bench builtin/string_to_upper_bench_test.mbt:76 ("bench String::to_upper late-lowercase") ok
time (mean ± σ)         range (min … max) 
   1.02 µs ±   3.25 ns     1.01 µs …   1.02 µs  in 10 ×  98216 runs
[moonbitlang/core] bench builtin/string_to_upper_bench_test.mbt:81 ("bench String::to_upper one-unit runs") ok
time (mean ± σ)         range (min … max) 
   1.07 µs ±   4.54 ns     1.06 µs …   1.07 µs  in 10 ×  93295 runs
[moonbitlang/core] bench builtin/string_to_upper_bench_test.mbt:86 ("bench String::to_upper all-lowercase") ok
time (mean ± σ)         range (min … max) 
   1.20 µs ±   3.19 ns     1.20 µs …   1.21 µs  in 10 ×  83000 runs
[moonbitlang/core] bench builtin/string_to_upper_bench_test.mbt:91 ("bench String::to_upper no-change short") ok
time (mean ± σ)         range (min … max) 
  12.67 ns ±   0.12 ns    12.54 ns …  12.89 ns  in 10 × 100000 runs
[moonbitlang/core] bench builtin/string_to_upper_bench_test.mbt:96 ("bench String::to_upper no-change long") ok
time (mean ± σ)         range (min … max) 
 492.91 ns ±   0.28 ns   492.50 ns … 493.27 ns  in 10 × 100000 runs
[moonbitlang/core] bench builtin/string_to_upper_bench_test.mbt:101 ("bench StringView::to_upper short") ok
time (mean ± σ)         range (min … max) 
  30.74 ns ±   0.23 ns    30.45 ns …  31.20 ns  in 10 × 100000 runs
[moonbitlang/core] bench builtin/string_to_upper_bench_test.mbt:106 ("bench StringView::to_upper long") ok
time (mean ± σ)         range (min … max) 
   1.13 µs ±   4.59 ns     1.13 µs …   1.14 µs  in 10 ×  88363 runs
[moonbitlang/core] bench builtin/string_to_upper_bench_test.mbt:111 ("bench StringView::to_upper no-change long") ok
time (mean ± σ)         range (min … max) 
 493.19 ns ±   0.25 ns   492.80 ns … 493.69 ns  in 10 × 100000 runs
[moonbitlang/core] bench builtin/string_to_lower_bench_test.mbt:61 ("bench String::to_lower short") ok
time (mean ± σ)         range (min … max) 
  30.05 ns ±   0.19 ns    29.86 ns …  30.43 ns  in 10 × 100000 runs
[moonbitlang/core] bench builtin/string_to_lower_bench_test.mbt:66 ("bench String::to_lower long") ok
time (mean ± σ)         range (min … max) 
   1.13 µs ±   4.79 ns     1.12 µs …   1.14 µs  in 10 ×  88536 runs
[moonbitlang/core] bench builtin/string_to_lower_bench_test.mbt:71 ("bench String::to_lower sparse") ok
time (mean ± σ)         range (min … max) 
   1.04 µs ±   4.28 ns     1.03 µs …   1.04 µs  in 10 ×  96610 runs
[moonbitlang/core] bench builtin/string_to_lower_bench_test.mbt:76 ("bench String::to_lower late-uppercase") ok
time (mean ± σ)         range (min … max) 
   1.04 µs ±   6.04 ns     1.03 µs …   1.05 µs  in 10 ×  96531 runs
[moonbitlang/core] bench builtin/string_to_lower_bench_test.mbt:81 ("bench String::to_lower one-unit runs") ok
time (mean ± σ)         range (min … max) 
   1.10 µs ±   4.43 ns     1.10 µs …   1.11 µs  in 10 ×  90786 runs
[moonbitlang/core] bench builtin/string_to_lower_bench_test.mbt:86 ("bench String::to_lower all-uppercase") ok
time (mean ± σ)         range (min … max) 
   1.21 µs ±   4.82 ns     1.20 µs …   1.21 µs  in 10 ×  83087 runs
[moonbitlang/core] bench builtin/string_to_lower_bench_test.mbt:91 ("bench String::to_lower no-change short") ok
time (mean ± σ)         range (min … max) 
  13.62 ns ±   0.13 ns    13.47 ns …  13.83 ns  in 10 × 100000 runs
[moonbitlang/core] bench builtin/string_to_lower_bench_test.mbt:96 ("bench String::to_lower no-change long") ok
time (mean ± σ)         range (min … max) 
 502.44 ns ±   0.47 ns   501.73 ns … 503.17 ns  in 10 × 100000 runs
[moonbitlang/core] bench builtin/string_to_lower_bench_test.mbt:101 ("bench StringView::to_lower short") ok
time (mean ± σ)         range (min … max) 
  30.37 ns ±   0.34 ns    29.95 ns …  30.90 ns  in 10 × 100000 runs
[moonbitlang/core] bench builtin/string_to_lower_bench_test.mbt:106 ("bench StringView::to_lower long") ok
time (mean ± σ)         range (min … max) 
   1.14 µs ±   5.86 ns     1.13 µs …   1.15 µs  in 10 ×  87166 runs
[moonbitlang/core] bench builtin/string_to_lower_bench_test.mbt:111 ("bench StringView::to_lower no-change long") ok
time (mean ± σ)         range (min … max) 
 502.82 ns ±   0.34 ns   502.31 ns … 503.45 ns  in 10 × 100000 runs
[moonbitlang/core] bench builtin/string_to_array_bench_test.mbt:24 ("bench String::to_array ASCII 51 chars") ok
time (mean ± σ)         range (min … max) 
 104.28 ns ±   0.26 ns   103.85 ns … 104.66 ns  in 10 × 100000 runs
[moonbitlang/core] bench builtin/string_to_array_bench_test.mbt:29 ("bench String::to_array mixed 1KB") ok
time (mean ± σ)         range (min … max) 
   1.84 µs ±   6.68 ns     1.83 µs …   1.85 µs  in 10 ×  53515 runs
[moonbitlang/core] bench builtin/string_to_array_bench_test.mbt:34 ("bench StringView::to_array mixed 1KB") ok
time (mean ± σ)         range (min … max) 
   1.85 µs ±   6.88 ns     1.83 µs …   1.85 µs  in 10 ×  53230 runs
[moonbitlang/core] bench builtin/string_methods_bench_test.mbt:36 ("bench StringView::has_prefix match n=100000 needle=128") ok
time (mean ± σ)         range (min … max) 
 103.80 ns ±   0.13 ns   103.63 ns … 103.94 ns  in 10 × 100000 runs
[moonbitlang/core] bench builtin/string_methods_bench_test.mbt:45 ("bench StringView::has_prefix mismatch n=100000 needle=128") ok
time (mean ± σ)         range (min … max) 
  10.06 ns ±   0.33 ns     9.57 ns …  10.44 ns  in 10 × 100000 runs
[moonbitlang/core] bench builtin/string_methods_bench_test.mbt:54 ("bench StringView::has_suffix match n=100000 needle=128") ok
time (mean ± σ)         range (min … max) 
 103.48 ns ±   0.33 ns   103.13 ns … 104.26 ns  in 10 × 100000 runs
[moonbitlang/core] bench builtin/string_methods_bench_test.mbt:63 ("bench StringView::has_suffix mismatch n=100000 needle=128") ok
time (mean ± σ)         range (min … max) 
   9.96 ns ±   0.38 ns     9.40 ns …  10.44 ns  in 10 × 100000 runs
[moonbitlang/core] bench builtin/string_find_code_unit_bench_test.mbt:16 ("bench find one code unit absent n=4") ok
time (mean ± σ)         range (min … max) 
  11.74 ns ±   0.40 ns    11.15 ns …  12.28 ns  in 10 × 100000 runs
[moonbitlang/core] bench builtin/string_find_code_unit_bench_test.mbt:22 ("bench find one code unit absent n=8") ok
time (mean ± σ)         range (min … max) 
  13.37 ns ±   0.39 ns    12.87 ns …  13.90 ns  in 10 × 100000 runs
[moonbitlang/core] bench builtin/string_find_code_unit_bench_test.mbt:28 ("bench find one code unit present@0 n=8") ok
time (mean ± σ)         range (min … max) 
   9.85 ns ±   0.27 ns     9.60 ns …  10.42 ns  in 10 × 100000 runs
[moonbitlang/core] bench builtin/string_find_code_unit_bench_test.mbt:34 ("bench find one code unit absent n=64") ok
time (mean ± σ)         range (min … max) 
  43.90 ns ±   0.26 ns    43.60 ns …  44.32 ns  in 10 × 100000 runs
[moonbitlang/core] bench builtin/string_find_code_unit_bench_test.mbt:40 ("bench find one code unit absent n=256") ok
time (mean ± σ)         range (min … max) 
 152.15 ns ±   0.61 ns   151.11 ns … 153.16 ns  in 10 × 100000 runs
[moonbitlang/core] bench builtin/string_find_code_unit_bench_test.mbt:46 ("bench find one code unit present@end n=256") ok
time (mean ± σ)         range (min … max) 
 147.87 ns ±   0.31 ns   147.53 ns … 148.36 ns  in 10 × 100000 runs
[moonbitlang/core] bench builtin/string_find_code_unit_bench_test.mbt:52 ("bench rev_find one code unit absent n=256") ok
time (mean ± σ)         range (min … max) 
 153.54 ns ±   0.18 ns   153.27 ns … 153.83 ns  in 10 × 100000 runs
[moonbitlang/core] bench builtin/string_find_code_unit_bench_test.mbt:58 ("bench rev_find one code unit present@start n=256") ok
time (mean ± σ)         range (min … max) 
 149.19 ns ±   0.22 ns   148.90 ns … 149.51 ns  in 10 × 100000 runs
[moonbitlang/core] bench builtin/string_find_code_unit_bench_test.mbt:64 ("bench rev_find one code unit present@end n=8") ok
time (mean ± σ)         range (min … max) 
  10.29 ns ±   0.17 ns    10.09 ns …  10.51 ns  in 10 × 100000 runs
[moonbitlang/core] bench builtin/string_find_code_unit_bench_test.mbt:70 ("bench StringView find one code unit absent n=256") ok
time (mean ± σ)         range (min … max) 
 136.61 ns ±   0.22 ns   136.21 ns … 136.93 ns  in 10 × 100000 runs
[moonbitlang/core] bench builtin/string_find_code_unit_bench_test.mbt:77 ("bench StringView rev_find one code unit absent n=256") ok
time (mean ± σ)         range (min … max) 
 147.40 ns ±   2.34 ns   145.25 ns … 151.80 ns  in 10 × 100000 runs
[moonbitlang/core] bench builtin/string_find_code_unit_bench_test.mbt:84 ("bench find two anchors absent n=256") ok
time (mean ± σ)         range (min … max) 
 230.61 ns ±   0.61 ns   229.87 ns … 231.51 ns  in 10 × 100000 runs
[moonbitlang/core] bench builtin/string_find_code_unit_bench_test.mbt:90 ("bench find two anchors present@end n=256") ok
time (mean ± σ)         range (min … max) 
 252.82 ns ±   0.39 ns   252.33 ns … 253.39 ns  in 10 × 100000 runs
[moonbitlang/core] bench builtin/string_find_code_unit_bench_test.mbt:96 ("bench find two anchors dense false positives n=256") ok
time (mean ± σ)         range (min … max) 
 675.29 ns ±  13.78 ns   667.63 ns … 710.99 ns  in 10 × 100000 runs
[moonbitlang/core] bench builtin/string_find_code_unit_bench_test.mbt:102 ("bench find two anchors long absent n=256") ok
time (mean ± σ)         range (min … max) 
 205.04 ns ±   0.28 ns   204.70 ns … 205.53 ns  in 10 × 100000 runs
[moonbitlang/core] bench builtin/string_find_code_unit_bench_test.mbt:108 ("bench rev_find two anchors absent n=256") ok
time (mean ± σ)         range (min … max) 
 216.73 ns ±   0.25 ns   216.31 ns … 217.21 ns  in 10 × 100000 runs
[moonbitlang/core] bench builtin/string_find_code_unit_bench_test.mbt:114 ("bench rev_find two anchors present@start n=256") ok
time (mean ± σ)         range (min … max) 
 224.97 ns ±   0.31 ns   224.62 ns … 225.50 ns  in 10 × 100000 runs
[moonbitlang/core] bench builtin/string_find_code_unit_bench_test.mbt:120 ("bench rev_find two anchors dense false positives n=256") ok
time (mean ± σ)         range (min … max) 
 685.46 ns ±   0.57 ns   684.73 ns … 686.40 ns  in 10 × 100000 runs
[moonbitlang/core] bench builtin/string_find_code_unit_bench_test.mbt:126 ("bench StringView find two anchors absent n=256") ok
time (mean ± σ)         range (min … max) 
 244.11 ns ±   1.77 ns   243.14 ns … 248.84 ns  in 10 × 100000 runs
[moonbitlang/core] bench builtin/string_find_adversary_bench_test.mbt:26 ("bench find adversary m=64 n=4096") ok
time (mean ± σ)         range (min … max) 
   9.65 µs ± 293.18 ns     9.49 µs …  10.23 µs  in 10 ×   8502 runs
[moonbitlang/core] bench builtin/string_find_adversary_bench_test.mbt:33 ("bench rev_find adversary m=64 n=4096") ok
time (mean ± σ)         range (min … max) 
  10.58 µs ±  29.17 ns    10.54 µs …  10.62 µs  in 10 ×   9484 runs
[moonbitlang/core] bench builtin/string_find_adversary_bench_test.mbt:40 ("bench find adversary m=512 n=65536") ok
time (mean ± σ)         range (min … max) 
 160.49 µs ±  11.87 µs   147.26 µs … 178.61 µs  in 10 ×    561 runs
[moonbitlang/core] bench builtin/string_find_adversary_bench_test.mbt:47 ("bench find dense miss fast path n=4096") ok
time (mean ± σ)         range (min … max) 
   3.48 µs ± 222.96 ns     3.37 µs …   3.91 µs  in 10 ×  25610 runs
[moonbitlang/core] bench builtin/string_find_adversary_bench_test.mbt:53 ("bench find rare hit end fast path n=4096") ok
time (mean ± σ)         range (min … max) 
   3.34 µs ±   1.64 ns     3.34 µs …   3.34 µs  in 10 ×  29868 runs
[moonbitlang/core] bench builtin/string_escape_bench_test.mbt:61 ("bench String::escape short plain") ok
time (mean ± σ)         range (min … max) 
  70.42 ns ±   0.65 ns    69.75 ns …  71.76 ns  in 10 × 100000 runs
[moonbitlang/core] bench builtin/string_escape_bench_test.mbt:66 ("bench String::escape short escaped") ok
time (mean ± σ)         range (min … max) 
  83.79 ns ±   0.47 ns    83.15 ns …  84.88 ns  in 10 × 100000 runs
[moonbitlang/core] bench builtin/string_escape_bench_test.mbt:71 ("bench String::escape threshold plain") ok
time (mean ± σ)         range (min … max) 
  80.20 ns ±   0.26 ns    79.91 ns …  80.63 ns  in 10 × 100000 runs
[moonbitlang/core] bench builtin/string_escape_bench_test.mbt:76 ("bench String::escape prose") ok
time (mean ± σ)         range (min … max) 
 257.94 ns ±   1.77 ns   255.96 ns … 259.82 ns  in 10 × 100000 runs
[moonbitlang/core] bench builtin/string_escape_bench_test.mbt:81 ("bench String::escape escape-first") ok
time (mean ± σ)         range (min … max) 
 271.29 ns ±   1.38 ns   270.03 ns … 274.15 ns  in 10 × 100000 runs
[moonbitlang/core] bench builtin/string_escape_bench_test.mbt:86 ("bench String::escape long plain") ok
time (mean ± σ)         range (min … max) 
   9.38 µs ±  53.98 ns     9.31 µs …   9.47 µs  in 10 ×  10663 runs
[moonbitlang/core] bench builtin/string_escape_bench_test.mbt:91 ("bench String::escape long dense") ok
time (mean ± σ)         range (min … max) 
  16.98 µs ± 169.67 ns    16.77 µs …  17.27 µs  in 10 ×   5960 runs
[moonbitlang/core] bench builtin/string_escape_bench_test.mbt:96 ("bench String::escape long all-escaped") ok
time (mean ± σ)         range (min … max) 
  18.87 µs ± 182.19 ns    18.71 µs …  19.28 µs  in 10 ×   5312 runs
[moonbitlang/core] bench builtin/string_escape_bench_test.mbt:101 ("bench String::escape long unicode") ok
time (mean ± σ)         range (min … max) 
   9.97 µs ±  83.63 ns     9.89 µs …  10.13 µs  in 10 ×   9714 runs
[moonbitlang/core] bench builtin/string_escape_bench_test.mbt:106 ("bench StringView::escape long plain view") ok
time (mean ± σ)         range (min … max) 
   8.61 µs ±  31.39 ns     8.56 µs …   8.67 µs  in 10 ×  11408 runs
[moonbitlang/core] bench builtin/string_escape_bench_test.mbt:112 ("bench debug to_string short plain") ok
time (mean ± σ)         range (min … max) 
 120.58 ns ±   2.24 ns   117.46 ns … 125.25 ns  in 10 × 100000 runs
[moonbitlang/core] bench builtin/string_escape_bench_test.mbt:117 ("bench debug to_string prose") ok
time (mean ± σ)         range (min … max) 
 373.81 ns ±   2.90 ns   368.92 ns … 376.12 ns  in 10 × 100000 runs
[moonbitlang/core] bench builtin/string_escape_bench_test.mbt:122 ("bench debug to_string long plain") ok
time (mean ± σ)         range (min … max) 
  12.39 µs ±  32.38 ns    12.35 µs …  12.44 µs  in 10 ×   7766 runs
[moonbitlang/core] bench builtin/string_equal_bench_test.mbt:28 ("bench StringView::equal n=100000 equal") ok
time (mean ± σ)         range (min … max) 
  75.47 µs ±  52.36 ns    75.39 µs …  75.57 µs  in 10 ×   1326 runs
[moonbitlang/core] bench builtin/string_equal_bench_test.mbt:35 ("bench StringView::equal n=100000 mismatch at end") ok
time (mean ± σ)         range (min … max) 
  75.13 µs ±  57.52 ns    75.04 µs …  75.22 µs  in 10 ×   1331 runs
[moonbitlang/core] bench builtin/string_equal_bench_test.mbt:44 ("bench StringView::equal_to_string n=100000 equal") ok
time (mean ± σ)         range (min … max) 
  74.70 µs ±  69.79 ns    74.59 µs …  74.77 µs  in 10 ×   1339 runs
[moonbitlang/core] bench builtin/string_char_set_bench_test.mbt:43 ("bench StringView::contains_any ASCII miss n=100000") ok
time (mean ± σ)         range (min … max) 
 135.62 µs ±  54.68 ns   135.56 µs … 135.72 µs  in 10 ×    738 runs
[moonbitlang/core] bench builtin/string_char_set_bench_test.mbt:54 ("bench StringView::contains_any ASCII match at end n=100000") ok
time (mean ± σ)         range (min … max) 
 135.70 µs ± 246.65 ns   135.55 µs … 136.39 µs  in 10 ×    738 runs
[moonbitlang/core] bench builtin/string_char_set_bench_test.mbt:67 ("bench StringView::trim_start ASCII n=100000") ok
time (mean ± σ)         range (min … max) 
 135.62 µs ±  41.35 ns   135.55 µs … 135.68 µs  in 10 ×    738 runs
[moonbitlang/core] bench builtin/string_char_set_bench_test.mbt:74 ("bench StringView::trim_end ASCII n=100000") ok
time (mean ± σ)         range (min … max) 
 135.65 µs ±  57.12 ns   135.56 µs … 135.73 µs  in 10 ×    738 runs
[moonbitlang/core] bench builtin/string_char_set_bench_test.mbt:79 ("bench StringView::trim ASCII n=100000") ok
time (mean ± σ)         range (min … max) 
 271.37 µs ± 126.64 ns   271.21 µs … 271.55 µs  in 10 ×    369 runs
[moonbitlang/core] bench builtin/string_char_set_bench_test.mbt:96 ("bench StringView::trim short inputs") ok
time (mean ± σ)         range (min … max) 
 130.77 ns ±   0.42 ns   130.22 ns … 131.35 ns  in 10 × 100000 runs
[moonbitlang/core] bench builtin/string_char_set_bench_test.mbt:107 ("bench StringView::contains_any short inputs") ok
time (mean ± σ)         range (min … max) 
  82.67 ns ±   0.33 ns    82.19 ns …  83.10 ns  in 10 × 100000 runs
[moonbitlang/core] bench builtin/string_char_length_bench_test.mbt:51 ("bench char_length ascii 8") ok
time (mean ± σ)         range (min … max) 
  14.63 ns ±   0.11 ns    14.49 ns …  14.83 ns  in 10 × 100000 runs
[moonbitlang/core] bench builtin/string_char_length_bench_test.mbt:56 ("bench char_length ascii 16") ok
time (mean ± σ)         range (min … max) 
  23.26 ns ±   0.13 ns    23.10 ns …  23.45 ns  in 10 × 100000 runs
[moonbitlang/core] bench builtin/string_char_length_bench_test.mbt:61 ("bench char_length ascii 100") ok
time (mean ± σ)         range (min … max) 
 114.42 ns ±   0.35 ns   114.09 ns … 115.13 ns  in 10 × 100000 runs
[moonbitlang/core] bench builtin/string_char_length_bench_test.mbt:66 ("bench char_length ascii 4k") ok
time (mean ± σ)         range (min … max) 
   4.45 µs ±   3.10 ns     4.45 µs …   4.46 µs  in 10 ×  22431 runs
[moonbitlang/core] bench builtin/string_char_length_bench_test.mbt:71 ("bench char_length ascii 64k") ok
time (mean ± σ)         range (min … max) 
  71.14 µs ±  41.35 ns    71.09 µs …  71.21 µs  in 10 ×   1407 runs
[moonbitlang/core] bench builtin/string_char_length_bench_test.mbt:76 ("bench char_length cjk 4k") ok
time (mean ± σ)         range (min … max) 
   4.45 µs ±   3.68 ns     4.45 µs …   4.46 µs  in 10 ×  22432 runs
[moonbitlang/core] bench builtin/string_char_length_bench_test.mbt:81 ("bench char_length emoji 4k") ok
time (mean ± σ)         range (min … max) 
   3.35 µs ±   1.63 ns     3.34 µs …   3.35 µs  in 10 ×  29852 runs
[moonbitlang/core] bench builtin/string_char_length_bench_test.mbt:86 ("bench char_length mixed 4k") ok
time (mean ± σ)         range (min … max) 
   4.38 µs ±   2.88 ns     4.38 µs …   4.39 µs  in 10 ×  22777 runs
[moonbitlang/core] bench builtin/string_char_length_bench_test.mbt:91 ("bench StringView::char_length ascii 4k unaligned") ok
time (mean ± σ)         range (min … max) 
   4.45 µs ±   3.45 ns     4.44 µs …   4.45 µs  in 10 ×  22275 runs
[moonbitlang/core] bench builtin/string_char_length_bench_test.mbt:97 ("bench char_length_eq ascii 16") ok
time (mean ± σ)         range (min … max) 
  27.58 ns ±   0.19 ns    27.37 ns …  27.87 ns  in 10 × 100000 runs
[moonbitlang/core] bench builtin/string_char_length_bench_test.mbt:102 ("bench char_length_eq ascii 4k") ok
time (mean ± σ)         range (min … max) 
   5.57 µs ±  11.46 ns     5.56 µs …   5.60 µs  in 10 ×  17947 runs
[moonbitlang/core] bench builtin/string_char_length_bench_test.mbt:107 ("bench char_length_eq emoji 4k") ok
time (mean ± σ)         range (min … max) 
   3.90 µs ±   4.68 ns     3.90 µs …   3.91 µs  in 10 ×  25603 runs
[moonbitlang/core] bench builtin/string_char_length_bench_test.mbt:112 ("bench char_length_eq mixed 4k") ok
time (mean ± σ)         range (min … max) 
   5.43 µs ±   4.08 ns     5.42 µs …   5.44 µs  in 10 ×  18406 runs
[moonbitlang/core] bench builtin/string_char_length_bench_test.mbt:119 ("bench char_length_ge ascii 4k len 3") ok
time (mean ± σ)         range (min … max) 
  10.77 ns ±   0.22 ns    10.43 ns …  11.09 ns  in 10 × 100000 runs
[moonbitlang/core] bench builtin/string_char_length_bench_test.mbt:124 ("bench char_length_ge ascii 4k len 2000") ok
time (mean ± σ)         range (min … max) 
   2.72 µs ±   0.85 ns     2.72 µs …   2.72 µs  in 10 ×  36754 runs
[moonbitlang/core] bench builtin/string_char_length_bench_test.mbt:129 ("bench char_length_ge cjk 4k len 4096") ok
time (mean ± σ)         range (min … max) 
   5.56 µs ±   3.58 ns     5.56 µs …   5.57 µs  in 10 ×  17960 runs
[moonbitlang/core] bench builtin/string_char_length_bench_test.mbt:134 ("bench char_length_ge emoji 4k len 2048") ok
time (mean ± σ)         range (min … max) 
   3.90 µs ±   3.17 ns     3.90 µs …   3.91 µs  in 10 ×  25578 runs
[moonbitlang/core] bench builtin/sort_bench_test.mbt:21 ("bench Array::sort n=1000") ok
time (mean ± σ)         range (min … max) 
  14.68 µs ±  84.96 ns    14.57 µs …  14.79 µs  in 10 ×   6739 runs
[moonbitlang/core] bench builtin/sort_bench_test.mbt:31 ("bench Array::sort n=100000") ok
time (mean ± σ)         range (min … max) 
   5.50 ms ±  19.69 µs     5.48 ms …   5.53 ms  in 10 ×     19 runs
[moonbitlang/core] bench builtin/sort_bench_test.mbt:41 ("bench Array::sort_by n=10000") ok
time (mean ± σ)         range (min … max) 
 440.60 µs ±   3.14 µs   434.84 µs … 443.48 µs  in 10 ×    226 runs
[moonbitlang/core] bench builtin/range_equal_bench_test.mbt:56 ("bench range_equal StringView== n=4 equal") ok
time (mean ± σ)         range (min … max) 
   9.52 ns ±   0.43 ns     9.05 ns …  10.04 ns  in 10 × 100000 runs
[moonbitlang/core] bench builtin/range_equal_bench_test.mbt:61 ("bench range_equal StringView== n=8 equal") ok
time (mean ± σ)         range (min … max) 
  12.05 ns ±   0.25 ns    11.78 ns …  12.51 ns  in 10 × 100000 runs
[moonbitlang/core] bench builtin/range_equal_bench_test.mbt:66 ("bench range_equal StringView== n=8 mismatch at end") ok
time (mean ± σ)         range (min … max) 
  12.16 ns ±   0.41 ns    11.74 ns …  12.72 ns  in 10 × 100000 runs
[moonbitlang/core] bench builtin/range_equal_bench_test.mbt:71 ("bench range_equal StringView== n=16 equal") ok
time (mean ± σ)         range (min … max) 
  17.39 ns ±   0.14 ns    17.24 ns …  17.68 ns  in 10 × 100000 runs
[moonbitlang/core] bench builtin/range_equal_bench_test.mbt:76 ("bench range_equal StringView== n=16 mismatch at end") ok
time (mean ± σ)         range (min … max) 
  17.48 ns ±   0.19 ns    17.24 ns …  17.84 ns  in 10 × 100000 runs
[moonbitlang/core] bench builtin/range_equal_bench_test.mbt:81 ("bench range_equal StringView== n=15 equal") ok
time (mean ± σ)         range (min … max) 
  16.84 ns ±   0.14 ns    16.64 ns …  17.04 ns  in 10 × 100000 runs
[moonbitlang/core] bench builtin/range_equal_bench_test.mbt:86 ("bench range_equal StringView== n=64 equal") ok
time (mean ± σ)         range (min … max) 
  51.23 ns ±   0.10 ns    51.10 ns …  51.39 ns  in 10 × 100000 runs
[moonbitlang/core] bench builtin/range_equal_bench_test.mbt:91 ("bench range_equal StringView== n=64 mismatch at end") ok
time (mean ± σ)         range (min … max) 
  51.00 ns ±   0.17 ns    50.77 ns …  51.28 ns  in 10 × 100000 runs
[moonbitlang/core] bench builtin/range_equal_bench_test.mbt:96 ("bench range_equal StringView== n=1024 equal") ok
time (mean ± σ)         range (min … max) 
 768.64 ns ±   0.61 ns   767.52 ns … 769.58 ns  in 10 × 100000 runs
[moonbitlang/core] bench builtin/range_equal_bench_test.mbt:101 ("bench range_equal StringView== n=1024 mismatch at end") ok
time (mean ± σ)         range (min … max) 
 771.49 ns ±   1.03 ns   770.10 ns … 772.92 ns  in 10 × 100000 runs
[moonbitlang/core] bench builtin/range_equal_bench_test.mbt:106 ("bench range_equal StringView== n=1024 mismatch at 0") ok
time (mean ± σ)         range (min … max) 
   7.37 ns ±   0.22 ns     7.11 ns …   7.68 ns  in 10 × 100000 runs
[moonbitlang/core] bench builtin/range_equal_bench_test.mbt:111 ("bench range_equal StringView== n=65536 equal") ok
time (mean ± σ)         range (min … max) 
  49.31 µs ±  88.66 ns    49.25 µs …  49.55 µs  in 10 ×   2032 runs
[moonbitlang/core] bench builtin/range_equal_bench_test.mbt:116 ("bench range_equal StringView== n=65536 mismatch at end") ok
time (mean ± σ)         range (min … max) 
  49.39 µs ±  57.10 ns    49.30 µs …  49.46 µs  in 10 ×   2026 runs
[moonbitlang/core] bench builtin/range_equal_bench_test.mbt:121 ("bench range_equal BytesView== n=4 equal") ok
time (mean ± σ)         range (min … max) 
   8.24 ns ±   0.19 ns     8.00 ns …   8.51 ns  in 10 × 100000 runs
[moonbitlang/core] bench builtin/range_equal_bench_test.mbt:126 ("bench range_equal BytesView== n=8 equal") ok
time (mean ± σ)         range (min … max) 
  10.57 ns ±   0.12 ns    10.38 ns …  10.76 ns  in 10 × 100000 runs
[moonbitlang/core] bench builtin/range_equal_bench_test.mbt:131 ("bench range_equal BytesView== n=8 mismatch at end") ok
time (mean ± σ)         range (min … max) 
  10.70 ns ±   0.24 ns    10.38 ns …  11.08 ns  in 10 × 100000 runs
[moonbitlang/core] bench builtin/range_equal_bench_test.mbt:136 ("bench range_equal BytesView== n=16 equal") ok
time (mean ± σ)         range (min … max) 
  15.52 ns ±   0.21 ns    15.29 ns …  15.87 ns  in 10 × 100000 runs
[moonbitlang/core] bench builtin/range_equal_bench_test.mbt:141 ("bench range_equal BytesView== n=16 mismatch at end") ok
time (mean ± σ)         range (min … max) 
  15.25 ns ±   0.14 ns    15.11 ns …  15.51 ns  in 10 × 100000 runs
[moonbitlang/core] bench builtin/range_equal_bench_test.mbt:146 ("bench range_equal BytesView== n=31 equal") ok
time (mean ± σ)         range (min … max) 
  25.06 ns ±   0.14 ns    24.89 ns …  25.30 ns  in 10 × 100000 runs
[moonbitlang/core] bench builtin/range_equal_bench_test.mbt:151 ("bench range_equal BytesView== n=64 equal") ok
time (mean ± σ)         range (min … max) 
  47.12 ns ±   0.19 ns    46.94 ns …  47.44 ns  in 10 × 100000 runs
[moonbitlang/core] bench builtin/range_equal_bench_test.mbt:156 ("bench range_equal BytesView== n=64 mismatch at end") ok
time (mean ± σ)         range (min … max) 
  46.91 ns ±   0.16 ns    46.68 ns …  47.17 ns  in 10 × 100000 runs
[moonbitlang/core] bench builtin/range_equal_bench_test.mbt:161 ("bench range_equal BytesView== n=1024 equal") ok
time (mean ± σ)         range (min … max) 
 733.30 ns ±   5.26 ns   728.17 ns … 741.53 ns  in 10 × 100000 runs
[moonbitlang/core] bench builtin/range_equal_bench_test.mbt:166 ("bench range_equal BytesView== n=1024 mismatch at end") ok
time (mean ± σ)         range (min … max) 
 725.37 ns ±   1.32 ns   723.79 ns … 727.23 ns  in 10 × 100000 runs
[moonbitlang/core] bench builtin/range_equal_bench_test.mbt:171 ("bench range_equal BytesView== n=1024 mismatch at 0") ok
time (mean ± σ)         range (min … max) 
   6.07 ns ±   0.13 ns     5.94 ns …   6.31 ns  in 10 × 100000 runs
[moonbitlang/core] bench builtin/range_equal_bench_test.mbt:176 ("bench range_equal BytesView== n=65536 equal") ok
time (mean ± σ)         range (min … max) 
  46.66 µs ±  46.83 ns    46.60 µs …  46.73 µs  in 10 ×   2133 runs
[moonbitlang/core] bench builtin/range_equal_bench_test.mbt:181 ("bench range_equal BytesView== n=65536 mismatch at end") ok
time (mean ± σ)         range (min … max) 
  46.77 µs ±  32.98 ns    46.72 µs …  46.81 µs  in 10 ×   2139 runs
[moonbitlang/core] bench builtin/range_equal_bench_test.mbt:186 ("bench range_equal StringView::has_prefix prefix=32 hit") ok
time (mean ± σ)         range (min … max) 
  30.96 ns ±   0.14 ns    30.73 ns …  31.15 ns  in 10 × 100000 runs
[moonbitlang/core] bench builtin/range_equal_bench_test.mbt:193 ("bench range_equal StringView::has_prefix prefix=32 miss at end") ok
time (mean ± σ)         range (min … max) 
  30.81 ns ±   0.16 ns    30.55 ns …  31.04 ns  in 10 × 100000 runs
[moonbitlang/core] bench builtin/linked_hash_map_bench_test.mbt:19 ("bench Map::set n=50000") ok
time (mean ± σ)         range (min … max) 
   2.33 ms ±  31.20 µs     2.28 ms …   2.37 ms  in 10 ×     43 runs
[moonbitlang/core] bench builtin/linked_hash_map_bench_test.mbt:30 ("bench Map::get n=50000") ok
time (mean ± σ)         range (min … max) 
   1.13 ms ± 841.69 ns     1.13 ms …   1.13 ms  in 10 ×     89 runs
[moonbitlang/core] bench builtin/linked_hash_map_bench_test.mbt:47 ("bench Map::get miss n=50000") ok
time (mean ± σ)         range (min … max) 
   1.10 ms ±   1.72 µs     1.10 ms …   1.11 ms  in 10 ×     91 runs
[moonbitlang/core] bench builtin/linked_hash_map_bench_test.mbt:67 ("bench Map::set+remove n=50000") ok
time (mean ± σ)         range (min … max) 
   3.38 ms ±  29.68 µs     3.34 ms …   3.45 ms  in 10 ×     29 runs
[moonbitlang/core] bench builtin/linked_hash_map_bench_test.mbt:83 ("bench Map::each n=50000") ok
time (mean ± σ)         range (min … max) 
 224.75 µs ±  59.53 ns   224.64 µs … 224.84 µs  in 10 ×    445 runs
[moonbitlang/core] bench builtin/linked_hash_map_bench_test.mbt:101 ("bench Map::filter n=50000") ok
time (mean ± σ)         range (min … max) 
 747.48 µs ±  14.16 µs   728.41 µs … 770.68 µs  in 10 ×    136 runs
[moonbitlang/core] bench builtin/linked_hash_map_bench_test.mbt:107 ("bench Map comprehension filter n=50000") ok
time (mean ± σ)         range (min … max) 
   2.74 ms ±  36.97 µs     2.69 ms …   2.80 ms  in 10 ×     37 runs
[moonbitlang/core] bench builtin/lexical_compare_bench_test.mbt:42 ("bench lexical_compare equal n=256") ok
time (mean ± σ)         range (min … max) 
 209.40 ns ±   0.46 ns   208.98 ns … 210.06 ns  in 10 × 100000 runs
[moonbitlang/core] bench builtin/lexical_compare_bench_test.mbt:47 ("bench lexical_compare common-prefix n=256") ok
time (mean ± σ)         range (min … max) 
 199.57 ns ±   0.55 ns   198.88 ns … 200.31 ns  in 10 × 100000 runs
[moonbitlang/core] bench builtin/lexical_compare_bench_test.mbt:52 ("bench lexical_compare early-diff n=256") ok
time (mean ± σ)         range (min … max) 
  10.78 ns ±   0.30 ns    10.45 ns …  11.26 ns  in 10 × 100000 runs
[moonbitlang/core] bench builtin/lexical_compare_bench_test.mbt:89 ("bench String::lexical_compare equal n=256") ok
time (mean ± σ)         range (min … max) 
 204.76 ns ±   0.36 ns   204.15 ns … 205.33 ns  in 10 × 100000 runs
[moonbitlang/core] bench builtin/lexical_compare_bench_test.mbt:94 ("bench String::lexical_compare common-prefix n=256") ok
time (mean ± σ)         range (min … max) 
 205.51 ns ±   0.28 ns   205.09 ns … 205.90 ns  in 10 × 100000 runs
[moonbitlang/core] bench builtin/lexical_compare_bench_test.mbt:99 ("bench String::lexical_compare early-diff n=256") ok
time (mean ± σ)         range (min … max) 
  10.96 ns ±   0.29 ns    10.66 ns …  11.54 ns  in 10 × 100000 runs
[moonbitlang/core] bench builtin/lexical_compare_bench_test.mbt:104 ("bench StringView::lexical_compare equal n=256") ok
time (mean ± σ)         range (min … max) 
 204.83 ns ±   0.38 ns   204.32 ns … 205.44 ns  in 10 × 100000 runs
[moonbitlang/core] bench builtin/lexical_compare_bench_test.mbt:109 ("bench StringView::lexical_compare common-prefix n=256") ok
time (mean ± σ)         range (min … max) 
 206.30 ns ±   0.42 ns   205.77 ns … 206.88 ns  in 10 × 100000 runs
[moonbitlang/core] bench builtin/lexical_compare_bench_test.mbt:114 ("bench StringView::lexical_compare early-diff n=256") ok
time (mean ± σ)         range (min … max) 
  10.98 ns ±   0.40 ns    10.51 ns …  11.57 ns  in 10 × 100000 runs
[moonbitlang/core] bench builtin/lexical_compare_bench_test.mbt:121 ("bench String::compare equal-length common-prefix n=256") ok
time (mean ± σ)         range (min … max) 
 169.10 ns ±   0.29 ns   168.68 ns … 169.52 ns  in 10 × 100000 runs
[moonbitlang/core] bench builtin/lexical_compare_bench_test.mbt:128 ("bench StringView::compare equal-length common-prefix n=256") ok
time (mean ± σ)         range (min … max) 
 206.80 ns ±   0.37 ns   206.29 ns … 207.28 ns  in 10 × 100000 runs
[moonbitlang/core] bench builtin/lexical_compare_bench_test.mbt:135 ("bench StringView::compare_ignore_ascii_case common-prefix n=256") ok
time (mean ± σ)         range (min … max) 
 422.46 ns ±   0.30 ns   421.98 ns … 422.84 ns  in 10 × 100000 runs
[moonbitlang/core] bench builtin/contains_code_unit_bench_test.mbt:19 ("bench contains_code_unit absent n=4") ok
time (mean ± σ)         range (min … max) 
   6.59 ns ±   0.12 ns     6.42 ns …   6.77 ns  in 10 × 100000 runs
[moonbitlang/core] bench builtin/contains_code_unit_bench_test.mbt:25 ("bench contains_code_unit absent n=8") ok
time (mean ± σ)         range (min … max) 
   8.64 ns ±   0.19 ns     8.39 ns …   8.89 ns  in 10 × 100000 runs
[moonbitlang/core] bench builtin/contains_code_unit_bench_test.mbt:31 ("bench contains_code_unit present@0 n=8") ok
time (mean ± σ)         range (min … max) 
   5.59 ns ±   0.18 ns     5.25 ns …   5.78 ns  in 10 × 100000 runs
[moonbitlang/core] bench builtin/contains_code_unit_bench_test.mbt:37 ("bench contains_code_unit absent n=16") ok
time (mean ± σ)         range (min … max) 
  11.86 ns ±   0.37 ns    11.57 ns …  12.56 ns  in 10 × 100000 runs
[moonbitlang/core] bench builtin/contains_code_unit_bench_test.mbt:43 ("bench contains_code_unit absent n=64") ok
time (mean ± σ)         range (min … max) 
  34.40 ns ±   0.21 ns    34.13 ns …  34.74 ns  in 10 × 100000 runs
[moonbitlang/core] bench builtin/contains_code_unit_bench_test.mbt:49 ("bench contains_code_unit absent n=256") ok
time (mean ± σ)         range (min … max) 
 132.15 ns ±   0.27 ns   131.80 ns … 132.60 ns  in 10 × 100000 runs
[moonbitlang/core] bench builtin/contains_code_unit_bench_test.mbt:55 ("bench contains_code_unit present@end n=256") ok
time (mean ± σ)         range (min … max) 
 133.20 ns ±   0.23 ns   132.79 ns … 133.57 ns  in 10 × 100000 runs
[moonbitlang/core] bench builtin/contains_code_unit_bench_test.mbt:61 ("bench contains_code_unit present@0 n=256") ok
time (mean ± σ)         range (min … max) 
   5.48 ns ±   0.26 ns     5.12 ns …   5.85 ns  in 10 × 100000 runs
[moonbitlang/core] bench builtin/contains_code_unit_bench_test.mbt:67 ("bench StringView contains_code_unit absent n=256") ok
time (mean ± σ)         range (min … max) 
 147.00 ns ±   2.10 ns   143.94 ns … 150.21 ns  in 10 × 100000 runs
[moonbitlang/core] bench builtin/bytesview_compare_bench_test.mbt:16 ("bench BytesView Compare equal n=1000000") ok
time (mean ± σ)         range (min … max) 
 713.66 µs ±   1.77 µs   710.91 µs … 716.05 µs  in 10 ×    141 runs
[moonbitlang/core] bench builtin/bytesview_compare_bench_test.mbt:23 ("bench BytesView Compare last-diff n=1000000") ok
time (mean ± σ)         range (min … max) 
 715.69 µs ±   2.55 µs   712.42 µs … 720.10 µs  in 10 ×    140 runs
[moonbitlang/core] bench builtin/bytes_unsafe_bench_test.mbt:31 ("bench Bytes::unsafe_read_uint16_le n=4096") ok
time (mean ± σ)         range (min … max) 
   2.77 µs ±  91.75 ns     2.67 µs …   2.88 µs  in 10 ×  36610 runs
[moonbitlang/core] bench builtin/bytes_unsafe_bench_test.mbt:43 ("bench Bytes::unsafe_read_uint32_le n=4096") ok
time (mean ± σ)         range (min … max) 
   5.05 µs ±   7.48 ns     5.05 µs …   5.07 µs  in 10 ×  19807 runs
[moonbitlang/core] bench builtin/bytes_unsafe_bench_test.mbt:55 ("bench Bytes::unsafe_read_uint64_le n=4096") ok
time (mean ± σ)         range (min … max) 
  10.19 µs ±   1.46 µs     9.49 µs …  12.97 µs  in 10 ×  10545 runs
[moonbitlang/core] bench builtin/bytes_unsafe_bench_test.mbt:67 ("bench FixedArray::unsafe_write_uint16_le n=4096") ok
time (mean ± σ)         range (min … max) 
   2.10 µs ±   6.80 ns     2.09 µs …   2.11 µs  in 10 ×  47299 runs
[moonbitlang/core] bench builtin/bytes_unsafe_bench_test.mbt:78 ("bench FixedArray::unsafe_write_uint32_le n=4096") ok
time (mean ± σ)         range (min … max) 
   4.59 µs ±   2.72 ns     4.59 µs …   4.60 µs  in 10 ×  21761 runs
[moonbitlang/core] bench builtin/bytes_unsafe_bench_test.mbt:89 ("bench FixedArray::unsafe_write_uint64_le n=4096") ok
time (mean ± σ)         range (min … max) 
  11.36 µs ±  51.28 ns    11.32 µs …  11.46 µs  in 10 ×   8829 runs
[moonbitlang/core] bench builtin/bytes_output_bench_test.mbt:19 ("bench Bytes Show binary n=100000") ok
time (mean ± σ)         range (min … max) 
   1.06 ms ± 166.59 µs   911.66 µs …   1.25 ms  in 10 ×     80 runs
[moonbitlang/core] bench builtin/bytes_output_bench_test.mbt:24 ("bench Bytes ToJson binary n=100000") ok
time (mean ± σ)         range (min … max) 
 941.45 µs ± 170.97 µs   803.43 µs …   1.15 ms  in 10 ×     87 runs
[moonbitlang/core] bench builtin/bytes_hash_bench_test.mbt:54 ("bench Hash::hash(Bytes) n=32") ok
time (mean ± σ)         range (min … max) 
  18.73 ns ±   0.14 ns    18.56 ns …  18.98 ns  in 10 × 100000 runs
[moonbitlang/core] bench builtin/bytes_hash_bench_test.mbt:60 ("bench Hash::hash(Bytes) n=8192") ok
time (mean ± σ)         range (min … max) 
   4.59 µs ±   4.21 ns     4.58 µs …   4.60 µs  in 10 ×  21735 runs
[moonbitlang/core] bench builtin/bytes_hash_bench_test.mbt:66 ("bench Map::at Bytes n=1024 key_bytes=32") ok
time (mean ± σ)         range (min … max) 
  51.42 µs ±  21.91 ns    51.40 µs …  51.46 µs  in 10 ×   1945 runs
[moonbitlang/core] bench builtin/bytes_from_array_bench_test.mbt:30 ("bench Bytes::from_array n=262144 full") ok
time (mean ± σ)         range (min … max) 
  96.84 µs ± 587.89 ns    95.58 µs …  97.73 µs  in 10 ×   1047 runs
[moonbitlang/core] bench builtin/bytes_from_array_bench_test.mbt:41 ("bench Bytes::from_array n=262144 sliced") ok
time (mean ± σ)         range (min … max) 
  95.96 µs ± 683.27 ns    95.28 µs …  97.03 µs  in 10 ×   1046 runs
[moonbitlang/core] bench builtin/bytes_from_array_bench_test.mbt:48 ("bench Bytes::makei from ArrayView n=262144 full") ok
time (mean ± σ)         range (min … max) 
 394.77 µs ±   2.51 µs   391.44 µs … 397.89 µs  in 10 ×    261 runs
[moonbitlang/core] bench builtin/bytes_from_array_bench_test.mbt:59 ("bench Bytes::makei from ArrayView n=262144 sliced") ok
time (mean ± σ)         range (min … max) 
 414.61 µs ±   5.01 µs   406.03 µs … 420.48 µs  in 10 ×    249 runs
[moonbitlang/core] bench builtin/bytes_equal_bench_test.mbt:37 ("bench Bytes::equal n=100000 equal") ok
time (mean ± σ)         range (min … max) 
  61.86 µs ±  21.41 ns    61.83 µs …  61.89 µs  in 10 ×   1617 runs
[moonbitlang/core] bench builtin/bytes_equal_bench_test.mbt:44 ("bench Bytes::equal n=100000 aliased object") ok
time (mean ± σ)         range (min … max) 
  61.08 µs ±  42.20 ns    61.03 µs …  61.14 µs  in 10 ×   1640 runs
[moonbitlang/core] bench builtin/bytes_equal_bench_test.mbt:54 ("bench Bytes::equal n=100000 mismatch at end") ok
time (mean ± σ)         range (min … max) 
  61.86 µs ±  41.96 ns    61.80 µs …  61.94 µs  in 10 ×   1619 runs
[moonbitlang/core] bench builtin/bytes_add_bench_test.mbt:16 ("bench Bytes add total=1000000") ok
time (mean ± σ)         range (min … max) 
 354.20 µs ±   1.79 µs   350.96 µs … 356.48 µs  in 10 ×    284 runs
[moonbitlang/core] bench builtin/bitstring_uint_aligned_bench_test.mbt:24 ("bench Bytes::unsafe_extract_uint_le_aligned n=8192") ok
time (mean ± σ)         range (min … max) 
   2.74 µs ±   0.71 ns     2.74 µs …   2.74 µs  in 10 ×  36877 runs
[moonbitlang/core] bench builtin/bitstring_uint64_aligned_bench_test.mbt:24 ("bench Bytes::unsafe_extract_uint64_le_aligned n=8192") ok
time (mean ± σ)         range (min … max) 
   3.16 µs ±   6.56 ns     3.15 µs …   3.17 µs  in 10 ×  39207 runs
[moonbitlang/core] bench builtin/bitstring_extract_bench_test.mbt:35 ("bench BytesView uint_le aligned len=32") ok
time (mean ± σ)         range (min … max) 
   4.59 µs ±  67.84 ns     4.49 µs …   4.64 µs  in 10 ×  22302 runs
[moonbitlang/core] bench builtin/bitstring_extract_bench_test.mbt:48 ("bench BytesView uint_be aligned len=32") ok
time (mean ± σ)         range (min … max) 
   4.60 µs ±  45.35 ns     4.53 µs …   4.67 µs  in 10 ×  22116 runs
[moonbitlang/core] bench builtin/bitstring_extract_bench_test.mbt:61 ("bench ArrayView uint_le aligned len=32") ok
time (mean ± σ)         range (min … max) 
   4.59 µs ±  74.58 ns     4.48 µs …   4.64 µs  in 10 ×  21943 runs
[moonbitlang/core] bench builtin/bitstring_extract_bench_test.mbt:75 ("bench ArrayView uint_be aligned len=32") ok
time (mean ± σ)         range (min … max) 
   4.69 µs ±  66.05 ns     4.56 µs …   4.73 µs  in 10 ×  22133 runs
[moonbitlang/core] bench builtin/bitstring_extract_bench_test.mbt:89 ("bench BytesView uint64_le aligned len=64") ok
time (mean ± σ)         range (min … max) 
   3.46 µs ±  20.55 ns     3.43 µs …   3.49 µs  in 10 ×  28932 runs
[moonbitlang/core] bench builtin/bitstring_extract_bench_test.mbt:102 ("bench BytesView uint64_be aligned len=64") ok
time (mean ± σ)         range (min … max) 
   3.48 µs ±  30.16 ns     3.43 µs …   3.51 µs  in 10 ×  28859 runs
[moonbitlang/core] bench builtin/bitstring_extract_bench_test.mbt:115 ("bench ArrayView uint64_le aligned len=64") ok
time (mean ± σ)         range (min … max) 
   3.45 µs ±  22.73 ns     3.42 µs …   3.48 µs  in 10 ×  28901 runs
[moonbitlang/core] bench builtin/bitstring_extract_bench_test.mbt:129 ("bench ArrayView uint64_be aligned len=64") ok
time (mean ± σ)         range (min … max) 
   3.51 µs ±  18.34 ns     3.46 µs …   3.52 µs  in 10 ×  29405 runs
[moonbitlang/core] bench builtin/bitstring_extract_bench_test.mbt:143 ("bench BytesView uint_le unaligned len=32") ok
time (mean ± σ)         range (min … max) 
  18.05 µs ± 210.74 ns    17.78 µs …  18.25 µs  in 10 ×   5625 runs
[moonbitlang/core] bench builtin/bitstring_extract_bench_test.mbt:156 ("bench BytesView uint64_le unaligned len=64") ok
time (mean ± σ)         range (min … max) 
  15.43 µs ±  24.95 ns    15.41 µs …  15.49 µs  in 10 ×   6494 runs
[moonbitlang/core] bench builtin/bitstring_extract_bench_test.mbt:169 ("bench BytesView uint_le aligned len=16") ok
time (mean ± σ)         range (min … max) 
   6.70 µs ±   1.82 µs     4.06 µs …   7.90 µs  in 10 ×  12687 runs
[moonbitlang/core] bench builtin/bitstring_extract_bench_test.mbt:182 ("bench BytesView uint_le aligned len=24") ok
time (mean ± σ)         range (min … max) 
  13.32 µs ±  29.86 ns    13.27 µs …  13.35 µs  in 10 ×   7506 runs
[moonbitlang/core] bench builtin/array_retain_bench_test.mbt:29 ("bench Array::retain all keep Int n=100000") ok
time (mean ± σ)         range (min … max) 
  61.09 µs ±  30.26 ns    61.05 µs …  61.14 µs  in 10 ×   1639 runs
[moonbitlang/core] bench builtin/array_retain_bench_test.mbt:42 ("bench Array::retain all keep Ref n=100000") ok
time (mean ± σ)         range (min … max) 
  72.43 µs ± 186.91 ns    72.11 µs …  72.75 µs  in 10 ×   1375 runs
[moonbitlang/core] bench builtin/array_retain_bench_test.mbt:55 ("bench Array::retain drop tail n=100000") ok
time (mean ± σ)         range (min … max) 
 131.13 µs ±   2.40 µs   128.83 µs … 134.09 µs  in 10 ×    760 runs
[moonbitlang/core] bench builtin/array_retain_bench_test.mbt:66 ("bench Array::retain late sparse drop n=100000") ok
time (mean ± σ)         range (min … max) 
 178.80 µs ±   1.53 µs   177.06 µs … 181.57 µs  in 10 ×    561 runs
[moonbitlang/core] bench builtin/array_retain_bench_test.mbt:77 ("bench Array::retain drop first n=100000") ok
time (mean ± σ)         range (min … max) 
 145.88 µs ±   1.70 µs   144.42 µs … 149.28 µs  in 10 ×    669 runs
[moonbitlang/core] bench builtin/array_make_blit_bench_test.mbt:32 ("bench FixedArray::copy Ref n=1000000") ok
time (mean ± σ)         range (min … max) 
   2.29 ms ±   4.25 µs     2.28 ms …   2.30 ms  in 10 ×     44 runs
[moonbitlang/core] bench builtin/array_make_blit_bench_test.mbt:38 ("bench Array::from_fixed_array Ref n=1000000") ok
time (mean ± σ)         range (min … max) 
   2.30 ms ±  52.56 µs     2.15 ms …   2.33 ms  in 10 ×     43 runs
[moonbitlang/core] bench builtin/array_make_blit_bench_test.mbt:44 ("bench Array::add Ref n=500000+500000") ok
time (mean ± σ)         range (min … max) 
   2.18 ms ±  93.99 µs     2.13 ms …   2.36 ms  in 10 ×     46 runs
[moonbitlang/core] bench builtin/array_make_blit_bench_test.mbt:51 ("bench ArrayView::add Ref n=500000+500000") ok
time (mean ± σ)         range (min … max) 
   2.18 ms ±  93.78 µs     2.13 ms …   2.36 ms  in 10 ×     46 runs
[moonbitlang/core] bench builtin/array_make_blit_bench_test.mbt:60 ("bench Array::blit_to Ref n=1000000 overwrite") ok
time (mean ± σ)         range (min … max) 
 154.49 µs ± 742.41 ns   153.83 µs … 155.94 µs  in 10 ×    646 runs
[moonbitlang/core] bench builtin/array_make_blit_bench_test.mbt:70 ("bench Array::blit_to Ref n=1000000 grow") ok
time (mean ± σ)         range (min … max) 
   3.42 ms ± 141.12 µs     3.33 ms …   3.68 ms  in 10 ×     31 runs
[moonbitlang/core] bench builtin/array_make_blit_bench_test.mbt:80 ("bench ArrayView::blit_to Ref n=1000000 overwrite") ok
time (mean ± σ)         range (min … max) 
 139.79 µs ± 115.02 ns   139.64 µs … 139.96 µs  in 10 ×    715 runs
[moonbitlang/core] bench builtin/array_make_blit_bench_test.mbt:90 ("bench ArrayView::blit_to Ref n=1000000 grow") ok
time (mean ± σ)         range (min … max) 
   3.37 ms ±  61.58 µs     3.34 ms …   3.54 ms  in 10 ×     31 runs
[moonbitlang/core] bench builtin/array_make_blit_bench_test.mbt:100 ("bench Array::append Ref n=1000000 grow") ok
time (mean ± σ)         range (min … max) 
   3.37 ms ±  63.80 µs     3.33 ms …   3.55 ms  in 10 ×     31 runs
[moonbitlang/core] bench builtin/array_make_blit_bench_test.mbt:110 ("bench Array::push Ref n=1000000 resize") ok
time (mean ± σ)         range (min … max) 
   5.00 ms ± 239.97 µs     4.63 ms …   5.35 ms  in 10 ×     20 runs
[moonbitlang/core] bench builtin/array_make_blit_bench_test.mbt:129 ("bench Array::copy Int n=1000000") ok
time (mean ± σ)         range (min … max) 
 579.01 µs ±   1.06 µs   578.12 µs … 580.64 µs  in 10 ×    173 runs
[moonbitlang/core] bench builtin/array_make_blit_bench_test.mbt:135 ("bench Array::copy Ref n=1000000") ok
time (mean ± σ)         range (min … max) 
   2.18 ms ±  97.90 µs     2.12 ms …   2.37 ms  in 10 ×     46 runs
[moonbitlang/core] bench builtin/array_locals_bench_test.mbt:29 ("bench Array::retain_map n=100000") ok
time (mean ± σ)         range (min … max) 
  64.51 µs ± 166.94 ns    64.42 µs …  64.98 µs  in 10 ×   1553 runs
[moonbitlang/core] bench builtin/array_locals_bench_test.mbt:38 ("bench Array::shuffle_in_place n=100000") ok
time (mean ± σ)         range (min … max) 
 148.17 µs ± 146.15 ns   147.98 µs … 148.51 µs  in 10 ×    676 runs
[moonbitlang/core] bench builtin/array_locals_bench_test.mbt:50 ("bench Array::filter_map n=100000") ok
time (mean ± σ)         range (min … max) 
 152.29 µs ± 589.06 ns   151.80 µs … 153.32 µs  in 10 ×    652 runs
[moonbitlang/core] bench builtin/array_locals_bench_test.mbt:58 ("bench FixedArray::each n=100000") ok
time (mean ± σ)         range (min … max) 
  44.38 µs ± 208.88 ns    44.23 µs …  44.77 µs  in 10 ×   2261 runs
[moonbitlang/core] bench builtin/array_locals_bench_test.mbt:68 ("bench FixedArray::eachi n=100000") ok
time (mean ± σ)         range (min … max) 
  59.68 µs ±  45.33 ns    59.63 µs …  59.76 µs  in 10 ×   1678 runs
[moonbitlang/core] bench builtin/array_locals_bench_test.mbt:78 ("bench FixedArray::rev_each n=100000") ok
time (mean ± σ)         range (min … max) 
  49.59 µs ±  20.29 ns    49.57 µs …  49.62 µs  in 10 ×   2019 runs
[moonbitlang/core] bench builtin/array_locals_bench_test.mbt:88 ("bench FixedArray::rev_eachi n=100000") ok
time (mean ± σ)         range (min … max) 
  70.20 µs ±  24.59 ns    70.17 µs …  70.24 µs  in 10 ×   1425 runs
[moonbitlang/core] bench builtin/array_locals_bench_test.mbt:98 ("bench FixedArray::map n=100000") ok
time (mean ± σ)         range (min … max) 
  86.12 µs ± 961.34 ns    85.26 µs …  88.57 µs  in 10 ×   1172 runs
[moonbitlang/core] bench builtin/array_locals_bench_test.mbt:104 ("bench FixedArray::mapi n=100000") ok
time (mean ± σ)         range (min … max) 
  83.37 µs ± 293.54 ns    83.00 µs …  83.70 µs  in 10 ×   1200 runs
[moonbitlang/core] bench builtin/array_locals_bench_test.mbt:110 ("bench FixedArray::makei n=100000") ok
time (mean ± σ)         range (min … max) 
  82.57 µs ± 278.33 ns    82.25 µs …  82.92 µs  in 10 ×   1251 runs
[moonbitlang/core] bench builtin/array_locals_bench_test.mbt:115 ("bench FixedArray::fold n=100000") ok
time (mean ± σ)         range (min … max) 
  51.88 µs ±  38.84 ns    51.81 µs …  51.93 µs  in 10 ×   1925 runs
[moonbitlang/core] bench builtin/array_locals_bench_test.mbt:121 ("bench FixedArray::rev_fold n=100000") ok
time (mean ± σ)         range (min … max) 
  50.92 µs ±  24.71 ns    50.87 µs …  50.95 µs  in 10 ×   1947 runs
[moonbitlang/core] bench builtin/array_locals_bench_test.mbt:127 ("bench FixedArray::foldi n=100000") ok
time (mean ± σ)         range (min … max) 
  54.41 µs ±  41.03 ns    54.34 µs …  54.47 µs  in 10 ×   1839 runs
[moonbitlang/core] bench builtin/array_locals_bench_test.mbt:133 ("bench FixedArray::rev_foldi n=100000") ok
time (mean ± σ)         range (min … max) 
  59.71 µs ±  26.40 ns    59.68 µs …  59.76 µs  in 10 ×   1676 runs
[moonbitlang/core] bench builtin/array_locals_bench_test.mbt:139 ("bench ArrayView::chunk_by n=100000") ok
time (mean ± σ)         range (min … max) 
  88.59 µs ±  67.97 ns    88.51 µs …  88.70 µs  in 10 ×   1130 runs
[moonbitlang/core] bench builtin/array_locals_bench_test.mbt:146 ("bench ArrayView::each n=100000") ok
time (mean ± σ)         range (min … max) 
  58.65 µs ± 125.57 ns    58.46 µs …  58.84 µs  in 10 ×   1699 runs
[moonbitlang/core] bench builtin/array_locals_bench_test.mbt:157 ("bench ArrayView::eachi n=100000") ok
time (mean ± σ)         range (min … max) 
  66.50 µs ±  55.79 ns    66.43 µs …  66.63 µs  in 10 ×   1507 runs
[moonbitlang/core] bench builtin/array_locals_bench_test.mbt:168 ("bench ArrayView::rev_each n=100000") ok
time (mean ± σ)         range (min … max) 
  64.55 µs ± 182.71 ns    64.37 µs …  64.98 µs  in 10 ×   1556 runs
[moonbitlang/core] bench builtin/array_locals_bench_test.mbt:179 ("bench ArrayView::rev_eachi n=100000") ok
time (mean ± σ)         range (min … max) 
  72.40 µs ±  52.41 ns    72.34 µs …  72.50 µs  in 10 ×   1384 runs
[moonbitlang/core] bench builtin/array_locals_bench_test.mbt:190 ("bench ArrayView::all n=100000") ok
time (mean ± σ)         range (min … max) 
  59.26 µs ±  47.85 ns    59.19 µs …  59.33 µs  in 10 ×   1690 runs
[moonbitlang/core] bench builtin/array_locals_bench_test.mbt:197 ("bench ArrayView::any n=100000") ok
time (mean ± σ)         range (min … max) 
  58.62 µs ±  65.96 ns    58.50 µs …  58.72 µs  in 10 ×   1707 runs
[moonbitlang/core] bench builtin/array_locals_bench_test.mbt:204 ("bench ArrayView::search_by n=100000") ok
time (mean ± σ)         range (min … max) 
  58.68 µs ±  77.80 ns    58.58 µs …  58.78 µs  in 10 ×   1706 runs
[moonbitlang/core] bench builtin/array_locals_bench_test.mbt:213 ("bench ArrayView::fold n=100000") ok
time (mean ± σ)         range (min … max) 
  58.49 µs ±  38.46 ns    58.42 µs …  58.54 µs  in 10 ×   1711 runs
[moonbitlang/core] bench builtin/array_locals_bench_test.mbt:220 ("bench ArrayView::rev_fold n=100000") ok
time (mean ± σ)         range (min … max) 
  56.89 µs ± 113.03 ns    56.77 µs …  57.18 µs  in 10 ×   1761 runs
[moonbitlang/core] bench builtin/array_locals_bench_test.mbt:227 ("bench ArrayView::foldi n=100000") ok
time (mean ± σ)         range (min … max) 
  65.47 µs ±  50.57 ns    65.39 µs …  65.55 µs  in 10 ×   1528 runs
[moonbitlang/core] bench builtin/array_locals_bench_test.mbt:234 ("bench ArrayView::rev_foldi n=100000") ok
time (mean ± σ)         range (min … max) 
  72.12 µs ±  32.18 ns    72.08 µs …  72.18 µs  in 10 ×   1387 runs
[moonbitlang/core] bench builtin/array_locals_bench_test.mbt:241 ("bench ArrayView::map n=100000") ok
time (mean ± σ)         range (min … max) 
 131.06 µs ± 636.24 ns   130.28 µs … 132.02 µs  in 10 ×    761 runs
[moonbitlang/core] bench builtin/array_locals_bench_test.mbt:248 ("bench ArrayView::mapi n=100000") ok
time (mean ± σ)         range (min … max) 
 133.41 µs ± 387.50 ns   133.03 µs … 134.07 µs  in 10 ×    743 runs
[moonbitlang/core] bench builtin/array_locals_bench_test.mbt:255 ("bench ArrayView::filter n=100000") ok
time (mean ± σ)         range (min … max) 
 139.71 µs ± 639.11 ns   139.13 µs … 140.91 µs  in 10 ×    710 runs
[moonbitlang/core] bench builtin/array_locals_bench_test.mbt:262 ("bench ArrayView::filter_map n=100000") ok
time (mean ± σ)         range (min … max) 
 152.87 µs ± 612.75 ns   152.28 µs … 153.88 µs  in 10 ×    652 runs
[moonbitlang/core] bench bytes/find_bench_test.mbt:92 ("bench BytesView::find single byte hit end n=4096") ok
time (mean ± σ)         range (min … max) 
   2.11 µs ±   3.70 ns     2.10 µs …   2.11 µs  in 10 ×  49590 runs
[moonbitlang/core] bench bytes/find_bench_test.mbt:99 ("bench BytesView::find single byte miss n=4096") ok
time (mean ± σ)         range (min … max) 
   2.14 µs ±   5.66 ns     2.13 µs …   2.14 µs  in 10 ×  48720 runs
[moonbitlang/core] bench bytes/find_bench_test.mbt:106 ("bench BytesView::find substring rare hit end n=4096") ok
time (mean ± σ)         range (min … max) 
   2.23 µs ±   2.89 ns     2.23 µs …   2.24 µs  in 10 ×  44620 runs
[moonbitlang/core] bench bytes/find_bench_test.mbt:113 ("bench BytesView::find substring dense miss n=4096") ok
time (mean ± σ)         range (min … max) 
   2.25 µs ±   9.43 ns     2.24 µs …   2.26 µs  in 10 ×  43245 runs
[moonbitlang/core] bench bytes/find_bench_test.mbt:120 ("bench BytesView::find offset view rare hit end n=4096") ok
time (mean ± σ)         range (min … max) 
   2.20 µs ±   2.93 ns     2.20 µs …   2.21 µs  in 10 ×  44699 runs
[moonbitlang/core] bench bytes/find_bench_test.mbt:127 ("bench BytesView::find long dense miss n=4096") ok
time (mean ± σ)         range (min … max) 
   4.71 µs ±   8.66 ns     4.70 µs …   4.74 µs  in 10 ×  21207 runs
[moonbitlang/core] bench bytes/find_bench_test.mbt:134 ("bench BytesView::find single byte miss n=32") ok
time (mean ± σ)         range (min … max) 
  22.80 ns ±   0.46 ns    22.27 ns …  23.57 ns  in 10 × 100000 runs
[moonbitlang/core] bench bytes/find_bench_test.mbt:141 ("bench BytesView::find substring miss n=32") ok
time (mean ± σ)         range (min … max) 
  24.10 ns ±   0.20 ns    23.87 ns …  24.38 ns  in 10 × 100000 runs
[moonbitlang/core] bench bytes/find_bench_test.mbt:148 ("bench BytesView::rev_find single byte hit start n=4096") ok
time (mean ± σ)         range (min … max) 
   2.02 µs ±   5.60 ns     2.01 µs …   2.02 µs  in 10 ×  50128 runs
[moonbitlang/core] bench bytes/find_bench_test.mbt:155 ("bench BytesView::rev_find single byte miss n=4096") ok
time (mean ± σ)         range (min … max) 
   2.17 µs ±   5.58 ns     2.16 µs …   2.18 µs  in 10 ×  48973 runs
[moonbitlang/core] bench bytes/find_bench_test.mbt:162 ("bench BytesView::rev_find substring rare hit start n=4096") ok
time (mean ± σ)         range (min … max) 
   3.34 µs ±   2.82 ns     3.34 µs …   3.35 µs  in 10 ×  29897 runs
[moonbitlang/core] bench bytes/find_bench_test.mbt:169 ("bench BytesView::rev_find substring dense miss n=4096") ok
time (mean ± σ)         range (min … max) 
   3.50 µs ±   6.97 ns     3.49 µs …   3.51 µs  in 10 ×  28481 runs
[moonbitlang/core] bench bytes/find_bench_test.mbt:176 ("bench BytesView::rev_find offset view rare hit start n=4096") ok
time (mean ± σ)         range (min … max) 
   3.34 µs ±   2.69 ns     3.34 µs …   3.35 µs  in 10 ×  29922 runs
[moonbitlang/core] bench bytes/find_bench_test.mbt:185 ("bench BytesView::rev_find long dense miss n=4096") ok
time (mean ± σ)         range (min … max) 
   3.48 µs ±   7.85 ns     3.47 µs …   3.49 µs  in 10 ×  28708 runs
[moonbitlang/core] bench debug/debug_inspect_bench_test.mbt:16 ("bench debug_inspect passing Int") ok
time (mean ± σ)         range (min … max) 
  62.39 ns ±   0.34 ns    61.87 ns …  62.95 ns  in 10 × 100000 runs
[moonbitlang/core] bench debug/debug_inspect_bench_test.mbt:21 ("bench debug_inspect passing Array") ok
time (mean ± σ)         range (min … max) 
 790.81 ns ±  12.12 ns   774.15 ns … 808.49 ns  in 10 × 100000 runs
[moonbitlang/core] bench deque/deque_bench_test.mbt:22 ("bench Deque::to_array Int n=50000") ok
time (mean ± σ)         range (min … max) 
  99.08 µs ± 635.40 ns    98.03 µs …  99.93 µs  in 10 ×   1011 runs
[moonbitlang/core] bench deque/deque_bench_test.mbt:28 ("bench Deque::to_array Ref n=50000") ok
time (mean ± σ)         range (min … max) 
 125.43 µs ±   1.83 µs   122.90 µs … 127.85 µs  in 10 ×    802 runs
[moonbitlang/core] bench deque/deque_bench_test.mbt:34 ("bench Deque steady-state pop_front/push_back x100000 len=1000") ok
time (mean ± σ)         range (min … max) 
 365.80 µs ± 554.16 ns   364.88 µs … 366.63 µs  in 10 ×    273 runs
[moonbitlang/core] bench deque/deque_bench_test.mbt:51 ("bench Deque steady-state push_front/pop_back x100000 len=1000") ok
time (mean ± σ)         range (min … max) 
 364.90 µs ± 971.52 ns   364.32 µs … 367.61 µs  in 10 ×    275 runs
[moonbitlang/core] bench deque/deque_bench_test.mbt:67 ("bench Deque::get x100000 len=1000") ok
time (mean ± σ)         range (min … max) 
 637.98 µs ±   1.21 µs   637.29 µs … 641.37 µs  in 10 ×    157 runs
[moonbitlang/core] bench encoding/ascii/ascii_bench_test.mbt:40 ("bench ASCII decode n=15") ok
time (mean ± σ)         range (min … max) 
  52.74 ns ±   0.47 ns    52.08 ns …  53.78 ns  in 10 × 100000 runs
[moonbitlang/core] bench encoding/ascii/ascii_bench_test.mbt:46 ("bench ASCII decode n=16") ok
time (mean ± σ)         range (min … max) 
  55.43 ns ±   1.25 ns    54.15 ns …  57.45 ns  in 10 × 100000 runs
[moonbitlang/core] bench encoding/ascii/ascii_bench_test.mbt:52 ("bench ASCII decode n=32") ok
time (mean ± σ)         range (min … max) 
  99.02 ns ±   0.25 ns    98.59 ns …  99.36 ns  in 10 × 100000 runs
[moonbitlang/core] bench encoding/ascii/ascii_bench_test.mbt:58 ("bench ASCII decode n=64") ok
time (mean ± σ)         range (min … max) 
 136.28 ns ±   0.97 ns   135.27 ns … 137.57 ns  in 10 × 100000 runs
[moonbitlang/core] bench encoding/ascii/ascii_bench_test.mbt:64 ("bench ASCII decode n=100000") ok
time (mean ± σ)         range (min … max) 
 225.61 µs ± 412.99 ns   224.92 µs … 226.18 µs  in 10 ×    439 runs
[moonbitlang/core] bench encoding/ascii/ascii_bench_test.mbt:70 ("bench ASCII decode n=1000000") ok
time (mean ± σ)         range (min … max) 
   2.18 ms ±   5.84 µs     2.17 ms …   2.18 ms  in 10 ×     46 runs
[moonbitlang/core] bench encoding/base64/v128_bench_wbtest.mbt:38 ("bench encode scalar n=64") ok
time (mean ± σ)         range (min … max) 
   1.64 µs ±   3.65 ns     1.63 µs …   1.65 µs  in 10 ×  57543 runs
[moonbitlang/core] bench encoding/base64/v128_bench_wbtest.mbt:43 ("bench encode v128 n=64") ok
time (mean ± σ)         range (min … max) 
   1.63 µs ±   6.62 ns     1.62 µs …   1.64 µs  in 10 ×  58982 runs
[moonbitlang/core] bench encoding/base64/v128_bench_wbtest.mbt:48 ("bench encode scalar n=1024") ok
time (mean ± σ)         range (min … max) 
  25.23 µs ± 239.67 ns    24.98 µs …  25.68 µs  in 10 ×   3876 runs
[moonbitlang/core] bench encoding/base64/v128_bench_wbtest.mbt:53 ("bench encode v128 n=1024") ok
time (mean ± σ)         range (min … max) 
  25.23 µs ± 225.36 ns    24.99 µs …  25.65 µs  in 10 ×   3891 runs
[moonbitlang/core] bench encoding/base64/v128_bench_wbtest.mbt:58 ("bench encode scalar n=65536") ok
time (mean ± σ)         range (min … max) 
   1.61 ms ±  15.37 µs     1.59 ms …   1.63 ms  in 10 ×     62 runs
[moonbitlang/core] bench encoding/base64/v128_bench_wbtest.mbt:63 ("bench encode v128 n=65536") ok
time (mean ± σ)         range (min … max) 
   1.62 ms ±  11.45 µs     1.60 ms …   1.63 ms  in 10 ×     62 runs
[moonbitlang/core] bench encoding/base64/v128_bench_wbtest.mbt:68 ("bench decode scalar n=64") ok
time (mean ± σ)         range (min … max) 
 258.49 ns ±   0.63 ns   256.95 ns … 259.11 ns  in 10 × 100000 runs
[moonbitlang/core] bench encoding/base64/v128_bench_wbtest.mbt:75 ("bench decode v128 n=64") ok
time (mean ± σ)         range (min … max) 
 262.76 ns ±   1.75 ns   260.74 ns … 264.93 ns  in 10 × 100000 runs
[moonbitlang/core] bench encoding/base64/v128_bench_wbtest.mbt:80 ("bench decode scalar n=1024") ok
time (mean ± σ)         range (min … max) 
   3.65 µs ±  12.04 ns     3.64 µs …   3.67 µs  in 10 ×  25865 runs
[moonbitlang/core] bench encoding/base64/v128_bench_wbtest.mbt:87 ("bench decode v128 n=1024") ok
time (mean ± σ)         range (min … max) 
   3.65 µs ±  13.81 ns     3.64 µs …   3.67 µs  in 10 ×  25881 runs
[moonbitlang/core] bench encoding/base64/v128_bench_wbtest.mbt:92 ("bench decode scalar n=65536") ok
time (mean ± σ)         range (min … max) 
 585.77 µs ±   4.89 µs   579.76 µs … 594.23 µs  in 10 ×    172 runs
[moonbitlang/core] bench encoding/base64/v128_bench_wbtest.mbt:99 ("bench decode v128 n=65536") ok
time (mean ± σ)         range (min … max) 
 584.01 µs ±   3.56 µs   579.45 µs … 586.89 µs  in 10 ×    173 runs
[moonbitlang/core] bench encoding/hex/v128_bench_wbtest.mbt:34 ("bench encode scalar 4k") ok
time (mean ± σ)         range (min … max) 
 144.77 µs ± 369.12 ns   144.14 µs … 145.27 µs  in 10 ×    695 runs
[moonbitlang/core] bench encoding/hex/v128_bench_wbtest.mbt:39 ("bench encode public 64") ok
time (mean ± σ)         range (min … max) 
   2.30 µs ±  12.68 ns     2.28 µs …   2.32 µs  in 10 ×  42928 runs
[moonbitlang/core] bench encoding/hex/v128_bench_wbtest.mbt:44 ("bench encode public 4k") ok
time (mean ± σ)         range (min … max) 
 145.24 µs ± 335.61 ns   144.59 µs … 145.55 µs  in 10 ×    688 runs
[moonbitlang/core] bench encoding/hex/v128_bench_wbtest.mbt:49 ("bench encode public 64k") ok
time (mean ± σ)         range (min … max) 
   2.33 ms ±   8.62 µs     2.31 ms …   2.34 ms  in 10 ×     44 runs
[moonbitlang/core] bench encoding/hex/v128_bench_wbtest.mbt:54 ("bench decode scalar 4k") ok
time (mean ± σ)         range (min … max) 
  27.23 µs ± 934.59 ns    25.68 µs …  28.08 µs  in 10 ×   3563 runs
[moonbitlang/core] bench encoding/hex/v128_bench_wbtest.mbt:62 ("bench decode public 4k") ok
time (mean ± σ)         range (min … max) 
  20.64 µs ± 924.70 ns    18.76 µs …  21.69 µs  in 10 ×   4559 runs
[moonbitlang/core] bench encoding/hex/v128_bench_wbtest.mbt:70 ("bench decode public 64k") ok
time (mean ± σ)         range (min … max) 
 566.44 µs ±   1.08 µs   564.84 µs … 567.79 µs  in 10 ×    176 runs
[moonbitlang/core] bench encoding/utf16/utf16_v128_bench_test.mbt:57 ("bench utf16 encode ASCII LE n=100000") ok
time (mean ± σ)         range (min … max) 
 104.64 µs ± 805.92 ns   104.00 µs … 105.93 µs  in 10 ×    956 runs
[moonbitlang/core] bench encoding/utf16/utf16_v128_bench_test.mbt:63 ("bench utf16 encode ASCII BE n=100000") ok
time (mean ± σ)         range (min … max) 
 111.16 µs ± 723.57 ns   110.30 µs … 111.91 µs  in 10 ×    902 runs
[moonbitlang/core] bench encoding/utf16/utf16_v128_bench_test.mbt:69 ("bench utf16 encode mixed LE n=100000") ok
time (mean ± σ)         range (min … max) 
 104.61 µs ± 731.91 ns   104.03 µs … 106.01 µs  in 10 ×    954 runs
[moonbitlang/core] bench encoding/utf16/utf16_v128_bench_test.mbt:75 ("bench utf16 encode mixed BE n=100000") ok
time (mean ± σ)         range (min … max) 
 111.02 µs ± 780.85 ns   110.22 µs … 112.02 µs  in 10 ×    902 runs
[moonbitlang/core] bench encoding/utf16/utf16_v128_bench_test.mbt:81 ("bench utf16 decode ASCII LE n=100000") ok
time (mean ± σ)         range (min … max) 
 193.74 µs ±   1.47 µs   190.27 µs … 195.00 µs  in 10 ×    542 runs
[moonbitlang/core] bench encoding/utf16/utf16_v128_bench_test.mbt:87 ("bench utf16 decode ASCII BE n=100000") ok
time (mean ± σ)         range (min … max) 
 325.25 µs ±   1.27 µs   323.03 µs … 326.58 µs  in 10 ×    308 runs
[moonbitlang/core] bench encoding/utf16/utf16_v128_bench_test.mbt:95 ("bench utf16 decode mixed LE n=100000") ok
time (mean ± σ)         range (min … max) 
 193.39 µs ± 866.68 ns   191.00 µs … 193.87 µs  in 10 ×    536 runs
[moonbitlang/core] bench encoding/utf16/utf16_v128_bench_test.mbt:101 ("bench utf16 decode mixed BE n=100000") ok
time (mean ± σ)         range (min … max) 
 328.21 µs ±   5.77 µs   322.68 µs … 337.79 µs  in 10 ×    309 runs
[moonbitlang/core] bench encoding/utf16/utf16_v128_bench_test.mbt:109 ("bench utf16 decode emoji LE n=100000") ok
time (mean ± σ)         range (min … max) 
 281.90 µs ±   3.33 µs   279.49 µs … 286.95 µs  in 10 ×    349 runs
[moonbitlang/core] bench encoding/utf16/utf16_v128_bench_test.mbt:115 ("bench utf16 decode emoji BE n=100000") ok
time (mean ± σ)         range (min … max) 
 334.00 µs ±   1.44 µs   332.71 µs … 336.50 µs  in 10 ×    299 runs
[moonbitlang/core] bench hashmap/hashmap_bench_test.mbt:19 ("bench HashMap::set n=50000") ok
time (mean ± σ)         range (min … max) 
   1.64 ms ±  17.84 µs     1.61 ms …   1.66 ms  in 10 ×     61 runs
[moonbitlang/core] bench hashmap/hashmap_bench_test.mbt:30 ("bench HashMap::get n=50000") ok
time (mean ± σ)         range (min … max) 
 476.88 µs ± 320.75 ns   476.41 µs … 477.44 µs  in 10 ×    211 runs
[moonbitlang/core] bench hashmap/hashmap_bench_test.mbt:47 ("bench HashMap::get miss n=50000") ok
time (mean ± σ)         range (min … max) 
 589.41 µs ± 318.61 ns   589.15 µs … 590.18 µs  in 10 ×    170 runs
[moonbitlang/core] bench hashmap/hashmap_bench_test.mbt:67 ("bench HashMap::set+remove n=50000") ok
time (mean ± σ)         range (min … max) 
   2.28 ms ±  14.76 µs     2.26 ms …   2.31 ms  in 10 ×     44 runs
[moonbitlang/core] bench hashmap/hashmap_bench_test.mbt:87 ("bench HashMap::copy+remove n=50000") ok
time (mean ± σ)         range (min … max) 
   1.26 ms ±  20.25 µs     1.24 ms …   1.29 ms  in 10 ×     81 runs
[moonbitlang/core] bench hashmap/hashmap_bench_test.mbt:102 ("bench HashMap::copy n=50000") ok
time (mean ± σ)         range (min … max) 
 614.37 µs ±   6.06 µs   606.74 µs … 622.99 µs  in 10 ×    162 runs
[moonbitlang/core] bench hashmap/hashmap_bench_test.mbt:114 ("bench HashMap::to_array Int n=50000") ok
time (mean ± σ)         range (min … max) 
 593.82 µs ±  14.93 µs   566.15 µs … 610.05 µs  in 10 ×    167 runs
[moonbitlang/core] bench hashmap/hashmap_bench_test.mbt:123 ("bench HashMap::to_array Ref n=50000") ok
time (mean ± σ)         range (min … max) 
 739.59 µs ±  12.62 µs   727.89 µs … 764.66 µs  in 10 ×    135 runs
[moonbitlang/core] bench hashmap/hashmap_bench_test.mbt:141 ("bench HashMap::filter n=50000") ok
time (mean ± σ)         range (min … max) 
 783.93 µs ±  10.37 µs   770.90 µs … 799.72 µs  in 10 ×    128 runs
[moonbitlang/core] bench hashmap/hashmap_bench_test.mbt:147 ("bench HashMap comprehension filter n=50000") ok
time (mean ± σ)         range (min … max) 
   2.45 ms ±  25.54 µs     2.43 ms …   2.49 ms  in 10 ×     41 runs
[moonbitlang/core] bench hashset/set_algebra_bench_test.mbt:26 ("bench HashSet::union String 10k 50% overlap") ok
time (mean ± σ)         range (min … max) 
 534.92 µs ±   4.19 µs   530.82 µs … 544.52 µs  in 10 ×    186 runs
[moonbitlang/core] bench hashset/set_algebra_bench_test.mbt:33 ("bench HashSet::union Int 10k 50% overlap") ok
time (mean ± σ)         range (min … max) 
 436.99 µs ±   2.75 µs   433.56 µs … 440.98 µs  in 10 ×    224 runs
[moonbitlang/core] bench hashset/set_algebra_bench_test.mbt:40 ("bench HashSet::intersection String 10k 50% overlap") ok
time (mean ± σ)         range (min … max) 
 349.26 µs ±   2.27 µs   346.90 µs … 353.51 µs  in 10 ×    286 runs
[moonbitlang/core] bench hashset/set_algebra_bench_test.mbt:47 ("bench HashSet::difference String 10k 50% overlap") ok
time (mean ± σ)         range (min … max) 
 331.56 µs ±   4.88 µs   325.51 µs … 338.78 µs  in 10 ×    297 runs
[moonbitlang/core] bench hashset/set_algebra_bench_test.mbt:54 ("bench HashSet::is_subset String 10k true") ok
time (mean ± σ)         range (min … max) 
 286.49 µs ±   1.16 µs   285.51 µs … 288.00 µs  in 10 ×    350 runs
[moonbitlang/core] bench hashset/set_algebra_bench_test.mbt:61 ("bench HashSet == String 10k") ok
time (mean ± σ)         range (min … max) 
 279.54 µs ± 761.40 ns   278.79 µs … 280.94 µs  in 10 ×    356 runs
[moonbitlang/core] bench hashset/set_algebra_bench_test.mbt:68 ("bench HashSet == Int 10k") ok
time (mean ± σ)         range (min … max) 
  61.62 µs ±   8.07 µs    49.54 µs …  73.12 µs  in 10 ×   1456 runs
[moonbitlang/core] bench hashset/hashset_bench_test.mbt:19 ("bench HashSet::add n=50000") ok
time (mean ± σ)         range (min … max) 
   2.02 ms ±  22.34 µs     1.99 ms …   2.06 ms  in 10 ×     50 runs
[moonbitlang/core] bench hashset/hashset_bench_test.mbt:30 ("bench HashSet::contains n=50000") ok
time (mean ± σ)         range (min … max) 
   1.09 ms ±   3.19 µs     1.08 ms …   1.09 ms  in 10 ×     93 runs
[moonbitlang/core] bench hashset/hashset_bench_test.mbt:56 ("bench HashSet::filter n=50000") ok
time (mean ± σ)         range (min … max) 
 359.72 µs ±   3.23 µs   355.64 µs … 363.77 µs  in 10 ×    288 runs
[moonbitlang/core] bench hashset/hashset_bench_test.mbt:62 ("bench HashSet comprehension filter n=50000") ok
time (mean ± σ)         range (min … max) 
 941.22 µs ±   7.65 µs   932.62 µs … 952.52 µs  in 10 ×    106 runs
[moonbitlang/core] bench immut/hashmap/update_bench_test.mbt:21 ("bench HashMap::remove absent x1000 n=100000") ok
time (mean ± σ)         range (min … max) 
  25.51 µs ±  24.51 ns    25.48 µs …  25.54 µs  in 10 ×   3923 runs
[moonbitlang/core] bench immut/hashmap/update_bench_test.mbt:32 ("bench HashMap::remove present x1000 n=100000") ok
time (mean ± σ)         range (min … max) 
 186.28 µs ± 412.55 ns   185.54 µs … 186.83 µs  in 10 ×    536 runs
[moonbitlang/core] bench immut/hashmap/update_bench_test.mbt:43 ("bench HashMap::union with a derived version n=100000") ok
time (mean ± σ)         range (min … max) 
 466.47 ns ±   2.31 ns   461.46 ns … 468.05 ns  in 10 × 100000 runs
[moonbitlang/core] bench immut/hashmap/update_bench_test.mbt:49 ("bench HashMap::intersection with a derived version n=100000") ok
time (mean ± σ)         range (min … max) 
 449.68 ns ±   0.41 ns   449.04 ns … 450.34 ns  in 10 × 100000 runs
[moonbitlang/core] bench immut/hashmap/hashmap_build_bench_test.mbt:37 ("bench HashMap constructor ordered n=10000") ok
time (mean ± σ)         range (min … max) 
 572.27 µs ±   1.74 µs   570.03 µs … 575.38 µs  in 10 ×    174 runs
[moonbitlang/core] bench immut/hashmap/hashmap_build_bench_test.mbt:43 ("bench HashMap constructor random n=10000") ok
time (mean ± σ)         range (min … max) 
 571.75 µs ± 754.25 ns   570.72 µs … 572.90 µs  in 10 ×    175 runs
[moonbitlang/core] bench immut/hashmap/hashmap_build_bench_test.mbt:49 ("bench HashMap::from_iter random n=10000") ok
time (mean ± σ)         range (min … max) 
 605.47 µs ±   1.23 µs   603.14 µs … 607.43 µs  in 10 ×    165 runs
[moonbitlang/core] bench immut/hashset/update_bench_test.mbt:21 ("bench HashSet::add existing x1000 n=100000") ok
time (mean ± σ)         range (min … max) 
  31.83 µs ±  91.48 ns    31.73 µs …  32.00 µs  in 10 ×   3147 runs
[moonbitlang/core] bench immut/hashset/update_bench_test.mbt:32 ("bench HashSet::remove absent x1000 n=100000") ok
time (mean ± σ)         range (min … max) 
  25.73 µs ± 148.07 ns    25.61 µs …  25.93 µs  in 10 ×   3911 runs
[moonbitlang/core] bench immut/hashset/update_bench_test.mbt:43 ("bench HashSet::add new x1000 n=100000") ok
time (mean ± σ)         range (min … max) 
 183.03 µs ± 330.60 ns   182.61 µs … 183.56 µs  in 10 ×    548 runs
[moonbitlang/core] bench immut/hashset/update_bench_test.mbt:54 ("bench HashSet::union with a derived version n=100000") ok
time (mean ± σ)         range (min … max) 
 461.95 ns ±   1.89 ns   459.20 ns … 465.61 ns  in 10 × 100000 runs
[moonbitlang/core] bench immut/hashset/hashset_build_bench_test.mbt:34 ("bench HashSet constructor ordered n=10000") ok
time (mean ± σ)         range (min … max) 
 608.04 µs ±   3.47 µs   603.29 µs … 613.15 µs  in 10 ×    164 runs
[moonbitlang/core] bench immut/hashset/hashset_build_bench_test.mbt:40 ("bench HashSet constructor random n=10000") ok
time (mean ± σ)         range (min … max) 
 607.41 µs ±   1.84 µs   605.01 µs … 610.80 µs  in 10 ×    165 runs
[moonbitlang/core] bench immut/hashset/hashset_build_bench_test.mbt:46 ("bench HashSet::from_iter random n=10000") ok
time (mean ± σ)         range (min … max) 
 637.50 µs ±   3.13 µs   633.05 µs … 642.48 µs  in 10 ×    158 runs
[moonbitlang/core] bench immut/priority_queue/priority_queue_build_bench_test.mbt:38 ("bench PriorityQueue::from_array ordered n=10000") ok
time (mean ± σ)         range (min … max) 
  51.14 µs ±   1.13 µs    50.06 µs …  52.57 µs  in 10 ×   1901 runs
[moonbitlang/core] bench immut/priority_queue/priority_queue_build_bench_test.mbt:44 ("bench PriorityQueue::from_array reverse n=10000") ok
time (mean ± σ)         range (min … max) 
  40.76 µs ± 804.83 ns    40.27 µs …  42.46 µs  in 10 ×   2334 runs
[moonbitlang/core] bench immut/priority_queue/priority_queue_build_bench_test.mbt:50 ("bench PriorityQueue::from_array random n=10000") ok
time (mean ± σ)         range (min … max) 
  52.28 µs ±   1.15 µs    51.07 µs …  53.61 µs  in 10 ×   1863 runs
[moonbitlang/core] bench immut/priority_queue/priority_queue_build_bench_test.mbt:56 ("bench PriorityQueue::from_iter random n=10000") ok
time (mean ± σ)         range (min … max) 
  86.65 µs ± 257.74 ns    86.31 µs …  87.02 µs  in 10 ×   1156 runs
[moonbitlang/core] bench immut/sorted_map/sorted_map_build_bench_test.mbt:54 ("bench SortedMap constructor reverse n=10000") ok
time (mean ± σ)         range (min … max) 
  81.75 µs ± 180.01 ns    81.52 µs …  82.03 µs  in 10 ×   1223 runs
[moonbitlang/core] bench immut/sorted_map/sorted_map_build_bench_test.mbt:60 ("bench SortedMap::from_iter ordered n=10000") ok
time (mean ± σ)         range (min … max) 
   1.79 ms ±   9.23 µs     1.78 ms …   1.80 ms  in 10 ×     57 runs
[moonbitlang/core] bench immut/sorted_map/sorted_map_build_bench_test.mbt:66 ("bench SortedMap::from_iter almost ordered n=10000") ok
time (mean ± σ)         range (min … max) 
   1.80 ms ±   8.75 µs     1.78 ms …   1.81 ms  in 10 ×     56 runs
[moonbitlang/core] bench immut/sorted_map/sorted_map_build_bench_test.mbt:72 ("bench SortedMap::from_iter random n=10000") ok
time (mean ± σ)         range (min … max) 
   1.10 ms ±   4.71 µs     1.09 ms …   1.11 ms  in 10 ×     92 runs
[moonbitlang/core] bench immut/sorted_map/sorted_map_build_bench_test.mbt:78 ("bench SortedMap constructor ordered n=10000") ok
time (mean ± σ)         range (min … max) 
  83.70 µs ±  65.36 ns    83.56 µs …  83.81 µs  in 10 ×   1191 runs
[moonbitlang/core] bench immut/sorted_map/sorted_map_build_bench_test.mbt:84 ("bench SortedMap constructor almost ordered n=10000") ok
time (mean ± σ)         range (min … max) 
 178.41 µs ± 180.53 ns   178.19 µs … 178.77 µs  in 10 ×    561 runs
[moonbitlang/core] bench immut/sorted_map/sorted_map_build_bench_test.mbt:90 ("bench SortedMap constructor random n=10000") ok
time (mean ± σ)         range (min … max) 
 699.50 µs ±   1.73 µs   697.37 µs … 701.60 µs  in 10 ×    143 runs
[moonbitlang/core] bench immut/sorted_map/merge_bench_test.mbt:29 ("bench merge disjoint n=1000") ok
time (mean ± σ)         range (min … max) 
   2.23 µs ±  14.92 ns     2.21 µs …   2.25 µs  in 10 ×  42679 runs
[moonbitlang/core] bench immut/sorted_map/merge_bench_test.mbt:36 ("bench merge disjoint n=5000") ok
time (mean ± σ)         range (min … max) 
   3.43 µs ±  11.84 ns     3.41 µs …   3.45 µs  in 10 ×  28530 runs
[moonbitlang/core] bench immut/sorted_map/merge_bench_test.mbt:43 ("bench merge disjoint n=10000") ok
time (mean ± σ)         range (min … max) 
   4.00 µs ±  19.74 ns     3.97 µs …   4.03 µs  in 10 ×  24921 runs
[moonbitlang/core] bench immut/sorted_map/merge_bench_test.mbt:50 ("bench merge overlapping 50% n=1000") ok
time (mean ± σ)         range (min … max) 
   6.76 µs ±  47.62 ns     6.70 µs …   6.85 µs  in 10 ×  14558 runs
[moonbitlang/core] bench immut/sorted_map/merge_bench_test.mbt:57 ("bench merge overlapping 50% n=5000") ok
time (mean ± σ)         range (min … max) 
  33.77 µs ±  57.13 ns    33.70 µs …  33.89 µs  in 10 ×   2950 runs
[moonbitlang/core] bench immut/sorted_map/merge_bench_test.mbt:64 ("bench merge overlapping 50% n=10000") ok
time (mean ± σ)         range (min … max) 
  59.91 µs ± 257.13 ns    59.48 µs …  60.25 µs  in 10 ×   1671 runs
[moonbitlang/core] bench immut/sorted_map/merge_bench_test.mbt:71 ("bench merge identical n=1000") ok
time (mean ± σ)         range (min … max) 
   9.58 µs ±  15.79 ns     9.55 µs …   9.59 µs  in 10 ×  10405 runs
[moonbitlang/core] bench immut/sorted_map/merge_bench_test.mbt:78 ("bench merge identical n=5000") ok
time (mean ± σ)         range (min … max) 
  51.27 µs ± 180.75 ns    51.05 µs …  51.58 µs  in 10 ×   1960 runs
[moonbitlang/core] bench immut/sorted_map/merge_bench_test.mbt:85 ("bench merge interleaved n=1000") ok
time (mean ± σ)         range (min … max) 
  37.05 µs ± 161.85 ns    36.83 µs …  37.28 µs  in 10 ×   2719 runs
[moonbitlang/core] bench immut/sorted_map/merge_bench_test.mbt:92 ("bench merge interleaved n=5000") ok
time (mean ± σ)         range (min … max) 
 203.99 µs ± 864.05 ns   202.80 µs … 205.48 µs  in 10 ×    488 runs
[moonbitlang/core] bench immut/sorted_map/merge_bench_test.mbt:99 ("bench merge small into large n=100+10000") ok
time (mean ± σ)         range (min … max) 
   2.95 µs ±  19.93 ns     2.89 µs …   2.96 µs  in 10 ×  33616 runs
[moonbitlang/core] bench immut/sorted_set/sorted_set_build_bench_test.mbt:51 ("bench SortedSet constructor reverse n=10000") ok
time (mean ± σ)         range (min … max) 
  76.40 µs ± 261.32 ns    76.12 µs …  76.96 µs  in 10 ×   1311 runs
[moonbitlang/core] bench immut/sorted_set/sorted_set_build_bench_test.mbt:57 ("bench SortedSet::from_iter ordered n=10000") ok
time (mean ± σ)         range (min … max) 
   1.79 ms ±   8.83 µs     1.78 ms …   1.80 ms  in 10 ×     56 runs
[moonbitlang/core] bench immut/sorted_set/sorted_set_build_bench_test.mbt:63 ("bench SortedSet::from_iter almost ordered n=10000") ok
time (mean ± σ)         range (min … max) 
   1.79 ms ±   5.01 µs     1.79 ms …   1.80 ms  in 10 ×     56 runs
[moonbitlang/core] bench immut/sorted_set/sorted_set_build_bench_test.mbt:69 ("bench SortedSet::from_iter rev almost ordered n=10000") ok
time (mean ± σ)         range (min … max) 
   1.79 ms ±   9.07 µs     1.77 ms …   1.80 ms  in 10 ×     56 runs
[moonbitlang/core] bench immut/sorted_set/sorted_set_build_bench_test.mbt:75 ("bench SortedSet::from_iter random n=10000") ok
time (mean ± σ)         range (min … max) 
   1.10 ms ±   7.36 µs     1.09 ms …   1.11 ms  in 10 ×     92 runs
[moonbitlang/core] bench immut/sorted_set/sorted_set_build_bench_test.mbt:81 ("bench SortedSet constructor ordered n=10000") ok
time (mean ± σ)         range (min … max) 
  78.83 µs ± 110.92 ns    78.62 µs …  78.95 µs  in 10 ×   1270 runs
[moonbitlang/core] bench immut/sorted_set/sorted_set_build_bench_test.mbt:87 ("bench SortedSet constructor almost ordered n=10000") ok
time (mean ± σ)         range (min … max) 
 106.37 µs ±   1.41 µs   104.74 µs … 108.09 µs  in 10 ×    928 runs
[moonbitlang/core] bench immut/sorted_set/sorted_set_build_bench_test.mbt:93 ("bench SortedSet constructor random n=10000") ok
time (mean ± σ)         range (min … max) 
 287.69 µs ± 459.66 ns   286.89 µs … 288.47 µs  in 10 ×    348 runs
[moonbitlang/core] bench immut/vector/vector_iter_bench_test.mbt:24 ("bench Vector::iter fold n=100000") ok
time (mean ± σ)         range (min … max) 
 492.02 µs ±   2.82 µs   485.36 µs … 494.40 µs  in 10 ×    202 runs
[moonbitlang/core] bench immut/vector/vector_iter_bench_test.mbt:30 ("bench Vector::iter each n=100000") ok
time (mean ± σ)         range (min … max) 
 503.40 µs ± 340.87 ns   502.92 µs … 503.91 µs  in 10 ×    199 runs
[moonbitlang/core] bench immut/vector/vector_iter_bench_test.mbt:40 ("bench Vector::iter to_array n=100000") ok
time (mean ± σ)         range (min … max) 
 621.82 µs ±   3.93 µs   614.61 µs … 626.61 µs  in 10 ×    165 runs
[moonbitlang/core] bench immut/vector/vector_iter_bench_test.mbt:46 ("bench Vector::for-in n=100000") ok
time (mean ± σ)         range (min … max) 
 486.51 µs ±   1.54 µs   482.78 µs … 487.83 µs  in 10 ×    205 runs
[moonbitlang/core] bench immut/vector/vector_contains_bench_test.mbt:24 ("bench Vector::contains missing n=100000") ok
time (mean ± σ)         range (min … max) 
  52.71 µs ±  72.18 ns    52.65 µs …  52.85 µs  in 10 ×   1899 runs
[moonbitlang/core] bench immut/vector/vector_contains_bench_test.mbt:30 ("bench Vector::contains tree-end n=100000") ok
time (mean ± σ)         range (min … max) 
  52.60 µs ±  48.67 ns    52.54 µs …  52.69 µs  in 10 ×   1905 runs
[moonbitlang/core] bench immut/vector/vector_contains_bench_test.mbt:36 ("bench Vector::contains tail-end n=100000") ok
time (mean ± σ)         range (min … max) 
  53.09 µs ± 176.26 ns    52.68 µs …  53.23 µs  in 10 ×   1905 runs
[moonbitlang/core] bench internal/strconv/parse_double_bench_test.mbt:48 ("bench parse_double fast digits n=4096") ok
time (mean ± σ)         range (min … max) 
 361.45 µs ±  21.61 µs   331.56 µs … 380.38 µs  in 10 ×    283 runs
[moonbitlang/core] bench internal/strconv/parse_double_bench_test.mbt:55 ("bench parse_double underscores n=4096") ok
time (mean ± σ)         range (min … max) 
 628.44 µs ±  22.78 µs   609.64 µs … 661.86 µs  in 10 ×    163 runs
[moonbitlang/core] bench internal/strconv/parse_double_bench_test.mbt:62 ("bench parse_double long mantissa n=4096") ok
time (mean ± σ)         range (min … max) 
 503.58 µs ±  14.26 µs   495.32 µs … 530.80 µs  in 10 ×    189 runs
[moonbitlang/core] bench json/stringify_indent_bench_test.mbt:45 ("bench Json::stringify deep wide indent=2 n=10000") ok
time (mean ± σ)         range (min … max) 
 399.77 µs ±   2.48 µs   397.50 µs … 404.38 µs  in 10 ×    211 runs
[moonbitlang/core] bench json/stringify_indent_bench_test.mbt:54 ("bench Json::stringify compact n=10000") ok
time (mean ± σ)         range (min … max) 
 193.78 µs ±   1.30 µs   191.31 µs … 194.85 µs  in 10 ×    499 runs
[moonbitlang/core] bench json/stringify_indent_bench_test.mbt:60 ("bench Json::stringify shallow wide indent=2 n=500") ok
time (mean ± σ)         range (min … max) 
 172.42 µs ± 618.98 ns   171.97 µs … 174.13 µs  in 10 ×    573 runs
[moonbitlang/core] bench json/stringify_indent_bench_test.mbt:66 ("bench Json::stringify shallow wide compact n=500") ok
time (mean ± σ)         range (min … max) 
 118.82 µs ± 237.03 ns   118.61 µs … 119.40 µs  in 10 ×    843 runs
[moonbitlang/core] bench json/stringify_escape_bench_test.mbt:24 ("bench Json::stringify strings no escape n=2048") ok
time (mean ± σ)         range (min … max) 
 128.91 µs ± 834.89 ns   128.46 µs … 131.25 µs  in 10 ×    684 runs
[moonbitlang/core] bench json/stringify_escape_bench_test.mbt:30 ("bench Json::stringify strings slash no escape n=2048") ok
time (mean ± σ)         range (min … max) 
 128.94 µs ±   1.03 µs   128.23 µs … 131.57 µs  in 10 ×    684 runs
[moonbitlang/core] bench json/stringify_escape_bench_test.mbt:36 ("bench Json::stringify strings slash escaped n=2048") ok
time (mean ± σ)         range (min … max) 
 237.89 µs ± 787.58 ns   237.14 µs … 239.94 µs  in 10 ×    401 runs
[moonbitlang/core] bench json/stringify_escape_bench_test.mbt:42 ("bench Json::stringify strings quotes controls n=2048") ok
time (mean ± σ)         range (min … max) 
 217.75 µs ± 812.44 ns   217.17 µs … 219.53 µs  in 10 ×    440 runs
[moonbitlang/core] bench json/stringify_escape_bench_test.mbt:48 ("bench Json::stringify 2KB prose one newline n=64") ok
time (mean ± σ)         range (min … max) 
 310.94 µs ±  27.20 µs   297.05 µs … 376.99 µs  in 10 ×    250 runs
[moonbitlang/core] bench json/parse_bench_test.mbt:45 ("bench json parse mixed object array n=1000") ok
time (mean ± σ)         range (min … max) 
   1.12 ms ±   4.62 µs     1.11 ms …   1.13 ms  in 10 ×     90 runs
[moonbitlang/core] bench json/number_bench_test.mbt:64 ("bench json parse int array n=10000") ok
time (mean ± σ)         range (min … max) 
 745.63 µs ±  12.99 µs   722.55 µs … 763.19 µs  in 10 ×    137 runs
[moonbitlang/core] bench json/number_bench_test.mbt:70 ("bench json parse float array n=10000") ok
time (mean ± σ)         range (min … max) 
   1.13 ms ±  15.18 µs     1.11 ms …   1.16 ms  in 10 ×     89 runs
[moonbitlang/core] bench json/number_bench_test.mbt:76 ("bench json parse long mantissa array n=10000") ok
time (mean ± σ)         range (min … max) 
   1.74 ms ±  15.50 µs     1.71 ms …   1.76 ms  in 10 ×     59 runs
[moonbitlang/core] bench json/lex_string_bench_test.mbt:43 ("bench json parse object with short keys n=1000") ok
time (mean ± σ)         range (min … max) 
 126.54 µs ± 323.27 ns   126.00 µs … 126.95 µs  in 10 ×    793 runs
[moonbitlang/core] bench json/lex_string_bench_test.mbt:59 ("bench json parse strings len=20 n=1000") ok
time (mean ± σ)         range (min … max) 
  77.40 µs ± 132.89 ns    77.17 µs …  77.56 µs  in 10 ×   1299 runs
[moonbitlang/core] bench json/lex_string_bench_test.mbt:67 ("bench json parse strings len=64 n=1000") ok
time (mean ± σ)         range (min … max) 
 190.34 µs ± 156.14 ns   190.03 µs … 190.53 µs  in 10 ×    527 runs
[moonbitlang/core] bench json/lex_string_bench_test.mbt:73 ("bench json parse strings len=1024 n=64") ok
time (mean ± σ)         range (min … max) 
 184.27 µs ± 128.18 ns   184.00 µs … 184.43 µs  in 10 ×    541 runs
[moonbitlang/core] bench json/lex_string_bench_test.mbt:79 ("bench json parse single string len=65536") ok
time (mean ± σ)         range (min … max) 
 237.14 µs ±   1.31 µs   235.61 µs … 239.79 µs  in 10 ×    423 runs
[moonbitlang/core] bench json/lex_string_bench_test.mbt:85 ("bench json parse strings len=1040 escape every 100 n=64") ok
time (mean ± σ)         range (min … max) 
 128.76 µs ± 402.85 ns   127.92 µs … 129.12 µs  in 10 ×    782 runs
[moonbitlang/core] bench json/lex_string_bench_test.mbt:100 ("bench json parse strings dense escapes n=1000") ok
time (mean ± σ)         range (min … max) 
 288.58 µs ± 169.76 ns   288.40 µs … 288.97 µs  in 10 ×    347 runs
[moonbitlang/core] bench json/json_inspect_bench_test.mbt:16 ("bench json_inspect passing Int") ok
time (mean ± σ)         range (min … max) 
  58.48 ns ±   0.26 ns    58.17 ns …  58.91 ns  in 10 × 100000 runs
[moonbitlang/core] bench json/from_json_bench_test.mbt:31 ("bench from_json Array[Array[Int]] 500x50") ok
time (mean ± σ)         range (min … max) 
 125.94 µs ± 404.66 ns   125.35 µs … 126.61 µs  in 10 ×    799 runs
[moonbitlang/core] bench json/from_json_bench_test.mbt:41 ("bench from_json Array[Double] n=10000") ok
time (mean ± σ)         range (min … max) 
  34.73 µs ± 147.12 ns    34.37 µs …  34.87 µs  in 10 ×   2902 runs
[moonbitlang/core] bench json/from_json_bench_test.mbt:51 ("bench from_json Map[String, Int] n=1000") ok
time (mean ± σ)         range (min … max) 
  26.81 µs ± 168.53 ns    26.65 µs …  27.04 µs  in 10 ×   3593 runs
[moonbitlang/core] bench lazy_list/concat_bench_test.mbt:40 ("bench LazyList build and traverse n=2048") ok
time (mean ± σ)         range (min … max) 
  33.42 µs ± 373.81 ns    32.38 µs …  33.62 µs  in 10 ×   2982 runs
[moonbitlang/core] bench lazy_list/concat_bench_test.mbt:49 ("bench LazyList re-traverse a forced list n=2048") ok
time (mean ± σ)         range (min … max) 
  14.92 µs ± 132.43 ns    14.78 µs …  15.20 µs  in 10 ×   6562 runs
[moonbitlang/core] bench lazy_list/concat_bench_test.mbt:57 ("bench LazyList left-nested concat, build only n=2048") ok
time (mean ± σ)         range (min … max) 
  74.07 µs ± 672.52 ns    73.05 µs …  74.61 µs  in 10 ×   1346 runs
[moonbitlang/core] bench lazy_list/concat_bench_test.mbt:62 ("bench LazyList left-nested concat, build and traverse n=2048") ok
time (mean ± σ)         range (min … max) 
 143.32 µs ± 268.32 ns   142.92 µs … 143.66 µs  in 10 ×    698 runs
[moonbitlang/core] bench lazy_list/concat_bench_test.mbt:69 ("bench LazyList concat while consuming n=2048") ok
time (mean ± σ)         range (min … max) 
 111.12 µs ±  35.93 ns   111.06 µs … 111.17 µs  in 10 ×    900 runs
[moonbitlang/core] bench lexbuf/lexbuf_bench_test.mbt:47 ("bench Lexbuf retained token chunks=10000 size=1") ok
time (mean ± σ)         range (min … max) 
 309.72 µs ± 813.43 ns   307.94 µs … 311.21 µs  in 10 ×    323 runs
[moonbitlang/core] bench lexbuf/lexbuf_bench_test.mbt:52 ("bench Lexbuf retained token chunks=1250 size=8") ok
time (mean ± σ)         range (min … max) 
  91.47 µs ± 277.81 ns    90.90 µs …  91.99 µs  in 10 ×   1085 runs
[moonbitlang/core] bench lexbuf/lexbuf_bench_test.mbt:57 ("bench Lexbuf retained token chunks=157 size=64") ok
time (mean ± σ)         range (min … max) 
  45.19 µs ± 113.37 ns    44.99 µs …  45.38 µs  in 10 ×   2199 runs
[moonbitlang/core] bench lexbuf/lexbuf_bench_test.mbt:62 ("bench Lexbuf retained token chunks=20 size=512") ok
time (mean ± σ)         range (min … max) 
  41.33 µs ± 314.42 ns    40.74 µs …  41.63 µs  in 10 ×   2409 runs
[moonbitlang/core] bench quickcheck/shrink_collection_bench_test.mbt:16 ("bench shrink Array first candidate size=10000") ok
time (mean ± σ)         range (min … max) 
 129.10 ns ±   0.42 ns   128.47 ns … 129.93 ns  in 10 × 100000 runs
[moonbitlang/core] bench quickcheck/shrink_collection_bench_test.mbt:22 ("bench shrink List first candidate size=10000") ok
time (mean ± σ)         range (min … max) 
  73.50 µs ± 117.83 ns    73.30 µs …  73.63 µs  in 10 ×   1349 runs
[moonbitlang/core] bench quickcheck/generator_bench_test.mbt:16 ("bench Generator::zip_with n=1000000") ok
time (mean ± σ)         range (min … max) 
  11.86 ms ±  30.24 µs    11.81 ms …  11.91 ms  in 10 ×      9 runs
[moonbitlang/core] bench quickcheck/arbitrary_string_bench_test.mbt:16 ("bench Arbitrary String size=10000 count=100") ok
time (mean ± σ)         range (min … max) 
   5.08 ms ±  31.71 µs     5.05 ms …   5.14 ms  in 10 ×     19 runs
[moonbitlang/core] bench random/random_test.mbt:409 ("bench random") ok
time (mean ± σ)         range (min … max) 
  30.03 ms ±   1.09 ms    28.93 ms …  31.44 ms  in 10 ×      4 runs
[moonbitlang/core] bench set/set_algebra_bench_test.mbt:26 ("bench Set::union String 10k 50% overlap") ok
time (mean ± σ)         range (min … max) 
 578.02 µs ±   8.19 µs   569.54 µs … 591.39 µs  in 10 ×    173 runs
[moonbitlang/core] bench set/set_algebra_bench_test.mbt:33 ("bench Set::union Int 10k 50% overlap") ok
time (mean ± σ)         range (min … max) 
 469.50 µs ±   3.52 µs   466.39 µs … 476.09 µs  in 10 ×    215 runs
[moonbitlang/core] bench set/set_algebra_bench_test.mbt:40 ("bench Set::intersection String 10k 50% overlap") ok
time (mean ± σ)         range (min … max) 
 354.94 µs ±   1.76 µs   351.99 µs … 357.74 µs  in 10 ×    279 runs
[moonbitlang/core] bench set/set_algebra_bench_test.mbt:47 ("bench Set::difference String 10k 50% overlap") ok
time (mean ± σ)         range (min … max) 
 358.92 µs ±   2.57 µs   355.66 µs … 363.40 µs  in 10 ×    274 runs
[moonbitlang/core] bench set/set_algebra_bench_test.mbt:54 ("bench Set::is_subset String 10k true") ok
time (mean ± σ)         range (min … max) 
 285.00 µs ±   1.40 µs   283.44 µs … 286.40 µs  in 10 ×    354 runs
[moonbitlang/core] bench set/set_algebra_bench_test.mbt:61 ("bench Set == String 10k") ok
time (mean ± σ)         range (min … max) 
 283.89 µs ± 797.61 ns   283.18 µs … 285.63 µs  in 10 ×    353 runs
[moonbitlang/core] bench set/set_algebra_bench_test.mbt:68 ("bench Set == Int 10k") ok
time (mean ± σ)         range (min … max) 
 106.38 µs ±   1.16 µs   105.50 µs … 108.59 µs  in 10 ×    943 runs
[moonbitlang/core] bench set/linked_hash_set_bench_test.mbt:19 ("bench Set::add n=50000") ok
time (mean ± σ)         range (min … max) 
   2.20 ms ±  20.48 µs     2.16 ms …   2.23 ms  in 10 ×     47 runs
[moonbitlang/core] bench set/linked_hash_set_bench_test.mbt:30 ("bench Set::contains n=50000") ok
time (mean ± σ)         range (min … max) 
   1.07 ms ±   3.83 µs     1.07 ms …   1.07 ms  in 10 ×     94 runs
[moonbitlang/core] bench set/linked_hash_set_bench_test.mbt:47 ("bench Set::contains miss n=50000") ok
time (mean ± σ)         range (min … max) 
   1.11 ms ±   1.11 µs     1.11 ms …   1.11 ms  in 10 ×     91 runs
[moonbitlang/core] bench set/linked_hash_set_bench_test.mbt:67 ("bench Set::add+remove n=50000") ok
time (mean ± σ)         range (min … max) 
   3.32 ms ±  27.86 µs     3.30 ms …   3.37 ms  in 10 ×     30 runs
[moonbitlang/core] bench set/linked_hash_set_bench_test.mbt:86 ("bench Set::filter n=50000") ok
time (mean ± σ)         range (min … max) 
 441.49 µs ±   6.59 µs   429.36 µs … 447.87 µs  in 10 ×    233 runs
[moonbitlang/core] bench set/linked_hash_set_bench_test.mbt:92 ("bench Set comprehension filter n=50000") ok
time (mean ± σ)         range (min … max) 
 977.79 µs ±   6.23 µs   972.51 µs … 987.24 µs  in 10 ×    103 runs
[moonbitlang/core] bench sorted_set/sorted_set_bench_test.mbt:22 ("bench SortedSet::to_array Int n=50000") ok
time (mean ± σ)         range (min … max) 
 159.52 µs ± 487.31 ns   159.00 µs … 160.73 µs  in 10 ×    629 runs
[moonbitlang/core] bench sorted_set/sorted_set_bench_test.mbt:30 ("bench SortedSet::to_array Ref n=50000") ok
time (mean ± σ)         range (min … max) 
 168.20 µs ±   1.48 µs   166.62 µs … 171.22 µs  in 10 ×    590 runs
[moonbitlang/core] bench string/regex_bench_test.mbt:16 ("bench regex /aa?b/ on 1MB string") ok
time (mean ± σ)         range (min … max) 
   2.48 ms ±   1.90 µs     2.48 ms …   2.48 ms  in 10 ×     41 runs
[moonbitlang/core] bench string/regex_bench_test.mbt:23 ("bench regex phone lines") ok
time (mean ± σ)         range (min … max) 
   2.42 µs ±  16.67 ns     2.40 µs …   2.44 µs  in 10 ×  42247 runs
[moonbitlang/core] bench string/regex_bench_test.mbt:43 ("bench regex large pattern") ok
time (mean ± σ)         range (min … max) 
   1.85 ms ±   4.25 µs     1.85 ms …   1.86 ms  in 10 ×     55 runs
[moonbitlang/core] bench v128/v128_bench_test.mbt:32 ("bench V128 i64x2_add n=10000") ok
time (mean ± σ)         range (min … max) 
   5.44 µs ±   5.98 ns     5.43 µs …   5.45 µs  in 10 ×  18377 runs
[moonbitlang/core] bench v128/v128_bench_test.mbt:44 ("bench V128 i32x4_add n=10000") ok
time (mean ± σ)         range (min … max) 
   5.52 µs ± 130.11 ns     5.43 µs …   5.73 µs  in 10 ×  18374 runs
[moonbitlang/core] bench v128/v128_bench_test.mbt:56 ("bench V128 i8x16_add n=10000") ok
time (mean ± σ)         range (min … max) 
   5.44 µs ±   6.55 ns     5.43 µs …   5.45 µs  in 10 ×  18374 runs
[moonbitlang/core] bench v128/v128_bench_test.mbt:68 ("bench V128 i8x16_splat n=10000") ok
time (mean ± σ)         range (min … max) 
   5.40 µs ±   2.44 ns     5.40 µs …   5.40 µs  in 10 ×  18523 runs
[moonbitlang/core] bench v128/v128_bench_test.mbt:79 ("bench V128 i8x16_extract_lane_u n=10000") ok
time (mean ± σ)         range (min … max) 
   8.28 µs ±  83.99 ns     8.15 µs …   8.39 µs  in 10 ×  11995 runs
[moonbitlang/core] bench v128/v128_bench_test.mbt:93 ("bench V128 i8x16_replace_lane n=10000") ok
time (mean ± σ)         range (min … max) 
  39.34 µs ±  61.59 ns    39.28 µs …  39.48 µs  in 10 ×   2545 runs
[moonbitlang/core] bench v128/v128_bench_test.mbt:108 ("bench V128 i8x16_bitmask n=10000") ok
time (mean ± σ)         range (min … max) 
   7.65 µs ±   8.51 ns     7.64 µs …   7.67 µs  in 10 ×  13046 runs
[moonbitlang/core] bench v128/v128_bench_test.mbt:120 ("bench V128 load/store n=10000") ok
time (mean ± σ)         range (min … max) 
 125.47 µs ±   1.24 µs   123.96 µs … 127.02 µs  in 10 ×    789 runs
[moonbitlang/core] bench v128/v128_bench_test.mbt:135 ("bench V128 load8x8_u n=10000") ok
time (mean ± σ)         range (min … max) 
  41.32 µs ± 116.15 ns    41.12 µs …  41.41 µs  in 10 ×   2434 runs
[moonbitlang/core] bench v128/v128_bench_test.mbt:147 ("bench V128 load8x8_s n=10000") ok
time (mean ± σ)         range (min … max) 
  46.37 µs ±  36.55 ns    46.33 µs …  46.45 µs  in 10 ×   2156 runs
[moonbitlang/core] bench v128/v128_bench_test.mbt:159 ("bench V128 load16x4_u n=10000") ok
time (mean ± σ)         range (min … max) 
  36.05 µs ± 247.67 ns    35.75 µs …  36.35 µs  in 10 ×   2755 runs
[moonbitlang/core] bench v128/v128_bench_test.mbt:171 ("bench V128 load16x4_s n=10000") ok
time (mean ± σ)         range (min … max) 
  41.22 µs ±  82.80 ns    41.15 µs …  41.42 µs  in 10 ×   2430 runs
[moonbitlang/core] bench v128/v128_bench_test.mbt:183 ("bench V128 load32x2_u n=10000") ok
time (mean ± σ)         range (min … max) 
  34.49 µs ± 134.97 ns    34.34 µs …  34.65 µs  in 10 ×   2910 runs
[moonbitlang/core] bench v128/v128_bench_test.mbt:195 ("bench V128 load32x2_s n=10000") ok
time (mean ± σ)         range (min … max) 
  36.34 µs ± 254.13 ns    35.89 µs …  36.60 µs  in 10 ×   2753 runs
[moonbitlang/core] bench v128/v128_bench_test.mbt:207 ("bench V128 load_splat n=10000") ok
time (mean ± σ)         range (min … max) 
  49.87 µs ± 200.47 ns    49.42 µs …  50.07 µs  in 10 ×   1968 runs
[moonbitlang/core] bench v128/v128_bench_test.mbt:223 ("bench V128 load8_lane n=10000") ok
time (mean ± σ)         range (min … max) 
  39.40 µs ±  37.78 ns    39.37 µs …  39.48 µs  in 10 ×   2539 runs
[moonbitlang/core] bench v128/v128_bench_test.mbt:235 ("bench V128 load16_lane n=10000") ok
time (mean ± σ)         range (min … max) 
  39.60 µs ±  54.71 ns    39.55 µs …  39.73 µs  in 10 ×   2528 runs
[moonbitlang/core] bench v128/v128_bench_test.mbt:247 ("bench V128 load32_lane n=10000") ok
time (mean ± σ)         range (min … max) 
  39.91 µs ±  92.35 ns    39.85 µs …  40.15 µs  in 10 ×   2510 runs
[moonbitlang/core] bench v128/v128_bench_test.mbt:259 ("bench V128 load64_lane n=10000") ok
time (mean ± σ)         range (min … max) 
  62.40 µs ±  55.58 ns    62.34 µs …  62.51 µs  in 10 ×   1603 runs
[moonbitlang/core] bench v128/v128_bench_test.mbt:271 ("bench V128 extend i8x16 to i16x8 n=10000") ok
time (mean ± σ)         range (min … max) 
  10.85 µs ±  11.41 ns    10.84 µs …  10.88 µs  in 10 ×   9203 runs
[moonbitlang/core] bench v128/v128_bench_test.mbt:285 ("bench V128 extend i16x8 to i32x4 n=10000") ok
time (mean ± σ)         range (min … max) 
  10.85 µs ±   6.46 ns    10.84 µs …  10.86 µs  in 10 ×   9208 runs
[moonbitlang/core] bench v128/v128_bench_test.mbt:299 ("bench V128 extend i32x4 to i64x2 n=10000") ok
time (mean ± σ)         range (min … max) 
  10.86 µs ±  26.02 ns    10.84 µs …  10.93 µs  in 10 ×   9207 runs
[moonbitlang/core] bench v128/v128_bench_test.mbt:313 ("bench V128 all_true n=10000") ok
time (mean ± σ)         range (min … max) 
  14.28 µs ±  19.41 ns    14.25 µs …  14.31 µs  in 10 ×   7023 runs
[moonbitlang/core] bench v128/v128_bench_test.mbt:337 ("bench V128 bitmask all widths n=10000") ok
time (mean ± σ)         range (min … max) 
  16.32 µs ±  38.18 ns    16.27 µs …  16.39 µs  in 10 ×   6144 runs
[moonbitlang/core] bench v128/v128_bench_test.mbt:353 ("bench V128 swizzle n=10000") ok
time (mean ± σ)         range (min … max) 
   5.44 µs ±   6.06 ns     5.43 µs …   5.45 µs  in 10 ×  18364 runs
[moonbitlang/core] bench v128/v128_bench_test.mbt:371 ("bench V128 shuffle n=10000") ok
time (mean ± σ)         range (min … max) 
  10.87 µs ±   4.59 ns    10.86 µs …  10.88 µs  in 10 ×   9193 runs
Total tests: 500, passed: 500, failed: 0.
