[moonbitlang/core] bench argparse/globals_bench_test.mbt:16 ("bench parse inherited globals with an override") ok
time (mean ± σ)         range (min … max) 
   3.83 µs ±   8.60 ns     3.82 µs …   3.84 µs  in 10 ×  26185 runs
[moonbitlang/core] bench bench/hash_bench_test.mbt:16 ("bench Hash for Bytes (small)") ok
time (mean ± σ)         range (min … max) 
   7.82 ns ±   0.21 ns     7.52 ns …   8.01 ns  in 10 × 100000 runs
[moonbitlang/core] bench bench/hash_bench_test.mbt:22 ("bench Hash for Bytes (medium)") ok
time (mean ± σ)         range (min … max) 
 101.96 ns ±   0.12 ns   101.82 ns … 102.17 ns  in 10 × 100000 runs
[moonbitlang/core] bench bench/hash_bench_test.mbt:28 ("bench Hash for Bytes (large)") ok
time (mean ± σ)         range (min … max) 
   2.18 µs ±   1.05 ns     2.18 µs …   2.19 µs  in 10 ×  45483 runs
[moonbitlang/core] bench bench/hash_bench_test.mbt:34 ("bench Hash for BytesView (small)") ok
time (mean ± σ)         range (min … max) 
  13.31 ns ±   0.30 ns    12.86 ns …  13.60 ns  in 10 × 100000 runs
[moonbitlang/core] bench bench/hash_bench_test.mbt:41 ("bench Hash for BytesView (medium)") ok
time (mean ± σ)         range (min … max) 
 103.75 ns ±   0.18 ns   103.60 ns … 104.20 ns  in 10 × 100000 runs
[moonbitlang/core] bench bench/hash_bench_test.mbt:48 ("bench Hash for BytesView (large)") ok
time (mean ± σ)         range (min … max) 
   2.19 µs ±   0.64 ns     2.19 µs …   2.19 µs  in 10 ×  45730 runs
[moonbitlang/core] bench bench/hash_bench_test.mbt:55 ("bench Hasher::combine_bytes (small)") ok
time (mean ± σ)         range (min … max) 
  12.37 ns ±   0.29 ns    11.92 ns …  12.72 ns  in 10 × 100000 runs
[moonbitlang/core] bench bench/hash_bench_test.mbt:65 ("bench Hasher::combine_bytes (medium)") ok
time (mean ± σ)         range (min … max) 
  89.89 ns ±   0.09 ns    89.80 ns …  90.07 ns  in 10 × 100000 runs
[moonbitlang/core] bench bench/hash_bench_test.mbt:75 ("bench Hasher::combine_bytes (large)") ok
time (mean ± σ)         range (min … max) 
   1.91 µs ±   1.29 ns     1.91 µs …   1.92 µs  in 10 ×  52298 runs
[moonbitlang/core] bench bigint/to_string_radix_bench_test.mbt:23 ("bench bigint to_string radix=7 (4000 bits)") ok
time (mean ± σ)         range (min … max) 
 232.05 µs ± 111.29 ns   231.92 µs … 232.27 µs  in 10 ×    432 runs
[moonbitlang/core] bench bigint/to_string_radix_bench_test.mbt:29 ("bench bigint to_string radix=36 (4000 bits)") ok
time (mean ± σ)         range (min … max) 
 125.17 µs ±  71.62 ns   125.07 µs … 125.26 µs  in 10 ×    800 runs
[moonbitlang/core] bench bigint/to_string_radix_bench_test.mbt:35 ("bench bigint to_string radix=10 reference (4000 bits)") ok
time (mean ± σ)         range (min … max) 
   6.25 µs ±  10.02 ns     6.24 µs …   6.28 µs  in 10 ×  15994 runs
[moonbitlang/core] bench bigint/to_string_bench_test.mbt:30 ("bench BigInt::to_string n=40 digits") ok
time (mean ± σ)         range (min … max) 
 152.62 ns ±   0.52 ns   151.91 ns … 153.51 ns  in 10 × 100000 runs
[moonbitlang/core] bench bigint/to_string_bench_test.mbt:36 ("bench BigInt::to_string n=400 digits") ok
time (mean ± σ)         range (min … max) 
   1.27 µs ±   0.56 ns     1.27 µs …   1.27 µs  in 10 ×  78791 runs
[moonbitlang/core] bench bigint/to_string_bench_test.mbt:42 ("bench BigInt::to_string n=4000 digits") ok
time (mean ± σ)         range (min … max) 
  36.94 µs ±  21.85 ns    36.91 µs …  36.97 µs  in 10 ×   2710 runs
[moonbitlang/core] bench bigint/to_string_bench_test.mbt:48 ("bench BigInt::to_string n=40000 digits") ok
time (mean ± σ)         range (min … max) 
   1.45 ms ±   2.00 µs     1.45 ms …   1.45 ms  in 10 ×     70 runs
[moonbitlang/core] bench bigint/to_string_bench_test.mbt:54 ("bench BigInt::to_string n=250000 digits") ok
time (mean ± σ)         range (min … max) 
  22.27 ms ±  26.10 µs    22.23 ms …  22.32 ms  in 10 ×      5 runs
[moonbitlang/core] bench bigint/from_octets_bench_test.mbt:21 ("bench BigInt::from_octets n=64") ok
time (mean ± σ)         range (min … max) 
  23.29 ns ±   0.34 ns    22.88 ns …  23.74 ns  in 10 × 100000 runs
[moonbitlang/core] bench bigint/from_octets_bench_test.mbt:27 ("bench BigInt::from_octets n=1024") ok
time (mean ± σ)         range (min … max) 
 155.85 ns ±   0.24 ns   155.64 ns … 156.36 ns  in 10 × 100000 runs
[moonbitlang/core] bench bigint/division_bench_test.mbt:66 ("bench BigInt balanced division n=4000 digits") ok
time (mean ± σ)         range (min … max) 
  36.66 µs ±  16.01 ns    36.63 µs …  36.68 µs  in 10 ×   2730 runs
[moonbitlang/core] bench bigint/division_bench_test.mbt:72 ("bench BigInt balanced division n=40000 digits") ok
time (mean ± σ)         range (min … max) 
   1.30 ms ±   2.75 µs     1.29 ms …   1.30 ms  in 10 ×     78 runs
[moonbitlang/core] bench bigint/division_bench_test.mbt:78 ("bench BigInt balanced division n=250000 digits") ok
time (mean ± σ)         range (min … max) 
  26.42 ms ± 109.99 µs    26.22 ms …  26.54 ms  in 10 ×      4 runs
[moonbitlang/core] bench bigint/division_bench_test.mbt:84 ("bench BigInt unbalanced division q=65536 d=64 limbs") ok
time (mean ± σ)         range (min … max) 
   5.20 ms ±   1.73 µs     5.20 ms …   5.20 ms  in 10 ×     20 runs
[moonbitlang/core] bench bigint/division_bench_test.mbt:90 ("bench BigInt narrow division q=9 d=64 limbs") ok
time (mean ± σ)         range (min … max) 
 314.52 ns ±   1.79 ns   313.20 ns … 317.93 ns  in 10 × 100000 runs
[moonbitlang/core] bench buffer/write_bench_test.mbt:30 ("bench Buffer::write_byte n=4096") ok
time (mean ± σ)         range (min … max) 
   1.61 µs ±  13.18 ns     1.59 µs …   1.63 µs  in 10 ×  61524 runs
[moonbitlang/core] bench buffer/write_bench_test.mbt:42 ("bench Buffer::write_uint16_be n=4096") ok
time (mean ± σ)         range (min … max) 
   2.22 µs ±   2.97 ns     2.21 µs …   2.22 µs  in 10 ×  45107 runs
[moonbitlang/core] bench buffer/write_bench_test.mbt:54 ("bench Buffer::write_uint_le n=4096") ok
time (mean ± σ)         range (min … max) 
   2.51 µs ±  24.70 ns     2.47 µs …   2.53 µs  in 10 ×  39481 runs
[moonbitlang/core] bench buffer/write_bench_test.mbt:66 ("bench Buffer::write_uint64_be n=4096") ok
time (mean ± σ)         range (min … max) 
   3.42 µs ±  28.36 ns     3.39 µs …   3.46 µs  in 10 ×  29444 runs
[moonbitlang/core] bench buffer/write_bench_test.mbt:78 ("bench Buffer::write_char_utf8 ASCII n=4096") ok
time (mean ± σ)         range (min … max) 
   1.49 µs ±   0.30 ns     1.49 µs …   1.49 µs  in 10 ×  67304 runs
[moonbitlang/core] bench buffer/write_bench_test.mbt:90 ("bench Buffer::write_char_utf8 non-BMP n=4096") ok
time (mean ± σ)         range (min … max) 
   8.90 µs ±   2.74 ns     8.90 µs …   8.90 µs  in 10 ×  11239 runs
[moonbitlang/core] bench buffer/write_bench_test.mbt:103 ("bench Buffer::write_char_utf16le BMP n=4096") ok
time (mean ± σ)         range (min … max) 
   1.90 µs ±   9.78 ns     1.88 µs …   1.91 µs  in 10 ×  52404 runs
[moonbitlang/core] bench buffer/write_bench_test.mbt:115 ("bench Buffer::write_string_utf16le chunks n=4096") ok
time (mean ± σ)         range (min … max) 
  31.88 µs ± 171.94 ns    31.58 µs …  32.16 µs  in 10 ×   3126 runs
[moonbitlang/core] bench buffer/write_bench_test.mbt:130 ("bench @buffer.from_array n=4096") ok
time (mean ± σ)         range (min … max) 
 127.13 ns ±   2.07 ns   125.64 ns … 130.23 ns  in 10 × 100000 runs
[moonbitlang/core] bench builtin/view_bench_test.mbt:34 ("bench ArrayView::at Int n=100000") ok
time (mean ± σ)         range (min … max) 
   4.20 µs ±   6.71 ns     4.19 µs …   4.21 µs  in 10 ×  24047 runs
[moonbitlang/core] bench builtin/view_bench_test.mbt:47 ("bench ArrayView::get Int n=100000") ok
time (mean ± σ)         range (min … max) 
  45.08 µs ±  43.72 ns    45.02 µs …  45.14 µs  in 10 ×   2219 runs
[moonbitlang/core] bench builtin/view_bench_test.mbt:62 ("bench ArrayView::unsafe_get Int n=100000") ok
time (mean ± σ)         range (min … max) 
   4.12 µs ±   4.67 ns     4.11 µs …   4.12 µs  in 10 ×  24028 runs
[moonbitlang/core] bench builtin/view_bench_test.mbt:75 ("bench ArrayView::rev_fold Int n=100000") ok
time (mean ± σ)         range (min … max) 
   5.26 µs ±  32.97 ns     5.22 µs …   5.32 µs  in 10 ×  19101 runs
[moonbitlang/core] bench builtin/view_bench_test.mbt:82 ("bench ArrayView::rev_foldi Int n=100000") ok
time (mean ± σ)         range (min … max) 
   5.26 µs ±  17.72 ns     5.24 µs …   5.30 µs  in 10 ×  19137 runs
[moonbitlang/core] bench builtin/view_bench_test.mbt:91 ("bench ArrayView::equal Int n=100000") ok
time (mean ± σ)         range (min … max) 
  39.96 µs ±  43.30 ns    39.87 µs …  40.01 µs  in 10 ×   2502 runs
[moonbitlang/core] bench builtin/view_bench_test.mbt:99 ("bench ArrayView::compare Int n=100000") ok
time (mean ± σ)         range (min … max) 
  47.59 µs ±  16.89 ns    47.57 µs …  47.61 µs  in 10 ×   2100 runs
[moonbitlang/core] bench builtin/view_bench_test.mbt:107 ("bench MutArrayView::at Int n=100000") ok
time (mean ± σ)         range (min … max) 
   4.20 µs ±   3.15 ns     4.19 µs …   4.20 µs  in 10 ×  23882 runs
[moonbitlang/core] bench builtin/view_bench_test.mbt:120 ("bench MutArrayView::unsafe_get Int n=100000") ok
time (mean ± σ)         range (min … max) 
   4.11 µs ±   2.38 ns     4.11 µs …   4.12 µs  in 10 ×  24327 runs
[moonbitlang/core] bench builtin/view_bench_test.mbt:133 ("bench MutArrayView::set Int n=100000") ok
time (mean ± σ)         range (min … max) 
   7.52 µs ± 208.46 ns     7.11 µs …   7.68 µs  in 10 ×  14468 runs
[moonbitlang/core] bench builtin/view_bench_test.mbt:145 ("bench MutArrayView::unsafe_set Int n=100000") ok
time (mean ± σ)         range (min … max) 
   7.63 µs ± 154.18 ns     7.33 µs …   7.81 µs  in 10 ×  13802 runs
[moonbitlang/core] bench builtin/view_bench_test.mbt:157 ("bench BytesView::at n=100000") ok
time (mean ± σ)         range (min … max) 
   6.11 ns ±   0.20 ns     5.78 ns …   6.27 ns  in 10 × 100000 runs
[moonbitlang/core] bench builtin/view_bench_test.mbt:170 ("bench BytesView::unsafe_get n=100000") ok
time (mean ± σ)         range (min … max) 
   5.79 ns ±   0.19 ns     5.46 ns …   5.94 ns  in 10 × 100000 runs
[moonbitlang/core] bench builtin/stringbuilder_bench_test.mbt:28 ("bench StringBuilder::write_string chunks n=4096") ok
time (mean ± σ)         range (min … max) 
  16.58 µs ± 156.38 ns    16.31 µs …  16.73 µs  in 10 ×   6157 runs
[moonbitlang/core] bench builtin/stringbuilder_bench_test.mbt:41 ("bench StringBuilder::write_view chunks n=4096") ok
time (mean ± σ)         range (min … max) 
  34.03 µs ± 120.48 ns    33.89 µs …  34.18 µs  in 10 ×   2941 runs
[moonbitlang/core] bench builtin/stringbuilder_bench_test.mbt:54 ("bench StringBuilder::write_stringview chunks n=4096") ok
time (mean ± σ)         range (min … max) 
  33.48 µs ± 207.51 ns    33.03 µs …  33.64 µs  in 10 ×   2973 runs
[moonbitlang/core] bench builtin/stringbuilder_bench_test.mbt:67 ("bench StringBuilder::write_char ASCII n=4096") ok
time (mean ± σ)         range (min … max) 
   2.40 µs ±  23.06 ns     2.38 µs …   2.45 µs  in 10 ×  41942 runs
[moonbitlang/core] bench builtin/stringbuilder_bench_test.mbt:79 ("bench StringBuilder::write_char non-BMP n=4096") ok
time (mean ± σ)         range (min … max) 
   8.40 µs ±  57.10 ns     8.34 µs …   8.49 µs  in 10 ×  11788 runs
[moonbitlang/core] bench builtin/stringbuilder_bench_test.mbt:92 ("bench StringBuilder::reset reuse spare capacity n=4096") ok
time (mean ± σ)         range (min … max) 
  95.91 µs ± 581.23 ns    95.42 µs …  96.78 µs  in 10 ×   1037 runs
[moonbitlang/core] bench builtin/string_to_upper_bench_test.mbt:61 ("bench String::to_upper short") ok
time (mean ± σ)         range (min … max) 
  21.46 ns ±   0.16 ns    21.36 ns …  21.78 ns  in 10 × 100000 runs
[moonbitlang/core] bench builtin/string_to_upper_bench_test.mbt:66 ("bench String::to_upper long") ok
time (mean ± σ)         range (min … max) 
  82.76 ns ±   0.27 ns    82.50 ns …  83.32 ns  in 10 × 100000 runs
[moonbitlang/core] bench builtin/string_to_upper_bench_test.mbt:71 ("bench String::to_upper sparse") ok
time (mean ± σ)         range (min … max) 
  82.27 ns ±   0.31 ns    81.87 ns …  82.70 ns  in 10 × 100000 runs
[moonbitlang/core] bench builtin/string_to_upper_bench_test.mbt:76 ("bench String::to_upper late-lowercase") ok
time (mean ± σ)         range (min … max) 
  98.07 ns ±   0.17 ns    97.89 ns …  98.34 ns  in 10 × 100000 runs
[moonbitlang/core] bench builtin/string_to_upper_bench_test.mbt:81 ("bench String::to_upper one-unit runs") ok
time (mean ± σ)         range (min … max) 
  81.13 ns ±   0.13 ns    80.94 ns …  81.30 ns  in 10 × 100000 runs
[moonbitlang/core] bench builtin/string_to_upper_bench_test.mbt:86 ("bench String::to_upper all-lowercase") ok
time (mean ± σ)         range (min … max) 
  81.16 ns ±   0.21 ns    80.81 ns …  81.43 ns  in 10 × 100000 runs
[moonbitlang/core] bench builtin/string_to_upper_bench_test.mbt:91 ("bench String::to_upper no-change short") ok
time (mean ± σ)         range (min … max) 
  12.83 ns ±   0.04 ns    12.78 ns …  12.88 ns  in 10 × 100000 runs
[moonbitlang/core] bench builtin/string_to_upper_bench_test.mbt:96 ("bench String::to_upper no-change long") ok
time (mean ± σ)         range (min … max) 
  48.91 ns ±   0.09 ns    48.81 ns …  49.03 ns  in 10 × 100000 runs
[moonbitlang/core] bench builtin/string_to_upper_bench_test.mbt:101 ("bench StringView::to_upper short") ok
time (mean ± σ)         range (min … max) 
  23.59 ns ±   0.06 ns    23.53 ns …  23.68 ns  in 10 × 100000 runs
[moonbitlang/core] bench builtin/string_to_upper_bench_test.mbt:106 ("bench StringView::to_upper long") ok
time (mean ± σ)         range (min … max) 
  83.09 ns ±   0.14 ns    82.97 ns …  83.40 ns  in 10 × 100000 runs
[moonbitlang/core] bench builtin/string_to_upper_bench_test.mbt:111 ("bench StringView::to_upper no-change long") ok
time (mean ± σ)         range (min … max) 
  51.97 ns ±   0.10 ns    51.85 ns …  52.11 ns  in 10 × 100000 runs
[moonbitlang/core] bench builtin/string_to_lower_bench_test.mbt:61 ("bench String::to_lower short") ok
time (mean ± σ)         range (min … max) 
  20.27 ns ±   0.05 ns    20.22 ns …  20.36 ns  in 10 × 100000 runs
[moonbitlang/core] bench builtin/string_to_lower_bench_test.mbt:66 ("bench String::to_lower long") ok
time (mean ± σ)         range (min … max) 
  82.58 ns ±   0.40 ns    81.97 ns …  83.29 ns  in 10 × 100000 runs
[moonbitlang/core] bench builtin/string_to_lower_bench_test.mbt:71 ("bench String::to_lower sparse") ok
time (mean ± σ)         range (min … max) 
  82.13 ns ±   0.36 ns    81.70 ns …  82.59 ns  in 10 × 100000 runs
[moonbitlang/core] bench builtin/string_to_lower_bench_test.mbt:76 ("bench String::to_lower late-uppercase") ok
time (mean ± σ)         range (min … max) 
  95.81 ns ±   3.30 ns    90.27 ns …  98.14 ns  in 10 × 100000 runs
[moonbitlang/core] bench builtin/string_to_lower_bench_test.mbt:81 ("bench String::to_lower one-unit runs") ok
time (mean ± σ)         range (min … max) 
  82.50 ns ±   0.31 ns    82.00 ns …  82.92 ns  in 10 × 100000 runs
[moonbitlang/core] bench builtin/string_to_lower_bench_test.mbt:86 ("bench String::to_lower all-uppercase") ok
time (mean ± σ)         range (min … max) 
  82.50 ns ±   0.34 ns    81.92 ns …  82.91 ns  in 10 × 100000 runs
[moonbitlang/core] bench builtin/string_to_lower_bench_test.mbt:91 ("bench String::to_lower no-change short") ok
time (mean ± σ)         range (min … max) 
  12.83 ns ±   0.02 ns    12.81 ns …  12.87 ns  in 10 × 100000 runs
[moonbitlang/core] bench builtin/string_to_lower_bench_test.mbt:96 ("bench String::to_lower no-change long") ok
time (mean ± σ)         range (min … max) 
  48.98 ns ±   0.13 ns    48.85 ns …  49.28 ns  in 10 × 100000 runs
[moonbitlang/core] bench builtin/string_to_lower_bench_test.mbt:101 ("bench StringView::to_lower short") ok
time (mean ± σ)         range (min … max) 
  23.66 ns ±   0.42 ns    23.23 ns …  24.22 ns  in 10 × 100000 runs
[moonbitlang/core] bench builtin/string_to_lower_bench_test.mbt:106 ("bench StringView::to_lower long") ok
time (mean ± σ)         range (min … max) 
  82.99 ns ±   0.24 ns    82.78 ns …  83.44 ns  in 10 × 100000 runs
[moonbitlang/core] bench builtin/string_to_lower_bench_test.mbt:111 ("bench StringView::to_lower no-change long") ok
time (mean ± σ)         range (min … max) 
  51.83 ns ±   0.14 ns    51.74 ns …  52.20 ns  in 10 × 100000 runs
[moonbitlang/core] bench builtin/string_to_array_bench_test.mbt:24 ("bench String::to_array ASCII 51 chars") ok
time (mean ± σ)         range (min … max) 
  52.03 ns ±   0.35 ns    51.58 ns …  52.48 ns  in 10 × 100000 runs
[moonbitlang/core] bench builtin/string_to_array_bench_test.mbt:29 ("bench String::to_array mixed 1KB") ok
time (mean ± σ)         range (min … max) 
 788.78 ns ±   0.45 ns   788.23 ns … 789.45 ns  in 10 × 100000 runs
[moonbitlang/core] bench builtin/string_to_array_bench_test.mbt:34 ("bench StringView::to_array mixed 1KB") ok
time (mean ± σ)         range (min … max) 
 808.77 ns ±   0.37 ns   808.42 ns … 809.55 ns  in 10 × 100000 runs
[moonbitlang/core] bench builtin/string_methods_bench_test.mbt:36 ("bench StringView::has_prefix match n=100000 needle=128") ok
time (mean ± σ)         range (min … max) 
  12.46 ns ±   0.39 ns    11.94 ns …  12.96 ns  in 10 × 100000 runs
[moonbitlang/core] bench builtin/string_methods_bench_test.mbt:45 ("bench StringView::has_prefix mismatch n=100000 needle=128") ok
time (mean ± σ)         range (min … max) 
   6.91 ns ±   0.22 ns     6.60 ns …   7.13 ns  in 10 × 100000 runs
[moonbitlang/core] bench builtin/string_methods_bench_test.mbt:54 ("bench StringView::has_suffix match n=100000 needle=128") ok
time (mean ± σ)         range (min … max) 
  12.46 ns ±   0.41 ns    11.96 ns …  12.93 ns  in 10 × 100000 runs
[moonbitlang/core] bench builtin/string_methods_bench_test.mbt:63 ("bench StringView::has_suffix mismatch n=100000 needle=128") ok
time (mean ± σ)         range (min … max) 
   7.14 ns ±   0.20 ns     6.89 ns …   7.42 ns  in 10 × 100000 runs
[moonbitlang/core] bench builtin/string_find_code_unit_bench_test.mbt:16 ("bench find one code unit absent n=4") ok
time (mean ± σ)         range (min … max) 
  10.50 ns ±   0.32 ns     9.98 ns …  10.78 ns  in 10 × 100000 runs
[moonbitlang/core] bench builtin/string_find_code_unit_bench_test.mbt:22 ("bench find one code unit absent n=8") ok
time (mean ± σ)         range (min … max) 
   8.57 ns ±   0.23 ns     8.42 ns …   9.00 ns  in 10 × 100000 runs
[moonbitlang/core] bench builtin/string_find_code_unit_bench_test.mbt:28 ("bench find one code unit present@0 n=8") ok
time (mean ± σ)         range (min … max) 
   7.69 ns ±   0.15 ns     7.63 ns …   8.10 ns  in 10 × 100000 runs
[moonbitlang/core] bench builtin/string_find_code_unit_bench_test.mbt:34 ("bench find one code unit absent n=64") ok
time (mean ± σ)         range (min … max) 
  11.65 ns ±   0.29 ns    11.40 ns …  12.21 ns  in 10 × 100000 runs
[moonbitlang/core] bench builtin/string_find_code_unit_bench_test.mbt:40 ("bench find one code unit absent n=256") ok
time (mean ± σ)         range (min … max) 
  22.04 ns ±   0.09 ns    21.97 ns …  22.24 ns  in 10 × 100000 runs
[moonbitlang/core] bench builtin/string_find_code_unit_bench_test.mbt:46 ("bench find one code unit present@end n=256") ok
time (mean ± σ)         range (min … max) 
  21.79 ns ±   0.10 ns    21.70 ns …  21.95 ns  in 10 × 100000 runs
[moonbitlang/core] bench builtin/string_find_code_unit_bench_test.mbt:52 ("bench rev_find one code unit absent n=256") ok
time (mean ± σ)         range (min … max) 
  19.86 ns ±   0.07 ns    19.79 ns …  20.04 ns  in 10 × 100000 runs
[moonbitlang/core] bench builtin/string_find_code_unit_bench_test.mbt:58 ("bench rev_find one code unit present@start n=256") ok
time (mean ± σ)         range (min … max) 
  19.56 ns ±   0.03 ns    19.52 ns …  19.64 ns  in 10 × 100000 runs
[moonbitlang/core] bench builtin/string_find_code_unit_bench_test.mbt:64 ("bench rev_find one code unit present@end n=8") ok
time (mean ± σ)         range (min … max) 
   7.97 ns ±   0.31 ns     7.64 ns …   8.37 ns  in 10 × 100000 runs
[moonbitlang/core] bench builtin/string_find_code_unit_bench_test.mbt:70 ("bench StringView find one code unit absent n=256") ok
time (mean ± σ)         range (min … max) 
  21.53 ns ±   0.11 ns    21.45 ns …  21.71 ns  in 10 × 100000 runs
[moonbitlang/core] bench builtin/string_find_code_unit_bench_test.mbt:77 ("bench StringView rev_find one code unit absent n=256") ok
time (mean ± σ)         range (min … max) 
  19.29 ns ±   0.03 ns    19.25 ns …  19.35 ns  in 10 × 100000 runs
[moonbitlang/core] bench builtin/string_find_code_unit_bench_test.mbt:84 ("bench find two anchors absent n=256") ok
time (mean ± σ)         range (min … max) 
  30.54 ns ±   0.48 ns    30.11 ns …  31.45 ns  in 10 × 100000 runs
[moonbitlang/core] bench builtin/string_find_code_unit_bench_test.mbt:90 ("bench find two anchors present@end n=256") ok
time (mean ± σ)         range (min … max) 
  30.21 ns ±   0.11 ns    30.14 ns …  30.43 ns  in 10 × 100000 runs
[moonbitlang/core] bench builtin/string_find_code_unit_bench_test.mbt:96 ("bench find two anchors dense false positives n=256") ok
time (mean ± σ)         range (min … max) 
 698.69 ns ±   0.84 ns   697.15 ns … 699.56 ns  in 10 × 100000 runs
[moonbitlang/core] bench builtin/string_find_code_unit_bench_test.mbt:102 ("bench find two anchors long absent n=256") ok
time (mean ± σ)         range (min … max) 
  27.15 ns ±   0.06 ns    27.10 ns …  27.26 ns  in 10 × 100000 runs
[moonbitlang/core] bench builtin/string_find_code_unit_bench_test.mbt:108 ("bench rev_find two anchors absent n=256") ok
time (mean ± σ)         range (min … max) 
  29.89 ns ±   0.06 ns    29.83 ns …  30.03 ns  in 10 × 100000 runs
[moonbitlang/core] bench builtin/string_find_code_unit_bench_test.mbt:114 ("bench rev_find two anchors present@start n=256") ok
time (mean ± σ)         range (min … max) 
  29.94 ns ±   0.08 ns    29.86 ns …  30.10 ns  in 10 × 100000 runs
[moonbitlang/core] bench builtin/string_find_code_unit_bench_test.mbt:120 ("bench rev_find two anchors dense false positives n=256") ok
time (mean ± σ)         range (min … max) 
 694.53 ns ±   1.30 ns   692.51 ns … 696.22 ns  in 10 × 100000 runs
[moonbitlang/core] bench builtin/string_find_code_unit_bench_test.mbt:126 ("bench StringView find two anchors absent n=256") ok
time (mean ± σ)         range (min … max) 
  29.93 ns ±   0.08 ns    29.83 ns …  30.03 ns  in 10 × 100000 runs
[moonbitlang/core] bench builtin/string_find_adversary_bench_test.mbt:26 ("bench find adversary m=64 n=4096") ok
time (mean ± σ)         range (min … max) 
   5.83 µs ±  36.19 ns     5.80 µs …   5.89 µs  in 10 ×  17064 runs
[moonbitlang/core] bench builtin/string_find_adversary_bench_test.mbt:33 ("bench rev_find adversary m=64 n=4096") ok
time (mean ± σ)         range (min … max) 
   7.55 µs ±  30.24 ns     7.50 µs …   7.59 µs  in 10 ×  13246 runs
[moonbitlang/core] bench builtin/string_find_adversary_bench_test.mbt:40 ("bench find adversary m=512 n=65536") ok
time (mean ± σ)         range (min … max) 
  80.79 µs ±  64.82 ns    80.67 µs …  80.86 µs  in 10 ×   1240 runs
[moonbitlang/core] bench builtin/string_find_adversary_bench_test.mbt:47 ("bench find dense miss fast path n=4096") ok
time (mean ± σ)         range (min … max) 
 314.97 ns ±   1.84 ns   313.92 ns … 319.59 ns  in 10 × 100000 runs
[moonbitlang/core] bench builtin/string_find_adversary_bench_test.mbt:53 ("bench find rare hit end fast path n=4096") ok
time (mean ± σ)         range (min … max) 
 322.80 ns ±   0.26 ns   322.46 ns … 323.17 ns  in 10 × 100000 runs
[moonbitlang/core] bench builtin/string_escape_bench_test.mbt:61 ("bench String::escape short plain") ok
time (mean ± σ)         range (min … max) 
  76.38 ns ±   0.14 ns    76.19 ns …  76.64 ns  in 10 × 100000 runs
[moonbitlang/core] bench builtin/string_escape_bench_test.mbt:66 ("bench String::escape short escaped") ok
time (mean ± σ)         range (min … max) 
  87.74 ns ±   0.11 ns    87.65 ns …  87.92 ns  in 10 × 100000 runs
[moonbitlang/core] bench builtin/string_escape_bench_test.mbt:71 ("bench String::escape threshold plain") ok
time (mean ± σ)         range (min … max) 
  68.21 ns ±   0.52 ns    67.54 ns …  68.91 ns  in 10 × 100000 runs
[moonbitlang/core] bench builtin/string_escape_bench_test.mbt:76 ("bench String::escape prose") ok
time (mean ± σ)         range (min … max) 
  93.54 ns ±   1.11 ns    91.64 ns …  94.77 ns  in 10 × 100000 runs
[moonbitlang/core] bench builtin/string_escape_bench_test.mbt:81 ("bench String::escape escape-first") ok
time (mean ± σ)         range (min … max) 
  95.46 ns ±   0.50 ns    95.00 ns …  96.35 ns  in 10 × 100000 runs
[moonbitlang/core] bench builtin/string_escape_bench_test.mbt:86 ("bench String::escape long plain") ok
time (mean ± σ)         range (min … max) 
   1.29 µs ±  17.24 ns     1.26 µs …   1.31 µs  in 10 ×  77694 runs
[moonbitlang/core] bench builtin/string_escape_bench_test.mbt:91 ("bench String::escape long dense") ok
time (mean ± σ)         range (min … max) 
  10.81 µs ±  69.11 ns    10.70 µs …  10.87 µs  in 10 ×   9351 runs
[moonbitlang/core] bench builtin/string_escape_bench_test.mbt:96 ("bench String::escape long all-escaped") ok
time (mean ± σ)         range (min … max) 
  15.45 µs ±  12.12 ns    15.44 µs …  15.48 µs  in 10 ×   6476 runs
[moonbitlang/core] bench builtin/string_escape_bench_test.mbt:101 ("bench String::escape long unicode") ok
time (mean ± σ)         range (min … max) 
   1.25 µs ±  30.55 ns     1.19 µs …   1.29 µs  in 10 ×  82359 runs
[moonbitlang/core] bench builtin/string_escape_bench_test.mbt:106 ("bench StringView::escape long plain view") ok
time (mean ± σ)         range (min … max) 
 916.07 ns ±  17.18 ns   886.87 ns … 944.99 ns  in 10 × 100000 runs
[moonbitlang/core] bench builtin/string_escape_bench_test.mbt:112 ("bench debug to_string short plain") ok
time (mean ± σ)         range (min … max) 
 214.31 ns ±   0.44 ns   213.44 ns … 214.96 ns  in 10 × 100000 runs
[moonbitlang/core] bench builtin/string_escape_bench_test.mbt:117 ("bench debug to_string prose") ok
time (mean ± σ)         range (min … max) 
 231.11 ns ±   1.55 ns   229.48 ns … 233.45 ns  in 10 × 100000 runs
[moonbitlang/core] bench builtin/string_escape_bench_test.mbt:122 ("bench debug to_string long plain") ok
time (mean ± σ)         range (min … max) 
   1.76 µs ±  36.50 ns     1.72 µs …   1.82 µs  in 10 ×  57883 runs
[moonbitlang/core] bench builtin/string_equal_bench_test.mbt:28 ("bench StringView::equal n=100000 equal") ok
time (mean ± σ)         range (min … max) 
   4.61 µs ±   5.38 ns     4.60 µs …   4.62 µs  in 10 ×  21831 runs
[moonbitlang/core] bench builtin/string_equal_bench_test.mbt:35 ("bench StringView::equal n=100000 mismatch at end") ok
time (mean ± σ)         range (min … max) 
   4.64 µs ±  10.49 ns     4.63 µs …   4.67 µs  in 10 ×  21629 runs
[moonbitlang/core] bench builtin/string_equal_bench_test.mbt:44 ("bench StringView::equal_to_string n=100000 equal") ok
time (mean ± σ)         range (min … max) 
   5.03 µs ±  29.57 ns     4.97 µs …   5.06 µs  in 10 ×  19841 runs
[moonbitlang/core] bench builtin/string_char_set_bench_test.mbt:43 ("bench StringView::contains_any ASCII miss n=100000") ok
time (mean ± σ)         range (min … max) 
  14.47 µs ±  26.57 ns    14.44 µs …  14.54 µs  in 10 ×   6920 runs
[moonbitlang/core] bench builtin/string_char_set_bench_test.mbt:54 ("bench StringView::contains_any ASCII match at end n=100000") ok
time (mean ± σ)         range (min … max) 
  14.46 µs ±   8.54 ns    14.45 µs …  14.48 µs  in 10 ×   6918 runs
[moonbitlang/core] bench builtin/string_char_set_bench_test.mbt:67 ("bench StringView::trim_start ASCII n=100000") ok
time (mean ± σ)         range (min … max) 
  16.15 µs ±   7.65 ns    16.14 µs …  16.16 µs  in 10 ×   6192 runs
[moonbitlang/core] bench builtin/string_char_set_bench_test.mbt:74 ("bench StringView::trim_end ASCII n=100000") ok
time (mean ± σ)         range (min … max) 
  16.15 µs ±   5.70 ns    16.15 µs …  16.16 µs  in 10 ×   6194 runs
[moonbitlang/core] bench builtin/string_char_set_bench_test.mbt:79 ("bench StringView::trim ASCII n=100000") ok
time (mean ± σ)         range (min … max) 
  32.29 µs ±  14.67 ns    32.27 µs …  32.32 µs  in 10 ×   3096 runs
[moonbitlang/core] bench builtin/string_char_set_bench_test.mbt:96 ("bench StringView::trim short inputs") ok
time (mean ± σ)         range (min … max) 
 133.92 ns ±   0.29 ns   133.57 ns … 134.44 ns  in 10 × 100000 runs
[moonbitlang/core] bench builtin/string_char_set_bench_test.mbt:107 ("bench StringView::contains_any short inputs") ok
time (mean ± σ)         range (min … max) 
  67.31 ns ±   0.06 ns    67.25 ns …  67.43 ns  in 10 × 100000 runs
[moonbitlang/core] bench builtin/string_char_length_bench_test.mbt:51 ("bench char_length ascii 8") ok
time (mean ± σ)         range (min … max) 
   9.55 ns ±   0.05 ns     9.51 ns …   9.62 ns  in 10 × 100000 runs
[moonbitlang/core] bench builtin/string_char_length_bench_test.mbt:56 ("bench char_length ascii 16") ok
time (mean ± σ)         range (min … max) 
   8.74 ns ±   0.06 ns     8.70 ns …   8.85 ns  in 10 × 100000 runs
[moonbitlang/core] bench builtin/string_char_length_bench_test.mbt:61 ("bench char_length ascii 100") ok
time (mean ± σ)         range (min … max) 
  13.34 ns ±   0.04 ns    13.30 ns …  13.41 ns  in 10 × 100000 runs
[moonbitlang/core] bench builtin/string_char_length_bench_test.mbt:66 ("bench char_length ascii 4k") ok
time (mean ± σ)         range (min … max) 
 220.76 ns ±   0.24 ns   220.47 ns … 221.24 ns  in 10 × 100000 runs
[moonbitlang/core] bench builtin/string_char_length_bench_test.mbt:71 ("bench char_length ascii 64k") ok
time (mean ± σ)         range (min … max) 
   3.65 µs ±   5.63 ns     3.64 µs …   3.66 µs  in 10 ×  27517 runs
[moonbitlang/core] bench builtin/string_char_length_bench_test.mbt:76 ("bench char_length cjk 4k") ok
time (mean ± σ)         range (min … max) 
 220.95 ns ±   0.39 ns   220.43 ns … 221.53 ns  in 10 × 100000 runs
[moonbitlang/core] bench builtin/string_char_length_bench_test.mbt:81 ("bench char_length emoji 4k") ok
time (mean ± σ)         range (min … max) 
 601.65 ns ±   0.33 ns   601.24 ns … 602.18 ns  in 10 × 100000 runs
[moonbitlang/core] bench builtin/string_char_length_bench_test.mbt:86 ("bench char_length mixed 4k") ok
time (mean ± σ)         range (min … max) 
 317.32 ns ±   0.27 ns   317.05 ns … 317.81 ns  in 10 × 100000 runs
[moonbitlang/core] bench builtin/string_char_length_bench_test.mbt:91 ("bench StringView::char_length ascii 4k unaligned") ok
time (mean ± σ)         range (min … max) 
 221.84 ns ±   0.38 ns   221.51 ns … 222.51 ns  in 10 × 100000 runs
[moonbitlang/core] bench builtin/string_char_length_bench_test.mbt:97 ("bench char_length_eq ascii 16") ok
time (mean ± σ)         range (min … max) 
   8.86 ns ±   0.24 ns     8.70 ns …   9.32 ns  in 10 × 100000 runs
[moonbitlang/core] bench builtin/string_char_length_bench_test.mbt:102 ("bench char_length_eq ascii 4k") ok
time (mean ± σ)         range (min … max) 
 294.17 ns ±   0.30 ns   293.78 ns … 294.56 ns  in 10 × 100000 runs
[moonbitlang/core] bench builtin/string_char_length_bench_test.mbt:107 ("bench char_length_eq emoji 4k") ok
time (mean ± σ)         range (min … max) 
 647.15 ns ±   0.48 ns   646.53 ns … 648.10 ns  in 10 × 100000 runs
[moonbitlang/core] bench builtin/string_char_length_bench_test.mbt:112 ("bench char_length_eq mixed 4k") ok
time (mean ± σ)         range (min … max) 
 415.56 ns ±   0.80 ns   414.69 ns … 417.23 ns  in 10 × 100000 runs
[moonbitlang/core] bench builtin/string_char_length_bench_test.mbt:119 ("bench char_length_ge ascii 4k len 3") ok
time (mean ± σ)         range (min … max) 
   7.09 ns ±   0.25 ns     6.81 ns …   7.38 ns  in 10 × 100000 runs
[moonbitlang/core] bench builtin/string_char_length_bench_test.mbt:124 ("bench char_length_ge ascii 4k len 2000") ok
time (mean ± σ)         range (min … max) 
 152.14 ns ±   0.13 ns   151.95 ns … 152.29 ns  in 10 × 100000 runs
[moonbitlang/core] bench builtin/string_char_length_bench_test.mbt:129 ("bench char_length_ge cjk 4k len 4096") ok
time (mean ± σ)         range (min … max) 
 293.97 ns ±   0.27 ns   293.70 ns … 294.47 ns  in 10 × 100000 runs
[moonbitlang/core] bench builtin/string_char_length_bench_test.mbt:134 ("bench char_length_ge emoji 4k len 2048") ok
time (mean ± σ)         range (min … max) 
 632.27 ns ±   1.88 ns   631.28 ns … 637.55 ns  in 10 × 100000 runs
[moonbitlang/core] bench builtin/sort_bench_test.mbt:21 ("bench Array::sort n=1000") ok
time (mean ± σ)         range (min … max) 
   9.86 µs ±  10.86 ns     9.84 µs …   9.87 µs  in 10 ×  10150 runs
[moonbitlang/core] bench builtin/sort_bench_test.mbt:31 ("bench Array::sort n=100000") ok
time (mean ± σ)         range (min … max) 
   4.51 ms ±   2.53 µs     4.51 ms …   4.52 ms  in 10 ×     23 runs
[moonbitlang/core] bench builtin/sort_bench_test.mbt:41 ("bench Array::sort_by n=10000") ok
time (mean ± σ)         range (min … max) 
 408.55 µs ± 836.18 ns   407.31 µs … 409.96 µs  in 10 ×    245 runs
[moonbitlang/core] bench builtin/range_equal_bench_test.mbt:56 ("bench range_equal StringView== n=4 equal") ok
time (mean ± σ)         range (min … max) 
   8.85 ns ±   0.58 ns     8.59 ns …  10.50 ns  in 10 × 100000 runs
[moonbitlang/core] bench builtin/range_equal_bench_test.mbt:61 ("bench range_equal StringView== n=8 equal") ok
time (mean ± σ)         range (min … max) 
   8.26 ns ±   0.04 ns     8.22 ns …   8.34 ns  in 10 × 100000 runs
[moonbitlang/core] bench builtin/range_equal_bench_test.mbt:66 ("bench range_equal StringView== n=8 mismatch at end") ok
time (mean ± σ)         range (min … max) 
   8.67 ns ±   0.28 ns     8.40 ns …   9.14 ns  in 10 × 100000 runs
[moonbitlang/core] bench builtin/range_equal_bench_test.mbt:71 ("bench range_equal StringView== n=16 equal") ok
time (mean ± σ)         range (min … max) 
   8.42 ns ±   0.22 ns     8.15 ns …   8.70 ns  in 10 × 100000 runs
[moonbitlang/core] bench builtin/range_equal_bench_test.mbt:76 ("bench range_equal StringView== n=16 mismatch at end") ok
time (mean ± σ)         range (min … max) 
   8.60 ns ±   0.22 ns     8.40 ns …   8.94 ns  in 10 × 100000 runs
[moonbitlang/core] bench builtin/range_equal_bench_test.mbt:81 ("bench range_equal StringView== n=15 equal") ok
time (mean ± σ)         range (min … max) 
   8.25 ns ±   0.09 ns     8.18 ns …   8.47 ns  in 10 × 100000 runs
[moonbitlang/core] bench builtin/range_equal_bench_test.mbt:86 ("bench range_equal StringView== n=64 equal") ok
time (mean ± σ)         range (min … max) 
  10.28 ns ±   0.04 ns    10.24 ns …  10.36 ns  in 10 × 100000 runs
[moonbitlang/core] bench builtin/range_equal_bench_test.mbt:91 ("bench range_equal StringView== n=64 mismatch at end") ok
time (mean ± σ)         range (min … max) 
  10.61 ns ±   0.33 ns    10.27 ns …  11.05 ns  in 10 × 100000 runs
[moonbitlang/core] bench builtin/range_equal_bench_test.mbt:96 ("bench range_equal StringView== n=1024 equal") ok
time (mean ± σ)         range (min … max) 
  57.17 ns ±   0.08 ns    57.07 ns …  57.30 ns  in 10 × 100000 runs
[moonbitlang/core] bench builtin/range_equal_bench_test.mbt:101 ("bench range_equal StringView== n=1024 mismatch at end") ok
time (mean ± σ)         range (min … max) 
  57.33 ns ±   0.06 ns    57.25 ns …  57.44 ns  in 10 × 100000 runs
[moonbitlang/core] bench builtin/range_equal_bench_test.mbt:106 ("bench range_equal StringView== n=1024 mismatch at 0") ok
time (mean ± σ)         range (min … max) 
   8.56 ns ±   0.28 ns     8.12 ns …   8.82 ns  in 10 × 100000 runs
[moonbitlang/core] bench builtin/range_equal_bench_test.mbt:111 ("bench range_equal StringView== n=65536 equal") ok
time (mean ± σ)         range (min … max) 
   3.02 µs ±   2.74 ns     3.01 µs …   3.02 µs  in 10 ×  33178 runs
[moonbitlang/core] bench builtin/range_equal_bench_test.mbt:116 ("bench range_equal StringView== n=65536 mismatch at end") ok
time (mean ± σ)         range (min … max) 
   3.01 µs ±  26.90 ns     2.95 µs …   3.02 µs  in 10 ×  33119 runs
[moonbitlang/core] bench builtin/range_equal_bench_test.mbt:121 ("bench range_equal BytesView== n=4 equal") ok
time (mean ± σ)         range (min … max) 
   7.87 ns ±   0.27 ns     7.62 ns …   8.28 ns  in 10 × 100000 runs
[moonbitlang/core] bench builtin/range_equal_bench_test.mbt:126 ("bench range_equal BytesView== n=8 equal") ok
time (mean ± σ)         range (min … max) 
   7.91 ns ±   0.23 ns     7.68 ns …   8.24 ns  in 10 × 100000 runs
[moonbitlang/core] bench builtin/range_equal_bench_test.mbt:131 ("bench range_equal BytesView== n=8 mismatch at end") ok
time (mean ± σ)         range (min … max) 
   7.97 ns ±   0.27 ns     7.67 ns …   8.30 ns  in 10 × 100000 runs
[moonbitlang/core] bench builtin/range_equal_bench_test.mbt:136 ("bench range_equal BytesView== n=16 equal") ok
time (mean ± σ)         range (min … max) 
   7.43 ns ±   0.25 ns     7.08 ns …   7.68 ns  in 10 × 100000 runs
[moonbitlang/core] bench builtin/range_equal_bench_test.mbt:141 ("bench range_equal BytesView== n=16 mismatch at end") ok
time (mean ± σ)         range (min … max) 
   7.36 ns ±   0.03 ns     7.34 ns …   7.44 ns  in 10 × 100000 runs
[moonbitlang/core] bench builtin/range_equal_bench_test.mbt:146 ("bench range_equal BytesView== n=31 equal") ok
time (mean ± σ)         range (min … max) 
   7.42 ns ±   0.26 ns     7.10 ns …   7.74 ns  in 10 × 100000 runs
[moonbitlang/core] bench builtin/range_equal_bench_test.mbt:151 ("bench range_equal BytesView== n=64 equal") ok
time (mean ± σ)         range (min … max) 
   8.50 ns ±   0.31 ns     8.16 ns …   8.89 ns  in 10 × 100000 runs
[moonbitlang/core] bench builtin/range_equal_bench_test.mbt:156 ("bench range_equal BytesView== n=64 mismatch at end") ok
time (mean ± σ)         range (min … max) 
   8.61 ns ±   0.25 ns     8.25 ns …   8.85 ns  in 10 × 100000 runs
[moonbitlang/core] bench builtin/range_equal_bench_test.mbt:161 ("bench range_equal BytesView== n=1024 equal") ok
time (mean ± σ)         range (min … max) 
  27.12 ns ±   0.58 ns    26.36 ns …  27.82 ns  in 10 × 100000 runs
[moonbitlang/core] bench builtin/range_equal_bench_test.mbt:166 ("bench range_equal BytesView== n=1024 mismatch at end") ok
time (mean ± σ)         range (min … max) 
  27.44 ns ±   0.42 ns    26.92 ns …  27.80 ns  in 10 × 100000 runs
[moonbitlang/core] bench builtin/range_equal_bench_test.mbt:171 ("bench range_equal BytesView== n=1024 mismatch at 0") ok
time (mean ± σ)         range (min … max) 
   7.58 ns ±   0.17 ns     7.21 ns …   7.70 ns  in 10 × 100000 runs
[moonbitlang/core] bench builtin/range_equal_bench_test.mbt:176 ("bench range_equal BytesView== n=65536 equal") ok
time (mean ± σ)         range (min … max) 
   1.50 µs ±   3.29 ns     1.50 µs …   1.51 µs  in 10 ×  66722 runs
[moonbitlang/core] bench builtin/range_equal_bench_test.mbt:181 ("bench range_equal BytesView== n=65536 mismatch at end") ok
time (mean ± σ)         range (min … max) 
   1.51 µs ±   6.43 ns     1.50 µs …   1.52 µs  in 10 ×  66689 runs
[moonbitlang/core] bench builtin/range_equal_bench_test.mbt:186 ("bench range_equal StringView::has_prefix prefix=32 hit") ok
time (mean ± σ)         range (min … max) 
   8.54 ns ±   0.25 ns     8.23 ns …   8.85 ns  in 10 × 100000 runs
[moonbitlang/core] bench builtin/range_equal_bench_test.mbt:193 ("bench range_equal StringView::has_prefix prefix=32 miss at end") ok
time (mean ± σ)         range (min … max) 
   8.46 ns ±   0.27 ns     8.16 ns …   8.85 ns  in 10 × 100000 runs
[moonbitlang/core] bench builtin/linked_hash_map_bench_test.mbt:19 ("bench Map::set n=50000") ok
time (mean ± σ)         range (min … max) 
   2.44 ms ±  12.23 µs     2.43 ms …   2.45 ms  in 10 ×     41 runs
[moonbitlang/core] bench builtin/linked_hash_map_bench_test.mbt:30 ("bench Map::get n=50000") ok
time (mean ± σ)         range (min … max) 
 811.75 µs ± 615.68 ns   810.78 µs … 812.74 µs  in 10 ×    123 runs
[moonbitlang/core] bench builtin/linked_hash_map_bench_test.mbt:47 ("bench Map::get miss n=50000") ok
time (mean ± σ)         range (min … max) 
 944.95 µs ±   5.37 µs   939.86 µs … 952.45 µs  in 10 ×    105 runs
[moonbitlang/core] bench builtin/linked_hash_map_bench_test.mbt:67 ("bench Map::set+remove n=50000") ok
time (mean ± σ)         range (min … max) 
   3.57 ms ±   3.68 µs     3.57 ms …   3.58 ms  in 10 ×     29 runs
[moonbitlang/core] bench builtin/linked_hash_map_bench_test.mbt:83 ("bench Map::each n=50000") ok
time (mean ± σ)         range (min … max) 
  87.68 µs ± 271.47 ns    87.48 µs …  88.19 µs  in 10 ×   1135 runs
[moonbitlang/core] bench builtin/linked_hash_map_bench_test.mbt:101 ("bench Map::filter n=50000") ok
time (mean ± σ)         range (min … max) 
 905.21 µs ±   2.21 µs   903.76 µs … 911.24 µs  in 10 ×    111 runs
[moonbitlang/core] bench builtin/linked_hash_map_bench_test.mbt:107 ("bench Map comprehension filter n=50000") ok
time (mean ± σ)         range (min … max) 
   2.81 ms ±   6.95 µs     2.81 ms …   2.83 ms  in 10 ×     36 runs
[moonbitlang/core] bench builtin/lexical_compare_bench_test.mbt:42 ("bench lexical_compare equal n=256") ok
time (mean ± σ)         range (min … max) 
  18.24 ns ±   0.27 ns    17.95 ns …  18.67 ns  in 10 × 100000 runs
[moonbitlang/core] bench builtin/lexical_compare_bench_test.mbt:47 ("bench lexical_compare common-prefix n=256") ok
time (mean ± σ)         range (min … max) 
  18.40 ns ±   0.35 ns    17.96 ns …  18.85 ns  in 10 × 100000 runs
[moonbitlang/core] bench builtin/lexical_compare_bench_test.mbt:52 ("bench lexical_compare early-diff n=256") ok
time (mean ± σ)         range (min … max) 
   8.37 ns ±   0.26 ns     7.96 ns …   8.60 ns  in 10 × 100000 runs
[moonbitlang/core] bench builtin/lexical_compare_bench_test.mbt:89 ("bench String::lexical_compare equal n=256") ok
time (mean ± σ)         range (min … max) 
  94.41 ns ±   0.12 ns    94.26 ns …  94.58 ns  in 10 × 100000 runs
[moonbitlang/core] bench builtin/lexical_compare_bench_test.mbt:94 ("bench String::lexical_compare common-prefix n=256") ok
time (mean ± σ)         range (min … max) 
  96.03 ns ±   0.13 ns    95.93 ns …  96.28 ns  in 10 × 100000 runs
[moonbitlang/core] bench builtin/lexical_compare_bench_test.mbt:99 ("bench String::lexical_compare early-diff n=256") ok
time (mean ± σ)         range (min … max) 
   8.02 ns ±   0.26 ns     7.64 ns …   8.26 ns  in 10 × 100000 runs
[moonbitlang/core] bench builtin/lexical_compare_bench_test.mbt:104 ("bench StringView::lexical_compare equal n=256") ok
time (mean ± σ)         range (min … max) 
  94.16 ns ±   0.13 ns    94.01 ns …  94.38 ns  in 10 × 100000 runs
[moonbitlang/core] bench builtin/lexical_compare_bench_test.mbt:109 ("bench StringView::lexical_compare common-prefix n=256") ok
time (mean ± σ)         range (min … max) 
  95.20 ns ±   0.12 ns    95.06 ns …  95.40 ns  in 10 × 100000 runs
[moonbitlang/core] bench builtin/lexical_compare_bench_test.mbt:114 ("bench StringView::lexical_compare early-diff n=256") ok
time (mean ± σ)         range (min … max) 
   7.65 ns ±   0.24 ns     7.36 ns …   7.92 ns  in 10 × 100000 runs
[moonbitlang/core] bench builtin/lexical_compare_bench_test.mbt:121 ("bench String::compare equal-length common-prefix n=256") ok
time (mean ± σ)         range (min … max) 
  97.07 ns ±   0.40 ns    96.22 ns …  97.47 ns  in 10 × 100000 runs
[moonbitlang/core] bench builtin/lexical_compare_bench_test.mbt:128 ("bench StringView::compare equal-length common-prefix n=256") ok
time (mean ± σ)         range (min … max) 
  95.78 ns ±   0.13 ns    95.62 ns …  95.99 ns  in 10 × 100000 runs
[moonbitlang/core] bench builtin/lexical_compare_bench_test.mbt:135 ("bench StringView::compare_ignore_ascii_case common-prefix n=256") ok
time (mean ± σ)         range (min … max) 
 165.35 ns ±   1.24 ns   164.11 ns … 166.86 ns  in 10 × 100000 runs
[moonbitlang/core] bench builtin/contains_code_unit_bench_test.mbt:19 ("bench contains_code_unit absent n=4") ok
time (mean ± σ)         range (min … max) 
   7.22 ns ±   0.24 ns     7.05 ns …   7.65 ns  in 10 × 100000 runs
[moonbitlang/core] bench builtin/contains_code_unit_bench_test.mbt:25 ("bench contains_code_unit absent n=8") ok
time (mean ± σ)         range (min … max) 
   7.06 ns ±   0.27 ns     6.81 ns …   7.42 ns  in 10 × 100000 runs
[moonbitlang/core] bench builtin/contains_code_unit_bench_test.mbt:31 ("bench contains_code_unit present@0 n=8") ok
time (mean ± σ)         range (min … max) 
   6.34 ns ±   0.20 ns     6.04 ns …   6.50 ns  in 10 × 100000 runs
[moonbitlang/core] bench builtin/contains_code_unit_bench_test.mbt:37 ("bench contains_code_unit absent n=16") ok
time (mean ± σ)         range (min … max) 
   7.79 ns ±   0.25 ns     7.62 ns …   8.25 ns  in 10 × 100000 runs
[moonbitlang/core] bench builtin/contains_code_unit_bench_test.mbt:43 ("bench contains_code_unit absent n=64") ok
time (mean ± σ)         range (min … max) 
   9.28 ns ±   0.06 ns     9.23 ns …   9.40 ns  in 10 × 100000 runs
[moonbitlang/core] bench builtin/contains_code_unit_bench_test.mbt:49 ("bench contains_code_unit absent n=256") ok
time (mean ± σ)         range (min … max) 
  17.96 ns ±   0.04 ns    17.92 ns …  18.04 ns  in 10 × 100000 runs
[moonbitlang/core] bench builtin/contains_code_unit_bench_test.mbt:55 ("bench contains_code_unit present@end n=256") ok
time (mean ± σ)         range (min … max) 
  17.40 ns ±   0.05 ns    17.36 ns …  17.51 ns  in 10 × 100000 runs
[moonbitlang/core] bench builtin/contains_code_unit_bench_test.mbt:61 ("bench contains_code_unit present@0 n=256") ok
time (mean ± σ)         range (min … max) 
   6.35 ns ±   0.19 ns     6.07 ns …   6.54 ns  in 10 × 100000 runs
[moonbitlang/core] bench builtin/contains_code_unit_bench_test.mbt:67 ("bench StringView contains_code_unit absent n=256") ok
time (mean ± σ)         range (min … max) 
  17.77 ns ±   0.05 ns    17.72 ns …  17.87 ns  in 10 × 100000 runs
[moonbitlang/core] bench builtin/bytesview_compare_bench_test.mbt:16 ("bench BytesView Compare equal n=1000000") ok
time (mean ± σ)         range (min … max) 
  37.82 µs ±  35.66 ns    37.77 µs …  37.90 µs  in 10 ×   2653 runs
[moonbitlang/core] bench builtin/bytesview_compare_bench_test.mbt:23 ("bench BytesView Compare last-diff n=1000000") ok
time (mean ± σ)         range (min … max) 
  37.36 µs ± 361.81 ns    36.97 µs …  37.87 µs  in 10 ×   2641 runs
[moonbitlang/core] bench builtin/bytes_unsafe_bench_test.mbt:31 ("bench Bytes::unsafe_read_uint16_le n=4096") ok
time (mean ± σ)         range (min … max) 
 417.14 ns ±   0.40 ns   416.61 ns … 417.87 ns  in 10 × 100000 runs
[moonbitlang/core] bench builtin/bytes_unsafe_bench_test.mbt:43 ("bench Bytes::unsafe_read_uint32_le n=4096") ok
time (mean ± σ)         range (min … max) 
 409.40 ns ±   2.37 ns   407.36 ns … 412.76 ns  in 10 × 100000 runs
[moonbitlang/core] bench builtin/bytes_unsafe_bench_test.mbt:55 ("bench Bytes::unsafe_read_uint64_le n=4096") ok
time (mean ± σ)         range (min … max) 
 430.63 ns ±   2.30 ns   427.55 ns … 433.78 ns  in 10 × 100000 runs
[moonbitlang/core] bench builtin/bytes_unsafe_bench_test.mbt:67 ("bench FixedArray::unsafe_write_uint16_le n=4096") ok
time (mean ± σ)         range (min … max) 
 559.80 ns ±   0.19 ns   559.49 ns … 560.05 ns  in 10 × 100000 runs
[moonbitlang/core] bench builtin/bytes_unsafe_bench_test.mbt:78 ("bench FixedArray::unsafe_write_uint32_le n=4096") ok
time (mean ± σ)         range (min … max) 
 559.59 ns ±   0.19 ns   559.28 ns … 559.90 ns  in 10 × 100000 runs
[moonbitlang/core] bench builtin/bytes_unsafe_bench_test.mbt:89 ("bench FixedArray::unsafe_write_uint64_le n=4096") ok
time (mean ± σ)         range (min … max) 
 559.63 ns ±   1.60 ns   558.74 ns … 564.11 ns  in 10 × 100000 runs
[moonbitlang/core] bench builtin/bytes_output_bench_test.mbt:19 ("bench Bytes Show binary n=100000") ok
time (mean ± σ)         range (min … max) 
 520.36 µs ±   4.15 µs   516.39 µs … 527.99 µs  in 10 ×    191 runs
[moonbitlang/core] bench builtin/bytes_output_bench_test.mbt:24 ("bench Bytes ToJson binary n=100000") ok
time (mean ± σ)         range (min … max) 
 495.17 µs ± 695.18 ns   494.15 µs … 495.99 µs  in 10 ×    204 runs
[moonbitlang/core] bench builtin/bytes_hash_bench_test.mbt:54 ("bench Hash::hash(Bytes) n=32") ok
time (mean ± σ)         range (min … max) 
   9.29 ns ±   0.02 ns     9.27 ns …   9.32 ns  in 10 × 100000 runs
[moonbitlang/core] bench builtin/bytes_hash_bench_test.mbt:60 ("bench Hash::hash(Bytes) n=8192") ok
time (mean ± σ)         range (min … max) 
   4.41 µs ±   1.42 ns     4.40 µs …   4.41 µs  in 10 ×  22711 runs
[moonbitlang/core] bench builtin/bytes_hash_bench_test.mbt:66 ("bench Map::at Bytes n=1024 key_bytes=32") ok
time (mean ± σ)         range (min … max) 
  15.10 µs ±  56.25 ns    15.01 µs …  15.18 µs  in 10 ×   6630 runs
[moonbitlang/core] bench builtin/bytes_from_array_bench_test.mbt:30 ("bench Bytes::from_array n=262144 full") ok
time (mean ± σ)         range (min … max) 
   4.51 µs ±   2.41 ns     4.50 µs …   4.51 µs  in 10 ×  22034 runs
[moonbitlang/core] bench builtin/bytes_from_array_bench_test.mbt:41 ("bench Bytes::from_array n=262144 sliced") ok
time (mean ± σ)         range (min … max) 
   4.50 µs ±  19.75 ns     4.48 µs …   4.55 µs  in 10 ×  22221 runs
[moonbitlang/core] bench builtin/bytes_from_array_bench_test.mbt:48 ("bench Bytes::makei from ArrayView n=262144 full") ok
time (mean ± σ)         range (min … max) 
 217.14 µs ± 449.68 ns   216.79 µs … 218.04 µs  in 10 ×    459 runs
[moonbitlang/core] bench builtin/bytes_from_array_bench_test.mbt:59 ("bench Bytes::makei from ArrayView n=262144 sliced") ok
time (mean ± σ)         range (min … max) 
 217.67 µs ±   1.14 µs   216.17 µs … 219.61 µs  in 10 ×    457 runs
[moonbitlang/core] bench builtin/bytes_equal_bench_test.mbt:37 ("bench Bytes::equal n=100000 equal") ok
time (mean ± σ)         range (min … max) 
   2.33 µs ±   2.18 ns     2.33 µs …   2.34 µs  in 10 ×  42980 runs
[moonbitlang/core] bench builtin/bytes_equal_bench_test.mbt:44 ("bench Bytes::equal n=100000 aliased object") ok
time (mean ± σ)         range (min … max) 
   6.60 ns ±   0.22 ns     6.35 ns …   6.83 ns  in 10 × 100000 runs
[moonbitlang/core] bench builtin/bytes_equal_bench_test.mbt:54 ("bench Bytes::equal n=100000 mismatch at end") ok
time (mean ± σ)         range (min … max) 
   2.50 µs ±   2.96 ns     2.50 µs …   2.51 µs  in 10 ×  39977 runs
[moonbitlang/core] bench builtin/bytes_add_bench_test.mbt:16 ("bench Bytes add total=1000000") ok
time (mean ± σ)         range (min … max) 
  16.42 µs ±   6.15 ns    16.41 µs …  16.42 µs  in 10 ×   6088 runs
[moonbitlang/core] bench builtin/bitstring_uint_aligned_bench_test.mbt:24 ("bench Bytes::unsafe_extract_uint_le_aligned n=8192") ok
time (mean ± σ)         range (min … max) 
  65.56 ns ±   0.34 ns    65.34 ns …  66.22 ns  in 10 × 100000 runs
[moonbitlang/core] bench builtin/bitstring_uint64_aligned_bench_test.mbt:24 ("bench Bytes::unsafe_extract_uint64_le_aligned n=8192") ok
time (mean ± σ)         range (min … max) 
  67.06 ns ±   0.10 ns    66.96 ns …  67.25 ns  in 10 × 100000 runs
[moonbitlang/core] bench builtin/bitstring_extract_bench_test.mbt:35 ("bench BytesView uint_le aligned len=32") ok
time (mean ± σ)         range (min … max) 
  69.07 ns ±   0.32 ns    68.61 ns …  69.49 ns  in 10 × 100000 runs
[moonbitlang/core] bench builtin/bitstring_extract_bench_test.mbt:48 ("bench BytesView uint_be aligned len=32") ok
time (mean ± σ)         range (min … max) 
  80.67 ns ±   0.10 ns    80.53 ns …  80.83 ns  in 10 × 100000 runs
[moonbitlang/core] bench builtin/bitstring_extract_bench_test.mbt:61 ("bench ArrayView uint_le aligned len=32") ok
time (mean ± σ)         range (min … max) 
  68.60 ns ±   0.21 ns    68.21 ns …  68.84 ns  in 10 × 100000 runs
[moonbitlang/core] bench builtin/bitstring_extract_bench_test.mbt:75 ("bench ArrayView uint_be aligned len=32") ok
time (mean ± σ)         range (min … max) 
  82.08 ns ±   0.52 ns    81.26 ns …  82.88 ns  in 10 × 100000 runs
[moonbitlang/core] bench builtin/bitstring_extract_bench_test.mbt:89 ("bench BytesView uint64_le aligned len=64") ok
time (mean ± σ)         range (min … max) 
  68.79 ns ±   0.32 ns    68.25 ns …  69.23 ns  in 10 × 100000 runs
[moonbitlang/core] bench builtin/bitstring_extract_bench_test.mbt:102 ("bench BytesView uint64_be aligned len=64") ok
time (mean ± σ)         range (min … max) 
  80.33 ns ±   0.08 ns    80.24 ns …  80.47 ns  in 10 × 100000 runs
[moonbitlang/core] bench builtin/bitstring_extract_bench_test.mbt:115 ("bench ArrayView uint64_le aligned len=64") ok
time (mean ± σ)         range (min … max) 
  72.52 ns ±   0.32 ns    72.07 ns …  73.00 ns  in 10 × 100000 runs
[moonbitlang/core] bench builtin/bitstring_extract_bench_test.mbt:129 ("bench ArrayView uint64_be aligned len=64") ok
time (mean ± σ)         range (min … max) 
  82.78 ns ±   0.61 ns    81.93 ns …  83.79 ns  in 10 × 100000 runs
[moonbitlang/core] bench builtin/bitstring_extract_bench_test.mbt:143 ("bench BytesView uint_le unaligned len=32") ok
time (mean ± σ)         range (min … max) 
   6.10 µs ±   1.93 ns     6.10 µs …   6.10 µs  in 10 ×  16406 runs
[moonbitlang/core] bench builtin/bitstring_extract_bench_test.mbt:156 ("bench BytesView uint64_le unaligned len=64") ok
time (mean ± σ)         range (min … max) 
   5.19 µs ±   2.29 ns     5.19 µs …   5.20 µs  in 10 ×  19267 runs
[moonbitlang/core] bench builtin/bitstring_extract_bench_test.mbt:169 ("bench BytesView uint_le aligned len=16") ok
time (mean ± σ)         range (min … max) 
 147.72 ns ±   0.08 ns   147.62 ns … 147.89 ns  in 10 × 100000 runs
[moonbitlang/core] bench builtin/bitstring_extract_bench_test.mbt:182 ("bench BytesView uint_le aligned len=24") ok
time (mean ± σ)         range (min … max) 
   5.19 µs ±   1.70 ns     5.19 µs …   5.20 µs  in 10 ×  19253 runs
[moonbitlang/core] bench builtin/array_retain_bench_test.mbt:29 ("bench Array::retain all keep Int n=100000") ok
time (mean ± σ)         range (min … max) 
   4.17 µs ±  41.75 ns     4.12 µs …   4.23 µs  in 10 ×  24015 runs
[moonbitlang/core] bench builtin/array_retain_bench_test.mbt:42 ("bench Array::retain all keep Ref n=100000") ok
time (mean ± σ)         range (min … max) 
  31.08 µs ± 305.65 ns    30.64 µs …  31.40 µs  in 10 ×   3187 runs
[moonbitlang/core] bench builtin/array_retain_bench_test.mbt:55 ("bench Array::retain drop tail n=100000") ok
time (mean ± σ)         range (min … max) 
  35.74 µs ±  21.39 ns    35.70 µs …  35.77 µs  in 10 ×   2807 runs
[moonbitlang/core] bench builtin/array_retain_bench_test.mbt:66 ("bench Array::retain late sparse drop n=100000") ok
time (mean ± σ)         range (min … max) 
  56.80 µs ±  37.02 ns    56.75 µs …  56.85 µs  in 10 ×   1764 runs
[moonbitlang/core] bench builtin/array_retain_bench_test.mbt:77 ("bench Array::retain drop first n=100000") ok
time (mean ± σ)         range (min … max) 
  35.78 µs ±  17.50 ns    35.76 µs …  35.81 µs  in 10 ×   2805 runs
[moonbitlang/core] bench builtin/array_make_blit_bench_test.mbt:32 ("bench FixedArray::copy Ref n=1000000") ok
time (mean ± σ)         range (min … max) 
   1.05 ms ± 432.65 ns     1.05 ms …   1.05 ms  in 10 ×     96 runs
[moonbitlang/core] bench builtin/array_make_blit_bench_test.mbt:38 ("bench Array::from_fixed_array Ref n=1000000") ok
time (mean ± σ)         range (min … max) 
   1.05 ms ±   2.11 µs     1.05 ms …   1.05 ms  in 10 ×     96 runs
[moonbitlang/core] bench builtin/array_make_blit_bench_test.mbt:44 ("bench Array::add Ref n=500000+500000") ok
time (mean ± σ)         range (min … max) 
   1.31 ms ± 397.46 ns     1.31 ms …   1.32 ms  in 10 ×     77 runs
[moonbitlang/core] bench builtin/array_make_blit_bench_test.mbt:51 ("bench ArrayView::add Ref n=500000+500000") ok
time (mean ± σ)         range (min … max) 
   1.31 ms ± 366.67 ns     1.31 ms …   1.32 ms  in 10 ×     77 runs
[moonbitlang/core] bench builtin/array_make_blit_bench_test.mbt:60 ("bench Array::blit_to Ref n=1000000 overwrite") ok
time (mean ± σ)         range (min … max) 
 940.44 µs ± 374.55 ns   939.72 µs … 940.72 µs  in 10 ×    107 runs
[moonbitlang/core] bench builtin/array_make_blit_bench_test.mbt:70 ("bench Array::blit_to Ref n=1000000 grow") ok
time (mean ± σ)         range (min … max) 
   1.62 ms ± 507.24 ns     1.62 ms …   1.62 ms  in 10 ×     62 runs
[moonbitlang/core] bench builtin/array_make_blit_bench_test.mbt:80 ("bench ArrayView::blit_to Ref n=1000000 overwrite") ok
time (mean ± σ)         range (min … max) 
 939.97 µs ± 151.87 ns   939.78 µs … 940.30 µs  in 10 ×    107 runs
[moonbitlang/core] bench builtin/array_make_blit_bench_test.mbt:90 ("bench ArrayView::blit_to Ref n=1000000 grow") ok
time (mean ± σ)         range (min … max) 
   1.62 ms ± 837.52 ns     1.61 ms …   1.62 ms  in 10 ×     62 runs
[moonbitlang/core] bench builtin/array_make_blit_bench_test.mbt:100 ("bench Array::append Ref n=1000000 grow") ok
time (mean ± σ)         range (min … max) 
   1.62 ms ±   2.15 µs     1.62 ms …   1.62 ms  in 10 ×     62 runs
[moonbitlang/core] bench builtin/array_make_blit_bench_test.mbt:110 ("bench Array::push Ref n=1000000 resize") ok
time (mean ± σ)         range (min … max) 
   1.42 ms ± 847.51 ns     1.42 ms …   1.42 ms  in 10 ×     71 runs
[moonbitlang/core] bench builtin/array_make_blit_bench_test.mbt:129 ("bench Array::copy Int n=1000000") ok
time (mean ± σ)         range (min … max) 
  62.56 µs ±  19.33 ns    62.54 µs …  62.60 µs  in 10 ×   1599 runs
[moonbitlang/core] bench builtin/array_make_blit_bench_test.mbt:135 ("bench Array::copy Ref n=1000000") ok
time (mean ± σ)         range (min … max) 
   1.59 ms ± 511.05 ns     1.59 ms …   1.59 ms  in 10 ×     63 runs
[moonbitlang/core] bench builtin/array_locals_bench_test.mbt:29 ("bench Array::retain_map n=100000") ok
time (mean ± σ)         range (min … max) 
   6.80 µs ±   3.43 ns     6.80 µs …   6.81 µs  in 10 ×  14705 runs
[moonbitlang/core] bench builtin/array_locals_bench_test.mbt:38 ("bench Array::shuffle_in_place n=100000") ok
time (mean ± σ)         range (min … max) 
  59.32 µs ±  52.07 ns    59.21 µs …  59.40 µs  in 10 ×   1694 runs
[moonbitlang/core] bench builtin/array_locals_bench_test.mbt:50 ("bench Array::filter_map n=100000") ok
time (mean ± σ)         range (min … max) 
  39.20 µs ±  76.33 ns    39.12 µs …  39.40 µs  in 10 ×   2548 runs
[moonbitlang/core] bench builtin/array_locals_bench_test.mbt:58 ("bench FixedArray::each n=100000") ok
time (mean ± σ)         range (min … max) 
   4.12 µs ±   1.09 ns     4.12 µs …   4.12 µs  in 10 ×  24292 runs
[moonbitlang/core] bench builtin/array_locals_bench_test.mbt:68 ("bench FixedArray::eachi n=100000") ok
time (mean ± σ)         range (min … max) 
  10.44 µs ±   3.63 ns    10.43 µs …  10.45 µs  in 10 ×   9583 runs
[moonbitlang/core] bench builtin/array_locals_bench_test.mbt:78 ("bench FixedArray::rev_each n=100000") ok
time (mean ± σ)         range (min … max) 
   5.26 µs ±  46.76 ns     5.18 µs …   5.29 µs  in 10 ×  18957 runs
[moonbitlang/core] bench builtin/array_locals_bench_test.mbt:88 ("bench FixedArray::rev_eachi n=100000") ok
time (mean ± σ)         range (min … max) 
  10.45 µs ±   3.14 ns    10.44 µs …  10.45 µs  in 10 ×   9577 runs
[moonbitlang/core] bench builtin/array_locals_bench_test.mbt:98 ("bench FixedArray::map n=100000") ok
time (mean ± σ)         range (min … max) 
  13.43 µs ± 162.91 ns    13.33 µs …  13.84 µs  in 10 ×   7470 runs
[moonbitlang/core] bench builtin/array_locals_bench_test.mbt:104 ("bench FixedArray::mapi n=100000") ok
time (mean ± σ)         range (min … max) 
  13.81 µs ± 240.80 ns    13.48 µs …  14.17 µs  in 10 ×   7518 runs
[moonbitlang/core] bench builtin/array_locals_bench_test.mbt:110 ("bench FixedArray::makei n=100000") ok
time (mean ± σ)         range (min … max) 
  13.91 µs ± 703.90 ns    13.40 µs …  15.54 µs  in 10 ×   7760 runs
[moonbitlang/core] bench builtin/array_locals_bench_test.mbt:115 ("bench FixedArray::fold n=100000") ok
time (mean ± σ)         range (min … max) 
   4.11 µs ±   3.26 ns     4.11 µs …   4.12 µs  in 10 ×  24075 runs
[moonbitlang/core] bench builtin/array_locals_bench_test.mbt:121 ("bench FixedArray::rev_fold n=100000") ok
time (mean ± σ)         range (min … max) 
   5.16 µs ±   3.65 ns     5.15 µs …   5.16 µs  in 10 ×  19275 runs
[moonbitlang/core] bench builtin/array_locals_bench_test.mbt:127 ("bench FixedArray::foldi n=100000") ok
time (mean ± σ)         range (min … max) 
  10.43 µs ±   8.01 ns    10.42 µs …  10.45 µs  in 10 ×   9589 runs
[moonbitlang/core] bench builtin/array_locals_bench_test.mbt:133 ("bench FixedArray::rev_foldi n=100000") ok
time (mean ± σ)         range (min … max) 
  10.44 µs ±   2.93 ns    10.43 µs …  10.44 µs  in 10 ×   9589 runs
[moonbitlang/core] bench builtin/array_locals_bench_test.mbt:139 ("bench ArrayView::chunk_by n=100000") ok
time (mean ± σ)         range (min … max) 
  47.01 µs ± 544.71 ns    46.19 µs …  47.43 µs  in 10 ×   2111 runs
[moonbitlang/core] bench builtin/array_locals_bench_test.mbt:146 ("bench ArrayView::each n=100000") ok
time (mean ± σ)         range (min … max) 
   4.16 µs ±  36.91 ns     4.12 µs …   4.20 µs  in 10 ×  23879 runs
[moonbitlang/core] bench builtin/array_locals_bench_test.mbt:157 ("bench ArrayView::eachi n=100000") ok
time (mean ± σ)         range (min … max) 
  10.44 µs ±   3.20 ns    10.44 µs …  10.45 µs  in 10 ×   9582 runs
[moonbitlang/core] bench builtin/array_locals_bench_test.mbt:168 ("bench ArrayView::rev_each n=100000") ok
time (mean ± σ)         range (min … max) 
   5.32 µs ±  11.71 ns     5.31 µs …   5.35 µs  in 10 ×  18872 runs
[moonbitlang/core] bench builtin/array_locals_bench_test.mbt:179 ("bench ArrayView::rev_eachi n=100000") ok
time (mean ± σ)         range (min … max) 
  10.39 µs ±   4.81 ns    10.38 µs …  10.39 µs  in 10 ×   9622 runs
[moonbitlang/core] bench builtin/array_locals_bench_test.mbt:190 ("bench ArrayView::all n=100000") ok
time (mean ± σ)         range (min … max) 
  27.28 µs ±  22.54 ns    27.24 µs …  27.30 µs  in 10 ×   3667 runs
[moonbitlang/core] bench builtin/array_locals_bench_test.mbt:197 ("bench ArrayView::any n=100000") ok
time (mean ± σ)         range (min … max) 
  27.26 µs ±  66.23 ns    27.21 µs …  27.43 µs  in 10 ×   3657 runs
[moonbitlang/core] bench builtin/array_locals_bench_test.mbt:204 ("bench ArrayView::search_by n=100000") ok
time (mean ± σ)         range (min … max) 
  32.96 µs ±  37.01 ns    32.91 µs …  33.00 µs  in 10 ×   3031 runs
[moonbitlang/core] bench builtin/array_locals_bench_test.mbt:213 ("bench ArrayView::fold n=100000") ok
time (mean ± σ)         range (min … max) 
   4.18 µs ±  44.97 ns     4.12 µs …   4.22 µs  in 10 ×  24124 runs
[moonbitlang/core] bench builtin/array_locals_bench_test.mbt:220 ("bench ArrayView::rev_fold n=100000") ok
time (mean ± σ)         range (min … max) 
   5.30 µs ±  52.73 ns     5.22 µs …   5.35 µs  in 10 ×  18702 runs
[moonbitlang/core] bench builtin/array_locals_bench_test.mbt:227 ("bench ArrayView::foldi n=100000") ok
time (mean ± σ)         range (min … max) 
  10.43 µs ±   3.15 ns    10.42 µs …  10.43 µs  in 10 ×   9588 runs
[moonbitlang/core] bench builtin/array_locals_bench_test.mbt:234 ("bench ArrayView::rev_foldi n=100000") ok
time (mean ± σ)         range (min … max) 
  13.84 µs ±   5.88 ns    13.83 µs …  13.85 µs  in 10 ×   7229 runs
[moonbitlang/core] bench builtin/array_locals_bench_test.mbt:241 ("bench ArrayView::map n=100000") ok
time (mean ± σ)         range (min … max) 
   8.09 µs ±  46.78 ns     8.02 µs …   8.14 µs  in 10 ×  12549 runs
[moonbitlang/core] bench builtin/array_locals_bench_test.mbt:248 ("bench ArrayView::mapi n=100000") ok
time (mean ± σ)         range (min … max) 
   8.09 µs ±  59.99 ns     8.04 µs …   8.21 µs  in 10 ×  12314 runs
[moonbitlang/core] bench builtin/array_locals_bench_test.mbt:255 ("bench ArrayView::filter n=100000") ok
time (mean ± σ)         range (min … max) 
  39.24 µs ±  91.30 ns    39.00 µs …  39.31 µs  in 10 ×   2548 runs
[moonbitlang/core] bench builtin/array_locals_bench_test.mbt:262 ("bench ArrayView::filter_map n=100000") ok
time (mean ± σ)         range (min … max) 
  86.59 µs ±  81.47 ns    86.50 µs …  86.70 µs  in 10 ×   1154 runs
[moonbitlang/core] bench bytes/find_bench_test.mbt:92 ("bench BytesView::find single byte hit end n=4096") ok
time (mean ± σ)         range (min … max) 
 151.11 ns ±   0.23 ns   150.83 ns … 151.46 ns  in 10 × 100000 runs
[moonbitlang/core] bench bytes/find_bench_test.mbt:99 ("bench BytesView::find single byte miss n=4096") ok
time (mean ± σ)         range (min … max) 
 143.19 ns ±   0.30 ns   142.83 ns … 143.72 ns  in 10 × 100000 runs
[moonbitlang/core] bench bytes/find_bench_test.mbt:106 ("bench BytesView::find substring rare hit end n=4096") ok
time (mean ± σ)         range (min … max) 
 181.33 ns ±   0.19 ns   181.14 ns … 181.67 ns  in 10 × 100000 runs
[moonbitlang/core] bench bytes/find_bench_test.mbt:113 ("bench BytesView::find substring dense miss n=4096") ok
time (mean ± σ)         range (min … max) 
 178.23 ns ±   0.18 ns   178.01 ns … 178.53 ns  in 10 × 100000 runs
[moonbitlang/core] bench bytes/find_bench_test.mbt:120 ("bench BytesView::find offset view rare hit end n=4096") ok
time (mean ± σ)         range (min … max) 
 181.37 ns ±   0.16 ns   181.21 ns … 181.70 ns  in 10 × 100000 runs
[moonbitlang/core] bench bytes/find_bench_test.mbt:127 ("bench BytesView::find long dense miss n=4096") ok
time (mean ± σ)         range (min … max) 
   4.50 µs ±   7.28 ns     4.49 µs …   4.52 µs  in 10 ×  22250 runs
[moonbitlang/core] bench bytes/find_bench_test.mbt:134 ("bench BytesView::find single byte miss n=32") ok
time (mean ± σ)         range (min … max) 
   9.69 ns ±   0.33 ns     9.50 ns …  10.31 ns  in 10 × 100000 runs
[moonbitlang/core] bench bytes/find_bench_test.mbt:141 ("bench BytesView::find substring miss n=32") ok
time (mean ± σ)         range (min … max) 
  15.55 ns ±   0.27 ns    15.23 ns …  16.01 ns  in 10 × 100000 runs
[moonbitlang/core] bench bytes/find_bench_test.mbt:148 ("bench BytesView::rev_find single byte hit start n=4096") ok
time (mean ± σ)         range (min … max) 
 144.18 ns ±   0.22 ns   143.82 ns … 144.44 ns  in 10 × 100000 runs
[moonbitlang/core] bench bytes/find_bench_test.mbt:155 ("bench BytesView::rev_find single byte miss n=4096") ok
time (mean ± σ)         range (min … max) 
 133.51 ns ±   0.10 ns   133.36 ns … 133.66 ns  in 10 × 100000 runs
[moonbitlang/core] bench bytes/find_bench_test.mbt:162 ("bench BytesView::rev_find substring rare hit start n=4096") ok
time (mean ± σ)         range (min … max) 
 188.38 ns ±   0.23 ns   188.08 ns … 188.83 ns  in 10 × 100000 runs
[moonbitlang/core] bench bytes/find_bench_test.mbt:169 ("bench BytesView::rev_find substring dense miss n=4096") ok
time (mean ± σ)         range (min … max) 
 184.86 ns ±   0.34 ns   184.56 ns … 185.53 ns  in 10 × 100000 runs
[moonbitlang/core] bench bytes/find_bench_test.mbt:176 ("bench BytesView::rev_find offset view rare hit start n=4096") ok
time (mean ± σ)         range (min … max) 
 188.25 ns ±   0.16 ns   188.02 ns … 188.47 ns  in 10 × 100000 runs
[moonbitlang/core] bench bytes/find_bench_test.mbt:185 ("bench BytesView::rev_find long dense miss n=4096") ok
time (mean ± σ)         range (min … max) 
 182.32 ns ±   0.14 ns   182.12 ns … 182.50 ns  in 10 × 100000 runs
[moonbitlang/core] bench debug/debug_inspect_bench_test.mbt:16 ("bench debug_inspect passing Int") ok
time (mean ± σ)         range (min … max) 
 167.12 ns ±   0.49 ns   166.21 ns … 167.61 ns  in 10 × 100000 runs
[moonbitlang/core] bench debug/debug_inspect_bench_test.mbt:21 ("bench debug_inspect passing Array") ok
time (mean ± σ)         range (min … max) 
   1.61 µs ±   6.16 ns     1.60 µs …   1.61 µs  in 10 ×  62217 runs
[moonbitlang/core] bench deque/deque_bench_test.mbt:22 ("bench Deque::to_array Int n=50000") ok
time (mean ± σ)         range (min … max) 
  27.96 µs ± 152.81 ns    27.71 µs …  28.21 µs  in 10 ×   3569 runs
[moonbitlang/core] bench deque/deque_bench_test.mbt:28 ("bench Deque::to_array Ref n=50000") ok
time (mean ± σ)         range (min … max) 
  94.12 µs ± 491.96 ns    93.56 µs …  94.69 µs  in 10 ×   1060 runs
[moonbitlang/core] bench deque/deque_bench_test.mbt:34 ("bench Deque steady-state pop_front/push_back x100000 len=1000") ok
time (mean ± σ)         range (min … max) 
 364.66 µs ± 168.30 ns   364.45 µs … 365.01 µs  in 10 ×    275 runs
[moonbitlang/core] bench deque/deque_bench_test.mbt:51 ("bench Deque steady-state push_front/pop_back x100000 len=1000") ok
time (mean ± σ)         range (min … max) 
 358.09 µs ± 117.56 ns   357.96 µs … 358.35 µs  in 10 ×    280 runs
[moonbitlang/core] bench deque/deque_bench_test.mbt:67 ("bench Deque::get x100000 len=1000") ok
time (mean ± σ)         range (min … max) 
 583.48 µs ± 218.21 ns   583.17 µs … 583.83 µs  in 10 ×    172 runs
[moonbitlang/core] bench encoding/ascii/ascii_bench_test.mbt:40 ("bench ASCII decode n=15") ok
time (mean ± σ)         range (min … max) 
  21.90 ns ±   0.02 ns    21.87 ns …  21.93 ns  in 10 × 100000 runs
[moonbitlang/core] bench encoding/ascii/ascii_bench_test.mbt:46 ("bench ASCII decode n=16") ok
time (mean ± σ)         range (min … max) 
  21.15 ns ±   0.06 ns    21.11 ns …  21.30 ns  in 10 × 100000 runs
[moonbitlang/core] bench encoding/ascii/ascii_bench_test.mbt:52 ("bench ASCII decode n=32") ok
time (mean ± σ)         range (min … max) 
  24.57 ns ±   0.07 ns    24.49 ns …  24.68 ns  in 10 × 100000 runs
[moonbitlang/core] bench encoding/ascii/ascii_bench_test.mbt:58 ("bench ASCII decode n=64") ok
time (mean ± σ)         range (min … max) 
  31.56 ns ±   0.34 ns    30.98 ns …  31.93 ns  in 10 × 100000 runs
[moonbitlang/core] bench encoding/ascii/ascii_bench_test.mbt:64 ("bench ASCII decode n=100000") ok
time (mean ± σ)         range (min … max) 
  10.78 µs ±  44.62 ns    10.71 µs …  10.85 µs  in 10 ×   9297 runs
[moonbitlang/core] bench encoding/ascii/ascii_bench_test.mbt:70 ("bench ASCII decode n=1000000") ok
time (mean ± σ)         range (min … max) 
  96.62 µs ± 789.48 ns    95.71 µs …  97.83 µs  in 10 ×   1020 runs
[moonbitlang/core] bench encoding/base64/v128_bench_wbtest.mbt:38 ("bench encode scalar n=64") ok
time (mean ± σ)         range (min … max) 
 203.59 ns ±   0.43 ns   203.04 ns … 204.22 ns  in 10 × 100000 runs
[moonbitlang/core] bench encoding/base64/v128_bench_wbtest.mbt:43 ("bench encode v128 n=64") ok
time (mean ± σ)         range (min … max) 
  38.00 ns ±   0.34 ns    37.55 ns …  38.49 ns  in 10 × 100000 runs
[moonbitlang/core] bench encoding/base64/v128_bench_wbtest.mbt:48 ("bench encode scalar n=1024") ok
time (mean ± σ)         range (min … max) 
   2.65 µs ±   8.54 ns     2.65 µs …   2.67 µs  in 10 ×  37309 runs
[moonbitlang/core] bench encoding/base64/v128_bench_wbtest.mbt:53 ("bench encode v128 n=1024") ok
time (mean ± σ)         range (min … max) 
 231.60 ns ±   0.31 ns   231.29 ns … 232.07 ns  in 10 × 100000 runs
[moonbitlang/core] bench encoding/base64/v128_bench_wbtest.mbt:58 ("bench encode scalar n=65536") ok
time (mean ± σ)         range (min … max) 
 169.07 µs ± 602.69 ns   168.69 µs … 170.49 µs  in 10 ×    591 runs
[moonbitlang/core] bench encoding/base64/v128_bench_wbtest.mbt:63 ("bench encode v128 n=65536") ok
time (mean ± σ)         range (min … max) 
  18.29 µs ±  40.68 ns    18.23 µs …  18.35 µs  in 10 ×   5145 runs
[moonbitlang/core] bench encoding/base64/v128_bench_wbtest.mbt:68 ("bench decode scalar n=64") ok
time (mean ± σ)         range (min … max) 
 164.11 ns ±   0.75 ns   162.91 ns … 164.84 ns  in 10 × 100000 runs
[moonbitlang/core] bench encoding/base64/v128_bench_wbtest.mbt:75 ("bench decode v128 n=64") ok
time (mean ± σ)         range (min … max) 
  71.35 ns ±   0.30 ns    70.73 ns …  71.69 ns  in 10 × 100000 runs
[moonbitlang/core] bench encoding/base64/v128_bench_wbtest.mbt:80 ("bench decode scalar n=1024") ok
time (mean ± σ)         range (min … max) 
   1.95 µs ±   1.51 ns     1.95 µs …   1.96 µs  in 10 ×  51333 runs
[moonbitlang/core] bench encoding/base64/v128_bench_wbtest.mbt:87 ("bench decode v128 n=1024") ok
time (mean ± σ)         range (min … max) 
 239.27 ns ±   0.21 ns   238.94 ns … 239.54 ns  in 10 × 100000 runs
[moonbitlang/core] bench encoding/base64/v128_bench_wbtest.mbt:92 ("bench decode scalar n=65536") ok
time (mean ± σ)         range (min … max) 
 427.77 µs ±   2.39 µs   423.80 µs … 430.95 µs  in 10 ×    233 runs
[moonbitlang/core] bench encoding/base64/v128_bench_wbtest.mbt:99 ("bench decode v128 n=65536") ok
time (mean ± σ)         range (min … max) 
  11.62 µs ±   5.81 ns    11.61 µs …  11.63 µs  in 10 ×   8603 runs
[moonbitlang/core] bench encoding/hex/v128_bench_wbtest.mbt:34 ("bench encode scalar 4k") ok
time (mean ± σ)         range (min … max) 
  15.30 µs ±   4.41 ns    15.29 µs …  15.31 µs  in 10 ×   6535 runs
[moonbitlang/core] bench encoding/hex/v128_bench_wbtest.mbt:39 ("bench encode public 64") ok
time (mean ± σ)         range (min … max) 
  33.66 ns ±   0.42 ns    33.28 ns …  34.24 ns  in 10 × 100000 runs
[moonbitlang/core] bench encoding/hex/v128_bench_wbtest.mbt:44 ("bench encode public 4k") ok
time (mean ± σ)         range (min … max) 
 578.41 ns ±   0.41 ns   577.84 ns … 579.06 ns  in 10 × 100000 runs
[moonbitlang/core] bench encoding/hex/v128_bench_wbtest.mbt:49 ("bench encode public 64k") ok
time (mean ± σ)         range (min … max) 
  18.33 µs ±  76.65 ns    18.28 µs …  18.54 µs  in 10 ×   5467 runs
[moonbitlang/core] bench encoding/hex/v128_bench_wbtest.mbt:54 ("bench decode scalar 4k") ok
time (mean ± σ)         range (min … max) 
   7.16 µs ±   2.51 ns     7.16 µs …   7.17 µs  in 10 ×  13961 runs
[moonbitlang/core] bench encoding/hex/v128_bench_wbtest.mbt:62 ("bench decode public 4k") ok
time (mean ± σ)         range (min … max) 
 775.34 ns ±   0.33 ns   774.90 ns … 775.77 ns  in 10 × 100000 runs
[moonbitlang/core] bench encoding/hex/v128_bench_wbtest.mbt:70 ("bench decode public 64k") ok
time (mean ± σ)         range (min … max) 
  11.97 µs ±  46.84 ns    11.94 µs …  12.06 µs  in 10 ×   8368 runs
[moonbitlang/core] bench encoding/utf16/utf16_v128_bench_test.mbt:57 ("bench utf16 encode ASCII LE n=100000") ok
time (mean ± σ)         range (min … max) 
  60.88 µs ± 331.90 ns    60.50 µs …  61.47 µs  in 10 ×   1650 runs
[moonbitlang/core] bench encoding/utf16/utf16_v128_bench_test.mbt:63 ("bench utf16 encode ASCII BE n=100000") ok
time (mean ± σ)         range (min … max) 
   5.20 µs ±  29.87 ns     5.14 µs …   5.25 µs  in 10 ×  19311 runs
[moonbitlang/core] bench encoding/utf16/utf16_v128_bench_test.mbt:69 ("bench utf16 encode mixed LE n=100000") ok
time (mean ± σ)         range (min … max) 
  61.25 µs ± 542.81 ns    60.48 µs …  62.10 µs  in 10 ×   1630 runs
[moonbitlang/core] bench encoding/utf16/utf16_v128_bench_test.mbt:75 ("bench utf16 encode mixed BE n=100000") ok
time (mean ± σ)         range (min … max) 
   5.10 µs ±  49.95 ns     5.04 µs …   5.20 µs  in 10 ×  19424 runs
[moonbitlang/core] bench encoding/utf16/utf16_v128_bench_test.mbt:81 ("bench utf16 decode ASCII LE n=100000") ok
time (mean ± σ)         range (min … max) 
   8.88 µs ±  24.23 ns     8.87 µs …   8.95 µs  in 10 ×  11267 runs
[moonbitlang/core] bench encoding/utf16/utf16_v128_bench_test.mbt:87 ("bench utf16 decode ASCII BE n=100000") ok
time (mean ± σ)         range (min … max) 
  15.71 µs ± 135.58 ns    15.55 µs …  15.90 µs  in 10 ×   6517 runs
[moonbitlang/core] bench encoding/utf16/utf16_v128_bench_test.mbt:95 ("bench utf16 decode mixed LE n=100000") ok
time (mean ± σ)         range (min … max) 
   8.87 µs ±   6.13 ns     8.86 µs …   8.88 µs  in 10 ×  11258 runs
[moonbitlang/core] bench encoding/utf16/utf16_v128_bench_test.mbt:101 ("bench utf16 decode mixed BE n=100000") ok
time (mean ± σ)         range (min … max) 
  15.62 µs ±  85.22 ns    15.52 µs …  15.79 µs  in 10 ×   6542 runs
[moonbitlang/core] bench encoding/utf16/utf16_v128_bench_test.mbt:109 ("bench utf16 decode emoji LE n=100000") ok
time (mean ± σ)         range (min … max) 
 126.80 µs ± 155.81 ns   126.71 µs … 127.24 µs  in 10 ×    789 runs
[moonbitlang/core] bench encoding/utf16/utf16_v128_bench_test.mbt:115 ("bench utf16 decode emoji BE n=100000") ok
time (mean ± σ)         range (min … max) 
 135.41 µs ±  91.89 ns   135.25 µs … 135.51 µs  in 10 ×    739 runs
[moonbitlang/core] bench hashmap/hashmap_bench_test.mbt:19 ("bench HashMap::set n=50000") ok
time (mean ± σ)         range (min … max) 
   2.07 ms ±   1.44 µs     2.06 ms …   2.07 ms  in 10 ×     49 runs
[moonbitlang/core] bench hashmap/hashmap_bench_test.mbt:30 ("bench HashMap::get n=50000") ok
time (mean ± σ)         range (min … max) 
 309.84 µs ±   1.04 µs   308.81 µs … 311.54 µs  in 10 ×    319 runs
[moonbitlang/core] bench hashmap/hashmap_bench_test.mbt:47 ("bench HashMap::get miss n=50000") ok
time (mean ± σ)         range (min … max) 
 461.98 µs ± 746.11 ns   461.15 µs … 463.07 µs  in 10 ×    216 runs
[moonbitlang/core] bench hashmap/hashmap_bench_test.mbt:67 ("bench HashMap::set+remove n=50000") ok
time (mean ± σ)         range (min … max) 
   2.44 ms ±   3.46 µs     2.44 ms …   2.45 ms  in 10 ×     41 runs
[moonbitlang/core] bench hashmap/hashmap_bench_test.mbt:87 ("bench HashMap::copy+remove n=50000") ok
time (mean ± σ)         range (min … max) 
   1.26 ms ±   5.53 µs     1.25 ms …   1.27 ms  in 10 ×     81 runs
[moonbitlang/core] bench hashmap/hashmap_bench_test.mbt:102 ("bench HashMap::copy n=50000") ok
time (mean ± σ)         range (min … max) 
 910.52 µs ±   1.42 µs   907.89 µs … 911.95 µs  in 10 ×    110 runs
[moonbitlang/core] bench hashmap/hashmap_bench_test.mbt:114 ("bench HashMap::to_array Int n=50000") ok
time (mean ± σ)         range (min … max) 
 570.22 µs ± 401.03 ns   569.53 µs … 570.80 µs  in 10 ×    176 runs
[moonbitlang/core] bench hashmap/hashmap_bench_test.mbt:123 ("bench HashMap::to_array Ref n=50000") ok
time (mean ± σ)         range (min … max) 
 777.60 µs ±   1.29 µs   775.47 µs … 779.17 µs  in 10 ×    129 runs
[moonbitlang/core] bench hashmap/hashmap_bench_test.mbt:141 ("bench HashMap::filter n=50000") ok
time (mean ± σ)         range (min … max) 
   1.02 ms ± 612.56 ns     1.02 ms …   1.02 ms  in 10 ×     99 runs
[moonbitlang/core] bench hashmap/hashmap_bench_test.mbt:147 ("bench HashMap comprehension filter n=50000") ok
time (mean ± σ)         range (min … max) 
   2.76 ms ±   3.88 µs     2.76 ms …   2.77 ms  in 10 ×     37 runs
[moonbitlang/core] bench hashset/set_algebra_bench_test.mbt:26 ("bench HashSet::union String 10k 50% overlap") ok
time (mean ± σ)         range (min … max) 
 620.61 µs ±   1.27 µs   619.69 µs … 624.07 µs  in 10 ×    162 runs
[moonbitlang/core] bench hashset/set_algebra_bench_test.mbt:33 ("bench HashSet::union Int 10k 50% overlap") ok
time (mean ± σ)         range (min … max) 
 543.29 µs ± 940.50 ns   542.21 µs … 544.85 µs  in 10 ×    185 runs
[moonbitlang/core] bench hashset/set_algebra_bench_test.mbt:40 ("bench HashSet::intersection String 10k 50% overlap") ok
time (mean ± σ)         range (min … max) 
 335.32 µs ±   1.09 µs   334.03 µs … 337.30 µs  in 10 ×    298 runs
[moonbitlang/core] bench hashset/set_algebra_bench_test.mbt:47 ("bench HashSet::difference String 10k 50% overlap") ok
time (mean ± σ)         range (min … max) 
 342.70 µs ±   1.96 µs   340.33 µs … 345.49 µs  in 10 ×    287 runs
[moonbitlang/core] bench hashset/set_algebra_bench_test.mbt:54 ("bench HashSet::is_subset String 10k true") ok
time (mean ± σ)         range (min … max) 
  94.21 µs ± 815.21 ns    93.48 µs …  96.31 µs  in 10 ×   1012 runs
[moonbitlang/core] bench hashset/set_algebra_bench_test.mbt:61 ("bench HashSet == String 10k") ok
time (mean ± σ)         range (min … max) 
  98.44 µs ± 292.63 ns    98.07 µs …  98.90 µs  in 10 ×   1008 runs
[moonbitlang/core] bench hashset/set_algebra_bench_test.mbt:68 ("bench HashSet == Int 10k") ok
time (mean ± σ)         range (min … max) 
  65.10 µs ±   2.57 µs    60.95 µs …  67.54 µs  in 10 ×   1472 runs
[moonbitlang/core] bench hashset/hashset_bench_test.mbt:19 ("bench HashSet::add n=50000") ok
time (mean ± σ)         range (min … max) 
   2.13 ms ±   5.69 µs     2.12 ms …   2.14 ms  in 10 ×     48 runs
[moonbitlang/core] bench hashset/hashset_bench_test.mbt:30 ("bench HashSet::contains n=50000") ok
time (mean ± σ)         range (min … max) 
 812.56 µs ±   1.94 µs   810.59 µs … 815.41 µs  in 10 ×    124 runs
[moonbitlang/core] bench hashset/hashset_bench_test.mbt:56 ("bench HashSet::filter n=50000") ok
time (mean ± σ)         range (min … max) 
 422.07 µs ± 548.40 ns   421.21 µs … 422.94 µs  in 10 ×    237 runs
[moonbitlang/core] bench hashset/hashset_bench_test.mbt:62 ("bench HashSet comprehension filter n=50000") ok
time (mean ± σ)         range (min … max) 
 988.29 µs ± 858.90 ns   987.39 µs … 990.06 µs  in 10 ×    102 runs
[moonbitlang/core] bench immut/hashmap/update_bench_test.mbt:21 ("bench HashMap::remove absent x1000 n=100000") ok
time (mean ± σ)         range (min … max) 
  34.86 µs ±  33.87 ns    34.81 µs …  34.91 µs  in 10 ×   2874 runs
[moonbitlang/core] bench immut/hashmap/update_bench_test.mbt:32 ("bench HashMap::remove present x1000 n=100000") ok
time (mean ± σ)         range (min … max) 
 332.75 µs ± 827.75 ns   331.39 µs … 334.75 µs  in 10 ×    303 runs
[moonbitlang/core] bench immut/hashmap/update_bench_test.mbt:43 ("bench HashMap::union with a derived version n=100000") ok
time (mean ± σ)         range (min … max) 
 602.61 ns ±   6.63 ns   590.81 ns … 606.97 ns  in 10 × 100000 runs
[moonbitlang/core] bench immut/hashmap/update_bench_test.mbt:49 ("bench HashMap::intersection with a derived version n=100000") ok
time (mean ± σ)         range (min … max) 
 621.32 ns ±   0.97 ns   619.96 ns … 622.69 ns  in 10 × 100000 runs
[moonbitlang/core] bench immut/hashmap/hashmap_build_bench_test.mbt:37 ("bench HashMap constructor ordered n=10000") ok
time (mean ± σ)         range (min … max) 
 635.84 µs ± 303.56 ns   635.41 µs … 636.22 µs  in 10 ×    158 runs
[moonbitlang/core] bench immut/hashmap/hashmap_build_bench_test.mbt:43 ("bench HashMap constructor random n=10000") ok
time (mean ± σ)         range (min … max) 
 641.35 µs ± 458.95 ns   640.70 µs … 642.16 µs  in 10 ×    157 runs
[moonbitlang/core] bench immut/hashmap/hashmap_build_bench_test.mbt:49 ("bench HashMap::from_iter random n=10000") ok
time (mean ± σ)         range (min … max) 
 655.09 µs ± 484.85 ns   654.21 µs … 655.65 µs  in 10 ×    154 runs
[moonbitlang/core] bench immut/hashset/update_bench_test.mbt:21 ("bench HashSet::add existing x1000 n=100000") ok
time (mean ± σ)         range (min … max) 
  38.00 µs ± 194.36 ns    37.80 µs …  38.34 µs  in 10 ×   2647 runs
[moonbitlang/core] bench immut/hashset/update_bench_test.mbt:32 ("bench HashSet::remove absent x1000 n=100000") ok
time (mean ± σ)         range (min … max) 
  34.37 µs ±  18.15 ns    34.35 µs …  34.40 µs  in 10 ×   2929 runs
[moonbitlang/core] bench immut/hashset/update_bench_test.mbt:43 ("bench HashSet::add new x1000 n=100000") ok
time (mean ± σ)         range (min … max) 
 351.19 µs ± 670.51 ns   350.53 µs … 352.07 µs  in 10 ×    286 runs
[moonbitlang/core] bench immut/hashset/update_bench_test.mbt:54 ("bench HashSet::union with a derived version n=100000") ok
time (mean ± σ)         range (min … max) 
 615.43 ns ±   3.86 ns   607.81 ns … 618.37 ns  in 10 × 100000 runs
[moonbitlang/core] bench immut/hashset/hashset_build_bench_test.mbt:34 ("bench HashSet constructor ordered n=10000") ok
time (mean ± σ)         range (min … max) 
 673.53 µs ± 355.73 ns   672.87 µs … 673.99 µs  in 10 ×    149 runs
[moonbitlang/core] bench immut/hashset/hashset_build_bench_test.mbt:40 ("bench HashSet constructor random n=10000") ok
time (mean ± σ)         range (min … max) 
 672.17 µs ± 530.61 ns   671.31 µs … 673.11 µs  in 10 ×    149 runs
[moonbitlang/core] bench immut/hashset/hashset_build_bench_test.mbt:46 ("bench HashSet::from_iter random n=10000") ok
time (mean ± σ)         range (min … max) 
 702.61 µs ± 436.74 ns   701.99 µs … 703.18 µs  in 10 ×    143 runs
[moonbitlang/core] bench immut/priority_queue/priority_queue_build_bench_test.mbt:38 ("bench PriorityQueue::from_array ordered n=10000") ok
time (mean ± σ)         range (min … max) 
 108.79 µs ± 376.75 ns   108.01 µs … 109.18 µs  in 10 ×    940 runs
[moonbitlang/core] bench immut/priority_queue/priority_queue_build_bench_test.mbt:44 ("bench PriorityQueue::from_array reverse n=10000") ok
time (mean ± σ)         range (min … max) 
 101.14 µs ± 769.08 ns   100.23 µs … 101.98 µs  in 10 ×    999 runs
[moonbitlang/core] bench immut/priority_queue/priority_queue_build_bench_test.mbt:50 ("bench PriorityQueue::from_array random n=10000") ok
time (mean ± σ)         range (min … max) 
 109.92 µs ± 199.31 ns   109.61 µs … 110.16 µs  in 10 ×    922 runs
[moonbitlang/core] bench immut/priority_queue/priority_queue_build_bench_test.mbt:56 ("bench PriorityQueue::from_iter random n=10000") ok
time (mean ± σ)         range (min … max) 
 127.42 µs ± 434.02 ns   126.46 µs … 127.79 µs  in 10 ×    783 runs
[moonbitlang/core] bench immut/sorted_map/sorted_map_build_bench_test.mbt:54 ("bench SortedMap constructor reverse n=10000") ok
time (mean ± σ)         range (min … max) 
 159.45 µs ± 309.98 ns   159.06 µs … 159.83 µs  in 10 ×    630 runs
[moonbitlang/core] bench immut/sorted_map/sorted_map_build_bench_test.mbt:60 ("bench SortedMap::from_iter ordered n=10000") ok
time (mean ± σ)         range (min … max) 
   3.84 ms ±   8.80 µs     3.83 ms …   3.86 ms  in 10 ×     27 runs
[moonbitlang/core] bench immut/sorted_map/sorted_map_build_bench_test.mbt:66 ("bench SortedMap::from_iter almost ordered n=10000") ok
time (mean ± σ)         range (min … max) 
   3.84 ms ±  15.05 µs     3.81 ms …   3.87 ms  in 10 ×     26 runs
[moonbitlang/core] bench immut/sorted_map/sorted_map_build_bench_test.mbt:72 ("bench SortedMap::from_iter random n=10000") ok
time (mean ± σ)         range (min … max) 
   2.76 ms ±   1.82 µs     2.76 ms …   2.77 ms  in 10 ×     37 runs
[moonbitlang/core] bench immut/sorted_map/sorted_map_build_bench_test.mbt:78 ("bench SortedMap constructor ordered n=10000") ok
time (mean ± σ)         range (min … max) 
 166.49 µs ± 188.54 ns   166.09 µs … 166.72 µs  in 10 ×    601 runs
[moonbitlang/core] bench immut/sorted_map/sorted_map_build_bench_test.mbt:84 ("bench SortedMap constructor almost ordered n=10000") ok
time (mean ± σ)         range (min … max) 
 324.89 µs ±   1.69 µs   322.55 µs … 329.19 µs  in 10 ×    302 runs
[moonbitlang/core] bench immut/sorted_map/sorted_map_build_bench_test.mbt:90 ("bench SortedMap constructor random n=10000") ok
time (mean ± σ)         range (min … max) 
 873.12 µs ±   3.43 µs   868.06 µs … 876.86 µs  in 10 ×    115 runs
[moonbitlang/core] bench immut/sorted_map/merge_bench_test.mbt:29 ("bench merge disjoint n=1000") ok
time (mean ± σ)         range (min … max) 
   4.80 µs ±  28.96 ns     4.72 µs …   4.82 µs  in 10 ×  20848 runs
[moonbitlang/core] bench immut/sorted_map/merge_bench_test.mbt:36 ("bench merge disjoint n=5000") ok
time (mean ± σ)         range (min … max) 
   7.35 µs ±  15.01 ns     7.33 µs …   7.37 µs  in 10 ×  13699 runs
[moonbitlang/core] bench immut/sorted_map/merge_bench_test.mbt:43 ("bench merge disjoint n=10000") ok
time (mean ± σ)         range (min … max) 
   8.69 µs ±  31.08 ns     8.63 µs …   8.73 µs  in 10 ×  11476 runs
[moonbitlang/core] bench immut/sorted_map/merge_bench_test.mbt:50 ("bench merge overlapping 50% n=1000") ok
time (mean ± σ)         range (min … max) 
  16.45 µs ±  33.34 ns    16.40 µs …  16.50 µs  in 10 ×   6028 runs
[moonbitlang/core] bench immut/sorted_map/merge_bench_test.mbt:57 ("bench merge overlapping 50% n=5000") ok
time (mean ± σ)         range (min … max) 
  84.35 µs ±  72.52 ns    84.26 µs …  84.46 µs  in 10 ×   1189 runs
[moonbitlang/core] bench immut/sorted_map/merge_bench_test.mbt:64 ("bench merge overlapping 50% n=10000") ok
time (mean ± σ)         range (min … max) 
 145.93 µs ± 308.08 ns   145.08 µs … 146.11 µs  in 10 ×    687 runs
[moonbitlang/core] bench immut/sorted_map/merge_bench_test.mbt:71 ("bench merge identical n=1000") ok
time (mean ± σ)         range (min … max) 
  24.06 µs ± 106.03 ns    23.93 µs …  24.26 µs  in 10 ×   4080 runs
[moonbitlang/core] bench immut/sorted_map/merge_bench_test.mbt:78 ("bench merge identical n=5000") ok
time (mean ± σ)         range (min … max) 
 122.65 µs ± 269.59 ns   122.02 µs … 122.98 µs  in 10 ×    811 runs
[moonbitlang/core] bench immut/sorted_map/merge_bench_test.mbt:85 ("bench merge interleaved n=1000") ok
time (mean ± σ)         range (min … max) 
  81.88 µs ±  81.71 ns    81.72 µs …  81.95 µs  in 10 ×   1230 runs
[moonbitlang/core] bench immut/sorted_map/merge_bench_test.mbt:92 ("bench merge interleaved n=5000") ok
time (mean ± σ)         range (min … max) 
 412.67 µs ±   1.41 µs   409.31 µs … 413.81 µs  in 10 ×    243 runs
[moonbitlang/core] bench immut/sorted_map/merge_bench_test.mbt:99 ("bench merge small into large n=100+10000") ok
time (mean ± σ)         range (min … max) 
   6.54 µs ±  18.18 ns     6.52 µs …   6.58 µs  in 10 ×  15090 runs
[moonbitlang/core] bench immut/sorted_set/sorted_set_build_bench_test.mbt:51 ("bench SortedSet constructor reverse n=10000") ok
time (mean ± σ)         range (min … max) 
 165.59 µs ± 419.27 ns   164.82 µs … 165.95 µs  in 10 ×    612 runs
[moonbitlang/core] bench immut/sorted_set/sorted_set_build_bench_test.mbt:57 ("bench SortedSet::from_iter ordered n=10000") ok
time (mean ± σ)         range (min … max) 
   3.92 ms ±  22.47 µs     3.89 ms …   3.96 ms  in 10 ×     26 runs
[moonbitlang/core] bench immut/sorted_set/sorted_set_build_bench_test.mbt:63 ("bench SortedSet::from_iter almost ordered n=10000") ok
time (mean ± σ)         range (min … max) 
   3.93 ms ±  15.34 µs     3.90 ms …   3.95 ms  in 10 ×     26 runs
[moonbitlang/core] bench immut/sorted_set/sorted_set_build_bench_test.mbt:69 ("bench SortedSet::from_iter rev almost ordered n=10000") ok
time (mean ± σ)         range (min … max) 
   4.83 ms ±   7.18 µs     4.82 ms …   4.84 ms  in 10 ×     21 runs
[moonbitlang/core] bench immut/sorted_set/sorted_set_build_bench_test.mbt:75 ("bench SortedSet::from_iter random n=10000") ok
time (mean ± σ)         range (min … max) 
   2.70 ms ±   7.13 µs     2.69 ms …   2.72 ms  in 10 ×     38 runs
[moonbitlang/core] bench immut/sorted_set/sorted_set_build_bench_test.mbt:81 ("bench SortedSet constructor ordered n=10000") ok
time (mean ± σ)         range (min … max) 
 173.19 µs ±   1.61 µs   171.97 µs … 177.68 µs  in 10 ×    582 runs
[moonbitlang/core] bench immut/sorted_set/sorted_set_build_bench_test.mbt:87 ("bench SortedSet constructor almost ordered n=10000") ok
time (mean ± σ)         range (min … max) 
 188.02 µs ± 407.01 ns   187.08 µs … 188.40 µs  in 10 ×    537 runs
[moonbitlang/core] bench immut/sorted_set/sorted_set_build_bench_test.mbt:93 ("bench SortedSet constructor random n=10000") ok
time (mean ± σ)         range (min … max) 
 350.03 µs ± 876.93 ns   348.88 µs … 351.51 µs  in 10 ×    287 runs
[moonbitlang/core] bench immut/vector/vector_iter_bench_test.mbt:24 ("bench Vector::iter fold n=100000") ok
time (mean ± σ)         range (min … max) 
 338.92 µs ±   2.83 µs   335.61 µs … 344.10 µs  in 10 ×    292 runs
[moonbitlang/core] bench immut/vector/vector_iter_bench_test.mbt:30 ("bench Vector::iter each n=100000") ok
time (mean ± σ)         range (min … max) 
 341.56 µs ± 466.67 ns   341.17 µs … 342.82 µs  in 10 ×    295 runs
[moonbitlang/core] bench immut/vector/vector_iter_bench_test.mbt:40 ("bench Vector::iter to_array n=100000") ok
time (mean ± σ)         range (min … max) 
 359.07 µs ± 525.79 ns   357.85 µs … 359.41 µs  in 10 ×    279 runs
[moonbitlang/core] bench immut/vector/vector_iter_bench_test.mbt:46 ("bench Vector::for-in n=100000") ok
time (mean ± σ)         range (min … max) 
 345.09 µs ± 259.43 ns   344.62 µs … 345.33 µs  in 10 ×    291 runs
[moonbitlang/core] bench immut/vector/vector_contains_bench_test.mbt:24 ("bench Vector::contains missing n=100000") ok
time (mean ± σ)         range (min … max) 
  43.69 µs ±   8.37 µs    34.28 µs …  57.10 µs  in 10 ×   1938 runs
[moonbitlang/core] bench immut/vector/vector_contains_bench_test.mbt:30 ("bench Vector::contains tree-end n=100000") ok
time (mean ± σ)         range (min … max) 
  54.96 µs ±   3.56 µs    44.83 µs …  56.27 µs  in 10 ×   2926 runs
[moonbitlang/core] bench immut/vector/vector_contains_bench_test.mbt:36 ("bench Vector::contains tail-end n=100000") ok
time (mean ± σ)         range (min … max) 
  34.28 µs ±  10.47 ns    34.27 µs …  34.30 µs  in 10 ×   2918 runs
[moonbitlang/core] bench internal/strconv/parse_double_bench_test.mbt:48 ("bench parse_double fast digits n=4096") ok
time (mean ± σ)         range (min … max) 
 163.88 µs ± 605.18 ns   163.06 µs … 164.95 µs  in 10 ×    615 runs
[moonbitlang/core] bench internal/strconv/parse_double_bench_test.mbt:55 ("bench parse_double underscores n=4096") ok
time (mean ± σ)         range (min … max) 
 276.91 µs ± 819.47 ns   275.92 µs … 278.41 µs  in 10 ×    361 runs
[moonbitlang/core] bench internal/strconv/parse_double_bench_test.mbt:62 ("bench parse_double long mantissa n=4096") ok
time (mean ± σ)         range (min … max) 
 224.67 µs ± 213.75 ns   224.37 µs … 225.15 µs  in 10 ×    443 runs
[moonbitlang/core] bench json/stringify_indent_bench_test.mbt:45 ("bench Json::stringify deep wide indent=2 n=10000") ok
time (mean ± σ)         range (min … max) 
 259.72 µs ±   7.91 µs   255.65 µs … 281.77 µs  in 10 ×    345 runs
[moonbitlang/core] bench json/stringify_indent_bench_test.mbt:54 ("bench Json::stringify compact n=10000") ok
time (mean ± σ)         range (min … max) 
 187.42 µs ±  10.42 µs   179.69 µs … 207.10 µs  in 10 ×    517 runs
[moonbitlang/core] bench json/stringify_indent_bench_test.mbt:60 ("bench Json::stringify shallow wide indent=2 n=500") ok
time (mean ± σ)         range (min … max) 
 181.84 µs ± 605.34 ns   180.93 µs … 182.67 µs  in 10 ×    552 runs
[moonbitlang/core] bench json/stringify_indent_bench_test.mbt:66 ("bench Json::stringify shallow wide compact n=500") ok
time (mean ± σ)         range (min … max) 
 155.59 µs ±   1.27 µs   153.72 µs … 157.32 µs  in 10 ×    643 runs
[moonbitlang/core] bench json/stringify_escape_bench_test.mbt:24 ("bench Json::stringify strings no escape n=2048") ok
time (mean ± σ)         range (min … max) 
  42.22 µs ±  59.32 ns    42.12 µs …  42.28 µs  in 10 ×   2369 runs
[moonbitlang/core] bench json/stringify_escape_bench_test.mbt:30 ("bench Json::stringify strings slash no escape n=2048") ok
time (mean ± σ)         range (min … max) 
  42.40 µs ±  36.21 ns    42.35 µs …  42.45 µs  in 10 ×   2362 runs
[moonbitlang/core] bench json/stringify_escape_bench_test.mbt:36 ("bench Json::stringify strings slash escaped n=2048") ok
time (mean ± σ)         range (min … max) 
 137.90 µs ± 278.97 ns   137.38 µs … 138.36 µs  in 10 ×    700 runs
[moonbitlang/core] bench json/stringify_escape_bench_test.mbt:42 ("bench Json::stringify strings quotes controls n=2048") ok
time (mean ± σ)         range (min … max) 
 125.85 µs ± 428.46 ns   125.12 µs … 126.59 µs  in 10 ×    805 runs
[moonbitlang/core] bench json/stringify_escape_bench_test.mbt:48 ("bench Json::stringify 2KB prose one newline n=64") ok
time (mean ± σ)         range (min … max) 
 131.20 µs ± 101.47 ns   131.03 µs … 131.33 µs  in 10 ×    764 runs
[moonbitlang/core] bench json/parse_bench_test.mbt:45 ("bench json parse mixed object array n=1000") ok
time (mean ± σ)         range (min … max) 
   1.05 ms ±   4.21 µs     1.05 ms …   1.06 ms  in 10 ×     96 runs
[moonbitlang/core] bench json/number_bench_test.mbt:64 ("bench json parse int array n=10000") ok
time (mean ± σ)         range (min … max) 
 463.35 µs ± 176.36 ns   463.13 µs … 463.66 µs  in 10 ×    216 runs
[moonbitlang/core] bench json/number_bench_test.mbt:70 ("bench json parse float array n=10000") ok
time (mean ± σ)         range (min … max) 
 638.48 µs ± 165.29 ns   638.25 µs … 638.68 µs  in 10 ×    157 runs
[moonbitlang/core] bench json/number_bench_test.mbt:76 ("bench json parse long mantissa array n=10000") ok
time (mean ± σ)         range (min … max) 
   1.00 ms ± 950.46 ns   999.92 µs …   1.00 ms  in 10 ×    100 runs
[moonbitlang/core] bench json/lex_string_bench_test.mbt:43 ("bench json parse object with short keys n=1000") ok
time (mean ± σ)         range (min … max) 
 130.56 µs ± 249.84 ns   130.30 µs … 131.20 µs  in 10 ×    768 runs
[moonbitlang/core] bench json/lex_string_bench_test.mbt:59 ("bench json parse strings len=20 n=1000") ok
time (mean ± σ)         range (min … max) 
  57.17 µs ±  57.43 ns    57.10 µs …  57.27 µs  in 10 ×   1749 runs
[moonbitlang/core] bench json/lex_string_bench_test.mbt:67 ("bench json parse strings len=64 n=1000") ok
time (mean ± σ)         range (min … max) 
 104.41 µs ± 142.69 ns   104.28 µs … 104.78 µs  in 10 ×    950 runs
[moonbitlang/core] bench json/lex_string_bench_test.mbt:73 ("bench json parse strings len=1024 n=64") ok
time (mean ± σ)         range (min … max) 
  82.65 µs ± 150.42 ns    82.41 µs …  82.83 µs  in 10 ×   1210 runs
[moonbitlang/core] bench json/lex_string_bench_test.mbt:79 ("bench json parse single string len=65536") ok
time (mean ± σ)         range (min … max) 
  80.04 µs ±  27.54 ns    80.00 µs …  80.10 µs  in 10 ×   1250 runs
[moonbitlang/core] bench json/lex_string_bench_test.mbt:85 ("bench json parse strings len=1040 escape every 100 n=64") ok
time (mean ± σ)         range (min … max) 
  62.33 µs ± 245.81 ns    61.97 µs …  62.64 µs  in 10 ×   1599 runs
[moonbitlang/core] bench json/lex_string_bench_test.mbt:100 ("bench json parse strings dense escapes n=1000") ok
time (mean ± σ)         range (min … max) 
 261.69 µs ±   3.45 µs   258.30 µs … 266.08 µs  in 10 ×    377 runs
[moonbitlang/core] bench json/json_inspect_bench_test.mbt:16 ("bench json_inspect passing Int") ok
time (mean ± σ)         range (min … max) 
 169.20 ns ±   1.56 ns   167.54 ns … 171.56 ns  in 10 × 100000 runs
[moonbitlang/core] bench json/from_json_bench_test.mbt:31 ("bench from_json Array[Array[Int]] 500x50") ok
time (mean ± σ)         range (min … max) 
  93.08 µs ± 631.34 ns    91.85 µs …  93.72 µs  in 10 ×   1069 runs
[moonbitlang/core] bench json/from_json_bench_test.mbt:41 ("bench from_json Array[Double] n=10000") ok
time (mean ± σ)         range (min … max) 
  24.93 µs ± 531.62 ns    24.43 µs …  25.87 µs  in 10 ×   4096 runs
[moonbitlang/core] bench json/from_json_bench_test.mbt:51 ("bench from_json Map[String, Int] n=1000") ok
time (mean ± σ)         range (min … max) 
  47.88 µs ± 123.17 ns    47.68 µs …  48.05 µs  in 10 ×   2080 runs
[moonbitlang/core] bench lazy_list/concat_bench_test.mbt:40 ("bench LazyList build and traverse n=2048") ok
time (mean ± σ)         range (min … max) 
 107.47 µs ± 387.03 ns   106.96 µs … 108.13 µs  in 10 ×    932 runs
[moonbitlang/core] bench lazy_list/concat_bench_test.mbt:49 ("bench LazyList re-traverse a forced list n=2048") ok
time (mean ± σ)         range (min … max) 
  24.79 µs ± 156.85 ns    24.49 µs …  24.92 µs  in 10 ×   4017 runs
[moonbitlang/core] bench lazy_list/concat_bench_test.mbt:57 ("bench LazyList left-nested concat, build only n=2048") ok
time (mean ± σ)         range (min … max) 
 279.70 µs ± 376.19 ns   279.33 µs … 280.31 µs  in 10 ×    358 runs
[moonbitlang/core] bench lazy_list/concat_bench_test.mbt:62 ("bench LazyList left-nested concat, build and traverse n=2048") ok
time (mean ± σ)         range (min … max) 
 404.27 µs ±   2.67 µs   399.68 µs … 406.58 µs  in 10 ×    247 runs
[moonbitlang/core] bench lazy_list/concat_bench_test.mbt:69 ("bench LazyList concat while consuming n=2048") ok
time (mean ± σ)         range (min … max) 
 460.65 µs ± 490.23 ns   460.06 µs … 461.46 µs  in 10 ×    217 runs
[moonbitlang/core] bench lexbuf/lexbuf_bench_test.mbt:47 ("bench Lexbuf retained token chunks=10000 size=1") ok
time (mean ± σ)         range (min … max) 
 229.62 µs ± 282.28 ns   229.15 µs … 229.92 µs  in 10 ×    437 runs
[moonbitlang/core] bench lexbuf/lexbuf_bench_test.mbt:52 ("bench Lexbuf retained token chunks=1250 size=8") ok
time (mean ± σ)         range (min … max) 
  48.15 µs ±  39.18 ns    48.12 µs …  48.22 µs  in 10 ×   2088 runs
[moonbitlang/core] bench lexbuf/lexbuf_bench_test.mbt:57 ("bench Lexbuf retained token chunks=157 size=64") ok
time (mean ± σ)         range (min … max) 
  19.96 µs ±  84.65 ns    19.79 µs …  20.04 µs  in 10 ×   4996 runs
[moonbitlang/core] bench lexbuf/lexbuf_bench_test.mbt:62 ("bench Lexbuf retained token chunks=20 size=512") ok
time (mean ± σ)         range (min … max) 
  16.11 µs ± 127.54 ns    15.90 µs …  16.31 µs  in 10 ×   6135 runs
[moonbitlang/core] bench quickcheck/shrink_collection_bench_test.mbt:16 ("bench shrink Array first candidate size=10000") ok
time (mean ± σ)         range (min … max) 
 282.45 ns ±   0.91 ns   281.19 ns … 283.79 ns  in 10 × 100000 runs
[moonbitlang/core] bench quickcheck/shrink_collection_bench_test.mbt:22 ("bench shrink List first candidate size=10000") ok
time (mean ± σ)         range (min … max) 
 208.78 µs ±   7.03 µs   199.15 µs … 217.40 µs  in 10 ×    509 runs
[moonbitlang/core] bench quickcheck/generator_bench_test.mbt:16 ("bench Generator::zip_with n=1000000") ok
time (mean ± σ)         range (min … max) 
   9.55 ms ±  57.17 µs     9.47 ms …   9.62 ms  in 10 ×     11 runs
[moonbitlang/core] bench quickcheck/arbitrary_string_bench_test.mbt:16 ("bench Arbitrary String size=10000 count=100") ok
time (mean ± σ)         range (min … max) 
   2.64 ms ±   1.25 µs     2.64 ms …   2.64 ms  in 10 ×     38 runs
[moonbitlang/core] bench random/random_test.mbt:409 ("bench random") ok
time (mean ± σ)         range (min … max) 
  18.92 ms ±  98.48 µs    18.81 ms …  19.07 ms  in 10 ×      6 runs
[moonbitlang/core] bench set/set_algebra_bench_test.mbt:26 ("bench Set::union String 10k 50% overlap") ok
time (mean ± σ)         range (min … max) 
 595.29 µs ±   3.48 µs   591.09 µs … 599.50 µs  in 10 ×    170 runs
[moonbitlang/core] bench set/set_algebra_bench_test.mbt:33 ("bench Set::union Int 10k 50% overlap") ok
time (mean ± σ)         range (min … max) 
 517.71 µs ±   2.33 µs   513.27 µs … 519.44 µs  in 10 ×    195 runs
[moonbitlang/core] bench set/set_algebra_bench_test.mbt:40 ("bench Set::intersection String 10k 50% overlap") ok
time (mean ± σ)         range (min … max) 
 315.75 µs ± 953.23 ns   314.49 µs … 317.22 µs  in 10 ×    316 runs
[moonbitlang/core] bench set/set_algebra_bench_test.mbt:47 ("bench Set::difference String 10k 50% overlap") ok
time (mean ± σ)         range (min … max) 
 323.58 µs ± 816.94 ns   322.69 µs … 325.48 µs  in 10 ×    304 runs
[moonbitlang/core] bench set/set_algebra_bench_test.mbt:54 ("bench Set::is_subset String 10k true") ok
time (mean ± σ)         range (min … max) 
 120.79 µs ± 541.30 ns   119.91 µs … 121.47 µs  in 10 ×    812 runs
[moonbitlang/core] bench set/set_algebra_bench_test.mbt:61 ("bench Set == String 10k") ok
time (mean ± σ)         range (min … max) 
 117.78 µs ±   1.18 µs   116.85 µs … 120.19 µs  in 10 ×    836 runs
[moonbitlang/core] bench set/set_algebra_bench_test.mbt:68 ("bench Set == Int 10k") ok
time (mean ± σ)         range (min … max) 
  81.70 µs ± 677.07 ns    80.83 µs …  82.55 µs  in 10 ×   1212 runs
[moonbitlang/core] bench set/linked_hash_set_bench_test.mbt:19 ("bench Set::add n=50000") ok
time (mean ± σ)         range (min … max) 
   2.44 ms ± 972.94 ns     2.44 ms …   2.44 ms  in 10 ×     42 runs
[moonbitlang/core] bench set/linked_hash_set_bench_test.mbt:30 ("bench Set::contains n=50000") ok
time (mean ± σ)         range (min … max) 
 808.14 µs ± 363.46 ns   807.69 µs … 808.63 µs  in 10 ×    124 runs
[moonbitlang/core] bench set/linked_hash_set_bench_test.mbt:47 ("bench Set::contains miss n=50000") ok
time (mean ± σ)         range (min … max) 
 960.98 µs ±   7.77 µs   956.21 µs … 975.64 µs  in 10 ×    105 runs
[moonbitlang/core] bench set/linked_hash_set_bench_test.mbt:67 ("bench Set::add+remove n=50000") ok
time (mean ± σ)         range (min … max) 
   3.58 ms ±   5.03 µs     3.57 ms …   3.59 ms  in 10 ×     28 runs
[moonbitlang/core] bench set/linked_hash_set_bench_test.mbt:86 ("bench Set::filter n=50000") ok
time (mean ± σ)         range (min … max) 
 322.99 µs ±   4.19 µs   316.81 µs … 327.53 µs  in 10 ×    309 runs
[moonbitlang/core] bench set/linked_hash_set_bench_test.mbt:92 ("bench Set comprehension filter n=50000") ok
time (mean ± σ)         range (min … max) 
 866.61 µs ±   1.06 µs   865.56 µs … 868.20 µs  in 10 ×    116 runs
[moonbitlang/core] bench sorted_set/sorted_set_bench_test.mbt:22 ("bench SortedSet::to_array Int n=50000") ok
time (mean ± σ)         range (min … max) 
 194.34 µs ± 209.95 ns   193.93 µs … 194.57 µs  in 10 ×    518 runs
[moonbitlang/core] bench sorted_set/sorted_set_bench_test.mbt:30 ("bench SortedSet::to_array Ref n=50000") ok
time (mean ± σ)         range (min … max) 
 225.89 µs ± 323.18 ns   225.21 µs … 226.31 µs  in 10 ×    445 runs
[moonbitlang/core] bench string/regex_bench_test.mbt:16 ("bench regex /aa?b/ on 1MB string") ok
time (mean ± σ)         range (min … max) 
   1.43 ms ± 371.46 ns     1.42 ms …   1.43 ms  in 10 ×     71 runs
[moonbitlang/core] bench string/regex_bench_test.mbt:23 ("bench regex phone lines") ok
time (mean ± σ)         range (min … max) 
   2.93 µs ±  33.02 ns     2.89 µs …   2.97 µs  in 10 ×  34027 runs
[moonbitlang/core] bench string/regex_bench_test.mbt:43 ("bench regex large pattern") ok
time (mean ± σ)         range (min … max) 
   1.42 ms ±   3.46 µs     1.42 ms …   1.43 ms  in 10 ×     71 runs
[moonbitlang/core] bench v128/v128_bench_test.mbt:32 ("bench V128 i64x2_add n=10000") ok
time (mean ± σ)         range (min … max) 
   5.41 µs ±   1.77 ns     5.41 µs …   5.42 µs  in 10 ×  18470 runs
[moonbitlang/core] bench v128/v128_bench_test.mbt:44 ("bench V128 i32x4_add n=10000") ok
time (mean ± σ)         range (min … max) 
   5.41 µs ±   3.47 ns     5.41 µs …   5.42 µs  in 10 ×  18465 runs
[moonbitlang/core] bench v128/v128_bench_test.mbt:56 ("bench V128 i8x16_add n=10000") ok
time (mean ± σ)         range (min … max) 
   5.42 µs ±   2.30 ns     5.41 µs …   5.42 µs  in 10 ×  18468 runs
[moonbitlang/core] bench v128/v128_bench_test.mbt:68 ("bench V128 i8x16_splat n=10000") ok
time (mean ± σ)         range (min … max) 
   5.40 µs ±   2.28 ns     5.40 µs …   5.40 µs  in 10 ×  18522 runs
[moonbitlang/core] bench v128/v128_bench_test.mbt:79 ("bench V128 i8x16_extract_lane_u n=10000") ok
time (mean ± σ)         range (min … max) 
   5.80 µs ±   9.82 ns     5.79 µs …   5.83 µs  in 10 ×  17256 runs
[moonbitlang/core] bench v128/v128_bench_test.mbt:93 ("bench V128 i8x16_replace_lane n=10000") ok
time (mean ± σ)         range (min … max) 
  35.19 µs ±  13.20 ns    35.18 µs …  35.21 µs  in 10 ×   2841 runs
[moonbitlang/core] bench v128/v128_bench_test.mbt:108 ("bench V128 i8x16_bitmask n=10000") ok
time (mean ± σ)         range (min … max) 
   9.39 µs ±   6.55 ns     9.38 µs …   9.41 µs  in 10 ×  10662 runs
[moonbitlang/core] bench v128/v128_bench_test.mbt:120 ("bench V128 load/store n=10000") ok
time (mean ± σ)         range (min … max) 
  32.54 µs ±  28.25 ns    32.50 µs …  32.58 µs  in 10 ×   3074 runs
[moonbitlang/core] bench v128/v128_bench_test.mbt:135 ("bench V128 load8x8_u n=10000") ok
time (mean ± σ)         range (min … max) 
   5.40 µs ±   2.37 ns     5.40 µs …   5.40 µs  in 10 ×  18520 runs
[moonbitlang/core] bench v128/v128_bench_test.mbt:147 ("bench V128 load8x8_s n=10000") ok
time (mean ± σ)         range (min … max) 
   5.40 µs ±   1.78 ns     5.40 µs …   5.40 µs  in 10 ×  18521 runs
[moonbitlang/core] bench v128/v128_bench_test.mbt:159 ("bench V128 load16x4_u n=10000") ok
time (mean ± σ)         range (min … max) 
   5.40 µs ±   8.66 ns     5.40 µs …   5.43 µs  in 10 ×  18525 runs
[moonbitlang/core] bench v128/v128_bench_test.mbt:171 ("bench V128 load16x4_s n=10000") ok
time (mean ± σ)         range (min … max) 
   5.40 µs ±   1.77 ns     5.40 µs …   5.40 µs  in 10 ×  18520 runs
[moonbitlang/core] bench v128/v128_bench_test.mbt:183 ("bench V128 load32x2_u n=10000") ok
time (mean ± σ)         range (min … max) 
   5.40 µs ±   2.28 ns     5.39 µs …   5.40 µs  in 10 ×  18520 runs
[moonbitlang/core] bench v128/v128_bench_test.mbt:195 ("bench V128 load32x2_s n=10000") ok
time (mean ± σ)         range (min … max) 
   5.40 µs ±   1.89 ns     5.39 µs …   5.40 µs  in 10 ×  18532 runs
[moonbitlang/core] bench v128/v128_bench_test.mbt:207 ("bench V128 load_splat n=10000") ok
time (mean ± σ)         range (min … max) 
  16.24 µs ±   4.98 ns    16.23 µs …  16.25 µs  in 10 ×   6157 runs
[moonbitlang/core] bench v128/v128_bench_test.mbt:223 ("bench V128 load8_lane n=10000") ok
time (mean ± σ)         range (min … max) 
  35.20 µs ±   7.74 ns    35.18 µs …  35.21 µs  in 10 ×   2842 runs
[moonbitlang/core] bench v128/v128_bench_test.mbt:235 ("bench V128 load16_lane n=10000") ok
time (mean ± σ)         range (min … max) 
  35.28 µs ±  58.28 ns    35.25 µs …  35.45 µs  in 10 ×   2834 runs
[moonbitlang/core] bench v128/v128_bench_test.mbt:247 ("bench V128 load32_lane n=10000") ok
time (mean ± σ)         range (min … max) 
  35.51 µs ±  22.55 ns    35.48 µs …  35.55 µs  in 10 ×   2816 runs
[moonbitlang/core] bench v128/v128_bench_test.mbt:259 ("bench V128 load64_lane n=10000") ok
time (mean ± σ)         range (min … max) 
   9.71 µs ±   3.51 ns     9.71 µs …   9.72 µs  in 10 ×  10298 runs
[moonbitlang/core] bench v128/v128_bench_test.mbt:271 ("bench V128 extend i8x16 to i16x8 n=10000") ok
time (mean ± σ)         range (min … max) 
  10.80 µs ±   3.04 ns    10.80 µs …  10.81 µs  in 10 ×   9257 runs
[moonbitlang/core] bench v128/v128_bench_test.mbt:285 ("bench V128 extend i16x8 to i32x4 n=10000") ok
time (mean ± σ)         range (min … max) 
  10.80 µs ±   2.99 ns    10.80 µs …  10.81 µs  in 10 ×   9261 runs
[moonbitlang/core] bench v128/v128_bench_test.mbt:299 ("bench V128 extend i32x4 to i64x2 n=10000") ok
time (mean ± σ)         range (min … max) 
  10.80 µs ±   3.99 ns    10.80 µs …  10.81 µs  in 10 ×   9264 runs
[moonbitlang/core] bench v128/v128_bench_test.mbt:313 ("bench V128 all_true n=10000") ok
time (mean ± σ)         range (min … max) 
  12.49 µs ±  25.47 ns    12.47 µs …  12.55 µs  in 10 ×   8022 runs
[moonbitlang/core] bench v128/v128_bench_test.mbt:337 ("bench V128 bitmask all widths n=10000") ok
time (mean ± σ)         range (min … max) 
  16.89 µs ±   7.90 ns    16.88 µs …  16.90 µs  in 10 ×   5925 runs
[moonbitlang/core] bench v128/v128_bench_test.mbt:353 ("bench V128 swizzle n=10000") ok
time (mean ± σ)         range (min … max) 
   5.42 µs ±   2.47 ns     5.42 µs …   5.42 µs  in 10 ×  18463 runs
[moonbitlang/core] bench v128/v128_bench_test.mbt:371 ("bench V128 shuffle n=10000") ok
time (mean ± σ)         range (min … max) 
  10.80 µs ±   4.07 ns    10.79 µs …  10.80 µs  in 10 ×   9262 runs
Total tests: 500, passed: 500, failed: 0.
