[moonbitlang/core] bench argparse/globals_bench_test.mbt:16 ("bench parse inherited globals with an override") ok
time (mean ± σ)         range (min … max) 
   4.42 µs ±   5.33 ns     4.41 µs …   4.43 µs  in 10 ×  22340 runs
[moonbitlang/core] bench bench/hash_bench_test.mbt:16 ("bench Hash for Bytes (small)") ok
time (mean ± σ)         range (min … max) 
  13.37 ns ±   0.21 ns    13.05 ns …  13.54 ns  in 10 × 100000 runs
[moonbitlang/core] bench bench/hash_bench_test.mbt:22 ("bench Hash for Bytes (medium)") ok
time (mean ± σ)         range (min … max) 
 146.26 ns ±   1.72 ns   141.81 ns … 148.00 ns  in 10 × 100000 runs
[moonbitlang/core] bench bench/hash_bench_test.mbt:28 ("bench Hash for Bytes (large)") ok
time (mean ± σ)         range (min … max) 
   2.43 µs ±  13.38 ns     2.41 µs …   2.45 µs  in 10 ×  40731 runs
[moonbitlang/core] bench bench/hash_bench_test.mbt:34 ("bench Hash for BytesView (small)") ok
time (mean ± σ)         range (min … max) 
  12.11 ns ±   0.18 ns    11.77 ns …  12.26 ns  in 10 × 100000 runs
[moonbitlang/core] bench bench/hash_bench_test.mbt:41 ("bench Hash for BytesView (medium)") ok
time (mean ± σ)         range (min … max) 
 132.41 ns ±   1.84 ns   128.49 ns … 134.27 ns  in 10 × 100000 runs
[moonbitlang/core] bench bench/hash_bench_test.mbt:48 ("bench Hash for BytesView (large)") ok
time (mean ± σ)         range (min … max) 
   2.35 µs ±  65.50 ns     2.29 µs …   2.48 µs  in 10 ×  43095 runs
[moonbitlang/core] bench bench/hash_bench_test.mbt:55 ("bench Hasher::combine_bytes (small)") ok
time (mean ± σ)         range (min … max) 
  11.62 ns ±   0.39 ns    10.85 ns …  12.00 ns  in 10 × 100000 runs
[moonbitlang/core] bench bench/hash_bench_test.mbt:65 ("bench Hasher::combine_bytes (medium)") ok
time (mean ± σ)         range (min … max) 
 119.41 ns ±   1.89 ns   116.71 ns … 121.71 ns  in 10 × 100000 runs
[moonbitlang/core] bench bench/hash_bench_test.mbt:75 ("bench Hasher::combine_bytes (large)") ok
time (mean ± σ)         range (min … max) 
   2.09 µs ±  10.56 ns     2.07 µs …   2.11 µs  in 10 ×  47594 runs
[moonbitlang/core] bench bigint/to_string_radix_bench_test.mbt:23 ("bench bigint to_string radix=7 (4000 bits)") ok
time (mean ± σ)         range (min … max) 
  16.47 µs ±  39.35 ns    16.36 µs …  16.50 µs  in 10 ×   6063 runs
[moonbitlang/core] bench bigint/to_string_radix_bench_test.mbt:29 ("bench bigint to_string radix=36 (4000 bits)") ok
time (mean ± σ)         range (min … max) 
  14.52 µs ±  15.05 ns    14.49 µs …  14.54 µs  in 10 ×   6827 runs
[moonbitlang/core] bench bigint/to_string_radix_bench_test.mbt:35 ("bench bigint to_string radix=10 reference (4000 bits)") ok
time (mean ± σ)         range (min … max) 
  12.89 µs ±  21.48 ns    12.85 µs …  12.92 µs  in 10 ×   7704 runs
[moonbitlang/core] bench bigint/to_string_bench_test.mbt:30 ("bench BigInt::to_string n=40 digits") ok
time (mean ± σ)         range (min … max) 
  94.45 ns ±   2.03 ns    92.04 ns …  98.37 ns  in 10 × 100000 runs
[moonbitlang/core] bench bigint/to_string_bench_test.mbt:36 ("bench BigInt::to_string n=400 digits") ok
time (mean ± σ)         range (min … max) 
   2.83 µs ±   3.55 ns     2.83 µs …   2.84 µs  in 10 ×  35333 runs
[moonbitlang/core] bench bigint/to_string_bench_test.mbt:42 ("bench BigInt::to_string n=4000 digits") ok
time (mean ± σ)         range (min … max) 
  66.75 µs ± 309.42 ns    66.55 µs …  67.60 µs  in 10 ×   1497 runs
[moonbitlang/core] bench bigint/to_string_bench_test.mbt:48 ("bench BigInt::to_string n=40000 digits") ok
time (mean ± σ)         range (min … max) 
   2.40 ms ±  13.38 µs     2.38 ms …   2.41 ms  in 10 ×     42 runs
[moonbitlang/core] bench bigint/to_string_bench_test.mbt:54 ("bench BigInt::to_string n=250000 digits") ok
time (mean ± σ)         range (min … max) 
  26.35 ms ±  27.79 µs    26.32 ms …  26.39 ms  in 10 ×      4 runs
[moonbitlang/core] bench bigint/from_octets_bench_test.mbt:21 ("bench BigInt::from_octets n=64") ok
time (mean ± σ)         range (min … max) 
   1.57 µs ±   3.49 ns     1.56 µs …   1.57 µs  in 10 ×  63747 runs
[moonbitlang/core] bench bigint/from_octets_bench_test.mbt:27 ("bench BigInt::from_octets n=1024") ok
time (mean ± σ)         range (min … max) 
  24.21 µs ± 114.72 ns    24.04 µs …  24.45 µs  in 10 ×   4084 runs
[moonbitlang/core] bench bigint/division_bench_test.mbt:66 ("bench BigInt balanced division n=4000 digits") ok
time (mean ± σ)         range (min … max) 
  28.58 ns ±   3.20 ns    27.24 ns …  37.56 ns  in 10 ×   3853 runs
[moonbitlang/core] bench bigint/division_bench_test.mbt:72 ("bench BigInt balanced division n=40000 digits") ok
time (mean ± σ)         range (min … max) 
   1.50 ms ±   9.92 µs     1.49 ms …   1.51 ms  in 10 ×     67 runs
[moonbitlang/core] bench bigint/division_bench_test.mbt:78 ("bench BigInt balanced division n=250000 digits") ok
time (mean ± σ)         range (min … max) 
  17.47 ms ±  79.40 µs    17.28 ms …  17.52 ms  in 10 ×      6 runs
[moonbitlang/core] bench bigint/division_bench_test.mbt:84 ("bench BigInt unbalanced division q=65536 d=64 limbs") ok
time (mean ± σ)         range (min … max) 
   7.16 ms ±   7.52 µs     7.15 ms …   7.17 ms  in 10 ×     15 runs
[moonbitlang/core] bench bigint/division_bench_test.mbt:90 ("bench BigInt narrow division q=9 d=64 limbs") ok
time (mean ± σ)         range (min … max) 
   5.15 ns ±   0.21 ns     4.81 ns …   5.32 ns  in 10 × 100000 runs
[moonbitlang/core] bench buffer/write_bench_test.mbt:30 ("bench Buffer::write_byte n=4096") ok
time (mean ± σ)         range (min … max) 
   5.40 µs ±   5.55 ns     5.39 µs …   5.41 µs  in 10 ×  18569 runs
[moonbitlang/core] bench buffer/write_bench_test.mbt:42 ("bench Buffer::write_uint16_be n=4096") ok
time (mean ± σ)         range (min … max) 
   4.65 µs ±   4.97 ns     4.65 µs …   4.67 µs  in 10 ×  21475 runs
[moonbitlang/core] bench buffer/write_bench_test.mbt:54 ("bench Buffer::write_uint_le n=4096") ok
time (mean ± σ)         range (min … max) 
   5.58 µs ±   4.03 ns     5.57 µs …   5.58 µs  in 10 ×  17905 runs
[moonbitlang/core] bench buffer/write_bench_test.mbt:66 ("bench Buffer::write_uint64_be n=4096") ok
time (mean ± σ)         range (min … max) 
 608.37 µs ±  10.95 µs   598.42 µs … 624.27 µs  in 10 ×    161 runs
[moonbitlang/core] bench buffer/write_bench_test.mbt:78 ("bench Buffer::write_char_utf8 ASCII n=4096") ok
time (mean ± σ)         range (min … max) 
  17.12 µs ±  16.15 ns    17.09 µs …  17.15 µs  in 10 ×   5837 runs
[moonbitlang/core] bench buffer/write_bench_test.mbt:90 ("bench Buffer::write_char_utf8 non-BMP n=4096") ok
time (mean ± σ)         range (min … max) 
  21.30 µs ±  12.78 ns    21.27 µs …  21.32 µs  in 10 ×   4690 runs
[moonbitlang/core] bench buffer/write_bench_test.mbt:103 ("bench Buffer::write_char_utf16le BMP n=4096") ok
time (mean ± σ)         range (min … max) 
   4.68 µs ±   2.12 ns     4.67 µs …   4.68 µs  in 10 ×  21364 runs
[moonbitlang/core] bench buffer/write_bench_test.mbt:115 ("bench Buffer::write_string_utf16le chunks n=4096") ok
time (mean ± σ)         range (min … max) 
  98.23 µs ± 704.32 ns    97.27 µs …  99.18 µs  in 10 ×   1019 runs
[moonbitlang/core] bench buffer/write_bench_test.mbt:130 ("bench @buffer.from_array n=4096") ok
time (mean ± σ)         range (min … max) 
   4.49 µs ±   9.96 ns     4.48 µs …   4.51 µs  in 10 ×  22352 runs
[moonbitlang/core] bench builtin/view_bench_test.mbt:34 ("bench ArrayView::at Int n=100000") ok
time (mean ± σ)         range (min … max) 
  88.20 µs ±  65.85 ns    88.03 µs …  88.26 µs  in 10 ×   1133 runs
[moonbitlang/core] bench builtin/view_bench_test.mbt:47 ("bench ArrayView::get Int n=100000") ok
time (mean ± σ)         range (min … max) 
  73.51 µs ±  89.95 ns    73.31 µs …  73.58 µs  in 10 ×   1359 runs
[moonbitlang/core] bench builtin/view_bench_test.mbt:62 ("bench ArrayView::unsafe_get Int n=100000") ok
time (mean ± σ)         range (min … max) 
  58.88 µs ±  22.10 ns    58.85 µs …  58.92 µs  in 10 ×   1699 runs
[moonbitlang/core] bench builtin/view_bench_test.mbt:75 ("bench ArrayView::rev_fold Int n=100000") ok
time (mean ± σ)         range (min … max) 
  58.29 µs ± 111.53 ns    58.12 µs …  58.42 µs  in 10 ×   1717 runs
[moonbitlang/core] bench builtin/view_bench_test.mbt:82 ("bench ArrayView::rev_foldi Int n=100000") ok
time (mean ± σ)         range (min … max) 
  58.97 µs ± 165.48 ns    58.53 µs …  59.14 µs  in 10 ×   1688 runs
[moonbitlang/core] bench builtin/view_bench_test.mbt:91 ("bench ArrayView::equal Int n=100000") ok
time (mean ± σ)         range (min … max) 
 117.63 µs ±   5.73 µs   113.32 µs … 130.97 µs  in 10 ×    796 runs
[moonbitlang/core] bench builtin/view_bench_test.mbt:99 ("bench ArrayView::compare Int n=100000") ok
time (mean ± σ)         range (min … max) 
 143.96 µs ±   3.46 µs   140.26 µs … 150.45 µs  in 10 ×    658 runs
[moonbitlang/core] bench builtin/view_bench_test.mbt:107 ("bench MutArrayView::at Int n=100000") ok
time (mean ± σ)         range (min … max) 
 102.95 µs ± 103.15 ns   102.75 µs … 103.05 µs  in 10 ×    974 runs
[moonbitlang/core] bench builtin/view_bench_test.mbt:120 ("bench MutArrayView::unsafe_get Int n=100000") ok
time (mean ± σ)         range (min … max) 
  58.71 µs ± 218.71 ns    58.30 µs …  58.91 µs  in 10 ×   1699 runs
[moonbitlang/core] bench builtin/view_bench_test.mbt:133 ("bench MutArrayView::set Int n=100000") ok
time (mean ± σ)         range (min … max) 
 119.46 µs ± 336.06 ns   119.04 µs … 119.85 µs  in 10 ×    836 runs
[moonbitlang/core] bench builtin/view_bench_test.mbt:145 ("bench MutArrayView::unsafe_set Int n=100000") ok
time (mean ± σ)         range (min … max) 
  57.85 µs ± 170.28 ns    57.51 µs …  57.99 µs  in 10 ×   1715 runs
[moonbitlang/core] bench builtin/view_bench_test.mbt:157 ("bench BytesView::at n=100000") ok
time (mean ± σ)         range (min … max) 
  73.38 µs ± 211.26 ns    72.96 µs …  73.52 µs  in 10 ×   1361 runs
[moonbitlang/core] bench builtin/view_bench_test.mbt:170 ("bench BytesView::unsafe_get n=100000") ok
time (mean ± σ)         range (min … max) 
  44.15 µs ±   1.40 µs    43.14 µs …  47.86 µs  in 10 ×   2297 runs
[moonbitlang/core] bench builtin/stringbuilder_bench_test.mbt:28 ("bench StringBuilder::write_string chunks n=4096") ok
time (mean ± σ)         range (min … max) 
  11.54 µs ±  29.13 ns    11.50 µs …  11.58 µs  in 10 ×   8695 runs
[moonbitlang/core] bench builtin/stringbuilder_bench_test.mbt:41 ("bench StringBuilder::write_view chunks n=4096") ok
time (mean ± σ)         range (min … max) 
  17.31 µs ±  67.26 ns    17.18 µs …  17.40 µs  in 10 ×   5859 runs
[moonbitlang/core] bench builtin/stringbuilder_bench_test.mbt:54 ("bench StringBuilder::write_stringview chunks n=4096") ok
time (mean ± σ)         range (min … max) 
  17.33 µs ±  38.73 ns    17.26 µs …  17.38 µs  in 10 ×   5857 runs
[moonbitlang/core] bench builtin/stringbuilder_bench_test.mbt:67 ("bench StringBuilder::write_char ASCII n=4096") ok
time (mean ± σ)         range (min … max) 
  17.42 µs ±  81.55 ns    17.32 µs …  17.51 µs  in 10 ×   5796 runs
[moonbitlang/core] bench builtin/stringbuilder_bench_test.mbt:79 ("bench StringBuilder::write_char non-BMP n=4096") ok
time (mean ± σ)         range (min … max) 
  17.26 µs ±  49.78 ns    17.19 µs …  17.33 µs  in 10 ×   5873 runs
[moonbitlang/core] bench builtin/stringbuilder_bench_test.mbt:92 ("bench StringBuilder::reset reuse spare capacity n=4096") ok
time (mean ± σ)         range (min … max) 
  12.12 µs ±  30.70 ns    12.07 µs …  12.16 µs  in 10 ×   8271 runs
[moonbitlang/core] bench builtin/string_to_upper_bench_test.mbt:61 ("bench String::to_upper short") ok
time (mean ± σ)         range (min … max) 
 114.15 ns ±   1.06 ns   112.08 ns … 115.35 ns  in 10 × 100000 runs
[moonbitlang/core] bench builtin/string_to_upper_bench_test.mbt:66 ("bench String::to_upper long") ok
time (mean ± σ)         range (min … max) 
   5.95 µs ± 177.15 ns     5.87 µs …   6.45 µs  in 10 ×  17048 runs
[moonbitlang/core] bench builtin/string_to_upper_bench_test.mbt:71 ("bench String::to_upper sparse") ok
time (mean ± σ)         range (min … max) 
   4.46 µs ±   1.88 ns     4.46 µs …   4.46 µs  in 10 ×  22530 runs
[moonbitlang/core] bench builtin/string_to_upper_bench_test.mbt:76 ("bench String::to_upper late-lowercase") ok
time (mean ± σ)         range (min … max) 
   1.07 µs ±   2.66 ns     1.07 µs …   1.08 µs  in 10 ×  92033 runs
[moonbitlang/core] bench builtin/string_to_upper_bench_test.mbt:81 ("bench String::to_upper one-unit runs") ok
time (mean ± σ)         range (min … max) 
   4.56 µs ±   2.36 ns     4.56 µs …   4.57 µs  in 10 ×  22049 runs
[moonbitlang/core] bench builtin/string_to_upper_bench_test.mbt:86 ("bench String::to_upper all-lowercase") ok
time (mean ± σ)         range (min … max) 
   5.16 µs ±   7.82 ns     5.14 µs …   5.17 µs  in 10 ×  19478 runs
[moonbitlang/core] bench builtin/string_to_upper_bench_test.mbt:91 ("bench String::to_upper no-change short") ok
time (mean ± σ)         range (min … max) 
  21.76 ns ±   0.70 ns    20.69 ns …  22.67 ns  in 10 × 100000 runs
[moonbitlang/core] bench builtin/string_to_upper_bench_test.mbt:96 ("bench String::to_upper no-change long") ok
time (mean ± σ)         range (min … max) 
   1.70 µs ±  12.25 ns     1.68 µs …   1.73 µs  in 10 ×  58696 runs
[moonbitlang/core] bench builtin/string_to_upper_bench_test.mbt:101 ("bench StringView::to_upper short") ok
time (mean ± σ)         range (min … max) 
 117.53 ns ±   1.05 ns   115.38 ns … 118.64 ns  in 10 × 100000 runs
[moonbitlang/core] bench builtin/string_to_upper_bench_test.mbt:106 ("bench StringView::to_upper long") ok
time (mean ± σ)         range (min … max) 
   6.02 µs ± 112.31 ns     5.97 µs …   6.34 µs  in 10 ×  16738 runs
[moonbitlang/core] bench builtin/string_to_upper_bench_test.mbt:111 ("bench StringView::to_upper no-change long") ok
time (mean ± σ)         range (min … max) 
   1.92 µs ±  12.99 ns     1.91 µs …   1.96 µs  in 10 ×  51014 runs
[moonbitlang/core] bench builtin/string_to_lower_bench_test.mbt:61 ("bench String::to_lower short") ok
time (mean ± σ)         range (min … max) 
 115.24 ns ±   0.89 ns   113.63 ns … 116.28 ns  in 10 × 100000 runs
[moonbitlang/core] bench builtin/string_to_lower_bench_test.mbt:66 ("bench String::to_lower long") ok
time (mean ± σ)         range (min … max) 
   6.15 µs ±   9.05 ns     6.14 µs …   6.17 µs  in 10 ×  16376 runs
[moonbitlang/core] bench builtin/string_to_lower_bench_test.mbt:71 ("bench String::to_lower sparse") ok
time (mean ± σ)         range (min … max) 
   5.42 µs ±   3.56 ns     5.42 µs …   5.43 µs  in 10 ×  18497 runs
[moonbitlang/core] bench builtin/string_to_lower_bench_test.mbt:76 ("bench String::to_lower late-uppercase") ok
time (mean ± σ)         range (min … max) 
   1.06 µs ±   2.10 ns     1.06 µs …   1.07 µs  in 10 ×  94252 runs
[moonbitlang/core] bench builtin/string_to_lower_bench_test.mbt:81 ("bench String::to_lower one-unit runs") ok
time (mean ± σ)         range (min … max) 
   4.57 µs ±   3.64 ns     4.56 µs …   4.57 µs  in 10 ×  22070 runs
[moonbitlang/core] bench builtin/string_to_lower_bench_test.mbt:86 ("bench String::to_lower all-uppercase") ok
time (mean ± σ)         range (min … max) 
   4.32 µs ±  18.11 ns     4.29 µs …   4.35 µs  in 10 ×  23253 runs
[moonbitlang/core] bench builtin/string_to_lower_bench_test.mbt:91 ("bench String::to_lower no-change short") ok
time (mean ± σ)         range (min … max) 
  21.94 ns ±   0.88 ns    20.38 ns …  22.91 ns  in 10 × 100000 runs
[moonbitlang/core] bench builtin/string_to_lower_bench_test.mbt:96 ("bench String::to_lower no-change long") ok
time (mean ± σ)         range (min … max) 
   1.80 µs ±  12.84 ns     1.78 µs …   1.83 µs  in 10 ×  51470 runs
[moonbitlang/core] bench builtin/string_to_lower_bench_test.mbt:101 ("bench StringView::to_lower short") ok
time (mean ± σ)         range (min … max) 
 115.34 ns ±   0.85 ns   113.42 ns … 116.31 ns  in 10 × 100000 runs
[moonbitlang/core] bench builtin/string_to_lower_bench_test.mbt:106 ("bench StringView::to_lower long") ok
time (mean ± σ)         range (min … max) 
   5.97 µs ±   4.06 ns     5.96 µs …   5.97 µs  in 10 ×  16802 runs
[moonbitlang/core] bench builtin/string_to_lower_bench_test.mbt:111 ("bench StringView::to_lower no-change long") ok
time (mean ± σ)         range (min … max) 
   2.03 µs ±  18.95 ns     2.01 µs …   2.08 µs  in 10 ×  47839 runs
[moonbitlang/core] bench builtin/string_to_array_bench_test.mbt:24 ("bench String::to_array ASCII 51 chars") ok
time (mean ± σ)         range (min … max) 
 168.92 ns ±   2.80 ns   163.83 ns … 172.12 ns  in 10 × 100000 runs
[moonbitlang/core] bench builtin/string_to_array_bench_test.mbt:29 ("bench String::to_array mixed 1KB") ok
time (mean ± σ)         range (min … max) 
   3.58 µs ±   7.13 ns     3.56 µs …   3.59 µs  in 10 ×  27780 runs
[moonbitlang/core] bench builtin/string_to_array_bench_test.mbt:34 ("bench StringView::to_array mixed 1KB") ok
time (mean ± σ)         range (min … max) 
   3.58 µs ±   8.13 ns     3.56 µs …   3.59 µs  in 10 ×  27946 runs
[moonbitlang/core] bench builtin/string_methods_bench_test.mbt:36 ("bench StringView::has_prefix match n=100000 needle=128") ok
time (mean ± σ)         range (min … max) 
 553.67 ns ±   6.82 ns   543.86 ns … 559.72 ns  in 10 × 100000 runs
[moonbitlang/core] bench builtin/string_methods_bench_test.mbt:45 ("bench StringView::has_prefix mismatch n=100000 needle=128") ok
time (mean ± σ)         range (min … max) 
   7.42 ns ±   0.38 ns     7.12 ns …   7.91 ns  in 10 × 100000 runs
[moonbitlang/core] bench builtin/string_methods_bench_test.mbt:54 ("bench StringView::has_suffix match n=100000 needle=128") ok
time (mean ± σ)         range (min … max) 
 557.35 ns ±   6.43 ns   547.30 ns … 563.71 ns  in 10 × 100000 runs
[moonbitlang/core] bench builtin/string_methods_bench_test.mbt:63 ("bench StringView::has_suffix mismatch n=100000 needle=128") ok
time (mean ± σ)         range (min … max) 
   7.67 ns ±   0.34 ns     7.32 ns …   8.18 ns  in 10 × 100000 runs
[moonbitlang/core] bench builtin/string_find_code_unit_bench_test.mbt:16 ("bench find one code unit absent n=4") ok
time (mean ± σ)         range (min … max) 
  10.86 ns ±   0.55 ns    10.03 ns …  11.57 ns  in 10 × 100000 runs
[moonbitlang/core] bench builtin/string_find_code_unit_bench_test.mbt:22 ("bench find one code unit absent n=8") ok
time (mean ± σ)         range (min … max) 
  15.00 ns ±   0.83 ns    14.45 ns …  17.08 ns  in 10 × 100000 runs
[moonbitlang/core] bench builtin/string_find_code_unit_bench_test.mbt:28 ("bench find one code unit present@0 n=8") ok
time (mean ± σ)         range (min … max) 
   6.29 ns ±   0.35 ns     6.00 ns …   6.72 ns  in 10 × 100000 runs
[moonbitlang/core] bench builtin/string_find_code_unit_bench_test.mbt:34 ("bench find one code unit absent n=64") ok
time (mean ± σ)         range (min … max) 
  84.72 ns ±   0.53 ns    83.83 ns …  85.39 ns  in 10 × 100000 runs
[moonbitlang/core] bench builtin/string_find_code_unit_bench_test.mbt:40 ("bench find one code unit absent n=256") ok
time (mean ± σ)         range (min … max) 
 307.06 ns ±   3.49 ns   302.12 ns … 310.96 ns  in 10 × 100000 runs
[moonbitlang/core] bench builtin/string_find_code_unit_bench_test.mbt:46 ("bench find one code unit present@end n=256") ok
time (mean ± σ)         range (min … max) 
 312.07 ns ±   0.62 ns   311.25 ns … 313.02 ns  in 10 × 100000 runs
[moonbitlang/core] bench builtin/string_find_code_unit_bench_test.mbt:52 ("bench rev_find one code unit absent n=256") ok
time (mean ± σ)         range (min … max) 
 307.43 ns ±   3.00 ns   300.61 ns … 311.23 ns  in 10 × 100000 runs
[moonbitlang/core] bench builtin/string_find_code_unit_bench_test.mbt:58 ("bench rev_find one code unit present@start n=256") ok
time (mean ± σ)         range (min … max) 
 312.13 ns ±   1.02 ns   310.70 ns … 313.69 ns  in 10 × 100000 runs
[moonbitlang/core] bench builtin/string_find_code_unit_bench_test.mbt:64 ("bench rev_find one code unit present@end n=8") ok
time (mean ± σ)         range (min … max) 
   6.25 ns ±   0.34 ns     5.97 ns …   6.69 ns  in 10 × 100000 runs
[moonbitlang/core] bench builtin/string_find_code_unit_bench_test.mbt:70 ("bench StringView find one code unit absent n=256") ok
time (mean ± σ)         range (min … max) 
 310.97 ns ±   0.69 ns   309.71 ns … 311.96 ns  in 10 × 100000 runs
[moonbitlang/core] bench builtin/string_find_code_unit_bench_test.mbt:77 ("bench StringView rev_find one code unit absent n=256") ok
time (mean ± σ)         range (min … max) 
 308.81 ns ±   2.42 ns   302.43 ns … 311.05 ns  in 10 × 100000 runs
[moonbitlang/core] bench builtin/string_find_code_unit_bench_test.mbt:84 ("bench find two anchors absent n=256") ok
time (mean ± σ)         range (min … max) 
 541.44 ns ±   2.92 ns   535.31 ns … 543.70 ns  in 10 × 100000 runs
[moonbitlang/core] bench builtin/string_find_code_unit_bench_test.mbt:90 ("bench find two anchors present@end n=256") ok
time (mean ± σ)         range (min … max) 
 526.79 ns ±   2.85 ns   521.98 ns … 530.78 ns  in 10 × 100000 runs
[moonbitlang/core] bench builtin/string_find_code_unit_bench_test.mbt:96 ("bench find two anchors dense false positives n=256") ok
time (mean ± σ)         range (min … max) 
   1.28 µs ±  13.50 ns     1.28 µs …   1.31 µs  in 10 ×  78287 runs
[moonbitlang/core] bench builtin/string_find_code_unit_bench_test.mbt:102 ("bench find two anchors long absent n=256") ok
time (mean ± σ)         range (min … max) 
 295.29 ns ±   0.81 ns   293.65 ns … 296.43 ns  in 10 × 100000 runs
[moonbitlang/core] bench builtin/string_find_code_unit_bench_test.mbt:108 ("bench rev_find two anchors absent n=256") ok
time (mean ± σ)         range (min … max) 
 312.28 ns ±   1.20 ns   310.00 ns … 313.60 ns  in 10 × 100000 runs
[moonbitlang/core] bench builtin/string_find_code_unit_bench_test.mbt:114 ("bench rev_find two anchors present@start n=256") ok
time (mean ± σ)         range (min … max) 
 375.62 ns ±   3.42 ns   369.16 ns … 380.26 ns  in 10 × 100000 runs
[moonbitlang/core] bench builtin/string_find_code_unit_bench_test.mbt:120 ("bench rev_find two anchors dense false positives n=256") ok
time (mean ± σ)         range (min … max) 
   1.42 µs ±   2.86 ns     1.42 µs …   1.43 µs  in 10 ×  70446 runs
[moonbitlang/core] bench builtin/string_find_code_unit_bench_test.mbt:126 ("bench StringView find two anchors absent n=256") ok
time (mean ± σ)         range (min … max) 
 537.00 ns ±   1.03 ns   534.74 ns … 538.09 ns  in 10 × 100000 runs
[moonbitlang/core] bench builtin/string_find_adversary_bench_test.mbt:26 ("bench find adversary m=64 n=4096") ok
time (mean ± σ)         range (min … max) 
  30.28 µs ±   8.61 µs    24.86 µs …  45.02 µs  in 10 ×   2220 runs
[moonbitlang/core] bench builtin/string_find_adversary_bench_test.mbt:33 ("bench rev_find adversary m=64 n=4096") ok
time (mean ± σ)         range (min … max) 
  39.92 µs ±  10.76 µs    29.52 µs …  50.23 µs  in 10 ×   1993 runs
[moonbitlang/core] bench builtin/string_find_adversary_bench_test.mbt:40 ("bench find adversary m=512 n=65536") ok
time (mean ± σ)         range (min … max) 
 757.17 µs ±  28.90 µs   730.17 µs … 789.84 µs  in 10 ×    127 runs
[moonbitlang/core] bench builtin/string_find_adversary_bench_test.mbt:47 ("bench find dense miss fast path n=4096") ok
time (mean ± σ)         range (min … max) 
  17.78 µs ± 654.37 ns    17.03 µs …  19.36 µs  in 10 ×   5613 runs
[moonbitlang/core] bench builtin/string_find_adversary_bench_test.mbt:53 ("bench find rare hit end fast path n=4096") ok
time (mean ± σ)         range (min … max) 
  10.49 µs ± 225.37 ns    10.15 µs …  10.73 µs  in 10 ×   9371 runs
[moonbitlang/core] bench builtin/string_escape_bench_test.mbt:61 ("bench String::escape short plain") ok
time (mean ± σ)         range (min … max) 
  50.51 ns ±   0.26 ns    49.97 ns …  50.76 ns  in 10 × 100000 runs
[moonbitlang/core] bench builtin/string_escape_bench_test.mbt:66 ("bench String::escape short escaped") ok
time (mean ± σ)         range (min … max) 
 129.24 ns ±   0.66 ns   128.13 ns … 130.30 ns  in 10 × 100000 runs
[moonbitlang/core] bench builtin/string_escape_bench_test.mbt:71 ("bench String::escape threshold plain") ok
time (mean ± σ)         range (min … max) 
  57.53 ns ±   0.33 ns    57.16 ns …  57.99 ns  in 10 × 100000 runs
[moonbitlang/core] bench builtin/string_escape_bench_test.mbt:76 ("bench String::escape prose") ok
time (mean ± σ)         range (min … max) 
 279.03 ns ±   1.41 ns   276.96 ns … 280.57 ns  in 10 × 100000 runs
[moonbitlang/core] bench builtin/string_escape_bench_test.mbt:81 ("bench String::escape escape-first") ok
time (mean ± σ)         range (min … max) 
 367.00 ns ±   2.06 ns   363.95 ns … 370.09 ns  in 10 × 100000 runs
[moonbitlang/core] bench builtin/string_escape_bench_test.mbt:86 ("bench String::escape long plain") ok
time (mean ± σ)         range (min … max) 
  12.11 µs ± 107.05 ns    11.98 µs …  12.39 µs  in 10 ×   8161 runs
[moonbitlang/core] bench builtin/string_escape_bench_test.mbt:91 ("bench String::escape long dense") ok
time (mean ± σ)         range (min … max) 
  44.36 µs ±  89.78 ns    44.15 µs …  44.44 µs  in 10 ×   2267 runs
[moonbitlang/core] bench builtin/string_escape_bench_test.mbt:96 ("bench String::escape long all-escaped") ok
time (mean ± σ)         range (min … max) 
  27.40 µs ± 120.01 ns    27.21 µs …  27.54 µs  in 10 ×   3691 runs
[moonbitlang/core] bench builtin/string_escape_bench_test.mbt:101 ("bench String::escape long unicode") ok
time (mean ± σ)         range (min … max) 
  13.77 µs ± 324.33 ns    13.57 µs …  14.54 µs  in 10 ×   7341 runs
[moonbitlang/core] bench builtin/string_escape_bench_test.mbt:106 ("bench StringView::escape long plain view") ok
time (mean ± σ)         range (min … max) 
  11.84 µs ±  99.14 ns    11.71 µs …  12.10 µs  in 10 ×   8396 runs
[moonbitlang/core] bench builtin/string_escape_bench_test.mbt:112 ("bench debug to_string short plain") ok
time (mean ± σ)         range (min … max) 
  89.55 ns ±   0.48 ns    88.66 ns …  90.30 ns  in 10 × 100000 runs
[moonbitlang/core] bench builtin/string_escape_bench_test.mbt:117 ("bench debug to_string prose") ok
time (mean ± σ)         range (min … max) 
 312.65 ns ±   2.81 ns   307.06 ns … 315.34 ns  in 10 × 100000 runs
[moonbitlang/core] bench builtin/string_escape_bench_test.mbt:122 ("bench debug to_string long plain") ok
time (mean ± σ)         range (min … max) 
  12.15 µs ±  92.43 ns    12.06 µs …  12.40 µs  in 10 ×   8001 runs
[moonbitlang/core] bench builtin/string_equal_bench_test.mbt:28 ("bench StringView::equal n=100000 equal") ok
time (mean ± σ)         range (min … max) 
   3.42 µs ±  24.31 ns     3.40 µs …   3.48 µs  in 10 ×  28687 runs
[moonbitlang/core] bench builtin/string_equal_bench_test.mbt:35 ("bench StringView::equal n=100000 mismatch at end") ok
time (mean ± σ)         range (min … max) 
 431.02 µs ±   2.21 µs   427.85 µs … 434.10 µs  in 10 ×    231 runs
[moonbitlang/core] bench builtin/string_equal_bench_test.mbt:44 ("bench StringView::equal_to_string n=100000 equal") ok
time (mean ± σ)         range (min … max) 
   3.50 µs ±  81.42 ns     3.43 µs …   3.59 µs  in 10 ×  28078 runs
[moonbitlang/core] bench builtin/string_char_set_bench_test.mbt:43 ("bench StringView::contains_any ASCII miss n=100000") ok
time (mean ± σ)         range (min … max) 
 317.26 µs ±   3.18 µs   311.69 µs … 320.17 µs  in 10 ×    315 runs
[moonbitlang/core] bench builtin/string_char_set_bench_test.mbt:54 ("bench StringView::contains_any ASCII match at end n=100000") ok
time (mean ± σ)         range (min … max) 
 320.87 µs ±  10.13 µs   314.81 µs … 343.63 µs  in 10 ×    317 runs
[moonbitlang/core] bench builtin/string_char_set_bench_test.mbt:67 ("bench StringView::trim_start ASCII n=100000") ok
time (mean ± σ)         range (min … max) 
 315.38 µs ±   3.24 µs   312.75 µs … 320.40 µs  in 10 ×    321 runs
[moonbitlang/core] bench builtin/string_char_set_bench_test.mbt:74 ("bench StringView::trim_end ASCII n=100000") ok
time (mean ± σ)         range (min … max) 
 313.61 µs ±   1.78 µs   312.17 µs … 317.04 µs  in 10 ×    320 runs
[moonbitlang/core] bench builtin/string_char_set_bench_test.mbt:79 ("bench StringView::trim ASCII n=100000") ok
time (mean ± σ)         range (min … max) 
 637.77 µs ±   1.52 µs   635.84 µs … 640.87 µs  in 10 ×    158 runs
[moonbitlang/core] bench builtin/string_char_set_bench_test.mbt:96 ("bench StringView::trim short inputs") ok
time (mean ± σ)         range (min … max) 
 149.24 ns ±   2.62 ns   145.76 ns … 152.29 ns  in 10 × 100000 runs
[moonbitlang/core] bench builtin/string_char_set_bench_test.mbt:107 ("bench StringView::contains_any short inputs") ok
time (mean ± σ)         range (min … max) 
 116.44 ns ±   1.02 ns   114.52 ns … 117.57 ns  in 10 × 100000 runs
[moonbitlang/core] bench builtin/string_char_length_bench_test.mbt:51 ("bench char_length ascii 8") ok
time (mean ± σ)         range (min … max) 
  13.63 ns ±   0.60 ns    12.73 ns …  14.48 ns  in 10 × 100000 runs
[moonbitlang/core] bench builtin/string_char_length_bench_test.mbt:56 ("bench char_length ascii 16") ok
time (mean ± σ)         range (min … max) 
  23.38 ns ±   0.45 ns    22.99 ns …  23.94 ns  in 10 × 100000 runs
[moonbitlang/core] bench builtin/string_char_length_bench_test.mbt:61 ("bench char_length ascii 100") ok
time (mean ± σ)         range (min … max) 
 207.50 ns ±   2.39 ns   202.84 ns … 209.43 ns  in 10 × 100000 runs
[moonbitlang/core] bench builtin/string_char_length_bench_test.mbt:66 ("bench char_length ascii 4k") ok
time (mean ± σ)         range (min … max) 
   9.43 µs ±  97.90 ns     9.31 µs …   9.56 µs  in 10 ×  10474 runs
[moonbitlang/core] bench builtin/string_char_length_bench_test.mbt:71 ("bench char_length ascii 64k") ok
time (mean ± σ)         range (min … max) 
 157.32 µs ±   5.11 µs   152.62 µs … 166.48 µs  in 10 ×    590 runs
[moonbitlang/core] bench builtin/string_char_length_bench_test.mbt:76 ("bench char_length cjk 4k") ok
time (mean ± σ)         range (min … max) 
   9.55 µs ±  88.62 ns     9.40 µs …   9.65 µs  in 10 ×  10535 runs
[moonbitlang/core] bench builtin/string_char_length_bench_test.mbt:81 ("bench char_length emoji 4k") ok
time (mean ± σ)         range (min … max) 
   8.94 µs ± 145.54 ns     8.53 µs …   9.03 µs  in 10 ×  11181 runs
[moonbitlang/core] bench builtin/string_char_length_bench_test.mbt:86 ("bench char_length mixed 4k") ok
time (mean ± σ)         range (min … max) 
  11.09 µs ±  93.93 ns    10.93 µs …  11.21 µs  in 10 ×   8949 runs
[moonbitlang/core] bench builtin/string_char_length_bench_test.mbt:91 ("bench StringView::char_length ascii 4k unaligned") ok
time (mean ± σ)         range (min … max) 
   9.57 µs ±  12.78 ns     9.55 µs …   9.59 µs  in 10 ×  10492 runs
[moonbitlang/core] bench builtin/string_char_length_bench_test.mbt:97 ("bench char_length_eq ascii 16") ok
time (mean ± σ)         range (min … max) 
  23.45 ns ±   0.67 ns    22.47 ns …  24.38 ns  in 10 × 100000 runs
[moonbitlang/core] bench builtin/string_char_length_bench_test.mbt:102 ("bench char_length_eq ascii 4k") ok
time (mean ± σ)         range (min … max) 
   9.52 µs ±  77.91 ns     9.37 µs …   9.59 µs  in 10 ×  10437 runs
[moonbitlang/core] bench builtin/string_char_length_bench_test.mbt:107 ("bench char_length_eq emoji 4k") ok
time (mean ± σ)         range (min … max) 
   8.76 µs ± 246.07 ns     8.08 µs …   8.89 µs  in 10 ×  11367 runs
[moonbitlang/core] bench builtin/string_char_length_bench_test.mbt:112 ("bench char_length_eq mixed 4k") ok
time (mean ± σ)         range (min … max) 
  11.20 µs ± 156.81 ns    11.00 µs …  11.50 µs  in 10 ×   8997 runs
[moonbitlang/core] bench builtin/string_char_length_bench_test.mbt:119 ("bench char_length_ge ascii 4k len 3") ok
time (mean ± σ)         range (min … max) 
  11.54 ns ±   0.64 ns    10.65 ns …  12.51 ns  in 10 × 100000 runs
[moonbitlang/core] bench builtin/string_char_length_bench_test.mbt:124 ("bench char_length_ge ascii 4k len 2000") ok
time (mean ± σ)         range (min … max) 
   4.69 µs ±  28.70 ns     4.66 µs …   4.73 µs  in 10 ×  21186 runs
[moonbitlang/core] bench builtin/string_char_length_bench_test.mbt:129 ("bench char_length_ge cjk 4k len 4096") ok
time (mean ± σ)         range (min … max) 
   9.59 µs ±  81.55 ns     9.45 µs …   9.66 µs  in 10 ×  10508 runs
[moonbitlang/core] bench builtin/string_char_length_bench_test.mbt:134 ("bench char_length_ge emoji 4k len 2048") ok
time (mean ± σ)         range (min … max) 
   8.77 µs ± 210.43 ns     8.17 µs …   8.85 µs  in 10 ×  11338 runs
[moonbitlang/core] bench builtin/sort_bench_test.mbt:21 ("bench Array::sort n=1000") ok
time (mean ± σ)         range (min … max) 
  20.93 µs ±  50.91 ns    20.88 µs …  21.03 µs  in 10 ×   4564 runs
[moonbitlang/core] bench builtin/sort_bench_test.mbt:31 ("bench Array::sort n=100000") ok
time (mean ± σ)         range (min … max) 
   6.72 ms ± 163.16 µs     6.60 ms …   7.17 ms  in 10 ×     16 runs
[moonbitlang/core] bench builtin/sort_bench_test.mbt:41 ("bench Array::sort_by n=10000") ok
time (mean ± σ)         range (min … max) 
 535.64 µs ±   1.50 µs   534.44 µs … 539.48 µs  in 10 ×    189 runs
[moonbitlang/core] bench builtin/range_equal_bench_test.mbt:56 ("bench range_equal StringView== n=4 equal") ok
time (mean ± σ)         range (min … max) 
   7.16 ns ±   0.36 ns     6.86 ns …   7.62 ns  in 10 × 100000 runs
[moonbitlang/core] bench builtin/range_equal_bench_test.mbt:61 ("bench range_equal StringView== n=8 equal") ok
time (mean ± σ)         range (min … max) 
   7.27 ns ±   0.38 ns     6.96 ns …   7.74 ns  in 10 × 100000 runs
[moonbitlang/core] bench builtin/range_equal_bench_test.mbt:66 ("bench range_equal StringView== n=8 mismatch at end") ok
time (mean ± σ)         range (min … max) 
  22.80 ns ±   0.77 ns    21.38 ns …  23.66 ns  in 10 × 100000 runs
[moonbitlang/core] bench builtin/range_equal_bench_test.mbt:71 ("bench range_equal StringView== n=16 equal") ok
time (mean ± σ)         range (min … max) 
   7.47 ns ±   0.39 ns     7.15 ns …   7.93 ns  in 10 × 100000 runs
[moonbitlang/core] bench builtin/range_equal_bench_test.mbt:76 ("bench range_equal StringView== n=16 mismatch at end") ok
time (mean ± σ)         range (min … max) 
  39.81 ns ±   0.44 ns    39.41 ns …  40.35 ns  in 10 × 100000 runs
[moonbitlang/core] bench builtin/range_equal_bench_test.mbt:81 ("bench range_equal StringView== n=15 equal") ok
time (mean ± σ)         range (min … max) 
   7.44 ns ±   0.39 ns     7.13 ns …   7.95 ns  in 10 × 100000 runs
[moonbitlang/core] bench builtin/range_equal_bench_test.mbt:86 ("bench range_equal StringView== n=64 equal") ok
time (mean ± σ)         range (min … max) 
   8.84 ns ±   0.37 ns     8.51 ns …   9.31 ns  in 10 × 100000 runs
[moonbitlang/core] bench builtin/range_equal_bench_test.mbt:91 ("bench range_equal StringView== n=64 mismatch at end") ok
time (mean ± σ)         range (min … max) 
 145.22 ns ±   0.60 ns   144.44 ns … 146.01 ns  in 10 × 100000 runs
[moonbitlang/core] bench builtin/range_equal_bench_test.mbt:96 ("bench range_equal StringView== n=1024 equal") ok
time (mean ± σ)         range (min … max) 
  35.23 ns ±   0.46 ns    34.81 ns …  35.79 ns  in 10 × 100000 runs
[moonbitlang/core] bench builtin/range_equal_bench_test.mbt:101 ("bench range_equal StringView== n=1024 mismatch at end") ok
time (mean ± σ)         range (min … max) 
   2.85 µs ±   1.05 µs     2.08 µs …   4.33 µs  in 10 ×  23101 runs
[moonbitlang/core] bench builtin/range_equal_bench_test.mbt:106 ("bench range_equal StringView== n=1024 mismatch at 0") ok
time (mean ± σ)         range (min … max) 
   8.45 ns ±   0.39 ns     8.10 ns …   8.99 ns  in 10 × 100000 runs
[moonbitlang/core] bench builtin/range_equal_bench_test.mbt:111 ("bench range_equal StringView== n=65536 equal") ok
time (mean ± σ)         range (min … max) 
   1.87 µs ±  18.51 ns     1.86 µs …   1.92 µs  in 10 ×  51972 runs
[moonbitlang/core] bench builtin/range_equal_bench_test.mbt:116 ("bench range_equal StringView== n=65536 mismatch at end") ok
time (mean ± σ)         range (min … max) 
 281.48 µs ±   1.23 µs   279.29 µs … 282.51 µs  in 10 ×    357 runs
[moonbitlang/core] bench builtin/range_equal_bench_test.mbt:121 ("bench range_equal BytesView== n=4 equal") ok
time (mean ± σ)         range (min … max) 
   7.95 ns ±   0.38 ns     7.64 ns …   8.44 ns  in 10 × 100000 runs
[moonbitlang/core] bench builtin/range_equal_bench_test.mbt:126 ("bench range_equal BytesView== n=8 equal") ok
time (mean ± σ)         range (min … max) 
  11.05 ns ±   0.42 ns    10.66 ns …  11.55 ns  in 10 × 100000 runs
[moonbitlang/core] bench builtin/range_equal_bench_test.mbt:131 ("bench range_equal BytesView== n=8 mismatch at end") ok
time (mean ± σ)         range (min … max) 
  10.29 ns ±   0.47 ns     9.62 ns …  10.91 ns  in 10 × 100000 runs
[moonbitlang/core] bench builtin/range_equal_bench_test.mbt:136 ("bench range_equal BytesView== n=16 equal") ok
time (mean ± σ)         range (min … max) 
  15.41 ns ±   0.43 ns    15.06 ns …  16.01 ns  in 10 × 100000 runs
[moonbitlang/core] bench builtin/range_equal_bench_test.mbt:141 ("bench range_equal BytesView== n=16 mismatch at end") ok
time (mean ± σ)         range (min … max) 
  14.92 ns ±   0.74 ns    13.74 ns …  15.80 ns  in 10 × 100000 runs
[moonbitlang/core] bench builtin/range_equal_bench_test.mbt:146 ("bench range_equal BytesView== n=31 equal") ok
time (mean ± σ)         range (min … max) 
  26.55 ns ±   0.70 ns    25.94 ns …  28.11 ns  in 10 × 100000 runs
[moonbitlang/core] bench builtin/range_equal_bench_test.mbt:151 ("bench range_equal BytesView== n=64 equal") ok
time (mean ± σ)         range (min … max) 
  40.79 ns ±   0.77 ns    39.51 ns …  41.80 ns  in 10 × 100000 runs
[moonbitlang/core] bench builtin/range_equal_bench_test.mbt:156 ("bench range_equal BytesView== n=64 mismatch at end") ok
time (mean ± σ)         range (min … max) 
  40.48 ns ±   0.81 ns    38.70 ns …  41.50 ns  in 10 × 100000 runs
[moonbitlang/core] bench builtin/range_equal_bench_test.mbt:161 ("bench range_equal BytesView== n=1024 equal") ok
time (mean ± σ)         range (min … max) 
 609.36 ns ±   3.87 ns   602.35 ns … 613.62 ns  in 10 × 100000 runs
[moonbitlang/core] bench builtin/range_equal_bench_test.mbt:166 ("bench range_equal BytesView== n=1024 mismatch at end") ok
time (mean ± σ)         range (min … max) 
 612.39 ns ±   1.75 ns   609.49 ns … 614.58 ns  in 10 × 100000 runs
[moonbitlang/core] bench builtin/range_equal_bench_test.mbt:171 ("bench range_equal BytesView== n=1024 mismatch at 0") ok
time (mean ± σ)         range (min … max) 
   5.21 ns ±   0.37 ns     4.85 ns …   5.62 ns  in 10 × 100000 runs
[moonbitlang/core] bench builtin/range_equal_bench_test.mbt:176 ("bench range_equal BytesView== n=65536 equal") ok
time (mean ± σ)         range (min … max) 
  38.52 µs ± 145.83 ns    38.25 µs …  38.68 µs  in 10 ×   2593 runs
[moonbitlang/core] bench builtin/range_equal_bench_test.mbt:181 ("bench range_equal BytesView== n=65536 mismatch at end") ok
time (mean ± σ)         range (min … max) 
  38.54 µs ±  77.39 ns    38.32 µs …  38.59 µs  in 10 ×   2593 runs
[moonbitlang/core] bench builtin/range_equal_bench_test.mbt:186 ("bench range_equal StringView::has_prefix prefix=32 hit") ok
time (mean ± σ)         range (min … max) 
 100.51 ns ±   2.02 ns    96.07 ns … 102.07 ns  in 10 × 100000 runs
[moonbitlang/core] bench builtin/range_equal_bench_test.mbt:193 ("bench range_equal StringView::has_prefix prefix=32 miss at end") ok
time (mean ± σ)         range (min … max) 
 102.87 ns ±   1.36 ns    99.71 ns … 104.17 ns  in 10 × 100000 runs
[moonbitlang/core] bench builtin/linked_hash_map_bench_test.mbt:19 ("bench Map::set n=50000") ok
time (mean ± σ)         range (min … max) 
   3.43 ms ± 332.94 µs     3.07 ms …   3.95 ms  in 10 ×     34 runs
[moonbitlang/core] bench builtin/linked_hash_map_bench_test.mbt:30 ("bench Map::get n=50000") ok
time (mean ± σ)         range (min … max) 
 954.09 µs ±  41.07 µs   935.03 µs …   1.07 ms  in 10 ×    100 runs
[moonbitlang/core] bench builtin/linked_hash_map_bench_test.mbt:47 ("bench Map::get miss n=50000") ok
time (mean ± σ)         range (min … max) 
   1.12 ms ±  16.23 µs     1.10 ms …   1.14 ms  in 10 ×     88 runs
[moonbitlang/core] bench builtin/linked_hash_map_bench_test.mbt:67 ("bench Map::set+remove n=50000") ok
time (mean ± σ)         range (min … max) 
   4.70 ms ± 113.60 µs     4.59 ms …   4.99 ms  in 10 ×     20 runs
[moonbitlang/core] bench builtin/linked_hash_map_bench_test.mbt:83 ("bench Map::each n=50000") ok
time (mean ± σ)         range (min … max) 
  70.87 µs ± 826.35 ns    69.11 µs …  71.48 µs  in 10 ×   1459 runs
[moonbitlang/core] bench builtin/linked_hash_map_bench_test.mbt:101 ("bench Map::filter n=50000") ok
time (mean ± σ)         range (min … max) 
   1.12 ms ±  62.02 µs     1.09 ms …   1.25 ms  in 10 ×     92 runs
[moonbitlang/core] bench builtin/linked_hash_map_bench_test.mbt:107 ("bench Map comprehension filter n=50000") ok
time (mean ± σ)         range (min … max) 
   3.19 ms ±  23.08 µs     3.16 ms …   3.22 ms  in 10 ×     27 runs
[moonbitlang/core] bench builtin/lexical_compare_bench_test.mbt:42 ("bench lexical_compare equal n=256") ok
time (mean ± σ)         range (min … max) 
 211.90 ns ±   0.40 ns   211.21 ns … 212.46 ns  in 10 × 100000 runs
[moonbitlang/core] bench builtin/lexical_compare_bench_test.mbt:47 ("bench lexical_compare common-prefix n=256") ok
time (mean ± σ)         range (min … max) 
 199.93 ns ±   1.82 ns   195.93 ns … 201.49 ns  in 10 × 100000 runs
[moonbitlang/core] bench builtin/lexical_compare_bench_test.mbt:52 ("bench lexical_compare early-diff n=256") ok
time (mean ± σ)         range (min … max) 
   6.78 ns ±   0.43 ns     6.18 ns …   7.33 ns  in 10 × 100000 runs
[moonbitlang/core] bench builtin/lexical_compare_bench_test.mbt:89 ("bench String::lexical_compare equal n=256") ok
time (mean ± σ)         range (min … max) 
   1.14 µs ±  32.70 ns     1.12 µs …   1.23 µs  in 10 ×  88418 runs
[moonbitlang/core] bench builtin/lexical_compare_bench_test.mbt:94 ("bench String::lexical_compare common-prefix n=256") ok
time (mean ± σ)         range (min … max) 
   1.19 µs ±   6.58 ns     1.18 µs …   1.21 µs  in 10 ×  86494 runs
[moonbitlang/core] bench builtin/lexical_compare_bench_test.mbt:99 ("bench String::lexical_compare early-diff n=256") ok
time (mean ± σ)         range (min … max) 
  13.21 ns ±   0.44 ns    12.45 ns …  13.81 ns  in 10 × 100000 runs
[moonbitlang/core] bench builtin/lexical_compare_bench_test.mbt:104 ("bench StringView::lexical_compare equal n=256") ok
time (mean ± σ)         range (min … max) 
   1.12 µs ±  11.98 ns     1.10 µs …   1.14 µs  in 10 ×  88524 runs
[moonbitlang/core] bench builtin/lexical_compare_bench_test.mbt:109 ("bench StringView::lexical_compare common-prefix n=256") ok
time (mean ± σ)         range (min … max) 
   1.18 µs ±   5.55 ns     1.18 µs …   1.20 µs  in 10 ×  86020 runs
[moonbitlang/core] bench builtin/lexical_compare_bench_test.mbt:114 ("bench StringView::lexical_compare early-diff n=256") ok
time (mean ± σ)         range (min … max) 
  13.03 ns ±   0.65 ns    12.01 ns …  13.84 ns  in 10 × 100000 runs
[moonbitlang/core] bench builtin/lexical_compare_bench_test.mbt:121 ("bench String::compare equal-length common-prefix n=256") ok
time (mean ± σ)         range (min … max) 
   1.10 µs ±   9.75 ns     1.09 µs …   1.12 µs  in 10 ×  87522 runs
[moonbitlang/core] bench builtin/lexical_compare_bench_test.mbt:128 ("bench StringView::compare equal-length common-prefix n=256") ok
time (mean ± σ)         range (min … max) 
   1.12 µs ±   4.26 ns     1.12 µs …   1.14 µs  in 10 ×  90021 runs
[moonbitlang/core] bench builtin/lexical_compare_bench_test.mbt:135 ("bench StringView::compare_ignore_ascii_case common-prefix n=256") ok
time (mean ± σ)         range (min … max) 
   1.12 µs ±   9.30 ns     1.12 µs …   1.15 µs  in 10 ×  87555 runs
[moonbitlang/core] bench builtin/contains_code_unit_bench_test.mbt:19 ("bench contains_code_unit absent n=4") ok
time (mean ± σ)         range (min … max) 
  10.12 ns ±   0.42 ns     9.75 ns …  10.64 ns  in 10 × 100000 runs
[moonbitlang/core] bench builtin/contains_code_unit_bench_test.mbt:25 ("bench contains_code_unit absent n=8") ok
time (mean ± σ)         range (min … max) 
  13.78 ns ±   0.71 ns    12.84 ns …  14.71 ns  in 10 × 100000 runs
[moonbitlang/core] bench builtin/contains_code_unit_bench_test.mbt:31 ("bench contains_code_unit present@0 n=8") ok
time (mean ± σ)         range (min … max) 
   5.42 ns ±   0.37 ns     5.05 ns …   5.80 ns  in 10 × 100000 runs
[moonbitlang/core] bench builtin/contains_code_unit_bench_test.mbt:37 ("bench contains_code_unit absent n=16") ok
time (mean ± σ)         range (min … max) 
  23.55 ns ±   0.47 ns    23.03 ns …  24.28 ns  in 10 × 100000 runs
[moonbitlang/core] bench builtin/contains_code_unit_bench_test.mbt:43 ("bench contains_code_unit absent n=64") ok
time (mean ± σ)         range (min … max) 
  82.55 ns ±   0.97 ns    81.02 ns …  83.96 ns  in 10 × 100000 runs
[moonbitlang/core] bench builtin/contains_code_unit_bench_test.mbt:49 ("bench contains_code_unit absent n=256") ok
time (mean ± σ)         range (min … max) 
 302.95 ns ±   5.23 ns   296.00 ns … 309.27 ns  in 10 × 100000 runs
[moonbitlang/core] bench builtin/contains_code_unit_bench_test.mbt:55 ("bench contains_code_unit present@end n=256") ok
time (mean ± σ)         range (min … max) 
 305.58 ns ±   2.01 ns   300.54 ns … 307.28 ns  in 10 × 100000 runs
[moonbitlang/core] bench builtin/contains_code_unit_bench_test.mbt:61 ("bench contains_code_unit present@0 n=256") ok
time (mean ± σ)         range (min … max) 
   5.48 ns ±   0.40 ns     5.10 ns …   5.91 ns  in 10 × 100000 runs
[moonbitlang/core] bench builtin/contains_code_unit_bench_test.mbt:67 ("bench StringView contains_code_unit absent n=256") ok
time (mean ± σ)         range (min … max) 
 310.43 ns ±   2.38 ns   304.05 ns … 312.11 ns  in 10 × 100000 runs
[moonbitlang/core] bench builtin/bytesview_compare_bench_test.mbt:16 ("bench BytesView Compare equal n=1000000") ok
time (mean ± σ)         range (min … max) 
   1.44 ms ± 259.09 µs     1.20 ms …   1.72 ms  in 10 ×     59 runs
[moonbitlang/core] bench builtin/bytesview_compare_bench_test.mbt:23 ("bench BytesView Compare last-diff n=1000000") ok
time (mean ± σ)         range (min … max) 
 741.67 µs ±   2.35 µs   738.42 µs … 745.21 µs  in 10 ×    135 runs
[moonbitlang/core] bench builtin/bytes_unsafe_bench_test.mbt:31 ("bench Bytes::unsafe_read_uint16_le n=4096") ok
time (mean ± σ)         range (min … max) 
   2.74 µs ±  30.00 ns     2.71 µs …   2.81 µs  in 10 ×  36576 runs
[moonbitlang/core] bench builtin/bytes_unsafe_bench_test.mbt:43 ("bench Bytes::unsafe_read_uint32_le n=4096") ok
time (mean ± σ)         range (min … max) 
   4.09 µs ±  40.65 ns     3.99 µs …   4.15 µs  in 10 ×  24445 runs
[moonbitlang/core] bench builtin/bytes_unsafe_bench_test.mbt:55 ("bench Bytes::unsafe_read_uint64_le n=4096") ok
time (mean ± σ)         range (min … max) 
 319.09 µs ±  12.29 µs   313.93 µs … 353.87 µs  in 10 ×    234 runs
[moonbitlang/core] bench builtin/bytes_unsafe_bench_test.mbt:67 ("bench FixedArray::unsafe_write_uint16_le n=4096") ok
time (mean ± σ)         range (min … max) 
   2.46 µs ±  30.66 ns     2.43 µs …   2.52 µs  in 10 ×  40988 runs
[moonbitlang/core] bench builtin/bytes_unsafe_bench_test.mbt:78 ("bench FixedArray::unsafe_write_uint32_le n=4096") ok
time (mean ± σ)         range (min … max) 
   3.71 µs ±  41.91 ns     3.69 µs …   3.81 µs  in 10 ×  27336 runs
[moonbitlang/core] bench builtin/bytes_unsafe_bench_test.mbt:89 ("bench FixedArray::unsafe_write_uint64_le n=4096") ok
time (mean ± σ)         range (min … max) 
 584.78 µs ± 870.62 ns   582.64 µs … 585.50 µs  in 10 ×    172 runs
[moonbitlang/core] bench builtin/bytes_output_bench_test.mbt:19 ("bench Bytes Show binary n=100000") ok
time (mean ± σ)         range (min … max) 
   4.65 ms ± 467.08 µs     4.26 ms …   5.42 ms  in 10 ×     16 runs
[moonbitlang/core] bench builtin/bytes_output_bench_test.mbt:24 ("bench Bytes ToJson binary n=100000") ok
time (mean ± σ)         range (min … max) 
   4.96 ms ±   1.03 ms     4.10 ms …   6.69 ms  in 10 ×     16 runs
[moonbitlang/core] bench builtin/bytes_hash_bench_test.mbt:54 ("bench Hash::hash(Bytes) n=32") ok
time (mean ± σ)         range (min … max) 
  20.38 ns ±   0.56 ns    19.29 ns …  21.19 ns  in 10 × 100000 runs
[moonbitlang/core] bench builtin/bytes_hash_bench_test.mbt:60 ("bench Hash::hash(Bytes) n=8192") ok
time (mean ± σ)         range (min … max) 
   4.85 µs ±   8.13 ns     4.84 µs …   4.87 µs  in 10 ×  20679 runs
[moonbitlang/core] bench builtin/bytes_hash_bench_test.mbt:66 ("bench Map::at Bytes n=1024 key_bytes=32") ok
time (mean ± σ)         range (min … max) 
  73.67 µs ±   3.09 µs    71.09 µs …  78.93 µs  in 10 ×   1253 runs
[moonbitlang/core] bench builtin/bytes_from_array_bench_test.mbt:30 ("bench Bytes::from_array n=262144 full") ok
time (mean ± σ)         range (min … max) 
 596.60 µs ±  25.95 µs   581.30 µs … 654.19 µs  in 10 ×    149 runs
[moonbitlang/core] bench builtin/bytes_from_array_bench_test.mbt:41 ("bench Bytes::from_array n=262144 sliced") ok
time (mean ± σ)         range (min … max) 
 594.90 µs ±  13.85 µs   588.31 µs … 634.06 µs  in 10 ×    166 runs
[moonbitlang/core] bench builtin/bytes_from_array_bench_test.mbt:48 ("bench Bytes::makei from ArrayView n=262144 full") ok
time (mean ± σ)         range (min … max) 
 550.97 µs ±  12.47 µs   546.21 µs … 586.42 µs  in 10 ×    179 runs
[moonbitlang/core] bench builtin/bytes_from_array_bench_test.mbt:59 ("bench Bytes::makei from ArrayView n=262144 sliced") ok
time (mean ± σ)         range (min … max) 
 554.71 µs ±  13.04 µs   549.71 µs … 591.76 µs  in 10 ×    177 runs
[moonbitlang/core] bench builtin/bytes_equal_bench_test.mbt:37 ("bench Bytes::equal n=100000 equal") ok
time (mean ± σ)         range (min … max) 
  58.97 µs ±  25.41 ns    58.93 µs …  59.00 µs  in 10 ×   1357 runs
[moonbitlang/core] bench builtin/bytes_equal_bench_test.mbt:44 ("bench Bytes::equal n=100000 aliased object") ok
time (mean ± σ)         range (min … max) 
  87.85 µs ± 453.51 ns    86.82 µs …  88.26 µs  in 10 ×   1133 runs
[moonbitlang/core] bench builtin/bytes_equal_bench_test.mbt:54 ("bench Bytes::equal n=100000 mismatch at end") ok
time (mean ± σ)         range (min … max) 
  58.93 µs ±  59.50 ns    58.81 µs …  59.03 µs  in 10 ×   1362 runs
[moonbitlang/core] bench builtin/bytes_add_bench_test.mbt:16 ("bench Bytes add total=1000000") ok
time (mean ± σ)         range (min … max) 
   2.39 ms ± 144.78 µs     2.22 ms …   2.54 ms  in 10 ×     38 runs
[moonbitlang/core] bench builtin/bitstring_uint_aligned_bench_test.mbt:24 ("bench Bytes::unsafe_extract_uint_le_aligned n=8192") ok
time (mean ± σ)         range (min … max) 
   2.28 µs ±  33.65 ns     2.25 µs …   2.34 µs  in 10 ×  43902 runs
[moonbitlang/core] bench builtin/bitstring_uint64_aligned_bench_test.mbt:24 ("bench Bytes::unsafe_extract_uint64_le_aligned n=8192") ok
time (mean ± σ)         range (min … max) 
  78.42 µs ± 266.37 ns    77.93 µs …  78.69 µs  in 10 ×   1279 runs
[moonbitlang/core] bench builtin/bitstring_extract_bench_test.mbt:35 ("bench BytesView uint_le aligned len=32") ok
time (mean ± σ)         range (min … max) 
   2.56 µs ±  27.89 ns     2.54 µs …   2.62 µs  in 10 ×  39233 runs
[moonbitlang/core] bench builtin/bitstring_extract_bench_test.mbt:48 ("bench BytesView uint_be aligned len=32") ok
time (mean ± σ)         range (min … max) 
   2.63 µs ±  26.34 ns     2.61 µs …   2.69 µs  in 10 ×  38561 runs
[moonbitlang/core] bench builtin/bitstring_extract_bench_test.mbt:61 ("bench ArrayView uint_le aligned len=32") ok
time (mean ± σ)         range (min … max) 
   4.11 µs ±  46.19 ns     4.07 µs …   4.22 µs  in 10 ×  24413 runs
[moonbitlang/core] bench builtin/bitstring_extract_bench_test.mbt:75 ("bench ArrayView uint_be aligned len=32") ok
time (mean ± σ)         range (min … max) 
   4.25 µs ±  47.20 ns     4.23 µs …   4.37 µs  in 10 ×  23639 runs
[moonbitlang/core] bench builtin/bitstring_extract_bench_test.mbt:89 ("bench BytesView uint64_le aligned len=64") ok
time (mean ± σ)         range (min … max) 
  83.55 µs ±   5.72 µs    81.15 µs …  99.59 µs  in 10 ×   1237 runs
[moonbitlang/core] bench builtin/bitstring_extract_bench_test.mbt:102 ("bench BytesView uint64_be aligned len=64") ok
time (mean ± σ)         range (min … max) 
  82.53 µs ± 192.08 ns    82.32 µs …  82.82 µs  in 10 ×   1215 runs
[moonbitlang/core] bench builtin/bitstring_extract_bench_test.mbt:115 ("bench ArrayView uint64_le aligned len=64") ok
time (mean ± σ)         range (min … max) 
  85.84 µs ± 679.41 ns    85.22 µs …  87.12 µs  in 10 ×   1148 runs
[moonbitlang/core] bench builtin/bitstring_extract_bench_test.mbt:129 ("bench ArrayView uint64_be aligned len=64") ok
time (mean ± σ)         range (min … max) 
  86.71 µs ± 340.85 ns    86.32 µs …  87.36 µs  in 10 ×   1153 runs
[moonbitlang/core] bench builtin/bitstring_extract_bench_test.mbt:143 ("bench BytesView uint_le unaligned len=32") ok
time (mean ± σ)         range (min … max) 
  28.54 µs ±  18.62 ns    28.51 µs …  28.57 µs  in 10 ×   3500 runs
[moonbitlang/core] bench builtin/bitstring_extract_bench_test.mbt:156 ("bench BytesView uint64_le unaligned len=64") ok
time (mean ± σ)         range (min … max) 
 105.52 µs ± 247.61 ns   105.19 µs … 105.91 µs  in 10 ×    951 runs
[moonbitlang/core] bench builtin/bitstring_extract_bench_test.mbt:169 ("bench BytesView uint_le aligned len=16") ok
time (mean ± σ)         range (min … max) 
   4.04 µs ±  38.96 ns     4.00 µs …   4.13 µs  in 10 ×  24830 runs
[moonbitlang/core] bench builtin/bitstring_extract_bench_test.mbt:182 ("bench BytesView uint_le aligned len=24") ok
time (mean ± σ)         range (min … max) 
  23.20 µs ± 468.40 ns    22.94 µs …  24.41 µs  in 10 ×   4353 runs
[moonbitlang/core] bench builtin/array_retain_bench_test.mbt:29 ("bench Array::retain all keep Int n=100000") ok
time (mean ± σ)         range (min … max) 
  73.56 µs ±  70.72 ns    73.45 µs …  73.68 µs  in 10 ×   1359 runs
[moonbitlang/core] bench builtin/array_retain_bench_test.mbt:42 ("bench Array::retain all keep Ref n=100000") ok
time (mean ± σ)         range (min … max) 
  89.06 µs ±  78.69 ns    88.91 µs …  89.20 µs  in 10 ×   1122 runs
[moonbitlang/core] bench builtin/array_retain_bench_test.mbt:55 ("bench Array::retain drop tail n=100000") ok
time (mean ± σ)         range (min … max) 
 200.73 µs ±  17.08 µs   193.17 µs … 249.15 µs  in 10 ×    509 runs
[moonbitlang/core] bench builtin/array_retain_bench_test.mbt:66 ("bench Array::retain late sparse drop n=100000") ok
time (mean ± σ)         range (min … max) 
 231.35 µs ±   1.27 µs   229.75 µs … 233.05 µs  in 10 ×    436 runs
[moonbitlang/core] bench builtin/array_retain_bench_test.mbt:77 ("bench Array::retain drop first n=100000") ok
time (mean ± σ)         range (min … max) 
 241.37 µs ±   1.22 µs   239.76 µs … 243.39 µs  in 10 ×    411 runs
[moonbitlang/core] bench builtin/array_make_blit_bench_test.mbt:32 ("bench FixedArray::copy Ref n=1000000") ok
time (mean ± σ)         range (min … max) 
   1.37 ms ±  91.68 µs     1.24 ms …   1.48 ms  in 10 ×     73 runs
[moonbitlang/core] bench builtin/array_make_blit_bench_test.mbt:38 ("bench Array::from_fixed_array Ref n=1000000") ok
time (mean ± σ)         range (min … max) 
   4.12 ms ± 267.56 µs     3.76 ms …   4.42 ms  in 10 ×     27 runs
[moonbitlang/core] bench builtin/array_make_blit_bench_test.mbt:44 ("bench Array::add Ref n=500000+500000") ok
time (mean ± σ)         range (min … max) 
   3.98 ms ± 253.90 µs     3.62 ms …   4.20 ms  in 10 ×     28 runs
[moonbitlang/core] bench builtin/array_make_blit_bench_test.mbt:51 ("bench ArrayView::add Ref n=500000+500000") ok
time (mean ± σ)         range (min … max) 
   3.95 ms ± 226.19 µs     3.63 ms …   4.19 ms  in 10 ×     28 runs
[moonbitlang/core] bench builtin/array_make_blit_bench_test.mbt:60 ("bench Array::blit_to Ref n=1000000 overwrite") ok
time (mean ± σ)         range (min … max) 
   2.22 ms ±   1.60 µs     2.21 ms …   2.22 ms  in 10 ×     46 runs
[moonbitlang/core] bench builtin/array_make_blit_bench_test.mbt:70 ("bench Array::blit_to Ref n=1000000 grow") ok
time (mean ± σ)         range (min … max) 
   4.01 ms ± 249.13 µs     3.64 ms …   4.20 ms  in 10 ×     28 runs
[moonbitlang/core] bench builtin/array_make_blit_bench_test.mbt:80 ("bench ArrayView::blit_to Ref n=1000000 overwrite") ok
time (mean ± σ)         range (min … max) 
   2.22 ms ±   2.08 µs     2.21 ms …   2.22 ms  in 10 ×     46 runs
[moonbitlang/core] bench builtin/array_make_blit_bench_test.mbt:90 ("bench ArrayView::blit_to Ref n=1000000 grow") ok
time (mean ± σ)         range (min … max) 
   4.01 ms ± 246.48 µs     3.66 ms …   4.27 ms  in 10 ×     28 runs
[moonbitlang/core] bench builtin/array_make_blit_bench_test.mbt:100 ("bench Array::append Ref n=1000000 grow") ok
time (mean ± σ)         range (min … max) 
  10.20 ms ± 671.48 µs     9.29 ms …  11.01 ms  in 10 ×     12 runs
[moonbitlang/core] bench builtin/array_make_blit_bench_test.mbt:110 ("bench Array::push Ref n=1000000 resize") ok
time (mean ± σ)         range (min … max) 
   9.55 ms ± 598.76 µs     8.90 ms …  10.45 ms  in 10 ×     11 runs
[moonbitlang/core] bench builtin/array_make_blit_bench_test.mbt:129 ("bench Array::copy Int n=1000000") ok
time (mean ± σ)         range (min … max) 
   1.21 ms ±  72.97 µs     1.07 ms …   1.26 ms  in 10 ×     84 runs
[moonbitlang/core] bench builtin/array_make_blit_bench_test.mbt:135 ("bench Array::copy Ref n=1000000") ok
time (mean ± σ)         range (min … max) 
   1.37 ms ± 120.14 µs     1.21 ms …   1.50 ms  in 10 ×     70 runs
[moonbitlang/core] bench builtin/array_locals_bench_test.mbt:29 ("bench Array::retain_map n=100000") ok
time (mean ± σ)         range (min … max) 
 112.31 µs ±   1.82 µs   110.48 µs … 114.09 µs  in 10 ×    906 runs
[moonbitlang/core] bench builtin/array_locals_bench_test.mbt:38 ("bench Array::shuffle_in_place n=100000") ok
time (mean ± σ)         range (min … max) 
 221.89 µs ± 745.00 ns   220.68 µs … 222.82 µs  in 10 ×    450 runs
[moonbitlang/core] bench builtin/array_locals_bench_test.mbt:50 ("bench Array::filter_map n=100000") ok
time (mean ± σ)         range (min … max) 
 257.23 µs ±   6.29 µs   252.46 µs … 274.35 µs  in 10 ×    389 runs
[moonbitlang/core] bench builtin/array_locals_bench_test.mbt:58 ("bench FixedArray::each n=100000") ok
time (mean ± σ)         range (min … max) 
  59.54 µs ±   3.66 µs    56.86 µs …  66.47 µs  in 10 ×   1714 runs
[moonbitlang/core] bench builtin/array_locals_bench_test.mbt:68 ("bench FixedArray::eachi n=100000") ok
time (mean ± σ)         range (min … max) 
  61.77 µs ±   1.17 µs    60.00 µs …  63.36 µs  in 10 ×   1580 runs
[moonbitlang/core] bench builtin/array_locals_bench_test.mbt:78 ("bench FixedArray::rev_each n=100000") ok
time (mean ± σ)         range (min … max) 
 515.15 µs ± 148.41 ns   514.96 µs … 515.39 µs  in 10 ×    195 runs
[moonbitlang/core] bench builtin/array_locals_bench_test.mbt:88 ("bench FixedArray::rev_eachi n=100000") ok
time (mean ± σ)         range (min … max) 
  77.09 µs ± 258.62 ns    76.66 µs …  77.31 µs  in 10 ×   1294 runs
[moonbitlang/core] bench builtin/array_locals_bench_test.mbt:98 ("bench FixedArray::map n=100000") ok
time (mean ± σ)         range (min … max) 
 253.07 µs ±   6.60 µs   246.51 µs … 268.91 µs  in 10 ×    398 runs
[moonbitlang/core] bench builtin/array_locals_bench_test.mbt:104 ("bench FixedArray::mapi n=100000") ok
time (mean ± σ)         range (min … max) 
 254.37 µs ±   4.28 µs   251.30 µs … 265.01 µs  in 10 ×    397 runs
[moonbitlang/core] bench builtin/array_locals_bench_test.mbt:110 ("bench FixedArray::makei n=100000") ok
time (mean ± σ)         range (min … max) 
 272.24 µs ±   6.15 µs   269.66 µs … 289.70 µs  in 10 ×    374 runs
[moonbitlang/core] bench builtin/array_locals_bench_test.mbt:115 ("bench FixedArray::fold n=100000") ok
time (mean ± σ)         range (min … max) 
  57.65 µs ±   2.23 µs    55.22 µs …  63.02 µs  in 10 ×   1714 runs
[moonbitlang/core] bench builtin/array_locals_bench_test.mbt:121 ("bench FixedArray::rev_fold n=100000") ok
time (mean ± σ)         range (min … max) 
 515.07 µs ± 189.61 ns   514.89 µs … 515.43 µs  in 10 ×    195 runs
[moonbitlang/core] bench builtin/array_locals_bench_test.mbt:127 ("bench FixedArray::foldi n=100000") ok
time (mean ± σ)         range (min … max) 
  60.23 µs ± 508.33 ns    59.79 µs …  61.40 µs  in 10 ×   1651 runs
[moonbitlang/core] bench builtin/array_locals_bench_test.mbt:133 ("bench FixedArray::rev_foldi n=100000") ok
time (mean ± σ)         range (min … max) 
  67.76 µs ± 167.70 ns    67.50 µs …  68.02 µs  in 10 ×   1471 runs
[moonbitlang/core] bench builtin/array_locals_bench_test.mbt:139 ("bench ArrayView::chunk_by n=100000") ok
time (mean ± σ)         range (min … max) 
 110.30 µs ± 116.20 ns   110.01 µs … 110.42 µs  in 10 ×    907 runs
[moonbitlang/core] bench builtin/array_locals_bench_test.mbt:146 ("bench ArrayView::each n=100000") ok
time (mean ± σ)         range (min … max) 
  62.96 µs ± 540.95 ns    62.63 µs …  64.31 µs  in 10 ×   1541 runs
[moonbitlang/core] bench builtin/array_locals_bench_test.mbt:157 ("bench ArrayView::eachi n=100000") ok
time (mean ± σ)         range (min … max) 
  66.01 µs ± 258.04 ns    65.53 µs …  66.22 µs  in 10 ×   1511 runs
[moonbitlang/core] bench builtin/array_locals_bench_test.mbt:168 ("bench ArrayView::rev_each n=100000") ok
time (mean ± σ)         range (min … max) 
  69.80 µs ±   1.86 µs    69.04 µs …  75.07 µs  in 10 ×   1443 runs
[moonbitlang/core] bench builtin/array_locals_bench_test.mbt:179 ("bench ArrayView::rev_eachi n=100000") ok
time (mean ± σ)         range (min … max) 
  75.57 µs ± 140.27 ns    75.23 µs …  75.71 µs  in 10 ×   1325 runs
[moonbitlang/core] bench builtin/array_locals_bench_test.mbt:190 ("bench ArrayView::all n=100000") ok
time (mean ± σ)         range (min … max) 
  85.01 µs ± 377.99 ns    84.60 µs …  85.54 µs  in 10 ×   1173 runs
[moonbitlang/core] bench builtin/array_locals_bench_test.mbt:197 ("bench ArrayView::any n=100000") ok
time (mean ± σ)         range (min … max) 
  85.30 µs ±   1.31 µs    83.45 µs …  87.18 µs  in 10 ×   1174 runs
[moonbitlang/core] bench builtin/array_locals_bench_test.mbt:204 ("bench ArrayView::search_by n=100000") ok
time (mean ± σ)         range (min … max) 
  85.28 µs ± 852.70 ns    84.02 µs …  86.50 µs  in 10 ×   1157 runs
[moonbitlang/core] bench builtin/array_locals_bench_test.mbt:213 ("bench ArrayView::fold n=100000") ok
time (mean ± σ)         range (min … max) 
  63.35 µs ±   1.09 µs    62.40 µs …  65.06 µs  in 10 ×   1538 runs
[moonbitlang/core] bench builtin/array_locals_bench_test.mbt:220 ("bench ArrayView::rev_fold n=100000") ok
time (mean ± σ)         range (min … max) 
 515.50 µs ± 274.18 ns   515.20 µs … 516.07 µs  in 10 ×    195 runs
[moonbitlang/core] bench builtin/array_locals_bench_test.mbt:227 ("bench ArrayView::foldi n=100000") ok
time (mean ± σ)         range (min … max) 
  66.22 µs ± 126.75 ns    65.90 µs …  66.35 µs  in 10 ×   1509 runs
[moonbitlang/core] bench builtin/array_locals_bench_test.mbt:234 ("bench ArrayView::rev_foldi n=100000") ok
time (mean ± σ)         range (min … max) 
  78.98 µs ± 289.75 ns    78.52 µs …  79.41 µs  in 10 ×   1255 runs
[moonbitlang/core] bench builtin/array_locals_bench_test.mbt:241 ("bench ArrayView::map n=100000") ok
time (mean ± σ)         range (min … max) 
 197.12 µs ±  10.31 µs   191.66 µs … 216.81 µs  in 10 ×    520 runs
[moonbitlang/core] bench builtin/array_locals_bench_test.mbt:248 ("bench ArrayView::mapi n=100000") ok
time (mean ± σ)         range (min … max) 
 195.98 µs ±  10.03 µs   189.17 µs … 214.85 µs  in 10 ×    520 runs
[moonbitlang/core] bench builtin/array_locals_bench_test.mbt:255 ("bench ArrayView::filter n=100000") ok
time (mean ± σ)         range (min … max) 
 254.40 µs ±   5.93 µs   252.17 µs … 271.25 µs  in 10 ×    397 runs
[moonbitlang/core] bench builtin/array_locals_bench_test.mbt:262 ("bench ArrayView::filter_map n=100000") ok
time (mean ± σ)         range (min … max) 
 259.23 µs ±   6.17 µs   254.96 µs … 276.59 µs  in 10 ×    388 runs
[moonbitlang/core] bench bytes/find_bench_test.mbt:92 ("bench BytesView::find single byte hit end n=4096") ok
time (mean ± σ)         range (min … max) 
   2.35 µs ±  20.46 ns     2.32 µs …   2.37 µs  in 10 ×  42311 runs
[moonbitlang/core] bench bytes/find_bench_test.mbt:99 ("bench BytesView::find single byte miss n=4096") ok
time (mean ± σ)         range (min … max) 
   2.34 µs ±  13.03 ns     2.31 µs …   2.35 µs  in 10 ×  42664 runs
[moonbitlang/core] bench bytes/find_bench_test.mbt:106 ("bench BytesView::find substring rare hit end n=4096") ok
time (mean ± σ)         range (min … max) 
   2.32 µs ±   1.50 ns     2.31 µs …   2.32 µs  in 10 ×  42890 runs
[moonbitlang/core] bench bytes/find_bench_test.mbt:113 ("bench BytesView::find substring dense miss n=4096") ok
time (mean ± σ)         range (min … max) 
   2.34 µs ±   7.91 ns     2.32 µs …   2.35 µs  in 10 ×  42717 runs
[moonbitlang/core] bench bytes/find_bench_test.mbt:120 ("bench BytesView::find offset view rare hit end n=4096") ok
time (mean ± σ)         range (min … max) 
   2.35 µs ±  12.54 ns     2.32 µs …   2.36 µs  in 10 ×  42668 runs
[moonbitlang/core] bench bytes/find_bench_test.mbt:127 ("bench BytesView::find long dense miss n=4096") ok
time (mean ± σ)         range (min … max) 
   5.04 µs ±   3.69 ns     5.03 µs …   5.04 µs  in 10 ×  19815 runs
[moonbitlang/core] bench bytes/find_bench_test.mbt:134 ("bench BytesView::find single byte miss n=32") ok
time (mean ± σ)         range (min … max) 
  23.98 ns ±   0.28 ns    23.34 ns …  24.23 ns  in 10 × 100000 runs
[moonbitlang/core] bench bytes/find_bench_test.mbt:141 ("bench BytesView::find substring miss n=32") ok
time (mean ± σ)         range (min … max) 
  22.27 ns ±   0.22 ns    21.93 ns …  22.49 ns  in 10 × 100000 runs
[moonbitlang/core] bench bytes/find_bench_test.mbt:148 ("bench BytesView::rev_find single byte hit start n=4096") ok
time (mean ± σ)         range (min … max) 
   2.35 µs ±   6.80 ns     2.34 µs …   2.36 µs  in 10 ×  42427 runs
[moonbitlang/core] bench bytes/find_bench_test.mbt:155 ("bench BytesView::rev_find single byte miss n=4096") ok
time (mean ± σ)         range (min … max) 
   2.34 µs ±  20.84 ns     2.29 µs …   2.35 µs  in 10 ×  42520 runs
[moonbitlang/core] bench bytes/find_bench_test.mbt:162 ("bench BytesView::rev_find substring rare hit start n=4096") ok
time (mean ± σ)         range (min … max) 
   2.35 µs ±  66.05 ns     2.29 µs …   2.47 µs  in 10 ×  43491 runs
[moonbitlang/core] bench bytes/find_bench_test.mbt:169 ("bench BytesView::rev_find substring dense miss n=4096") ok
time (mean ± σ)         range (min … max) 
   3.46 µs ±  30.28 ns     3.42 µs …   3.53 µs  in 10 ×  29583 runs
[moonbitlang/core] bench bytes/find_bench_test.mbt:176 ("bench BytesView::rev_find offset view rare hit start n=4096") ok
time (mean ± σ)         range (min … max) 
   2.32 µs ±  16.08 ns     2.30 µs …   2.34 µs  in 10 ×  43689 runs
[moonbitlang/core] bench bytes/find_bench_test.mbt:185 ("bench BytesView::rev_find long dense miss n=4096") ok
time (mean ± σ)         range (min … max) 
   3.51 µs ±  16.94 ns     3.49 µs …   3.54 µs  in 10 ×  28437 runs
[moonbitlang/core] bench debug/debug_inspect_bench_test.mbt:16 ("bench debug_inspect passing Int") ok
time (mean ± σ)         range (min … max) 
  45.58 ns ±   0.35 ns    45.05 ns …  46.15 ns  in 10 × 100000 runs
[moonbitlang/core] bench debug/debug_inspect_bench_test.mbt:21 ("bench debug_inspect passing Array") ok
time (mean ± σ)         range (min … max) 
 873.10 ns ±   0.72 ns   872.15 ns … 874.54 ns  in 10 × 100000 runs
[moonbitlang/core] bench deque/deque_bench_test.mbt:22 ("bench Deque::to_array Int n=50000") ok
time (mean ± σ)         range (min … max) 
 137.99 µs ±   5.84 µs   135.06 µs … 151.31 µs  in 10 ×    644 runs
[moonbitlang/core] bench deque/deque_bench_test.mbt:28 ("bench Deque::to_array Ref n=50000") ok
time (mean ± σ)         range (min … max) 
 145.95 µs ±   5.03 µs   143.17 µs … 157.23 µs  in 10 ×    622 runs
[moonbitlang/core] bench deque/deque_bench_test.mbt:34 ("bench Deque steady-state pop_front/push_back x100000 len=1000") ok
time (mean ± σ)         range (min … max) 
 560.22 µs ±   4.98 µs   558.37 µs … 574.38 µs  in 10 ×    180 runs
[moonbitlang/core] bench deque/deque_bench_test.mbt:51 ("bench Deque steady-state push_front/pop_back x100000 len=1000") ok
time (mean ± σ)         range (min … max) 
 558.42 µs ± 743.20 ns   556.37 µs … 558.94 µs  in 10 ×    179 runs
[moonbitlang/core] bench deque/deque_bench_test.mbt:67 ("bench Deque::get x100000 len=1000") ok
time (mean ± σ)         range (min … max) 
 630.06 µs ±   1.63 µs   629.30 µs … 634.66 µs  in 10 ×    158 runs
[moonbitlang/core] bench encoding/ascii/ascii_bench_test.mbt:40 ("bench ASCII decode n=15") ok
time (mean ± σ)         range (min … max) 
 125.54 ns ±   0.35 ns   125.06 ns … 126.12 ns  in 10 × 100000 runs
[moonbitlang/core] bench encoding/ascii/ascii_bench_test.mbt:46 ("bench ASCII decode n=16") ok
time (mean ± σ)         range (min … max) 
 127.96 ns ±   0.45 ns   127.53 ns … 129.12 ns  in 10 × 100000 runs
[moonbitlang/core] bench encoding/ascii/ascii_bench_test.mbt:52 ("bench ASCII decode n=32") ok
time (mean ± σ)         range (min … max) 
 212.63 ns ±   0.73 ns   211.73 ns … 213.95 ns  in 10 × 100000 runs
[moonbitlang/core] bench encoding/ascii/ascii_bench_test.mbt:58 ("bench ASCII decode n=64") ok
time (mean ± σ)         range (min … max) 
 396.23 ns ±   0.93 ns   394.95 ns … 397.55 ns  in 10 × 100000 runs
[moonbitlang/core] bench encoding/ascii/ascii_bench_test.mbt:64 ("bench ASCII decode n=100000") ok
time (mean ± σ)         range (min … max) 
 632.86 µs ±   5.45 µs   626.02 µs … 640.97 µs  in 10 ×    159 runs
[moonbitlang/core] bench encoding/ascii/ascii_bench_test.mbt:70 ("bench ASCII decode n=1000000") ok
time (mean ± σ)         range (min … max) 
   6.80 ms ±  27.78 µs     6.77 ms …   6.87 ms  in 10 ×     15 runs
[moonbitlang/core] bench encoding/base64/v128_bench_wbtest.mbt:38 ("bench encode scalar n=64") ok
time (mean ± σ)         range (min … max) 
 498.60 ns ±   0.61 ns   497.95 ns … 499.64 ns  in 10 × 100000 runs
[moonbitlang/core] bench encoding/base64/v128_bench_wbtest.mbt:43 ("bench encode v128 n=64") ok
time (mean ± σ)         range (min … max) 
 500.77 ns ±   1.30 ns   499.41 ns … 502.80 ns  in 10 × 100000 runs
[moonbitlang/core] bench encoding/base64/v128_bench_wbtest.mbt:48 ("bench encode scalar n=1024") ok
time (mean ± σ)         range (min … max) 
   7.22 µs ± 441.67 ns     6.94 µs …   8.46 µs  in 10 ×  14158 runs
[moonbitlang/core] bench encoding/base64/v128_bench_wbtest.mbt:53 ("bench encode v128 n=1024") ok
time (mean ± σ)         range (min … max) 
   7.11 µs ±  51.47 ns     7.02 µs …   7.18 µs  in 10 ×  14209 runs
[moonbitlang/core] bench encoding/base64/v128_bench_wbtest.mbt:58 ("bench encode scalar n=65536") ok
time (mean ± σ)         range (min … max) 
 599.12 µs ±   2.72 µs   595.82 µs … 601.60 µs  in 10 ×    168 runs
[moonbitlang/core] bench encoding/base64/v128_bench_wbtest.mbt:63 ("bench encode v128 n=65536") ok
time (mean ± σ)         range (min … max) 
 598.32 µs ±   2.22 µs   594.30 µs … 600.39 µs  in 10 ×    169 runs
[moonbitlang/core] bench encoding/base64/v128_bench_wbtest.mbt:68 ("bench decode scalar n=64") ok
time (mean ± σ)         range (min … max) 
 669.86 ns ±   1.19 ns   667.66 ns … 671.53 ns  in 10 × 100000 runs
[moonbitlang/core] bench encoding/base64/v128_bench_wbtest.mbt:75 ("bench decode v128 n=64") ok
time (mean ± σ)         range (min … max) 
 673.04 ns ±   0.97 ns   670.82 ns … 674.04 ns  in 10 × 100000 runs
[moonbitlang/core] bench encoding/base64/v128_bench_wbtest.mbt:80 ("bench decode scalar n=1024") ok
time (mean ± σ)         range (min … max) 
  10.51 µs ± 236.13 ns    10.32 µs …  11.00 µs  in 10 ×   9335 runs
[moonbitlang/core] bench encoding/base64/v128_bench_wbtest.mbt:87 ("bench decode v128 n=1024") ok
time (mean ± σ)         range (min … max) 
   9.99 µs ± 192.92 ns     9.90 µs …  10.52 µs  in 10 ×   9790 runs
[moonbitlang/core] bench encoding/base64/v128_bench_wbtest.mbt:92 ("bench decode scalar n=65536") ok
time (mean ± σ)         range (min … max) 
 818.76 µs ±  27.82 µs   805.21 µs … 895.53 µs  in 10 ×    111 runs
[moonbitlang/core] bench encoding/base64/v128_bench_wbtest.mbt:99 ("bench decode v128 n=65536") ok
time (mean ± σ)         range (min … max) 
 803.98 µs ±  12.31 µs   793.15 µs … 825.71 µs  in 10 ×    109 runs
[moonbitlang/core] bench encoding/hex/v128_bench_wbtest.mbt:34 ("bench encode scalar 4k") ok
time (mean ± σ)         range (min … max) 
  40.88 µs ± 192.71 ns    40.69 µs …  41.20 µs  in 10 ×   2474 runs
[moonbitlang/core] bench encoding/hex/v128_bench_wbtest.mbt:39 ("bench encode public 64") ok
time (mean ± σ)         range (min … max) 
 681.67 ns ±   0.36 ns   681.14 ns … 682.09 ns  in 10 × 100000 runs
[moonbitlang/core] bench encoding/hex/v128_bench_wbtest.mbt:44 ("bench encode public 4k") ok
time (mean ± σ)         range (min … max) 
  40.62 µs ±  97.53 ns    40.46 µs …  40.73 µs  in 10 ×   2502 runs
[moonbitlang/core] bench encoding/hex/v128_bench_wbtest.mbt:49 ("bench encode public 64k") ok
time (mean ± σ)         range (min … max) 
   1.08 ms ±   1.80 µs     1.08 ms …   1.09 ms  in 10 ×     93 runs
[moonbitlang/core] bench encoding/hex/v128_bench_wbtest.mbt:54 ("bench decode scalar 4k") ok
time (mean ± σ)         range (min … max) 
  44.33 µs ± 397.84 ns    43.77 µs …  44.96 µs  in 10 ×   2248 runs
[moonbitlang/core] bench encoding/hex/v128_bench_wbtest.mbt:62 ("bench decode public 4k") ok
time (mean ± σ)         range (min … max) 
  45.20 µs ±   1.38 µs    44.13 µs …  48.64 µs  in 10 ×   2253 runs
[moonbitlang/core] bench encoding/hex/v128_bench_wbtest.mbt:70 ("bench decode public 64k") ok
time (mean ± σ)         range (min … max) 
 637.94 µs ±   1.77 µs   633.27 µs … 639.37 µs  in 10 ×    156 runs
[moonbitlang/core] bench encoding/utf16/utf16_v128_bench_test.mbt:57 ("bench utf16 encode ASCII LE n=100000") ok
time (mean ± σ)         range (min … max) 
 186.29 µs ±  10.12 µs   181.41 µs … 212.36 µs  in 10 ×    406 runs
[moonbitlang/core] bench encoding/utf16/utf16_v128_bench_test.mbt:63 ("bench utf16 encode ASCII BE n=100000") ok
time (mean ± σ)         range (min … max) 
 240.44 µs ± 410.22 ns   239.40 µs … 240.77 µs  in 10 ×    417 runs
[moonbitlang/core] bench encoding/utf16/utf16_v128_bench_test.mbt:69 ("bench utf16 encode mixed LE n=100000") ok
time (mean ± σ)         range (min … max) 
 185.99 µs ±   9.39 µs   181.59 µs … 210.76 µs  in 10 ×    420 runs
[moonbitlang/core] bench encoding/utf16/utf16_v128_bench_test.mbt:75 ("bench utf16 encode mixed BE n=100000") ok
time (mean ± σ)         range (min … max) 
 240.60 µs ± 258.91 ns   240.14 µs … 240.82 µs  in 10 ×    418 runs
[moonbitlang/core] bench encoding/utf16/utf16_v128_bench_test.mbt:81 ("bench utf16 decode ASCII LE n=100000") ok
time (mean ± σ)         range (min … max) 
 798.02 µs ± 403.94 ns   797.51 µs … 798.64 µs  in 10 ×    126 runs
[moonbitlang/core] bench encoding/utf16/utf16_v128_bench_test.mbt:87 ("bench utf16 decode ASCII BE n=100000") ok
time (mean ± σ)         range (min … max) 
 821.46 µs ± 378.13 ns   820.91 µs … 822.18 µs  in 10 ×    122 runs
[moonbitlang/core] bench encoding/utf16/utf16_v128_bench_test.mbt:95 ("bench utf16 decode mixed LE n=100000") ok
time (mean ± σ)         range (min … max) 
 848.06 µs ±  43.74 µs   830.03 µs … 971.75 µs  in 10 ×    120 runs
[moonbitlang/core] bench encoding/utf16/utf16_v128_bench_test.mbt:101 ("bench utf16 decode mixed BE n=100000") ok
time (mean ± σ)         range (min … max) 
 854.33 µs ± 632.10 ns   853.07 µs … 855.04 µs  in 10 ×    117 runs
[moonbitlang/core] bench encoding/utf16/utf16_v128_bench_test.mbt:109 ("bench utf16 decode emoji LE n=100000") ok
time (mean ± σ)         range (min … max) 
 716.47 µs ±   2.01 µs   714.40 µs … 720.36 µs  in 10 ×    139 runs
[moonbitlang/core] bench encoding/utf16/utf16_v128_bench_test.mbt:115 ("bench utf16 decode emoji BE n=100000") ok
time (mean ± σ)         range (min … max) 
 787.07 µs ± 960.48 ns   785.92 µs … 788.26 µs  in 10 ×    121 runs
[moonbitlang/core] bench hashmap/hashmap_bench_test.mbt:19 ("bench HashMap::set n=50000") ok
time (mean ± σ)         range (min … max) 
   2.10 ms ±  24.88 µs     2.07 ms …   2.14 ms  in 10 ×     48 runs
[moonbitlang/core] bench hashmap/hashmap_bench_test.mbt:30 ("bench HashMap::get n=50000") ok
time (mean ± σ)         range (min … max) 
 418.43 µs ±   5.99 µs   406.29 µs … 423.25 µs  in 10 ×    218 runs
[moonbitlang/core] bench hashmap/hashmap_bench_test.mbt:47 ("bench HashMap::get miss n=50000") ok
time (mean ± σ)         range (min … max) 
 582.43 µs ±  13.08 µs   562.34 µs … 591.02 µs  in 10 ×    169 runs
[moonbitlang/core] bench hashmap/hashmap_bench_test.mbt:67 ("bench HashMap::set+remove n=50000") ok
time (mean ± σ)         range (min … max) 
   3.16 ms ±  28.17 µs     3.12 ms …   3.21 ms  in 10 ×     32 runs
[moonbitlang/core] bench hashmap/hashmap_bench_test.mbt:87 ("bench HashMap::copy+remove n=50000") ok
time (mean ± σ)         range (min … max) 
   1.63 ms ± 136.90 µs     1.54 ms …   1.94 ms  in 10 ×     64 runs
[moonbitlang/core] bench hashmap/hashmap_bench_test.mbt:102 ("bench HashMap::copy n=50000") ok
time (mean ± σ)         range (min … max) 
   1.06 ms ±  66.14 µs   976.59 µs …   1.15 ms  in 10 ×     91 runs
[moonbitlang/core] bench hashmap/hashmap_bench_test.mbt:114 ("bench HashMap::to_array Int n=50000") ok
time (mean ± σ)         range (min … max) 
 920.76 µs ±  13.04 µs   898.98 µs … 942.28 µs  in 10 ×    115 runs
[moonbitlang/core] bench hashmap/hashmap_bench_test.mbt:123 ("bench HashMap::to_array Ref n=50000") ok
time (mean ± σ)         range (min … max) 
 913.75 µs ±  22.45 µs   884.24 µs … 952.72 µs  in 10 ×    110 runs
[moonbitlang/core] bench hashmap/hashmap_bench_test.mbt:141 ("bench HashMap::filter n=50000") ok
time (mean ± σ)         range (min … max) 
   1.12 ms ±   3.66 µs     1.11 ms …   1.12 ms  in 10 ×     90 runs
[moonbitlang/core] bench hashmap/hashmap_bench_test.mbt:147 ("bench HashMap comprehension filter n=50000") ok
time (mean ± σ)         range (min … max) 
   3.72 ms ±  81.81 µs     3.58 ms …   3.83 ms  in 10 ×     27 runs
[moonbitlang/core] bench hashset/set_algebra_bench_test.mbt:26 ("bench HashSet::union String 10k 50% overlap") ok
time (mean ± σ)         range (min … max) 
 587.80 µs ±   3.69 µs   584.15 µs … 594.61 µs  in 10 ×    168 runs
[moonbitlang/core] bench hashset/set_algebra_bench_test.mbt:33 ("bench HashSet::union Int 10k 50% overlap") ok
time (mean ± σ)         range (min … max) 
 567.06 µs ±  20.90 µs   553.96 µs … 624.68 µs  in 10 ×    176 runs
[moonbitlang/core] bench hashset/set_algebra_bench_test.mbt:40 ("bench HashSet::intersection String 10k 50% overlap") ok
time (mean ± σ)         range (min … max) 
 374.28 µs ±  16.73 µs   343.75 µs … 385.72 µs  in 10 ×    258 runs
[moonbitlang/core] bench hashset/set_algebra_bench_test.mbt:47 ("bench HashSet::difference String 10k 50% overlap") ok
time (mean ± σ)         range (min … max) 
 368.59 µs ±  16.54 µs   343.66 µs … 380.35 µs  in 10 ×    261 runs
[moonbitlang/core] bench hashset/set_algebra_bench_test.mbt:54 ("bench HashSet::is_subset String 10k true") ok
time (mean ± σ)         range (min … max) 
 216.22 µs ±   3.82 µs   211.70 µs … 219.72 µs  in 10 ×    458 runs
[moonbitlang/core] bench hashset/set_algebra_bench_test.mbt:61 ("bench HashSet == String 10k") ok
time (mean ± σ)         range (min … max) 
 211.61 µs ±   2.57 µs   208.74 µs … 215.66 µs  in 10 ×    463 runs
[moonbitlang/core] bench hashset/set_algebra_bench_test.mbt:68 ("bench HashSet == Int 10k") ok
time (mean ± σ)         range (min … max) 
  86.88 µs ±  20.71 µs    66.22 µs … 108.03 µs  in 10 ×    934 runs
[moonbitlang/core] bench hashset/hashset_bench_test.mbt:19 ("bench HashSet::add n=50000") ok
time (mean ± σ)         range (min … max) 
   2.36 ms ±  41.36 µs     2.32 ms …   2.42 ms  in 10 ×     43 runs
[moonbitlang/core] bench hashset/hashset_bench_test.mbt:30 ("bench HashSet::contains n=50000") ok
time (mean ± σ)         range (min … max) 
   1.06 ms ±   6.90 µs     1.05 ms …   1.07 ms  in 10 ×     90 runs
[moonbitlang/core] bench hashset/hashset_bench_test.mbt:56 ("bench HashSet::filter n=50000") ok
time (mean ± σ)         range (min … max) 
 481.41 µs ±  22.62 µs   466.66 µs … 537.51 µs  in 10 ×    214 runs
[moonbitlang/core] bench hashset/hashset_bench_test.mbt:62 ("bench HashSet comprehension filter n=50000") ok
time (mean ± σ)         range (min … max) 
   1.43 ms ±   1.27 µs     1.42 ms …   1.43 ms  in 10 ×     71 runs
[moonbitlang/core] bench immut/hashmap/update_bench_test.mbt:21 ("bench HashMap::remove absent x1000 n=100000") ok
time (mean ± σ)         range (min … max) 
  44.98 µs ± 296.33 ns    44.62 µs …  45.26 µs  in 10 ×   2214 runs
[moonbitlang/core] bench immut/hashmap/update_bench_test.mbt:32 ("bench HashMap::remove present x1000 n=100000") ok
time (mean ± σ)         range (min … max) 
 208.93 µs ±   2.07 µs   205.81 µs … 211.55 µs  in 10 ×    486 runs
[moonbitlang/core] bench immut/hashmap/update_bench_test.mbt:43 ("bench HashMap::union with a derived version n=100000") ok
time (mean ± σ)         range (min … max) 
   1.00 µs ±   1.04 ns     1.00 µs …   1.01 µs  in 10 ×  99722 runs
[moonbitlang/core] bench immut/hashmap/update_bench_test.mbt:49 ("bench HashMap::intersection with a derived version n=100000") ok
time (mean ± σ)         range (min … max) 
 897.74 ns ±   1.01 ns   896.17 ns … 899.22 ns  in 10 × 100000 runs
[moonbitlang/core] bench immut/hashmap/hashmap_build_bench_test.mbt:37 ("bench HashMap constructor ordered n=10000") ok
time (mean ± σ)         range (min … max) 
   1.37 ms ±   9.46 µs     1.36 ms …   1.39 ms  in 10 ×     73 runs
[moonbitlang/core] bench immut/hashmap/hashmap_build_bench_test.mbt:43 ("bench HashMap constructor random n=10000") ok
time (mean ± σ)         range (min … max) 
   1.37 ms ± 113.86 µs     1.32 ms …   1.69 ms  in 10 ×     75 runs
[moonbitlang/core] bench immut/hashmap/hashmap_build_bench_test.mbt:49 ("bench HashMap::from_iter random n=10000") ok
time (mean ± σ)         range (min … max) 
   1.41 ms ±   9.57 µs     1.40 ms …   1.43 ms  in 10 ×     72 runs
[moonbitlang/core] bench immut/hashset/update_bench_test.mbt:21 ("bench HashSet::add existing x1000 n=100000") ok
time (mean ± σ)         range (min … max) 
  54.55 µs ± 300.95 ns    53.87 µs …  55.13 µs  in 10 ×   1871 runs
[moonbitlang/core] bench immut/hashset/update_bench_test.mbt:32 ("bench HashSet::remove absent x1000 n=100000") ok
time (mean ± σ)         range (min … max) 
  44.47 µs ±  20.48 ns    44.46 µs …  44.52 µs  in 10 ×   2272 runs
[moonbitlang/core] bench immut/hashset/update_bench_test.mbt:43 ("bench HashSet::add new x1000 n=100000") ok
time (mean ± σ)         range (min … max) 
 200.86 µs ±   3.67 µs   197.76 µs … 207.09 µs  in 10 ×    501 runs
[moonbitlang/core] bench immut/hashset/update_bench_test.mbt:54 ("bench HashSet::union with a derived version n=100000") ok
time (mean ± σ)         range (min … max) 
 787.34 ns ±   0.62 ns   786.27 ns … 788.04 ns  in 10 × 100000 runs
[moonbitlang/core] bench immut/hashset/hashset_build_bench_test.mbt:34 ("bench HashSet constructor ordered n=10000") ok
time (mean ± σ)         range (min … max) 
   1.30 ms ±   9.58 µs     1.29 ms …   1.32 ms  in 10 ×     76 runs
[moonbitlang/core] bench immut/hashset/hashset_build_bench_test.mbt:40 ("bench HashSet constructor random n=10000") ok
time (mean ± σ)         range (min … max) 
   1.32 ms ±  95.59 µs     1.28 ms …   1.59 ms  in 10 ×     77 runs
[moonbitlang/core] bench immut/hashset/hashset_build_bench_test.mbt:46 ("bench HashSet::from_iter random n=10000") ok
time (mean ± σ)         range (min … max) 
   1.39 ms ±  11.66 µs     1.37 ms …   1.41 ms  in 10 ×     73 runs
[moonbitlang/core] bench immut/priority_queue/priority_queue_build_bench_test.mbt:38 ("bench PriorityQueue::from_array ordered n=10000") ok
time (mean ± σ)         range (min … max) 
 100.49 µs ±   1.65 µs    99.34 µs … 104.83 µs  in 10 ×    924 runs
[moonbitlang/core] bench immut/priority_queue/priority_queue_build_bench_test.mbt:44 ("bench PriorityQueue::from_array reverse n=10000") ok
time (mean ± σ)         range (min … max) 
  80.74 µs ± 259.93 ns    80.37 µs …  81.08 µs  in 10 ×   1178 runs
[moonbitlang/core] bench immut/priority_queue/priority_queue_build_bench_test.mbt:50 ("bench PriorityQueue::from_array random n=10000") ok
time (mean ± σ)         range (min … max) 
  97.68 µs ±   1.61 µs    96.75 µs … 102.17 µs  in 10 ×    955 runs
[moonbitlang/core] bench immut/priority_queue/priority_queue_build_bench_test.mbt:56 ("bench PriorityQueue::from_iter random n=10000") ok
time (mean ± σ)         range (min … max) 
 111.13 µs ± 727.74 ns   110.42 µs … 112.86 µs  in 10 ×    878 runs
[moonbitlang/core] bench immut/sorted_map/sorted_map_build_bench_test.mbt:54 ("bench SortedMap constructor reverse n=10000") ok
time (mean ± σ)         range (min … max) 
 133.29 µs ± 569.95 ns   132.46 µs … 134.30 µs  in 10 ×    748 runs
[moonbitlang/core] bench immut/sorted_map/sorted_map_build_bench_test.mbt:60 ("bench SortedMap::from_iter ordered n=10000") ok
time (mean ± σ)         range (min … max) 
   4.02 ms ±  21.76 µs     3.99 ms …   4.05 ms  in 10 ×     25 runs
[moonbitlang/core] bench immut/sorted_map/sorted_map_build_bench_test.mbt:66 ("bench SortedMap::from_iter almost ordered n=10000") ok
time (mean ± σ)         range (min … max) 
   4.15 ms ± 271.12 µs     4.01 ms …   4.90 ms  in 10 ×     25 runs
[moonbitlang/core] bench immut/sorted_map/sorted_map_build_bench_test.mbt:72 ("bench SortedMap::from_iter random n=10000") ok
time (mean ± σ)         range (min … max) 
   1.92 ms ±   8.71 µs     1.91 ms …   1.93 ms  in 10 ×     53 runs
[moonbitlang/core] bench immut/sorted_map/sorted_map_build_bench_test.mbt:78 ("bench SortedMap constructor ordered n=10000") ok
time (mean ± σ)         range (min … max) 
 136.12 µs ± 676.69 ns   135.20 µs … 137.05 µs  in 10 ×    733 runs
[moonbitlang/core] bench immut/sorted_map/sorted_map_build_bench_test.mbt:84 ("bench SortedMap constructor almost ordered n=10000") ok
time (mean ± σ)         range (min … max) 
 267.38 µs ±   1.39 µs   265.68 µs … 270.35 µs  in 10 ×    374 runs
[moonbitlang/core] bench immut/sorted_map/sorted_map_build_bench_test.mbt:90 ("bench SortedMap constructor random n=10000") ok
time (mean ± σ)         range (min … max) 
 884.67 µs ±   6.14 µs   876.36 µs … 896.08 µs  in 10 ×    112 runs
[moonbitlang/core] bench immut/sorted_map/merge_bench_test.mbt:29 ("bench merge disjoint n=1000") ok
time (mean ± σ)         range (min … max) 
   3.75 µs ±   8.70 ns     3.74 µs …   3.77 µs  in 10 ×  26049 runs
[moonbitlang/core] bench immut/sorted_map/merge_bench_test.mbt:36 ("bench merge disjoint n=5000") ok
time (mean ± σ)         range (min … max) 
   5.56 µs ±  72.39 ns     5.49 µs …   5.66 µs  in 10 ×  17770 runs
[moonbitlang/core] bench immut/sorted_map/merge_bench_test.mbt:43 ("bench merge disjoint n=10000") ok
time (mean ± σ)         range (min … max) 
   6.83 µs ± 282.08 ns     6.59 µs …   7.54 µs  in 10 ×  14910 runs
[moonbitlang/core] bench immut/sorted_map/merge_bench_test.mbt:50 ("bench merge overlapping 50% n=1000") ok
time (mean ± σ)         range (min … max) 
  10.93 µs ±  72.11 ns    10.85 µs …  11.09 µs  in 10 ×   9069 runs
[moonbitlang/core] bench immut/sorted_map/merge_bench_test.mbt:57 ("bench merge overlapping 50% n=5000") ok
time (mean ± σ)         range (min … max) 
  50.71 µs ± 240.66 ns    50.28 µs …  50.99 µs  in 10 ×   1960 runs
[moonbitlang/core] bench immut/sorted_map/merge_bench_test.mbt:64 ("bench merge overlapping 50% n=10000") ok
time (mean ± σ)         range (min … max) 
  88.67 µs ± 449.76 ns    88.03 µs …  89.24 µs  in 10 ×   1129 runs
[moonbitlang/core] bench immut/sorted_map/merge_bench_test.mbt:71 ("bench merge identical n=1000") ok
time (mean ± σ)         range (min … max) 
  11.27 µs ±   5.93 ns    11.27 µs …  11.28 µs  in 10 ×   8856 runs
[moonbitlang/core] bench immut/sorted_map/merge_bench_test.mbt:78 ("bench merge identical n=5000") ok
time (mean ± σ)         range (min … max) 
  55.44 µs ± 121.39 ns    55.27 µs …  55.64 µs  in 10 ×   1792 runs
[moonbitlang/core] bench immut/sorted_map/merge_bench_test.mbt:85 ("bench merge interleaved n=1000") ok
time (mean ± σ)         range (min … max) 
  54.79 µs ± 678.79 ns    54.23 µs …  56.03 µs  in 10 ×   1827 runs
[moonbitlang/core] bench immut/sorted_map/merge_bench_test.mbt:92 ("bench merge interleaved n=5000") ok
time (mean ± σ)         range (min … max) 
 307.93 µs ±   1.14 µs   306.19 µs … 309.42 µs  in 10 ×    326 runs
[moonbitlang/core] bench immut/sorted_map/merge_bench_test.mbt:99 ("bench merge small into large n=100+10000") ok
time (mean ± σ)         range (min … max) 
   5.02 µs ±  40.42 ns     4.97 µs …   5.11 µs  in 10 ×  19793 runs
[moonbitlang/core] bench immut/sorted_set/sorted_set_build_bench_test.mbt:51 ("bench SortedSet constructor reverse n=10000") ok
time (mean ± σ)         range (min … max) 
 117.50 µs ± 402.48 ns   116.98 µs … 118.15 µs  in 10 ×    846 runs
[moonbitlang/core] bench immut/sorted_set/sorted_set_build_bench_test.mbt:57 ("bench SortedSet::from_iter ordered n=10000") ok
time (mean ± σ)         range (min … max) 
   3.07 ms ±  14.35 µs     3.06 ms …   3.09 ms  in 10 ×     33 runs
[moonbitlang/core] bench immut/sorted_set/sorted_set_build_bench_test.mbt:63 ("bench SortedSet::from_iter almost ordered n=10000") ok
time (mean ± σ)         range (min … max) 
   3.06 ms ±  21.78 µs     3.04 ms …   3.10 ms  in 10 ×     33 runs
[moonbitlang/core] bench immut/sorted_set/sorted_set_build_bench_test.mbt:69 ("bench SortedSet::from_iter rev almost ordered n=10000") ok
time (mean ± σ)         range (min … max) 
   3.39 ms ±  31.19 µs     3.36 ms …   3.44 ms  in 10 ×     30 runs
[moonbitlang/core] bench immut/sorted_set/sorted_set_build_bench_test.mbt:75 ("bench SortedSet::from_iter random n=10000") ok
time (mean ± σ)         range (min … max) 
   1.78 ms ±   5.33 µs     1.77 ms …   1.79 ms  in 10 ×     57 runs
[moonbitlang/core] bench immut/sorted_set/sorted_set_build_bench_test.mbt:81 ("bench SortedSet constructor ordered n=10000") ok
time (mean ± σ)         range (min … max) 
 120.05 µs ± 397.07 ns   119.57 µs … 120.89 µs  in 10 ×    826 runs
[moonbitlang/core] bench immut/sorted_set/sorted_set_build_bench_test.mbt:87 ("bench SortedSet constructor almost ordered n=10000") ok
time (mean ± σ)         range (min … max) 
 187.73 µs ±  10.60 µs   182.00 µs … 216.50 µs  in 10 ×    541 runs
[moonbitlang/core] bench immut/sorted_set/sorted_set_build_bench_test.mbt:93 ("bench SortedSet constructor random n=10000") ok
time (mean ± σ)         range (min … max) 
 528.26 µs ±   2.40 µs   524.62 µs … 531.01 µs  in 10 ×    185 runs
[moonbitlang/core] bench immut/vector/vector_iter_bench_test.mbt:24 ("bench Vector::iter fold n=100000") ok
time (mean ± σ)         range (min … max) 
 639.64 µs ±   1.84 µs   638.35 µs … 643.26 µs  in 10 ×    157 runs
[moonbitlang/core] bench immut/vector/vector_iter_bench_test.mbt:30 ("bench Vector::iter each n=100000") ok
time (mean ± σ)         range (min … max) 
 640.10 µs ± 210.26 ns   639.77 µs … 640.38 µs  in 10 ×    157 runs
[moonbitlang/core] bench immut/vector/vector_iter_bench_test.mbt:40 ("bench Vector::iter to_array n=100000") ok
time (mean ± σ)         range (min … max) 
   1.42 ms ± 168.70 µs     1.15 ms …   1.53 ms  in 10 ×     88 runs
[moonbitlang/core] bench immut/vector/vector_iter_bench_test.mbt:46 ("bench Vector::for-in n=100000") ok
time (mean ± σ)         range (min … max) 
 637.14 µs ± 387.19 ns   636.41 µs … 637.57 µs  in 10 ×    157 runs
[moonbitlang/core] bench immut/vector/vector_contains_bench_test.mbt:24 ("bench Vector::contains missing n=100000") ok
time (mean ± σ)         range (min … max) 
  90.11 µs ± 433.80 ns    89.01 µs …  90.53 µs  in 10 ×   1105 runs
[moonbitlang/core] bench immut/vector/vector_contains_bench_test.mbt:30 ("bench Vector::contains tree-end n=100000") ok
time (mean ± σ)         range (min … max) 
  91.09 µs ±   2.17 µs    89.20 µs …  96.83 µs  in 10 ×   1105 runs
[moonbitlang/core] bench immut/vector/vector_contains_bench_test.mbt:36 ("bench Vector::contains tail-end n=100000") ok
time (mean ± σ)         range (min … max) 
  91.44 µs ± 125.83 ns    91.20 µs …  91.53 µs  in 10 ×   1113 runs
[moonbitlang/core] bench internal/strconv/parse_double_bench_test.mbt:48 ("bench parse_double fast digits n=4096") ok
time (mean ± σ)         range (min … max) 
 740.44 µs ±   6.95 µs   730.79 µs … 753.26 µs  in 10 ×    127 runs
[moonbitlang/core] bench internal/strconv/parse_double_bench_test.mbt:55 ("bench parse_double underscores n=4096") ok
time (mean ± σ)         range (min … max) 
 979.48 µs ±   4.67 µs   976.40 µs … 988.58 µs  in 10 ×     94 runs
[moonbitlang/core] bench internal/strconv/parse_double_bench_test.mbt:62 ("bench parse_double long mantissa n=4096") ok
time (mean ± σ)         range (min … max) 
   2.49 ms ±   2.39 µs     2.48 ms …   2.49 ms  in 10 ×     40 runs
[moonbitlang/core] bench json/stringify_indent_bench_test.mbt:45 ("bench Json::stringify deep wide indent=2 n=10000") ok
time (mean ± σ)         range (min … max) 
 248.97 µs ± 457.86 ns   248.27 µs … 249.47 µs  in 10 ×    404 runs
[moonbitlang/core] bench json/stringify_indent_bench_test.mbt:54 ("bench Json::stringify compact n=10000") ok
time (mean ± σ)         range (min … max) 
 184.15 µs ± 307.51 ns   183.84 µs … 184.74 µs  in 10 ×    544 runs
[moonbitlang/core] bench json/stringify_indent_bench_test.mbt:60 ("bench Json::stringify shallow wide indent=2 n=500") ok
time (mean ± σ)         range (min … max) 
 264.02 µs ±  19.16 µs   256.88 µs … 318.35 µs  in 10 ×    389 runs
[moonbitlang/core] bench json/stringify_indent_bench_test.mbt:66 ("bench Json::stringify shallow wide compact n=500") ok
time (mean ± σ)         range (min … max) 
 193.71 µs ± 345.08 ns   193.30 µs … 194.37 µs  in 10 ×    509 runs
[moonbitlang/core] bench json/stringify_escape_bench_test.mbt:24 ("bench Json::stringify strings no escape n=2048") ok
time (mean ± σ)         range (min … max) 
 171.75 µs ± 849.55 ns   170.54 µs … 173.82 µs  in 10 ×    581 runs
[moonbitlang/core] bench json/stringify_escape_bench_test.mbt:30 ("bench Json::stringify strings slash no escape n=2048") ok
time (mean ± σ)         range (min … max) 
 171.83 µs ± 725.66 ns   171.34 µs … 173.81 µs  in 10 ×    585 runs
[moonbitlang/core] bench json/stringify_escape_bench_test.mbt:36 ("bench Json::stringify strings slash escaped n=2048") ok
time (mean ± σ)         range (min … max) 
 451.37 µs ±   1.05 µs   449.45 µs … 452.39 µs  in 10 ×    222 runs
[moonbitlang/core] bench json/stringify_escape_bench_test.mbt:42 ("bench Json::stringify strings quotes controls n=2048") ok
time (mean ± σ)         range (min … max) 
 387.01 µs ± 491.36 ns   386.12 µs … 387.85 µs  in 10 ×    259 runs
[moonbitlang/core] bench json/stringify_escape_bench_test.mbt:48 ("bench Json::stringify 2KB prose one newline n=64") ok
time (mean ± σ)         range (min … max) 
 290.27 µs ± 771.14 ns   289.01 µs … 291.18 µs  in 10 ×    344 runs
[moonbitlang/core] bench json/parse_bench_test.mbt:45 ("bench json parse mixed object array n=1000") ok
time (mean ± σ)         range (min … max) 
   1.65 ms ±   8.58 µs     1.64 ms …   1.66 ms  in 10 ×     61 runs
[moonbitlang/core] bench json/number_bench_test.mbt:64 ("bench json parse int array n=10000") ok
time (mean ± σ)         range (min … max) 
   1.09 ms ±   5.31 µs     1.08 ms …   1.10 ms  in 10 ×     91 runs
[moonbitlang/core] bench json/number_bench_test.mbt:70 ("bench json parse float array n=10000") ok
time (mean ± σ)         range (min … max) 
   2.08 ms ±  68.34 µs     2.03 ms …   2.19 ms  in 10 ×     49 runs
[moonbitlang/core] bench json/number_bench_test.mbt:76 ("bench json parse long mantissa array n=10000") ok
time (mean ± σ)         range (min … max) 
   7.32 ms ± 314.47 µs     7.10 ms …   7.89 ms  in 10 ×     15 runs
[moonbitlang/core] bench json/json_inspect_bench_test.mbt:16 ("bench json_inspect passing Int") ok
time (mean ± σ)         range (min … max) 
  22.39 ns ±   0.24 ns    22.06 ns …  22.83 ns  in 10 × 100000 runs
[moonbitlang/core] bench lazy_list/concat_bench_test.mbt:40 ("bench LazyList build and traverse n=2048") ok
time (mean ± σ)         range (min … max) 
  67.02 µs ± 282.58 ns    66.56 µs …  67.28 µs  in 10 ×   1491 runs
[moonbitlang/core] bench lazy_list/concat_bench_test.mbt:49 ("bench LazyList re-traverse a forced list n=2048") ok
time (mean ± σ)         range (min … max) 
  33.61 µs ±  30.28 ns    33.56 µs …  33.66 µs  in 10 ×   2973 runs
[moonbitlang/core] bench lazy_list/concat_bench_test.mbt:57 ("bench LazyList left-nested concat, build only n=2048") ok
time (mean ± σ)         range (min … max) 
  80.20 µs ± 311.75 ns    79.67 µs …  80.51 µs  in 10 ×   1248 runs
[moonbitlang/core] bench lazy_list/concat_bench_test.mbt:62 ("bench LazyList left-nested concat, build and traverse n=2048") ok
time (mean ± σ)         range (min … max) 
 279.64 µs ±   8.38 µs   275.24 µs … 303.23 µs  in 10 ×    363 runs
[moonbitlang/core] bench lazy_list/concat_bench_test.mbt:69 ("bench LazyList concat while consuming n=2048") ok
time (mean ± σ)         range (min … max) 
 172.54 µs ±   1.77 µs   170.80 µs … 176.79 µs  in 10 ×    585 runs
[moonbitlang/core] bench lexbuf/lexbuf_bench_test.mbt:47 ("bench Lexbuf retained token chunks=10000 size=1") ok
time (mean ± σ)         range (min … max) 
 559.09 µs ± 243.46 ns   558.85 µs … 559.44 µs  in 10 ×    179 runs
[moonbitlang/core] bench lexbuf/lexbuf_bench_test.mbt:52 ("bench Lexbuf retained token chunks=1250 size=8") ok
time (mean ± σ)         range (min … max) 
 103.22 µs ±  65.34 ns   103.13 µs … 103.35 µs  in 10 ×    889 runs
[moonbitlang/core] bench lexbuf/lexbuf_bench_test.mbt:57 ("bench Lexbuf retained token chunks=157 size=64") ok
time (mean ± σ)         range (min … max) 
  61.90 µs ± 112.33 ns    61.80 µs …  62.13 µs  in 10 ×   1615 runs
[moonbitlang/core] bench lexbuf/lexbuf_bench_test.mbt:62 ("bench Lexbuf retained token chunks=20 size=512") ok
time (mean ± σ)         range (min … max) 
  51.13 µs ±  26.16 ns    51.08 µs …  51.16 µs  in 10 ×   1956 runs
[moonbitlang/core] bench quickcheck/shrink_collection_bench_test.mbt:16 ("bench shrink Array first candidate size=10000") ok
time (mean ± σ)         range (min … max) 
 151.26 ns ±   0.92 ns   149.25 ns … 152.19 ns  in 10 × 100000 runs
[moonbitlang/core] bench quickcheck/shrink_collection_bench_test.mbt:22 ("bench shrink List first candidate size=10000") ok
time (mean ± σ)         range (min … max) 
  84.90 µs ± 208.75 ns    84.57 µs …  85.14 µs  in 10 ×   1171 runs
[moonbitlang/core] bench quickcheck/generator_bench_test.mbt:16 ("bench Generator::zip_with n=1000000") ok
time (mean ± σ)         range (min … max) 
 268.23 ms ±  10.01 ms   264.41 ms … 296.66 ms  in 10 ×      1 runs
[moonbitlang/core] bench quickcheck/arbitrary_string_bench_test.mbt:16 ("bench Arbitrary String size=10000 count=100") ok
time (mean ± σ)         range (min … max) 
  61.22 ms ± 104.86 µs    61.12 ms …  61.42 ms  in 10 ×      2 runs
[moonbitlang/core] bench random/random_test.mbt:409 ("bench random") ok
time (mean ± σ)         range (min … max) 
 240.87 ms ± 483.36 µs   240.22 ms … 241.79 ms  in 10 ×      1 runs
[moonbitlang/core] bench set/set_algebra_bench_test.mbt:26 ("bench Set::union String 10k 50% overlap") ok
time (mean ± σ)         range (min … max) 
 717.10 µs ±   8.65 µs   710.57 µs … 732.42 µs  in 10 ×    142 runs
[moonbitlang/core] bench set/set_algebra_bench_test.mbt:33 ("bench Set::union Int 10k 50% overlap") ok
time (mean ± σ)         range (min … max) 
 653.55 µs ±   4.50 µs   646.62 µs … 661.61 µs  in 10 ×    156 runs
[moonbitlang/core] bench set/set_algebra_bench_test.mbt:40 ("bench Set::intersection String 10k 50% overlap") ok
time (mean ± σ)         range (min … max) 
 339.00 µs ±  18.13 µs   330.80 µs … 390.16 µs  in 10 ×    270 runs
[moonbitlang/core] bench set/set_algebra_bench_test.mbt:47 ("bench Set::difference String 10k 50% overlap") ok
time (mean ± σ)         range (min … max) 
 337.39 µs ±   2.74 µs   333.96 µs … 341.47 µs  in 10 ×    291 runs
[moonbitlang/core] bench set/set_algebra_bench_test.mbt:54 ("bench Set::is_subset String 10k true") ok
time (mean ± σ)         range (min … max) 
 165.39 µs ±   3.73 µs   159.74 µs … 168.10 µs  in 10 ×    587 runs
[moonbitlang/core] bench set/set_algebra_bench_test.mbt:61 ("bench Set == String 10k") ok
time (mean ± σ)         range (min … max) 
 170.72 µs ±   1.09 µs   169.47 µs … 171.92 µs  in 10 ×    581 runs
[moonbitlang/core] bench set/set_algebra_bench_test.mbt:68 ("bench Set == Int 10k") ok
time (mean ± σ)         range (min … max) 
 121.38 µs ±   4.66 µs   109.91 µs … 124.29 µs  in 10 ×    999 runs
[moonbitlang/core] bench set/linked_hash_set_bench_test.mbt:19 ("bench Set::add n=50000") ok
time (mean ± σ)         range (min … max) 
   3.36 ms ±  60.03 µs     3.26 ms …   3.44 ms  in 10 ×     31 runs
[moonbitlang/core] bench set/linked_hash_set_bench_test.mbt:30 ("bench Set::contains n=50000") ok
time (mean ± σ)         range (min … max) 
   1.04 ms ±  13.09 µs     1.03 ms …   1.07 ms  in 10 ×     91 runs
[moonbitlang/core] bench set/linked_hash_set_bench_test.mbt:47 ("bench Set::contains miss n=50000") ok
time (mean ± σ)         range (min … max) 
   1.10 ms ±   8.98 µs     1.09 ms …   1.11 ms  in 10 ×     89 runs
[moonbitlang/core] bench set/linked_hash_set_bench_test.mbt:67 ("bench Set::add+remove n=50000") ok
time (mean ± σ)         range (min … max) 
   4.38 ms ±  43.89 µs     4.33 ms …   4.45 ms  in 10 ×     22 runs
[moonbitlang/core] bench set/linked_hash_set_bench_test.mbt:86 ("bench Set::filter n=50000") ok
time (mean ± σ)         range (min … max) 
 464.86 µs ±   2.44 µs   461.08 µs … 468.72 µs  in 10 ×    213 runs
[moonbitlang/core] bench set/linked_hash_set_bench_test.mbt:92 ("bench Set comprehension filter n=50000") ok
time (mean ± σ)         range (min … max) 
   1.34 ms ±   4.16 µs     1.34 ms …   1.35 ms  in 10 ×     75 runs
[moonbitlang/core] bench sorted_set/sorted_set_bench_test.mbt:22 ("bench SortedSet::to_array Int n=50000") ok
time (mean ± σ)         range (min … max) 
 388.52 µs ± 433.14 ns   388.00 µs … 389.12 µs  in 10 ×    253 runs
[moonbitlang/core] bench sorted_set/sorted_set_bench_test.mbt:30 ("bench SortedSet::to_array Ref n=50000") ok
time (mean ± σ)         range (min … max) 
 377.10 µs ± 813.88 ns   375.48 µs … 377.92 µs  in 10 ×    261 runs
[moonbitlang/core] bench string/regex_bench_test.mbt:16 ("bench regex /aa?b/ on 1MB string") ok
time (mean ± σ)         range (min … max) 
   5.92 ms ±   2.89 µs     5.92 ms …   5.93 ms  in 10 ×     17 runs
[moonbitlang/core] bench string/regex_bench_test.mbt:23 ("bench regex phone lines") ok
time (mean ± σ)         range (min … max) 
   4.25 µs ±   5.84 ns     4.24 µs …   4.25 µs  in 10 ×  23514 runs
[moonbitlang/core] bench string/regex_bench_test.mbt:43 ("bench regex large pattern") ok
time (mean ± σ)         range (min … max) 
   3.81 ms ±  64.40 µs     3.77 ms …   3.98 ms  in 10 ×     27 runs
[moonbitlang/core] bench v128/v128_bench_test.mbt:32 ("bench V128 i64x2_add n=10000") ok
time (mean ± σ)         range (min … max) 
 434.55 µs ±   1.64 µs   433.32 µs … 438.08 µs  in 10 ×    227 runs
[moonbitlang/core] bench v128/v128_bench_test.mbt:44 ("bench V128 i32x4_add n=10000") ok
time (mean ± σ)         range (min … max) 
   2.69 ms ±   4.50 µs     2.69 ms …   2.70 ms  in 10 ×     38 runs
[moonbitlang/core] bench v128/v128_bench_test.mbt:56 ("bench V128 i8x16_add n=10000") ok
time (mean ± σ)         range (min … max) 
  12.46 ms ±  28.27 µs    12.43 ms …  12.52 ms  in 10 ×      9 runs
[moonbitlang/core] bench v128/v128_bench_test.mbt:68 ("bench V128 i8x16_splat n=10000") ok
time (mean ± σ)         range (min … max) 
  14.32 ms ± 236.92 µs    14.14 ms …  14.81 ms  in 10 ×      7 runs
[moonbitlang/core] bench v128/v128_bench_test.mbt:79 ("bench V128 i8x16_extract_lane_u n=10000") ok
time (mean ± σ)         range (min … max) 
 255.90 µs ±   6.58 µs   248.81 µs … 264.52 µs  in 10 ×    375 runs
[moonbitlang/core] bench v128/v128_bench_test.mbt:93 ("bench V128 i8x16_replace_lane n=10000") ok
time (mean ± σ)         range (min … max) 
 708.29 µs ±  13.30 µs   696.84 µs … 730.85 µs  in 10 ×    139 runs
[moonbitlang/core] bench v128/v128_bench_test.mbt:108 ("bench V128 i8x16_bitmask n=10000") ok
time (mean ± σ)         range (min … max) 
   4.50 ms ± 308.95 µs     4.35 ms …   5.33 ms  in 10 ×     23 runs
[moonbitlang/core] bench v128/v128_bench_test.mbt:120 ("bench V128 load/store n=10000") ok
time (mean ± σ)         range (min … max) 
   5.55 ms ±  60.50 µs     5.41 ms …   5.61 ms  in 10 ×     19 runs
[moonbitlang/core] bench v128/v128_bench_test.mbt:135 ("bench V128 load8x8_u n=10000") ok
time (mean ± σ)         range (min … max) 
   2.41 ms ±  56.63 µs     2.35 ms …   2.47 ms  in 10 ×     41 runs
[moonbitlang/core] bench v128/v128_bench_test.mbt:147 ("bench V128 load8x8_s n=10000") ok
time (mean ± σ)         range (min … max) 
   2.49 ms ±  76.00 µs     2.42 ms …   2.59 ms  in 10 ×     40 runs
[moonbitlang/core] bench v128/v128_bench_test.mbt:159 ("bench V128 load16x4_u n=10000") ok
time (mean ± σ)         range (min … max) 
   1.90 ms ±  41.15 µs     1.86 ms …   1.95 ms  in 10 ×     51 runs
[moonbitlang/core] bench v128/v128_bench_test.mbt:171 ("bench V128 load16x4_s n=10000") ok
time (mean ± σ)         range (min … max) 
   1.95 ms ±  50.95 µs     1.90 ms …   2.01 ms  in 10 ×     50 runs
[moonbitlang/core] bench v128/v128_bench_test.mbt:183 ("bench V128 load32x2_u n=10000") ok
time (mean ± σ)         range (min … max) 
   1.70 ms ±  42.16 µs     1.64 ms …   1.74 ms  in 10 ×     59 runs
[moonbitlang/core] bench v128/v128_bench_test.mbt:195 ("bench V128 load32x2_s n=10000") ok
time (mean ± σ)         range (min … max) 
   1.71 ms ±  35.60 µs     1.68 ms …   1.76 ms  in 10 ×     58 runs
[moonbitlang/core] bench v128/v128_bench_test.mbt:207 ("bench V128 load_splat n=10000") ok
time (mean ± σ)         range (min … max) 
   8.04 ms ± 139.14 µs     7.81 ms …   8.20 ms  in 10 ×     13 runs
[moonbitlang/core] bench v128/v128_bench_test.mbt:223 ("bench V128 load8_lane n=10000") ok
time (mean ± σ)         range (min … max) 
 714.75 µs ±  13.35 µs   704.86 µs … 734.51 µs  in 10 ×    137 runs
[moonbitlang/core] bench v128/v128_bench_test.mbt:235 ("bench V128 load16_lane n=10000") ok
time (mean ± σ)         range (min … max) 
 713.19 µs ±  13.01 µs   702.50 µs … 735.40 µs  in 10 ×    137 runs
[moonbitlang/core] bench v128/v128_bench_test.mbt:247 ("bench V128 load32_lane n=10000") ok
time (mean ± σ)         range (min … max) 
 713.39 µs ±   9.54 µs   703.35 µs … 726.52 µs  in 10 ×    136 runs
[moonbitlang/core] bench v128/v128_bench_test.mbt:259 ("bench V128 load64_lane n=10000") ok
time (mean ± σ)         range (min … max) 
   1.14 ms ±  28.69 µs     1.11 ms …   1.18 ms  in 10 ×     86 runs
[moonbitlang/core] bench v128/v128_bench_test.mbt:271 ("bench V128 extend i8x16 to i16x8 n=10000") ok
time (mean ± σ)         range (min … max) 
   9.93 ms ±  16.25 µs     9.91 ms …   9.95 ms  in 10 ×     11 runs
[moonbitlang/core] bench v128/v128_bench_test.mbt:285 ("bench V128 extend i16x8 to i32x4 n=10000") ok
time (mean ± σ)         range (min … max) 
   4.07 ms ±  14.05 µs     4.06 ms …   4.09 ms  in 10 ×     25 runs
[moonbitlang/core] bench v128/v128_bench_test.mbt:299 ("bench V128 extend i32x4 to i64x2 n=10000") ok
time (mean ± σ)         range (min … max) 
   2.43 ms ±  11.83 µs     2.42 ms …   2.46 ms  in 10 ×     32 runs
[moonbitlang/core] bench v128/v128_bench_test.mbt:313 ("bench V128 all_true n=10000") ok
time (mean ± σ)         range (min … max) 
 760.33 µs ±   5.38 µs   751.60 µs … 767.60 µs  in 10 ×    132 runs
[moonbitlang/core] bench v128/v128_bench_test.mbt:337 ("bench V128 bitmask all widths n=10000") ok
time (mean ± σ)         range (min … max) 
   8.01 ms ±   6.94 µs     8.00 ms …   8.02 ms  in 10 ×     13 runs
[moonbitlang/core] bench v128/v128_bench_test.mbt:353 ("bench V128 swizzle n=10000") ok
time (mean ± σ)         range (min … max) 
  23.78 ms ±  48.52 µs    23.74 ms …  23.90 ms  in 10 ×      5 runs
[moonbitlang/core] bench v128/v128_bench_test.mbt:371 ("bench V128 shuffle n=10000") ok
time (mean ± σ)         range (min … max) 
  18.52 ms ±  10.79 µs    18.50 ms …  18.53 ms  in 10 ×      6 runs
Total tests: 490, passed: 490, failed: 0.
