[moonbitlang/core] bench argparse/globals_bench_test.mbt:16 ("bench parse inherited globals with an override") ok
time (mean ± σ)         range (min … max) 
   2.73 µs ±  28.77 ns     2.68 µs …   2.77 µs  in 10 ×  36470 runs
[moonbitlang/core] bench bench/hash_bench_test.mbt:16 ("bench Hash for Bytes (small)") ok
time (mean ± σ)         range (min … max) 
  13.48 ns ±   0.41 ns    12.85 ns …  13.91 ns  in 10 × 100000 runs
[moonbitlang/core] bench bench/hash_bench_test.mbt:22 ("bench Hash for Bytes (medium)") ok
time (mean ± σ)         range (min … max) 
 136.86 ns ±   0.17 ns   136.64 ns … 137.15 ns  in 10 × 100000 runs
[moonbitlang/core] bench bench/hash_bench_test.mbt:28 ("bench Hash for Bytes (large)") ok
time (mean ± σ)         range (min … max) 
   2.29 µs ±   7.40 ns     2.29 µs …   2.31 µs  in 10 ×  43608 runs
[moonbitlang/core] bench bench/hash_bench_test.mbt:34 ("bench Hash for BytesView (small)") ok
time (mean ± σ)         range (min … max) 
  16.76 ns ±   0.16 ns    16.47 ns …  16.95 ns  in 10 × 100000 runs
[moonbitlang/core] bench bench/hash_bench_test.mbt:41 ("bench Hash for BytesView (medium)") ok
time (mean ± σ)         range (min … max) 
 147.27 ns ±   1.17 ns   144.51 ns … 148.26 ns  in 10 × 100000 runs
[moonbitlang/core] bench bench/hash_bench_test.mbt:48 ("bench Hash for BytesView (large)") ok
time (mean ± σ)         range (min … max) 
   2.40 µs ±   2.68 ns     2.40 µs …   2.41 µs  in 10 ×  41498 runs
[moonbitlang/core] bench bench/hash_bench_test.mbt:55 ("bench Hasher::combine_bytes (small)") ok
time (mean ± σ)         range (min … max) 
  15.63 ns ±   0.12 ns    15.44 ns …  15.86 ns  in 10 × 100000 runs
[moonbitlang/core] bench bench/hash_bench_test.mbt:65 ("bench Hasher::combine_bytes (medium)") ok
time (mean ± σ)         range (min … max) 
 131.50 ns ±   1.04 ns   128.84 ns … 132.47 ns  in 10 × 100000 runs
[moonbitlang/core] bench bench/hash_bench_test.mbt:75 ("bench Hasher::combine_bytes (large)") ok
time (mean ± σ)         range (min … max) 
   2.12 µs ±   3.36 ns     2.11 µs …   2.12 µs  in 10 ×  47324 runs
[moonbitlang/core] bench bigint/to_string_radix_bench_test.mbt:23 ("bench bigint to_string radix=7 (4000 bits)") ok
time (mean ± σ)         range (min … max) 
  31.97 µs ±  78.41 ns    31.87 µs …  32.16 µs  in 10 ×   3093 runs
[moonbitlang/core] bench bigint/to_string_radix_bench_test.mbt:29 ("bench bigint to_string radix=36 (4000 bits)") ok
time (mean ± σ)         range (min … max) 
  36.09 µs ±  67.36 ns    36.00 µs …  36.23 µs  in 10 ×   2760 runs
[moonbitlang/core] bench bigint/to_string_radix_bench_test.mbt:35 ("bench bigint to_string radix=10 reference (4000 bits)") ok
time (mean ± σ)         range (min … max) 
  29.89 µs ±  94.01 ns    29.81 µs …  30.13 µs  in 10 ×   3310 runs
[moonbitlang/core] bench bigint/to_string_bench_test.mbt:30 ("bench BigInt::to_string n=40 digits") ok
time (mean ± σ)         range (min … max) 
 211.26 ns ±   0.68 ns   210.44 ns … 212.38 ns  in 10 × 100000 runs
[moonbitlang/core] bench bigint/to_string_bench_test.mbt:36 ("bench BigInt::to_string n=400 digits") ok
time (mean ± σ)         range (min … max) 
   4.16 µs ±  22.94 ns     4.13 µs …   4.19 µs  in 10 ×  23760 runs
[moonbitlang/core] bench bigint/to_string_bench_test.mbt:42 ("bench BigInt::to_string n=4000 digits") ok
time (mean ± σ)         range (min … max) 
 307.59 µs ± 478.33 ns   307.03 µs … 308.67 µs  in 10 ×    325 runs
[moonbitlang/core] bench bigint/to_string_bench_test.mbt:48 ("bench BigInt::to_string n=40000 digits") ok
time (mean ± σ)         range (min … max) 
  29.19 ms ±  21.00 µs    29.16 ms …  29.23 ms  in 10 ×      4 runs
[moonbitlang/core] bench bigint/to_string_bench_test.mbt:54 ("bench BigInt::to_string n=250000 digits") ok
time (mean ± σ)         range (min … max) 
   1.14 s ± 970.84 µs     1.14 s …   1.14 s  in 10 ×      1 runs
[moonbitlang/core] bench bigint/from_octets_bench_test.mbt:21 ("bench BigInt::from_octets n=64") ok
time (mean ± σ)         range (min … max) 
  62.93 ns ±   2.66 ns    60.46 ns …  66.21 ns  in 10 × 100000 runs
[moonbitlang/core] bench bigint/from_octets_bench_test.mbt:27 ("bench BigInt::from_octets n=1024") ok
time (mean ± σ)         range (min … max) 
 771.55 ns ±  12.64 ns   758.86 ns … 794.35 ns  in 10 × 100000 runs
[moonbitlang/core] bench bigint/division_bench_test.mbt:66 ("bench BigInt balanced division n=4000 digits") ok
time (mean ± σ)         range (min … max) 
 215.79 µs ± 168.92 ns   215.56 µs … 216.03 µs  in 10 ×    464 runs
[moonbitlang/core] bench bigint/division_bench_test.mbt:72 ("bench BigInt balanced division n=40000 digits") ok
time (mean ± σ)         range (min … max) 
  20.63 ms ± 127.38 µs    20.49 ms …  20.86 ms  in 10 ×      5 runs
[moonbitlang/core] bench bigint/division_bench_test.mbt:78 ("bench BigInt balanced division n=250000 digits") ok
time (mean ± σ)         range (min … max) 
 815.74 ms ±   3.73 ms   811.70 ms … 821.11 ms  in 10 ×      1 runs
[moonbitlang/core] bench bigint/division_bench_test.mbt:84 ("bench BigInt unbalanced division q=65536 d=64 limbs") ok
time (mean ± σ)         range (min … max) 
  21.42 ms ±  35.88 µs    21.39 ms …  21.50 ms  in 10 ×      5 runs
[moonbitlang/core] bench bigint/division_bench_test.mbt:90 ("bench BigInt narrow division q=9 d=64 limbs") ok
time (mean ± σ)         range (min … max) 
 899.78 ns ±   5.41 ns   888.30 ns … 905.20 ns  in 10 × 100000 runs
[moonbitlang/core] bench buffer/write_bench_test.mbt:30 ("bench Buffer::write_byte n=4096") ok
time (mean ± σ)         range (min … max) 
   8.13 µs ± 210.59 ns     7.99 µs …   8.43 µs  in 10 ×  12535 runs
[moonbitlang/core] bench buffer/write_bench_test.mbt:42 ("bench Buffer::write_uint16_be n=4096") ok
time (mean ± σ)         range (min … max) 
   8.70 µs ±  48.59 ns     8.58 µs …   8.73 µs  in 10 ×  11559 runs
[moonbitlang/core] bench buffer/write_bench_test.mbt:54 ("bench Buffer::write_uint_le n=4096") ok
time (mean ± σ)         range (min … max) 
  10.83 µs ±  34.21 ns    10.77 µs …  10.85 µs  in 10 ×   9208 runs
[moonbitlang/core] bench buffer/write_bench_test.mbt:66 ("bench Buffer::write_uint64_be n=4096") ok
time (mean ± σ)         range (min … max) 
  14.88 µs ± 163.97 ns    14.65 µs …  15.09 µs  in 10 ×   6636 runs
[moonbitlang/core] bench buffer/write_bench_test.mbt:78 ("bench Buffer::write_char_utf8 ASCII n=4096") ok
time (mean ± σ)         range (min … max) 
   8.44 µs ±  11.62 ns     8.41 µs …   8.45 µs  in 10 ×  11831 runs
[moonbitlang/core] bench buffer/write_bench_test.mbt:90 ("bench Buffer::write_char_utf8 non-BMP n=4096") ok
time (mean ± σ)         range (min … max) 
  13.48 µs ±  50.58 ns    13.37 µs …  13.52 µs  in 10 ×   7406 runs
[moonbitlang/core] bench buffer/write_bench_test.mbt:103 ("bench Buffer::write_char_utf16le BMP n=4096") ok
time (mean ± σ)         range (min … max) 
   9.04 µs ±  27.46 ns     8.99 µs …   9.07 µs  in 10 ×  11065 runs
[moonbitlang/core] bench buffer/write_bench_test.mbt:115 ("bench Buffer::write_string_utf16le chunks n=4096") ok
time (mean ± σ)         range (min … max) 
  77.64 µs ±  69.13 ns    77.51 µs …  77.73 µs  in 10 ×   1292 runs
[moonbitlang/core] bench buffer/write_bench_test.mbt:130 ("bench @buffer.from_array n=4096") ok
time (mean ± σ)         range (min … max) 
   2.69 µs ±   9.56 ns     2.68 µs …   2.71 µs  in 10 ×  36550 runs
[moonbitlang/core] bench builtin/view_bench_test.mbt:34 ("bench ArrayView::at Int n=100000") ok
time (mean ± σ)         range (min … max) 
  81.39 µs ±  21.83 ns    81.35 µs …  81.42 µs  in 10 ×   1230 runs
[moonbitlang/core] bench builtin/view_bench_test.mbt:47 ("bench ArrayView::get Int n=100000") ok
time (mean ± σ)         range (min … max) 
  71.88 µs ±  48.75 ns    71.83 µs …  71.98 µs  in 10 ×   1390 runs
[moonbitlang/core] bench builtin/view_bench_test.mbt:62 ("bench ArrayView::unsafe_get Int n=100000") ok
time (mean ± σ)         range (min … max) 
  58.79 µs ± 185.60 ns    58.61 µs …  59.05 µs  in 10 ×   1709 runs
[moonbitlang/core] bench builtin/view_bench_test.mbt:75 ("bench ArrayView::rev_fold Int n=100000") ok
time (mean ± σ)         range (min … max) 
  57.05 µs ± 254.42 ns    56.78 µs …  57.41 µs  in 10 ×   1759 runs
[moonbitlang/core] bench builtin/view_bench_test.mbt:82 ("bench ArrayView::rev_foldi Int n=100000") ok
time (mean ± σ)         range (min … max) 
  56.82 µs ±  50.89 ns    56.75 µs …  56.89 µs  in 10 ×   1763 runs
[moonbitlang/core] bench builtin/view_bench_test.mbt:91 ("bench ArrayView::equal Int n=100000") ok
time (mean ± σ)         range (min … max) 
  79.27 µs ± 139.10 ns    79.01 µs …  79.41 µs  in 10 ×   1281 runs
[moonbitlang/core] bench builtin/view_bench_test.mbt:99 ("bench ArrayView::compare Int n=100000") ok
time (mean ± σ)         range (min … max) 
  99.32 µs ± 730.31 ns    98.39 µs … 100.12 µs  in 10 ×   1011 runs
[moonbitlang/core] bench builtin/view_bench_test.mbt:107 ("bench MutArrayView::at Int n=100000") ok
time (mean ± σ)         range (min … max) 
  81.39 µs ±  27.56 ns    81.35 µs …  81.43 µs  in 10 ×   1230 runs
[moonbitlang/core] bench builtin/view_bench_test.mbt:120 ("bench MutArrayView::unsafe_get Int n=100000") ok
time (mean ± σ)         range (min … max) 
  59.01 µs ± 210.38 ns    58.59 µs …  59.17 µs  in 10 ×   1711 runs
[moonbitlang/core] bench builtin/view_bench_test.mbt:133 ("bench MutArrayView::set Int n=100000") ok
time (mean ± σ)         range (min … max) 
 112.17 µs ± 469.73 ns   111.78 µs … 112.91 µs  in 10 ×    897 runs
[moonbitlang/core] bench builtin/view_bench_test.mbt:145 ("bench MutArrayView::unsafe_set Int n=100000") ok
time (mean ± σ)         range (min … max) 
  58.81 µs ± 147.12 ns    58.58 µs …  59.13 µs  in 10 ×   1703 runs
[moonbitlang/core] bench builtin/view_bench_test.mbt:157 ("bench BytesView::at n=100000") ok
time (mean ± σ)         range (min … max) 
  81.34 µs ±  39.49 ns    81.31 µs …  81.42 µs  in 10 ×   1230 runs
[moonbitlang/core] bench builtin/view_bench_test.mbt:170 ("bench BytesView::unsafe_get n=100000") ok
time (mean ± σ)         range (min … max) 
  52.91 µs ±  69.18 ns    52.81 µs …  53.04 µs  in 10 ×   1893 runs
[moonbitlang/core] bench builtin/stringbuilder_bench_test.mbt:28 ("bench StringBuilder::write_string chunks n=4096") ok
time (mean ± σ)         range (min … max) 
  80.59 µs ±   2.12 µs    78.36 µs …  84.34 µs  in 10 ×   1299 runs
[moonbitlang/core] bench builtin/stringbuilder_bench_test.mbt:41 ("bench StringBuilder::write_view chunks n=4096") ok
time (mean ± σ)         range (min … max) 
  78.36 µs ± 174.20 ns    78.12 µs …  78.60 µs  in 10 ×   1273 runs
[moonbitlang/core] bench builtin/stringbuilder_bench_test.mbt:54 ("bench StringBuilder::write_stringview chunks n=4096") ok
time (mean ± σ)         range (min … max) 
  78.23 µs ± 209.36 ns    78.11 µs …  78.79 µs  in 10 ×   1278 runs
[moonbitlang/core] bench builtin/stringbuilder_bench_test.mbt:67 ("bench StringBuilder::write_char ASCII n=4096") ok
time (mean ± σ)         range (min … max) 
   9.02 µs ± 519.40 ns     8.70 µs …   9.79 µs  in 10 ×  11495 runs
[moonbitlang/core] bench builtin/stringbuilder_bench_test.mbt:79 ("bench StringBuilder::write_char non-BMP n=4096") ok
time (mean ± σ)         range (min … max) 
  11.40 µs ± 351.03 ns    11.17 µs …  12.39 µs  in 10 ×   8970 runs
[moonbitlang/core] bench builtin/stringbuilder_bench_test.mbt:92 ("bench StringBuilder::reset reuse spare capacity n=4096") ok
time (mean ± σ)         range (min … max) 
 137.15 µs ± 539.11 ns   136.02 µs … 137.61 µs  in 10 ×    731 runs
[moonbitlang/core] bench builtin/string_to_upper_bench_test.mbt:61 ("bench String::to_upper short") ok
time (mean ± σ)         range (min … max) 
  31.16 ns ±   0.91 ns    29.85 ns …  32.41 ns  in 10 × 100000 runs
[moonbitlang/core] bench builtin/string_to_upper_bench_test.mbt:66 ("bench String::to_upper long") ok
time (mean ± σ)         range (min … max) 
   1.13 µs ±   4.56 ns     1.12 µs …   1.14 µs  in 10 ×  88382 runs
[moonbitlang/core] bench builtin/string_to_upper_bench_test.mbt:71 ("bench String::to_upper sparse") ok
time (mean ± σ)         range (min … max) 
   1.11 µs ±   4.65 ns     1.10 µs …   1.11 µs  in 10 ×  89864 runs
[moonbitlang/core] bench builtin/string_to_upper_bench_test.mbt:76 ("bench String::to_upper late-lowercase") ok
time (mean ± σ)         range (min … max) 
   1.02 µs ±   5.54 ns     1.02 µs …   1.03 µs  in 10 ×  97726 runs
[moonbitlang/core] bench builtin/string_to_upper_bench_test.mbt:81 ("bench String::to_upper one-unit runs") ok
time (mean ± σ)         range (min … max) 
   1.08 µs ±   5.82 ns     1.08 µs …   1.09 µs  in 10 ×  92942 runs
[moonbitlang/core] bench builtin/string_to_upper_bench_test.mbt:86 ("bench String::to_upper all-lowercase") ok
time (mean ± σ)         range (min … max) 
   1.23 µs ±   4.46 ns     1.23 µs …   1.24 µs  in 10 ×  80954 runs
[moonbitlang/core] bench builtin/string_to_upper_bench_test.mbt:91 ("bench String::to_upper no-change short") ok
time (mean ± σ)         range (min … max) 
  13.57 ns ±   0.46 ns    12.90 ns …  14.10 ns  in 10 × 100000 runs
[moonbitlang/core] bench builtin/string_to_upper_bench_test.mbt:96 ("bench String::to_upper no-change long") ok
time (mean ± σ)         range (min … max) 
 492.66 ns ±   0.32 ns   492.32 ns … 493.27 ns  in 10 × 100000 runs
[moonbitlang/core] bench builtin/string_to_upper_bench_test.mbt:101 ("bench StringView::to_upper short") ok
time (mean ± σ)         range (min … max) 
  32.38 ns ±   0.57 ns    31.30 ns …  33.10 ns  in 10 × 100000 runs
[moonbitlang/core] bench builtin/string_to_upper_bench_test.mbt:106 ("bench StringView::to_upper long") ok
time (mean ± σ)         range (min … max) 
   1.13 µs ±   4.95 ns     1.13 µs …   1.14 µs  in 10 ×  87984 runs
[moonbitlang/core] bench builtin/string_to_upper_bench_test.mbt:111 ("bench StringView::to_upper no-change long") ok
time (mean ± σ)         range (min … max) 
 493.34 ns ±   0.40 ns   492.78 ns … 493.99 ns  in 10 × 100000 runs
[moonbitlang/core] bench builtin/string_to_lower_bench_test.mbt:61 ("bench String::to_lower short") ok
time (mean ± σ)         range (min … max) 
  30.71 ns ±   0.87 ns    29.40 ns …  31.70 ns  in 10 × 100000 runs
[moonbitlang/core] bench builtin/string_to_lower_bench_test.mbt:66 ("bench String::to_lower long") ok
time (mean ± σ)         range (min … max) 
   1.14 µs ±   6.73 ns     1.13 µs …   1.15 µs  in 10 ×  87143 runs
[moonbitlang/core] bench builtin/string_to_lower_bench_test.mbt:71 ("bench String::to_lower sparse") ok
time (mean ± σ)         range (min … max) 
   1.04 µs ±   4.58 ns     1.03 µs …   1.05 µs  in 10 ×  95972 runs
[moonbitlang/core] bench builtin/string_to_lower_bench_test.mbt:76 ("bench String::to_lower late-uppercase") ok
time (mean ± σ)         range (min … max) 
   1.04 µs ±   3.55 ns     1.04 µs …   1.05 µs  in 10 ×  95603 runs
[moonbitlang/core] bench builtin/string_to_lower_bench_test.mbt:81 ("bench String::to_lower one-unit runs") ok
time (mean ± σ)         range (min … max) 
   1.12 µs ±   8.22 ns     1.11 µs …   1.13 µs  in 10 ×  90353 runs
[moonbitlang/core] bench builtin/string_to_lower_bench_test.mbt:86 ("bench String::to_lower all-uppercase") ok
time (mean ± σ)         range (min … max) 
   1.23 µs ±   5.89 ns     1.22 µs …   1.24 µs  in 10 ×  82370 runs
[moonbitlang/core] bench builtin/string_to_lower_bench_test.mbt:91 ("bench String::to_lower no-change short") ok
time (mean ± σ)         range (min … max) 
  14.07 ns ±   0.48 ns    13.62 ns …  14.87 ns  in 10 × 100000 runs
[moonbitlang/core] bench builtin/string_to_lower_bench_test.mbt:96 ("bench String::to_lower no-change long") ok
time (mean ± σ)         range (min … max) 
 501.97 ns ±   0.44 ns   501.46 ns … 502.64 ns  in 10 × 100000 runs
[moonbitlang/core] bench builtin/string_to_lower_bench_test.mbt:101 ("bench StringView::to_lower short") ok
time (mean ± σ)         range (min … max) 
  31.22 ns ±   0.88 ns    29.98 ns …  32.23 ns  in 10 × 100000 runs
[moonbitlang/core] bench builtin/string_to_lower_bench_test.mbt:106 ("bench StringView::to_lower long") ok
time (mean ± σ)         range (min … max) 
   1.14 µs ±   5.58 ns     1.13 µs …   1.15 µs  in 10 ×  87629 runs
[moonbitlang/core] bench builtin/string_to_lower_bench_test.mbt:111 ("bench StringView::to_lower no-change long") ok
time (mean ± σ)         range (min … max) 
 502.47 ns ±   0.38 ns   501.91 ns … 502.99 ns  in 10 × 100000 runs
[moonbitlang/core] bench builtin/string_to_array_bench_test.mbt:24 ("bench String::to_array ASCII 51 chars") ok
time (mean ± σ)         range (min … max) 
 109.43 ns ±   0.33 ns   108.96 ns … 109.85 ns  in 10 × 100000 runs
[moonbitlang/core] bench builtin/string_to_array_bench_test.mbt:29 ("bench String::to_array mixed 1KB") ok
time (mean ± σ)         range (min … max) 
   1.96 µs ±  10.82 ns     1.95 µs …   1.98 µs  in 10 ×  50550 runs
[moonbitlang/core] bench builtin/string_to_array_bench_test.mbt:34 ("bench StringView::to_array mixed 1KB") ok
time (mean ± σ)         range (min … max) 
   1.96 µs ±   7.32 ns     1.95 µs …   1.97 µs  in 10 ×  50732 runs
[moonbitlang/core] bench builtin/string_methods_bench_test.mbt:36 ("bench StringView::has_prefix match n=100000 needle=128") ok
time (mean ± σ)         range (min … max) 
 106.70 ns ±   1.36 ns   104.04 ns … 108.18 ns  in 10 × 100000 runs
[moonbitlang/core] bench builtin/string_methods_bench_test.mbt:45 ("bench StringView::has_prefix mismatch n=100000 needle=128") ok
time (mean ± σ)         range (min … max) 
   9.86 ns ±   0.35 ns     9.51 ns …  10.49 ns  in 10 × 100000 runs
[moonbitlang/core] bench builtin/string_methods_bench_test.mbt:54 ("bench StringView::has_suffix match n=100000 needle=128") ok
time (mean ± σ)         range (min … max) 
 106.74 ns ±   0.56 ns   105.81 ns … 107.43 ns  in 10 × 100000 runs
[moonbitlang/core] bench builtin/string_methods_bench_test.mbt:63 ("bench StringView::has_suffix mismatch n=100000 needle=128") ok
time (mean ± σ)         range (min … max) 
  10.66 ns ±   0.18 ns    10.32 ns …  10.91 ns  in 10 × 100000 runs
[moonbitlang/core] bench builtin/string_find_code_unit_bench_test.mbt:16 ("bench find one code unit absent n=4") ok
time (mean ± σ)         range (min … max) 
  12.35 ns ±   0.36 ns    11.83 ns …  12.80 ns  in 10 × 100000 runs
[moonbitlang/core] bench builtin/string_find_code_unit_bench_test.mbt:22 ("bench find one code unit absent n=8") ok
time (mean ± σ)         range (min … max) 
  14.05 ns ±   0.31 ns    13.55 ns …  14.39 ns  in 10 × 100000 runs
[moonbitlang/core] bench builtin/string_find_code_unit_bench_test.mbt:28 ("bench find one code unit present@0 n=8") ok
time (mean ± σ)         range (min … max) 
  10.80 ns ±   0.25 ns    10.34 ns …  11.11 ns  in 10 × 100000 runs
[moonbitlang/core] bench builtin/string_find_code_unit_bench_test.mbt:34 ("bench find one code unit absent n=64") ok
time (mean ± σ)         range (min … max) 
  44.95 ns ±   0.34 ns    44.42 ns …  45.41 ns  in 10 × 100000 runs
[moonbitlang/core] bench builtin/string_find_code_unit_bench_test.mbt:40 ("bench find one code unit absent n=256") ok
time (mean ± σ)         range (min … max) 
 153.78 ns ±   0.68 ns   153.02 ns … 155.45 ns  in 10 × 100000 runs
[moonbitlang/core] bench builtin/string_find_code_unit_bench_test.mbt:46 ("bench find one code unit present@end n=256") ok
time (mean ± σ)         range (min … max) 
 149.16 ns ±   2.13 ns   147.14 ns … 153.55 ns  in 10 × 100000 runs
[moonbitlang/core] bench builtin/string_find_code_unit_bench_test.mbt:52 ("bench rev_find one code unit absent n=256") ok
time (mean ± σ)         range (min … max) 
 154.79 ns ±   0.54 ns   153.88 ns … 155.42 ns  in 10 × 100000 runs
[moonbitlang/core] bench builtin/string_find_code_unit_bench_test.mbt:58 ("bench rev_find one code unit present@start n=256") ok
time (mean ± σ)         range (min … max) 
 148.63 ns ±   0.52 ns   148.08 ns … 149.57 ns  in 10 × 100000 runs
[moonbitlang/core] bench builtin/string_find_code_unit_bench_test.mbt:64 ("bench rev_find one code unit present@end n=8") ok
time (mean ± σ)         range (min … max) 
  10.78 ns ±   0.19 ns    10.42 ns …  11.00 ns  in 10 × 100000 runs
[moonbitlang/core] bench builtin/string_find_code_unit_bench_test.mbt:70 ("bench StringView find one code unit absent n=256") ok
time (mean ± σ)         range (min … max) 
 143.21 ns ±   0.81 ns   141.73 ns … 144.17 ns  in 10 × 100000 runs
[moonbitlang/core] bench builtin/string_find_code_unit_bench_test.mbt:77 ("bench StringView rev_find one code unit absent n=256") ok
time (mean ± σ)         range (min … max) 
 149.44 ns ±   1.29 ns   147.59 ns … 151.09 ns  in 10 × 100000 runs
[moonbitlang/core] bench builtin/string_find_code_unit_bench_test.mbt:84 ("bench find two anchors absent n=256") ok
time (mean ± σ)         range (min … max) 
 235.06 ns ±   0.79 ns   233.97 ns … 236.13 ns  in 10 × 100000 runs
[moonbitlang/core] bench builtin/string_find_code_unit_bench_test.mbt:90 ("bench find two anchors present@end n=256") ok
time (mean ± σ)         range (min … max) 
 255.26 ns ±   1.30 ns   253.34 ns … 256.65 ns  in 10 × 100000 runs
[moonbitlang/core] bench builtin/string_find_code_unit_bench_test.mbt:96 ("bench find two anchors dense false positives n=256") ok
time (mean ± σ)         range (min … max) 
 696.67 ns ±  19.01 ns   684.55 ns … 738.22 ns  in 10 × 100000 runs
[moonbitlang/core] bench builtin/string_find_code_unit_bench_test.mbt:102 ("bench find two anchors long absent n=256") ok
time (mean ± σ)         range (min … max) 
 204.47 ns ±   0.24 ns   204.17 ns … 204.83 ns  in 10 × 100000 runs
[moonbitlang/core] bench builtin/string_find_code_unit_bench_test.mbt:108 ("bench rev_find two anchors absent n=256") ok
time (mean ± σ)         range (min … max) 
 217.54 ns ±   0.39 ns   217.09 ns … 218.19 ns  in 10 × 100000 runs
[moonbitlang/core] bench builtin/string_find_code_unit_bench_test.mbt:114 ("bench rev_find two anchors present@start n=256") ok
time (mean ± σ)         range (min … max) 
 225.02 ns ±   0.38 ns   224.63 ns … 225.65 ns  in 10 × 100000 runs
[moonbitlang/core] bench builtin/string_find_code_unit_bench_test.mbt:120 ("bench rev_find two anchors dense false positives n=256") ok
time (mean ± σ)         range (min … max) 
 717.06 ns ±   1.18 ns   715.19 ns … 718.66 ns  in 10 × 100000 runs
[moonbitlang/core] bench builtin/string_find_code_unit_bench_test.mbt:126 ("bench StringView find two anchors absent n=256") ok
time (mean ± σ)         range (min … max) 
 249.32 ns ±   0.63 ns   248.50 ns … 250.47 ns  in 10 × 100000 runs
[moonbitlang/core] bench builtin/string_find_adversary_bench_test.mbt:26 ("bench find adversary m=64 n=4096") ok
time (mean ± σ)         range (min … max) 
  10.76 µs ±   1.20 µs     9.92 µs …  12.95 µs  in 10 ×  10026 runs
[moonbitlang/core] bench builtin/string_find_adversary_bench_test.mbt:33 ("bench rev_find adversary m=64 n=4096") ok
time (mean ± σ)         range (min … max) 
  11.26 µs ±  94.49 ns    11.08 µs …  11.43 µs  in 10 ×   8848 runs
[moonbitlang/core] bench builtin/string_find_adversary_bench_test.mbt:40 ("bench find adversary m=512 n=65536") ok
time (mean ± σ)         range (min … max) 
 164.22 µs ±  10.02 µs   152.80 µs … 173.62 µs  in 10 ×    582 runs
[moonbitlang/core] bench builtin/string_find_adversary_bench_test.mbt:47 ("bench find dense miss fast path n=4096") ok
time (mean ± σ)         range (min … max) 
   3.51 µs ± 205.84 ns     3.40 µs …   3.90 µs  in 10 ×  25638 runs
[moonbitlang/core] bench builtin/string_find_adversary_bench_test.mbt:53 ("bench find rare hit end fast path n=4096") ok
time (mean ± σ)         range (min … max) 
   3.34 µs ±   2.44 ns     3.34 µs …   3.35 µs  in 10 ×  29893 runs
[moonbitlang/core] bench builtin/string_escape_bench_test.mbt:61 ("bench String::escape short plain") ok
time (mean ± σ)         range (min … max) 
  74.28 ns ±   0.77 ns    72.25 ns …  75.04 ns  in 10 × 100000 runs
[moonbitlang/core] bench builtin/string_escape_bench_test.mbt:66 ("bench String::escape short escaped") ok
time (mean ± σ)         range (min … max) 
  87.44 ns ±   0.97 ns    85.69 ns …  88.45 ns  in 10 × 100000 runs
[moonbitlang/core] bench builtin/string_escape_bench_test.mbt:71 ("bench String::escape threshold plain") ok
time (mean ± σ)         range (min … max) 
  85.05 ns ±   0.38 ns    84.49 ns …  85.55 ns  in 10 × 100000 runs
[moonbitlang/core] bench builtin/string_escape_bench_test.mbt:76 ("bench String::escape prose") ok
time (mean ± σ)         range (min … max) 
 266.30 ns ±   3.26 ns   260.34 ns … 271.34 ns  in 10 × 100000 runs
[moonbitlang/core] bench builtin/string_escape_bench_test.mbt:81 ("bench String::escape escape-first") ok
time (mean ± σ)         range (min … max) 
 280.67 ns ±   1.29 ns   277.77 ns … 282.89 ns  in 10 × 100000 runs
[moonbitlang/core] bench builtin/string_escape_bench_test.mbt:86 ("bench String::escape long plain") ok
time (mean ± σ)         range (min … max) 
   9.41 µs ±  46.12 ns     9.36 µs …   9.51 µs  in 10 ×  10582 runs
[moonbitlang/core] bench builtin/string_escape_bench_test.mbt:91 ("bench String::escape long dense") ok
time (mean ± σ)         range (min … max) 
  17.75 µs ± 206.24 ns    17.52 µs …  18.09 µs  in 10 ×   5637 runs
[moonbitlang/core] bench builtin/string_escape_bench_test.mbt:96 ("bench String::escape long all-escaped") ok
time (mean ± σ)         range (min … max) 
  19.75 µs ± 135.99 ns    19.63 µs …  20.09 µs  in 10 ×   5058 runs
[moonbitlang/core] bench builtin/string_escape_bench_test.mbt:101 ("bench String::escape long unicode") ok
time (mean ± σ)         range (min … max) 
   9.94 µs ±  44.55 ns     9.90 µs …  10.04 µs  in 10 ×   9747 runs
[moonbitlang/core] bench builtin/string_escape_bench_test.mbt:106 ("bench StringView::escape long plain view") ok
time (mean ± σ)         range (min … max) 
   8.61 µs ±  34.99 ns     8.56 µs …   8.68 µs  in 10 ×  11373 runs
[moonbitlang/core] bench builtin/string_escape_bench_test.mbt:112 ("bench debug to_string short plain") ok
time (mean ± σ)         range (min … max) 
 130.38 ns ±   0.72 ns   128.60 ns … 131.06 ns  in 10 × 100000 runs
[moonbitlang/core] bench builtin/string_escape_bench_test.mbt:117 ("bench debug to_string prose") ok
time (mean ± σ)         range (min … max) 
 388.66 ns ±   3.66 ns   382.14 ns … 392.01 ns  in 10 × 100000 runs
[moonbitlang/core] bench builtin/string_escape_bench_test.mbt:122 ("bench debug to_string long plain") ok
time (mean ± σ)         range (min … max) 
  12.40 µs ±  45.22 ns    12.34 µs …  12.49 µs  in 10 ×   7790 runs
[moonbitlang/core] bench builtin/string_equal_bench_test.mbt:28 ("bench StringView::equal n=100000 equal") ok
time (mean ± σ)         range (min … max) 
  76.97 µs ±  68.00 ns    76.85 µs …  77.08 µs  in 10 ×   1297 runs
[moonbitlang/core] bench builtin/string_equal_bench_test.mbt:35 ("bench StringView::equal n=100000 mismatch at end") ok
time (mean ± σ)         range (min … max) 
  76.85 µs ± 189.99 ns    76.50 µs …  77.05 µs  in 10 ×   1296 runs
[moonbitlang/core] bench builtin/string_equal_bench_test.mbt:44 ("bench StringView::equal_to_string n=100000 equal") ok
time (mean ± σ)         range (min … max) 
  76.31 µs ±  74.19 ns    76.20 µs …  76.41 µs  in 10 ×   1308 runs
[moonbitlang/core] bench builtin/string_char_set_bench_test.mbt:43 ("bench StringView::contains_any ASCII miss n=100000") ok
time (mean ± σ)         range (min … max) 
 135.56 µs ±  42.50 ns   135.52 µs … 135.65 µs  in 10 ×    738 runs
[moonbitlang/core] bench builtin/string_char_set_bench_test.mbt:54 ("bench StringView::contains_any ASCII match at end n=100000") ok
time (mean ± σ)         range (min … max) 
 135.69 µs ± 193.50 ns   135.53 µs … 136.15 µs  in 10 ×    738 runs
[moonbitlang/core] bench builtin/string_char_set_bench_test.mbt:67 ("bench StringView::trim_start ASCII n=100000") ok
time (mean ± σ)         range (min … max) 
 135.65 µs ±  74.46 ns   135.56 µs … 135.76 µs  in 10 ×    738 runs
[moonbitlang/core] bench builtin/string_char_set_bench_test.mbt:74 ("bench StringView::trim_end ASCII n=100000") ok
time (mean ± σ)         range (min … max) 
 135.60 µs ±  52.10 ns   135.55 µs … 135.72 µs  in 10 ×    738 runs
[moonbitlang/core] bench builtin/string_char_set_bench_test.mbt:79 ("bench StringView::trim ASCII n=100000") ok
time (mean ± σ)         range (min … max) 
 271.47 µs ± 277.38 ns   271.18 µs … 272.03 µs  in 10 ×    369 runs
[moonbitlang/core] bench builtin/string_char_set_bench_test.mbt:96 ("bench StringView::trim short inputs") ok
time (mean ± σ)         range (min … max) 
 140.27 ns ±   0.73 ns   138.82 ns … 141.14 ns  in 10 × 100000 runs
[moonbitlang/core] bench builtin/string_char_set_bench_test.mbt:107 ("bench StringView::contains_any short inputs") ok
time (mean ± σ)         range (min … max) 
  84.83 ns ±   0.59 ns    83.70 ns …  85.60 ns  in 10 × 100000 runs
[moonbitlang/core] bench builtin/string_char_length_bench_test.mbt:51 ("bench char_length ascii 8") ok
time (mean ± σ)         range (min … max) 
  15.31 ns ±   0.33 ns    14.81 ns …  15.64 ns  in 10 × 100000 runs
[moonbitlang/core] bench builtin/string_char_length_bench_test.mbt:56 ("bench char_length ascii 16") ok
time (mean ± σ)         range (min … max) 
  23.37 ns ±   0.44 ns    22.94 ns …  24.13 ns  in 10 × 100000 runs
[moonbitlang/core] bench builtin/string_char_length_bench_test.mbt:61 ("bench char_length ascii 100") ok
time (mean ± σ)         range (min … max) 
 114.23 ns ±   0.18 ns   113.99 ns … 114.47 ns  in 10 × 100000 runs
[moonbitlang/core] bench builtin/string_char_length_bench_test.mbt:66 ("bench char_length ascii 4k") ok
time (mean ± σ)         range (min … max) 
   4.45 µs ±   5.46 ns     4.45 µs …   4.46 µs  in 10 ×  22422 runs
[moonbitlang/core] bench builtin/string_char_length_bench_test.mbt:71 ("bench char_length ascii 64k") ok
time (mean ± σ)         range (min … max) 
  71.13 µs ± 125.88 ns    71.05 µs …  71.48 µs  in 10 ×   1408 runs
[moonbitlang/core] bench builtin/string_char_length_bench_test.mbt:76 ("bench char_length cjk 4k") ok
time (mean ± σ)         range (min … max) 
   4.45 µs ±   2.89 ns     4.45 µs …   4.45 µs  in 10 ×  22445 runs
[moonbitlang/core] bench builtin/string_char_length_bench_test.mbt:81 ("bench char_length emoji 4k") ok
time (mean ± σ)         range (min … max) 
   3.34 µs ±   2.92 ns     3.34 µs …   3.35 µs  in 10 ×  29804 runs
[moonbitlang/core] bench builtin/string_char_length_bench_test.mbt:86 ("bench char_length mixed 4k") ok
time (mean ± σ)         range (min … max) 
   4.38 µs ±   3.31 ns     4.38 µs …   4.39 µs  in 10 ×  22798 runs
[moonbitlang/core] bench builtin/string_char_length_bench_test.mbt:91 ("bench StringView::char_length ascii 4k unaligned") ok
time (mean ± σ)         range (min … max) 
   4.44 µs ±   2.85 ns     4.44 µs …   4.45 µs  in 10 ×  22468 runs
[moonbitlang/core] bench builtin/string_char_length_bench_test.mbt:97 ("bench char_length_eq ascii 16") ok
time (mean ± σ)         range (min … max) 
  27.53 ns ±   0.14 ns    27.37 ns …  27.77 ns  in 10 × 100000 runs
[moonbitlang/core] bench builtin/string_char_length_bench_test.mbt:102 ("bench char_length_eq ascii 4k") ok
time (mean ± σ)         range (min … max) 
   5.56 µs ±   3.51 ns     5.56 µs …   5.57 µs  in 10 ×  17959 runs
[moonbitlang/core] bench builtin/string_char_length_bench_test.mbt:107 ("bench char_length_eq emoji 4k") ok
time (mean ± σ)         range (min … max) 
   3.90 µs ±   2.05 ns     3.90 µs …   3.90 µs  in 10 ×  25428 runs
[moonbitlang/core] bench builtin/string_char_length_bench_test.mbt:112 ("bench char_length_eq mixed 4k") ok
time (mean ± σ)         range (min … max) 
   5.43 µs ±   6.72 ns     5.42 µs …   5.44 µs  in 10 ×  18408 runs
[moonbitlang/core] bench builtin/string_char_length_bench_test.mbt:119 ("bench char_length_ge ascii 4k len 3") ok
time (mean ± σ)         range (min … max) 
  10.94 ns ±   0.38 ns    10.41 ns …  11.37 ns  in 10 × 100000 runs
[moonbitlang/core] bench builtin/string_char_length_bench_test.mbt:124 ("bench char_length_ge ascii 4k len 2000") ok
time (mean ± σ)         range (min … max) 
   2.72 µs ±   0.89 ns     2.72 µs …   2.72 µs  in 10 ×  36766 runs
[moonbitlang/core] bench builtin/string_char_length_bench_test.mbt:129 ("bench char_length_ge cjk 4k len 4096") ok
time (mean ± σ)         range (min … max) 
   5.56 µs ±   3.73 ns     5.56 µs …   5.57 µs  in 10 ×  17954 runs
[moonbitlang/core] bench builtin/string_char_length_bench_test.mbt:134 ("bench char_length_ge emoji 4k len 2048") ok
time (mean ± σ)         range (min … max) 
   3.90 µs ±   2.52 ns     3.90 µs …   3.91 µs  in 10 ×  25610 runs
[moonbitlang/core] bench builtin/sort_bench_test.mbt:21 ("bench Array::sort n=1000") ok
time (mean ± σ)         range (min … max) 
  15.40 µs ± 247.07 ns    15.17 µs …  15.96 µs  in 10 ×   6515 runs
[moonbitlang/core] bench builtin/sort_bench_test.mbt:31 ("bench Array::sort n=100000") ok
time (mean ± σ)         range (min … max) 
   5.50 ms ±  22.59 µs     5.48 ms …   5.54 ms  in 10 ×     19 runs
[moonbitlang/core] bench builtin/sort_bench_test.mbt:41 ("bench Array::sort_by n=10000") ok
time (mean ± σ)         range (min … max) 
 444.47 µs ±   6.17 µs   436.79 µs … 451.84 µs  in 10 ×    229 runs
[moonbitlang/core] bench builtin/range_equal_bench_test.mbt:56 ("bench range_equal StringView== n=4 equal") ok
time (mean ± σ)         range (min … max) 
   9.82 ns ±   0.31 ns     9.33 ns …  10.16 ns  in 10 × 100000 runs
[moonbitlang/core] bench builtin/range_equal_bench_test.mbt:61 ("bench range_equal StringView== n=8 equal") ok
time (mean ± σ)         range (min … max) 
  12.95 ns ±   0.11 ns    12.78 ns …  13.10 ns  in 10 × 100000 runs
[moonbitlang/core] bench builtin/range_equal_bench_test.mbt:66 ("bench range_equal StringView== n=8 mismatch at end") ok
time (mean ± σ)         range (min … max) 
  12.09 ns ±   0.34 ns    11.83 ns …  12.85 ns  in 10 × 100000 runs
[moonbitlang/core] bench builtin/range_equal_bench_test.mbt:71 ("bench range_equal StringView== n=16 equal") ok
time (mean ± σ)         range (min … max) 
  18.56 ns ±   0.69 ns    17.54 ns …  19.27 ns  in 10 × 100000 runs
[moonbitlang/core] bench builtin/range_equal_bench_test.mbt:76 ("bench range_equal StringView== n=16 mismatch at end") ok
time (mean ± σ)         range (min … max) 
  18.43 ns ±   0.37 ns    17.87 ns …  18.95 ns  in 10 × 100000 runs
[moonbitlang/core] bench builtin/range_equal_bench_test.mbt:81 ("bench range_equal StringView== n=15 equal") ok
time (mean ± σ)         range (min … max) 
  17.70 ns ±   0.30 ns    17.30 ns …  18.24 ns  in 10 × 100000 runs
[moonbitlang/core] bench builtin/range_equal_bench_test.mbt:86 ("bench range_equal StringView== n=64 equal") ok
time (mean ± σ)         range (min … max) 
  52.36 ns ±   0.74 ns    51.34 ns …  53.14 ns  in 10 × 100000 runs
[moonbitlang/core] bench builtin/range_equal_bench_test.mbt:91 ("bench range_equal StringView== n=64 mismatch at end") ok
time (mean ± σ)         range (min … max) 
  51.46 ns ±   0.46 ns    50.95 ns …  52.08 ns  in 10 × 100000 runs
[moonbitlang/core] bench builtin/range_equal_bench_test.mbt:96 ("bench range_equal StringView== n=1024 equal") ok
time (mean ± σ)         range (min … max) 
 778.46 ns ±   1.66 ns   776.44 ns … 780.96 ns  in 10 × 100000 runs
[moonbitlang/core] bench builtin/range_equal_bench_test.mbt:101 ("bench range_equal StringView== n=1024 mismatch at end") ok
time (mean ± σ)         range (min … max) 
 792.42 ns ±   2.39 ns   787.73 ns … 795.07 ns  in 10 × 100000 runs
[moonbitlang/core] bench builtin/range_equal_bench_test.mbt:106 ("bench range_equal StringView== n=1024 mismatch at 0") ok
time (mean ± σ)         range (min … max) 
   7.59 ns ±   0.11 ns     7.48 ns …   7.76 ns  in 10 × 100000 runs
[moonbitlang/core] bench builtin/range_equal_bench_test.mbt:111 ("bench range_equal StringView== n=65536 equal") ok
time (mean ± σ)         range (min … max) 
  50.57 µs ± 546.58 ns    50.11 µs …  51.42 µs  in 10 ×   1991 runs
[moonbitlang/core] bench builtin/range_equal_bench_test.mbt:116 ("bench range_equal StringView== n=65536 mismatch at end") ok
time (mean ± σ)         range (min … max) 
  50.03 µs ±  44.38 ns    49.96 µs …  50.10 µs  in 10 ×   1996 runs
[moonbitlang/core] bench builtin/range_equal_bench_test.mbt:121 ("bench range_equal BytesView== n=4 equal") ok
time (mean ± σ)         range (min … max) 
   8.57 ns ±   0.15 ns     8.36 ns …   8.79 ns  in 10 × 100000 runs
[moonbitlang/core] bench builtin/range_equal_bench_test.mbt:126 ("bench range_equal BytesView== n=8 equal") ok
time (mean ± σ)         range (min … max) 
  11.43 ns ±   0.13 ns    11.17 ns …  11.64 ns  in 10 × 100000 runs
[moonbitlang/core] bench builtin/range_equal_bench_test.mbt:131 ("bench range_equal BytesView== n=8 mismatch at end") ok
time (mean ± σ)         range (min … max) 
  11.06 ns ±   0.34 ns    10.52 ns …  11.52 ns  in 10 × 100000 runs
[moonbitlang/core] bench builtin/range_equal_bench_test.mbt:136 ("bench range_equal BytesView== n=16 equal") ok
time (mean ± σ)         range (min … max) 
  16.15 ns ±   0.26 ns    15.82 ns …  16.51 ns  in 10 × 100000 runs
[moonbitlang/core] bench builtin/range_equal_bench_test.mbt:141 ("bench range_equal BytesView== n=16 mismatch at end") ok
time (mean ± σ)         range (min … max) 
  16.13 ns ±   0.52 ns    15.45 ns …  16.80 ns  in 10 × 100000 runs
[moonbitlang/core] bench builtin/range_equal_bench_test.mbt:146 ("bench range_equal BytesView== n=31 equal") ok
time (mean ± σ)         range (min … max) 
  25.86 ns ±   0.63 ns    24.99 ns …  26.63 ns  in 10 × 100000 runs
[moonbitlang/core] bench builtin/range_equal_bench_test.mbt:151 ("bench range_equal BytesView== n=64 equal") ok
time (mean ± σ)         range (min … max) 
  47.79 ns ±   0.66 ns    46.93 ns …  48.63 ns  in 10 × 100000 runs
[moonbitlang/core] bench builtin/range_equal_bench_test.mbt:156 ("bench range_equal BytesView== n=64 mismatch at end") ok
time (mean ± σ)         range (min … max) 
  47.96 ns ±   0.46 ns    47.62 ns …  48.80 ns  in 10 × 100000 runs
[moonbitlang/core] bench builtin/range_equal_bench_test.mbt:161 ("bench range_equal BytesView== n=1024 equal") ok
time (mean ± σ)         range (min … max) 
 732.59 ns ±   1.48 ns   730.06 ns … 734.16 ns  in 10 × 100000 runs
[moonbitlang/core] bench builtin/range_equal_bench_test.mbt:166 ("bench range_equal BytesView== n=1024 mismatch at end") ok
time (mean ± σ)         range (min … max) 
 736.53 ns ±   2.43 ns   733.81 ns … 741.32 ns  in 10 × 100000 runs
[moonbitlang/core] bench builtin/range_equal_bench_test.mbt:171 ("bench range_equal BytesView== n=1024 mismatch at 0") ok
time (mean ± σ)         range (min … max) 
   6.50 ns ±   0.11 ns     6.35 ns …   6.66 ns  in 10 × 100000 runs
[moonbitlang/core] bench builtin/range_equal_bench_test.mbt:176 ("bench range_equal BytesView== n=65536 equal") ok
time (mean ± σ)         range (min … max) 
  47.08 µs ±  85.96 ns    47.01 µs …  47.29 µs  in 10 ×   2128 runs
[moonbitlang/core] bench builtin/range_equal_bench_test.mbt:181 ("bench range_equal BytesView== n=65536 mismatch at end") ok
time (mean ± σ)         range (min … max) 
  47.79 µs ± 119.67 ns    47.56 µs …  47.91 µs  in 10 ×   2094 runs
[moonbitlang/core] bench builtin/range_equal_bench_test.mbt:186 ("bench range_equal StringView::has_prefix prefix=32 hit") ok
time (mean ± σ)         range (min … max) 
  31.54 ns ±   0.60 ns    30.80 ns …  32.28 ns  in 10 × 100000 runs
[moonbitlang/core] bench builtin/range_equal_bench_test.mbt:193 ("bench range_equal StringView::has_prefix prefix=32 miss at end") ok
time (mean ± σ)         range (min … max) 
  32.42 ns ±   0.41 ns    31.98 ns …  33.08 ns  in 10 × 100000 runs
[moonbitlang/core] bench builtin/linked_hash_map_bench_test.mbt:19 ("bench Map::set n=50000") ok
time (mean ± σ)         range (min … max) 
   2.35 ms ±  34.04 µs     2.30 ms …   2.40 ms  in 10 ×     43 runs
[moonbitlang/core] bench builtin/linked_hash_map_bench_test.mbt:30 ("bench Map::get n=50000") ok
time (mean ± σ)         range (min … max) 
   1.15 ms ±   1.50 µs     1.15 ms …   1.15 ms  in 10 ×     87 runs
[moonbitlang/core] bench builtin/linked_hash_map_bench_test.mbt:47 ("bench Map::get miss n=50000") ok
time (mean ± σ)         range (min … max) 
   1.14 ms ±   9.05 µs     1.14 ms …   1.16 ms  in 10 ×     88 runs
[moonbitlang/core] bench builtin/linked_hash_map_bench_test.mbt:67 ("bench Map::set+remove n=50000") ok
time (mean ± σ)         range (min … max) 
   3.42 ms ±  39.40 µs     3.36 ms …   3.48 ms  in 10 ×     29 runs
[moonbitlang/core] bench builtin/linked_hash_map_bench_test.mbt:83 ("bench Map::each n=50000") ok
time (mean ± σ)         range (min … max) 
 218.96 µs ±   2.27 µs   217.22 µs … 222.45 µs  in 10 ×    450 runs
[moonbitlang/core] bench builtin/linked_hash_map_bench_test.mbt:101 ("bench Map::filter n=50000") ok
time (mean ± σ)         range (min … max) 
 738.80 µs ±  13.71 µs   714.80 µs … 754.49 µs  in 10 ×    137 runs
[moonbitlang/core] bench builtin/linked_hash_map_bench_test.mbt:107 ("bench Map comprehension filter n=50000") ok
time (mean ± σ)         range (min … max) 
   2.75 ms ±  28.51 µs     2.71 ms …   2.79 ms  in 10 ×     37 runs
[moonbitlang/core] bench builtin/lexical_compare_bench_test.mbt:42 ("bench lexical_compare equal n=256") ok
time (mean ± σ)         range (min … max) 
 216.81 ns ±   1.06 ns   215.17 ns … 217.88 ns  in 10 × 100000 runs
[moonbitlang/core] bench builtin/lexical_compare_bench_test.mbt:47 ("bench lexical_compare common-prefix n=256") ok
time (mean ± σ)         range (min … max) 
 209.92 ns ±   2.08 ns   205.21 ns … 211.87 ns  in 10 × 100000 runs
[moonbitlang/core] bench builtin/lexical_compare_bench_test.mbt:52 ("bench lexical_compare early-diff n=256") ok
time (mean ± σ)         range (min … max) 
  11.31 ns ±   0.14 ns    11.11 ns …  11.50 ns  in 10 × 100000 runs
[moonbitlang/core] bench builtin/lexical_compare_bench_test.mbt:89 ("bench String::lexical_compare equal n=256") ok
time (mean ± σ)         range (min … max) 
 213.45 ns ±   2.38 ns   209.33 ns … 215.98 ns  in 10 × 100000 runs
[moonbitlang/core] bench builtin/lexical_compare_bench_test.mbt:94 ("bench String::lexical_compare common-prefix n=256") ok
time (mean ± σ)         range (min … max) 
 216.32 ns ±   2.65 ns   211.20 ns … 219.06 ns  in 10 × 100000 runs
[moonbitlang/core] bench builtin/lexical_compare_bench_test.mbt:99 ("bench String::lexical_compare early-diff n=256") ok
time (mean ± σ)         range (min … max) 
  11.13 ns ±   0.14 ns    10.90 ns …  11.33 ns  in 10 × 100000 runs
[moonbitlang/core] bench builtin/lexical_compare_bench_test.mbt:104 ("bench StringView::lexical_compare equal n=256") ok
time (mean ± σ)         range (min … max) 
 210.81 ns ±   0.44 ns   210.17 ns … 211.36 ns  in 10 × 100000 runs
[moonbitlang/core] bench builtin/lexical_compare_bench_test.mbt:109 ("bench StringView::lexical_compare common-prefix n=256") ok
time (mean ± σ)         range (min … max) 
 214.53 ns ±   1.81 ns   210.25 ns … 216.89 ns  in 10 × 100000 runs
[moonbitlang/core] bench builtin/lexical_compare_bench_test.mbt:114 ("bench StringView::lexical_compare early-diff n=256") ok
time (mean ± σ)         range (min … max) 
  11.36 ns ±   0.24 ns    10.83 ns …  11.61 ns  in 10 × 100000 runs
[moonbitlang/core] bench builtin/lexical_compare_bench_test.mbt:121 ("bench String::compare equal-length common-prefix n=256") ok
time (mean ± σ)         range (min … max) 
 171.55 ns ±   0.44 ns   170.93 ns … 172.17 ns  in 10 × 100000 runs
[moonbitlang/core] bench builtin/lexical_compare_bench_test.mbt:128 ("bench StringView::compare equal-length common-prefix n=256") ok
time (mean ± σ)         range (min … max) 
 215.05 ns ±   0.50 ns   214.43 ns … 215.94 ns  in 10 × 100000 runs
[moonbitlang/core] bench builtin/lexical_compare_bench_test.mbt:135 ("bench StringView::compare_ignore_ascii_case common-prefix n=256") ok
time (mean ± σ)         range (min … max) 
 422.32 ns ±   0.30 ns   421.77 ns … 422.63 ns  in 10 × 100000 runs
[moonbitlang/core] bench builtin/contains_code_unit_bench_test.mbt:19 ("bench contains_code_unit absent n=4") ok
time (mean ± σ)         range (min … max) 
   7.17 ns ±   0.12 ns     7.04 ns …   7.37 ns  in 10 × 100000 runs
[moonbitlang/core] bench builtin/contains_code_unit_bench_test.mbt:25 ("bench contains_code_unit absent n=8") ok
time (mean ± σ)         range (min … max) 
   8.97 ns ±   0.16 ns     8.81 ns …   9.21 ns  in 10 × 100000 runs
[moonbitlang/core] bench builtin/contains_code_unit_bench_test.mbt:31 ("bench contains_code_unit present@0 n=8") ok
time (mean ± σ)         range (min … max) 
   5.67 ns ±   0.10 ns     5.57 ns …   5.81 ns  in 10 × 100000 runs
[moonbitlang/core] bench builtin/contains_code_unit_bench_test.mbt:37 ("bench contains_code_unit absent n=16") ok
time (mean ± σ)         range (min … max) 
  12.48 ns ±   0.35 ns    11.99 ns …  12.83 ns  in 10 × 100000 runs
[moonbitlang/core] bench builtin/contains_code_unit_bench_test.mbt:43 ("bench contains_code_unit absent n=64") ok
time (mean ± σ)         range (min … max) 
  34.61 ns ±   0.50 ns    34.21 ns …  35.66 ns  in 10 × 100000 runs
[moonbitlang/core] bench builtin/contains_code_unit_bench_test.mbt:49 ("bench contains_code_unit absent n=256") ok
time (mean ± σ)         range (min … max) 
 133.51 ns ±   0.78 ns   132.22 ns … 134.95 ns  in 10 × 100000 runs
[moonbitlang/core] bench builtin/contains_code_unit_bench_test.mbt:55 ("bench contains_code_unit present@end n=256") ok
time (mean ± σ)         range (min … max) 
 133.39 ns ±   0.30 ns   133.05 ns … 133.82 ns  in 10 × 100000 runs
[moonbitlang/core] bench builtin/contains_code_unit_bench_test.mbt:61 ("bench contains_code_unit present@0 n=256") ok
time (mean ± σ)         range (min … max) 
   5.60 ns ±   0.16 ns     5.41 ns …   5.86 ns  in 10 × 100000 runs
[moonbitlang/core] bench builtin/contains_code_unit_bench_test.mbt:67 ("bench StringView contains_code_unit absent n=256") ok
time (mean ± σ)         range (min … max) 
 151.94 ns ±   0.80 ns   150.76 ns … 152.91 ns  in 10 × 100000 runs
[moonbitlang/core] bench builtin/bytesview_compare_bench_test.mbt:16 ("bench BytesView Compare equal n=1000000") ok
time (mean ± σ)         range (min … max) 
 752.48 µs ±   9.16 µs   740.23 µs … 763.79 µs  in 10 ×    135 runs
[moonbitlang/core] bench builtin/bytesview_compare_bench_test.mbt:23 ("bench BytesView Compare last-diff n=1000000") ok
time (mean ± σ)         range (min … max) 
 744.41 µs ±   3.00 µs   740.21 µs … 748.79 µs  in 10 ×    134 runs
[moonbitlang/core] bench builtin/bytes_unsafe_bench_test.mbt:31 ("bench Bytes::unsafe_read_uint16_le n=4096") ok
time (mean ± σ)         range (min … max) 
   2.83 µs ±  86.03 ns     2.74 µs …   2.92 µs  in 10 ×  35186 runs
[moonbitlang/core] bench builtin/bytes_unsafe_bench_test.mbt:43 ("bench Bytes::unsafe_read_uint32_le n=4096") ok
time (mean ± σ)         range (min … max) 
   5.21 µs ±  44.23 ns     5.15 µs …   5.27 µs  in 10 ×  19300 runs
[moonbitlang/core] bench builtin/bytes_unsafe_bench_test.mbt:55 ("bench Bytes::unsafe_read_uint64_le n=4096") ok
time (mean ± σ)         range (min … max) 
  10.51 µs ±   1.67 µs     9.64 µs …  13.67 µs  in 10 ×  10345 runs
[moonbitlang/core] bench builtin/bytes_unsafe_bench_test.mbt:67 ("bench FixedArray::unsafe_write_uint16_le n=4096") ok
time (mean ± σ)         range (min … max) 
   2.15 µs ±   3.55 ns     2.15 µs …   2.16 µs  in 10 ×  46225 runs
[moonbitlang/core] bench builtin/bytes_unsafe_bench_test.mbt:78 ("bench FixedArray::unsafe_write_uint32_le n=4096") ok
time (mean ± σ)         range (min … max) 
   4.71 µs ±  28.93 ns     4.66 µs …   4.74 µs  in 10 ×  21403 runs
[moonbitlang/core] bench builtin/bytes_unsafe_bench_test.mbt:89 ("bench FixedArray::unsafe_write_uint64_le n=4096") ok
time (mean ± σ)         range (min … max) 
  11.94 µs ±  77.53 ns    11.83 µs …  12.05 µs  in 10 ×   8391 runs
[moonbitlang/core] bench builtin/bytes_output_bench_test.mbt:19 ("bench Bytes Show binary n=100000") ok
time (mean ± σ)         range (min … max) 
   1.11 ms ± 165.45 µs   964.51 µs …   1.31 ms  in 10 ×     77 runs
[moonbitlang/core] bench builtin/bytes_output_bench_test.mbt:24 ("bench Bytes ToJson binary n=100000") ok
time (mean ± σ)         range (min … max) 
 977.20 µs ± 166.55 µs   837.27 µs …   1.18 ms  in 10 ×     85 runs
[moonbitlang/core] bench builtin/bytes_hash_bench_test.mbt:54 ("bench Hash::hash(Bytes) n=32") ok
time (mean ± σ)         range (min … max) 
  18.92 ns ±   0.36 ns    18.61 ns …  19.75 ns  in 10 × 100000 runs
[moonbitlang/core] bench builtin/bytes_hash_bench_test.mbt:60 ("bench Hash::hash(Bytes) n=8192") ok
time (mean ± σ)         range (min … max) 
   4.59 µs ±   5.11 ns     4.58 µs …   4.60 µs  in 10 ×  21766 runs
[moonbitlang/core] bench builtin/bytes_hash_bench_test.mbt:66 ("bench Map::at Bytes n=1024 key_bytes=32") ok
time (mean ± σ)         range (min … max) 
  52.66 µs ±  42.47 ns    52.61 µs …  52.72 µs  in 10 ×   1897 runs
[moonbitlang/core] bench builtin/bytes_from_array_bench_test.mbt:30 ("bench Bytes::from_array n=262144 full") ok
time (mean ± σ)         range (min … max) 
  96.73 µs ± 809.46 ns    95.54 µs …  97.75 µs  in 10 ×   1045 runs
[moonbitlang/core] bench builtin/bytes_from_array_bench_test.mbt:41 ("bench Bytes::from_array n=262144 sliced") ok
time (mean ± σ)         range (min … max) 
  96.12 µs ± 900.01 ns    95.16 µs …  97.79 µs  in 10 ×   1048 runs
[moonbitlang/core] bench builtin/bytes_from_array_bench_test.mbt:48 ("bench Bytes::makei from ArrayView n=262144 full") ok
time (mean ± σ)         range (min … max) 
 413.00 µs ±   5.49 µs   402.59 µs … 416.58 µs  in 10 ×    250 runs
[moonbitlang/core] bench builtin/bytes_from_array_bench_test.mbt:59 ("bench Bytes::makei from ArrayView n=262144 sliced") ok
time (mean ± σ)         range (min … max) 
 443.55 µs ±   9.87 µs   427.66 µs … 455.63 µs  in 10 ×    237 runs
[moonbitlang/core] bench builtin/bytes_equal_bench_test.mbt:37 ("bench Bytes::equal n=100000 equal") ok
time (mean ± σ)         range (min … max) 
  61.83 µs ±  25.93 ns    61.80 µs …  61.88 µs  in 10 ×   1618 runs
[moonbitlang/core] bench builtin/bytes_equal_bench_test.mbt:44 ("bench Bytes::equal n=100000 aliased object") ok
time (mean ± σ)         range (min … max) 
  61.01 µs ±  20.72 ns    60.98 µs …  61.04 µs  in 10 ×   1639 runs
[moonbitlang/core] bench builtin/bytes_equal_bench_test.mbt:54 ("bench Bytes::equal n=100000 mismatch at end") ok
time (mean ± σ)         range (min … max) 
  61.83 µs ±  21.53 ns    61.80 µs …  61.87 µs  in 10 ×   1619 runs
[moonbitlang/core] bench builtin/bytes_add_bench_test.mbt:16 ("bench Bytes add total=1000000") ok
time (mean ± σ)         range (min … max) 
 353.99 µs ± 943.20 ns   352.53 µs … 354.88 µs  in 10 ×    285 runs
[moonbitlang/core] bench builtin/bitstring_uint_aligned_bench_test.mbt:24 ("bench Bytes::unsafe_extract_uint_le_aligned n=8192") ok
time (mean ± σ)         range (min … max) 
   2.74 µs ±   3.12 ns     2.74 µs …   2.75 µs  in 10 ×  36312 runs
[moonbitlang/core] bench builtin/bitstring_uint64_aligned_bench_test.mbt:24 ("bench Bytes::unsafe_extract_uint64_le_aligned n=8192") ok
time (mean ± σ)         range (min … max) 
   3.36 µs ±  19.68 ns     3.32 µs …   3.37 µs  in 10 ×  39071 runs
[moonbitlang/core] bench builtin/bitstring_extract_bench_test.mbt:35 ("bench BytesView uint_le aligned len=32") ok
time (mean ± σ)         range (min … max) 
   4.76 µs ±  23.10 ns     4.74 µs …   4.81 µs  in 10 ×  20873 runs
[moonbitlang/core] bench builtin/bitstring_extract_bench_test.mbt:48 ("bench BytesView uint_be aligned len=32") ok
time (mean ± σ)         range (min … max) 
   4.78 µs ±  16.86 ns     4.76 µs …   4.82 µs  in 10 ×  20846 runs
[moonbitlang/core] bench builtin/bitstring_extract_bench_test.mbt:61 ("bench ArrayView uint_le aligned len=32") ok
time (mean ± σ)         range (min … max) 
   4.74 µs ±  33.24 ns     4.71 µs …   4.81 µs  in 10 ×  20928 runs
[moonbitlang/core] bench builtin/bitstring_extract_bench_test.mbt:75 ("bench ArrayView uint_be aligned len=32") ok
time (mean ± σ)         range (min … max) 
   4.79 µs ±  29.60 ns     4.75 µs …   4.84 µs  in 10 ×  20777 runs
[moonbitlang/core] bench builtin/bitstring_extract_bench_test.mbt:89 ("bench BytesView uint64_le aligned len=64") ok
time (mean ± σ)         range (min … max) 
   3.68 µs ±  12.13 ns     3.66 µs …   3.70 µs  in 10 ×  27133 runs
[moonbitlang/core] bench builtin/bitstring_extract_bench_test.mbt:102 ("bench BytesView uint64_be aligned len=64") ok
time (mean ± σ)         range (min … max) 
   3.68 µs ±   8.14 ns     3.66 µs …   3.69 µs  in 10 ×  27195 runs
[moonbitlang/core] bench builtin/bitstring_extract_bench_test.mbt:115 ("bench ArrayView uint64_le aligned len=64") ok
time (mean ± σ)         range (min … max) 
   3.68 µs ±  28.30 ns     3.64 µs …   3.71 µs  in 10 ×  27141 runs
[moonbitlang/core] bench builtin/bitstring_extract_bench_test.mbt:129 ("bench ArrayView uint64_be aligned len=64") ok
time (mean ± σ)         range (min … max) 
   3.69 µs ±   8.59 ns     3.66 µs …   3.69 µs  in 10 ×  27225 runs
[moonbitlang/core] bench builtin/bitstring_extract_bench_test.mbt:143 ("bench BytesView uint_le unaligned len=32") ok
time (mean ± σ)         range (min … max) 
  18.97 µs ±  38.31 ns    18.87 µs …  19.00 µs  in 10 ×   5260 runs
[moonbitlang/core] bench builtin/bitstring_extract_bench_test.mbt:156 ("bench BytesView uint64_le unaligned len=64") ok
time (mean ± σ)         range (min … max) 
  16.63 µs ± 138.47 ns    16.34 µs …  16.75 µs  in 10 ×   6090 runs
[moonbitlang/core] bench builtin/bitstring_extract_bench_test.mbt:169 ("bench BytesView uint_le aligned len=16") ok
time (mean ± σ)         range (min … max) 
   7.07 µs ±   1.99 µs     4.15 µs …   8.39 µs  in 10 ×  12115 runs
[moonbitlang/core] bench builtin/bitstring_extract_bench_test.mbt:182 ("bench BytesView uint_le aligned len=24") ok
time (mean ± σ)         range (min … max) 
  14.06 µs ±  18.18 ns    14.01 µs …  14.08 µs  in 10 ×   7114 runs
[moonbitlang/core] bench builtin/array_retain_bench_test.mbt:29 ("bench Array::retain all keep Int n=100000") ok
time (mean ± σ)         range (min … max) 
  64.79 µs ± 271.82 ns    64.41 µs …  65.05 µs  in 10 ×   1550 runs
[moonbitlang/core] bench builtin/array_retain_bench_test.mbt:42 ("bench Array::retain all keep Ref n=100000") ok
time (mean ± σ)         range (min … max) 
  77.23 µs ± 133.00 ns    76.86 µs …  77.35 µs  in 10 ×   1295 runs
[moonbitlang/core] bench builtin/array_retain_bench_test.mbt:55 ("bench Array::retain drop tail n=100000") ok
time (mean ± σ)         range (min … max) 
 130.96 µs ±   2.77 µs   128.83 µs … 136.18 µs  in 10 ×    767 runs
[moonbitlang/core] bench builtin/array_retain_bench_test.mbt:66 ("bench Array::retain late sparse drop n=100000") ok
time (mean ± σ)         range (min … max) 
 177.28 µs ±   1.77 µs   175.77 µs … 181.21 µs  in 10 ×    534 runs
[moonbitlang/core] bench builtin/array_retain_bench_test.mbt:77 ("bench Array::retain drop first n=100000") ok
time (mean ± σ)         range (min … max) 
 146.14 µs ±   2.14 µs   144.30 µs … 149.98 µs  in 10 ×    666 runs
[moonbitlang/core] bench builtin/array_make_blit_bench_test.mbt:32 ("bench FixedArray::copy Ref n=1000000") ok
time (mean ± σ)         range (min … max) 
   2.32 ms ±  56.41 µs     2.17 ms …   2.36 ms  in 10 ×     43 runs
[moonbitlang/core] bench builtin/array_make_blit_bench_test.mbt:38 ("bench Array::from_fixed_array Ref n=1000000") ok
time (mean ± σ)         range (min … max) 
   2.32 ms ±  52.50 µs     2.18 ms …   2.36 ms  in 10 ×     43 runs
[moonbitlang/core] bench builtin/array_make_blit_bench_test.mbt:44 ("bench Array::add Ref n=500000+500000") ok
time (mean ± σ)         range (min … max) 
   2.19 ms ±  48.40 µs     2.16 ms …   2.32 ms  in 10 ×     45 runs
[moonbitlang/core] bench builtin/array_make_blit_bench_test.mbt:51 ("bench ArrayView::add Ref n=500000+500000") ok
time (mean ± σ)         range (min … max) 
   2.19 ms ±  44.56 µs     2.16 ms …   2.31 ms  in 10 ×     45 runs
[moonbitlang/core] bench builtin/array_make_blit_bench_test.mbt:60 ("bench Array::blit_to Ref n=1000000 overwrite") ok
time (mean ± σ)         range (min … max) 
 159.67 µs ± 181.75 ns   159.44 µs … 159.92 µs  in 10 ×    626 runs
[moonbitlang/core] bench builtin/array_make_blit_bench_test.mbt:70 ("bench Array::blit_to Ref n=1000000 grow") ok
time (mean ± σ)         range (min … max) 
   3.45 ms ±   9.08 µs     3.44 ms …   3.46 ms  in 10 ×     30 runs
[moonbitlang/core] bench builtin/array_make_blit_bench_test.mbt:80 ("bench ArrayView::blit_to Ref n=1000000 overwrite") ok
time (mean ± σ)         range (min … max) 
 160.03 µs ± 535.06 ns   159.61 µs … 161.01 µs  in 10 ×    626 runs
[moonbitlang/core] bench builtin/array_make_blit_bench_test.mbt:90 ("bench ArrayView::blit_to Ref n=1000000 grow") ok
time (mean ± σ)         range (min … max) 
   3.44 ms ±  92.74 µs     3.38 ms …   3.66 ms  in 10 ×     31 runs
[moonbitlang/core] bench builtin/array_make_blit_bench_test.mbt:100 ("bench Array::append Ref n=1000000 grow") ok
time (mean ± σ)         range (min … max) 
   3.46 ms ±  13.45 µs     3.43 ms …   3.48 ms  in 10 ×     30 runs
[moonbitlang/core] bench builtin/array_make_blit_bench_test.mbt:110 ("bench Array::push Ref n=1000000 resize") ok
time (mean ± σ)         range (min … max) 
   5.05 ms ± 243.51 µs     4.69 ms …   5.39 ms  in 10 ×     20 runs
[moonbitlang/core] bench builtin/array_make_blit_bench_test.mbt:129 ("bench Array::copy Int n=1000000") ok
time (mean ± σ)         range (min … max) 
 579.68 µs ± 848.23 ns   578.46 µs … 581.00 µs  in 10 ×    173 runs
[moonbitlang/core] bench builtin/array_make_blit_bench_test.mbt:135 ("bench Array::copy Ref n=1000000") ok
time (mean ± σ)         range (min … max) 
   2.21 ms ±  99.02 µs     2.06 ms …   2.39 ms  in 10 ×     45 runs
[moonbitlang/core] bench builtin/array_locals_bench_test.mbt:29 ("bench Array::retain_map n=100000") ok
time (mean ± σ)         range (min … max) 
  67.09 µs ±  90.65 ns    66.91 µs …  67.21 µs  in 10 ×   1521 runs
[moonbitlang/core] bench builtin/array_locals_bench_test.mbt:38 ("bench Array::shuffle_in_place n=100000") ok
time (mean ± σ)         range (min … max) 
 155.80 µs ± 305.52 ns   155.44 µs … 156.53 µs  in 10 ×    642 runs
[moonbitlang/core] bench builtin/array_locals_bench_test.mbt:50 ("bench Array::filter_map n=100000") ok
time (mean ± σ)         range (min … max) 
 168.38 µs ±   1.15 µs   166.27 µs … 169.75 µs  in 10 ×    588 runs
[moonbitlang/core] bench builtin/array_locals_bench_test.mbt:58 ("bench FixedArray::each n=100000") ok
time (mean ± σ)         range (min … max) 
  46.84 µs ± 423.90 ns    46.47 µs …  47.77 µs  in 10 ×   2148 runs
[moonbitlang/core] bench builtin/array_locals_bench_test.mbt:68 ("bench FixedArray::eachi n=100000") ok
time (mean ± σ)         range (min … max) 
  61.56 µs ± 425.87 ns    61.09 µs …  62.17 µs  in 10 ×   1632 runs
[moonbitlang/core] bench builtin/array_locals_bench_test.mbt:78 ("bench FixedArray::rev_each n=100000") ok
time (mean ± σ)         range (min … max) 
  52.67 µs ± 528.59 ns    51.96 µs …  53.14 µs  in 10 ×   1866 runs
[moonbitlang/core] bench builtin/array_locals_bench_test.mbt:88 ("bench FixedArray::rev_eachi n=100000") ok
time (mean ± σ)         range (min … max) 
  72.57 µs ± 395.21 ns    72.18 µs …  73.05 µs  in 10 ×   1381 runs
[moonbitlang/core] bench builtin/array_locals_bench_test.mbt:98 ("bench FixedArray::map n=100000") ok
time (mean ± σ)         range (min … max) 
  86.96 µs ± 365.92 ns    86.51 µs …  87.61 µs  in 10 ×   1156 runs
[moonbitlang/core] bench builtin/array_locals_bench_test.mbt:104 ("bench FixedArray::mapi n=100000") ok
time (mean ± σ)         range (min … max) 
  84.88 µs ± 315.55 ns    84.38 µs …  85.30 µs  in 10 ×   1174 runs
[moonbitlang/core] bench builtin/array_locals_bench_test.mbt:110 ("bench FixedArray::makei n=100000") ok
time (mean ± σ)         range (min … max) 
  82.59 µs ± 328.91 ns    82.15 µs …  82.92 µs  in 10 ×   1245 runs
[moonbitlang/core] bench builtin/array_locals_bench_test.mbt:115 ("bench FixedArray::fold n=100000") ok
time (mean ± σ)         range (min … max) 
  52.68 µs ±  73.26 ns    52.58 µs …  52.75 µs  in 10 ×   1897 runs
[moonbitlang/core] bench builtin/array_locals_bench_test.mbt:121 ("bench FixedArray::rev_fold n=100000") ok
time (mean ± σ)         range (min … max) 
  51.78 µs ±  84.74 ns    51.71 µs …  52.00 µs  in 10 ×   1927 runs
[moonbitlang/core] bench builtin/array_locals_bench_test.mbt:127 ("bench FixedArray::foldi n=100000") ok
time (mean ± σ)         range (min … max) 
  55.18 µs ±  84.48 ns    55.04 µs …  55.28 µs  in 10 ×   1806 runs
[moonbitlang/core] bench builtin/array_locals_bench_test.mbt:133 ("bench FixedArray::rev_foldi n=100000") ok
time (mean ± σ)         range (min … max) 
  60.01 µs ±  97.03 ns    59.84 µs …  60.16 µs  in 10 ×   1661 runs
[moonbitlang/core] bench builtin/array_locals_bench_test.mbt:139 ("bench ArrayView::chunk_by n=100000") ok
time (mean ± σ)         range (min … max) 
  92.05 µs ±  76.24 ns    91.94 µs …  92.19 µs  in 10 ×   1085 runs
[moonbitlang/core] bench builtin/array_locals_bench_test.mbt:146 ("bench ArrayView::each n=100000") ok
time (mean ± σ)         range (min … max) 
  61.59 µs ± 114.79 ns    61.42 µs …  61.72 µs  in 10 ×   1617 runs
[moonbitlang/core] bench builtin/array_locals_bench_test.mbt:157 ("bench ArrayView::eachi n=100000") ok
time (mean ± σ)         range (min … max) 
  69.13 µs ±  74.66 ns    69.01 µs …  69.23 µs  in 10 ×   1445 runs
[moonbitlang/core] bench builtin/array_locals_bench_test.mbt:168 ("bench ArrayView::rev_each n=100000") ok
time (mean ± σ)         range (min … max) 
  67.47 µs ± 223.79 ns    67.17 µs …  68.01 µs  in 10 ×   1483 runs
[moonbitlang/core] bench builtin/array_locals_bench_test.mbt:179 ("bench ArrayView::rev_eachi n=100000") ok
time (mean ± σ)         range (min … max) 
  75.40 µs ± 352.34 ns    74.84 µs …  76.00 µs  in 10 ×   1326 runs
[moonbitlang/core] bench builtin/array_locals_bench_test.mbt:190 ("bench ArrayView::all n=100000") ok
time (mean ± σ)         range (min … max) 
  59.15 µs ±  79.12 ns    59.02 µs …  59.22 µs  in 10 ×   1688 runs
[moonbitlang/core] bench builtin/array_locals_bench_test.mbt:197 ("bench ArrayView::any n=100000") ok
time (mean ± σ)         range (min … max) 
  59.78 µs ± 549.24 ns    58.84 µs …  60.25 µs  in 10 ×   1701 runs
[moonbitlang/core] bench builtin/array_locals_bench_test.mbt:204 ("bench ArrayView::search_by n=100000") ok
time (mean ± σ)         range (min … max) 
  58.66 µs ±  73.23 ns    58.56 µs …  58.77 µs  in 10 ×   1703 runs
[moonbitlang/core] bench builtin/array_locals_bench_test.mbt:213 ("bench ArrayView::fold n=100000") ok
time (mean ± σ)         range (min … max) 
  58.47 µs ±  69.29 ns    58.38 µs …  58.60 µs  in 10 ×   1714 runs
[moonbitlang/core] bench builtin/array_locals_bench_test.mbt:220 ("bench ArrayView::rev_fold n=100000") ok
time (mean ± σ)         range (min … max) 
  56.97 µs ± 132.86 ns    56.87 µs …  57.31 µs  in 10 ×   1753 runs
[moonbitlang/core] bench builtin/array_locals_bench_test.mbt:227 ("bench ArrayView::foldi n=100000") ok
time (mean ± σ)         range (min … max) 
  65.42 µs ±  36.00 ns    65.36 µs …  65.47 µs  in 10 ×   1531 runs
[moonbitlang/core] bench builtin/array_locals_bench_test.mbt:234 ("bench ArrayView::rev_foldi n=100000") ok
time (mean ± σ)         range (min … max) 
  72.12 µs ±  32.25 ns    72.07 µs …  72.16 µs  in 10 ×   1387 runs
[moonbitlang/core] bench builtin/array_locals_bench_test.mbt:241 ("bench ArrayView::map n=100000") ok
time (mean ± σ)         range (min … max) 
 131.05 µs ± 428.18 ns   130.54 µs … 131.78 µs  in 10 ×    754 runs
[moonbitlang/core] bench builtin/array_locals_bench_test.mbt:248 ("bench ArrayView::mapi n=100000") ok
time (mean ± σ)         range (min … max) 
 133.18 µs ± 541.91 ns   132.46 µs … 134.06 µs  in 10 ×    749 runs
[moonbitlang/core] bench builtin/array_locals_bench_test.mbt:255 ("bench ArrayView::filter n=100000") ok
time (mean ± σ)         range (min … max) 
 147.70 µs ± 864.29 ns   146.37 µs … 149.04 µs  in 10 ×    675 runs
[moonbitlang/core] bench builtin/array_locals_bench_test.mbt:262 ("bench ArrayView::filter_map n=100000") ok
time (mean ± σ)         range (min … max) 
 183.25 µs ±   1.33 µs   181.01 µs … 185.37 µs  in 10 ×    491 runs
[moonbitlang/core] bench bytes/find_bench_test.mbt:92 ("bench BytesView::find single byte hit end n=4096") ok
time (mean ± σ)         range (min … max) 
   2.10 µs ±   3.61 ns     2.10 µs …   2.11 µs  in 10 ×  49203 runs
[moonbitlang/core] bench bytes/find_bench_test.mbt:99 ("bench BytesView::find single byte miss n=4096") ok
time (mean ± σ)         range (min … max) 
   2.14 µs ±   4.63 ns     2.13 µs …   2.14 µs  in 10 ×  49001 runs
[moonbitlang/core] bench bytes/find_bench_test.mbt:106 ("bench BytesView::find substring rare hit end n=4096") ok
time (mean ± σ)         range (min … max) 
   2.25 µs ±   1.93 ns     2.25 µs …   2.25 µs  in 10 ×  44431 runs
[moonbitlang/core] bench bytes/find_bench_test.mbt:113 ("bench BytesView::find substring dense miss n=4096") ok
time (mean ± σ)         range (min … max) 
   2.27 µs ±   7.81 ns     2.26 µs …   2.28 µs  in 10 ×  42762 runs
[moonbitlang/core] bench bytes/find_bench_test.mbt:120 ("bench BytesView::find offset view rare hit end n=4096") ok
time (mean ± σ)         range (min … max) 
   2.23 µs ±   2.81 ns     2.22 µs …   2.23 µs  in 10 ×  44291 runs
[moonbitlang/core] bench bytes/find_bench_test.mbt:127 ("bench BytesView::find long dense miss n=4096") ok
time (mean ± σ)         range (min … max) 
   4.90 µs ±   5.64 ns     4.90 µs …   4.91 µs  in 10 ×  20365 runs
[moonbitlang/core] bench bytes/find_bench_test.mbt:134 ("bench BytesView::find single byte miss n=32") ok
time (mean ± σ)         range (min … max) 
  22.71 ns ±   0.43 ns    22.24 ns …  23.62 ns  in 10 × 100000 runs
[moonbitlang/core] bench bytes/find_bench_test.mbt:141 ("bench BytesView::find substring miss n=32") ok
time (mean ± σ)         range (min … max) 
  25.46 ns ±   0.42 ns    24.86 ns …  26.03 ns  in 10 × 100000 runs
[moonbitlang/core] bench bytes/find_bench_test.mbt:148 ("bench BytesView::rev_find single byte hit start n=4096") ok
time (mean ± σ)         range (min … max) 
   2.05 µs ±   3.00 ns     2.04 µs …   2.05 µs  in 10 ×  49093 runs
[moonbitlang/core] bench bytes/find_bench_test.mbt:155 ("bench BytesView::rev_find single byte miss n=4096") ok
time (mean ± σ)         range (min … max) 
   2.17 µs ±  29.77 ns     2.13 µs …   2.20 µs  in 10 ×  46935 runs
[moonbitlang/core] bench bytes/find_bench_test.mbt:162 ("bench BytesView::rev_find substring rare hit start n=4096") ok
time (mean ± σ)         range (min … max) 
   3.35 µs ±   2.52 ns     3.35 µs …   3.35 µs  in 10 ×  29853 runs
[moonbitlang/core] bench bytes/find_bench_test.mbt:169 ("bench BytesView::rev_find substring dense miss n=4096") ok
time (mean ± σ)         range (min … max) 
   3.60 µs ±  12.26 ns     3.57 µs …   3.62 µs  in 10 ×  27610 runs
[moonbitlang/core] bench bytes/find_bench_test.mbt:176 ("bench BytesView::rev_find offset view rare hit start n=4096") ok
time (mean ± σ)         range (min … max) 
   3.34 µs ±   2.46 ns     3.34 µs …   3.35 µs  in 10 ×  29922 runs
[moonbitlang/core] bench bytes/find_bench_test.mbt:185 ("bench BytesView::rev_find long dense miss n=4096") ok
time (mean ± σ)         range (min … max) 
   3.59 µs ±   6.66 ns     3.58 µs …   3.60 µs  in 10 ×  27847 runs
[moonbitlang/core] bench debug/debug_inspect_bench_test.mbt:16 ("bench debug_inspect passing Int") ok
time (mean ± σ)         range (min … max) 
  65.46 ns ±   0.46 ns    64.65 ns …  66.01 ns  in 10 × 100000 runs
[moonbitlang/core] bench debug/debug_inspect_bench_test.mbt:21 ("bench debug_inspect passing Array") ok
time (mean ± σ)         range (min … max) 
 844.47 ns ±   3.88 ns   835.90 ns … 849.35 ns  in 10 × 100000 runs
[moonbitlang/core] bench deque/deque_bench_test.mbt:22 ("bench Deque::to_array Int n=50000") ok
time (mean ± σ)         range (min … max) 
 102.91 µs ± 503.62 ns   102.10 µs … 103.66 µs  in 10 ×    975 runs
[moonbitlang/core] bench deque/deque_bench_test.mbt:28 ("bench Deque::to_array Ref n=50000") ok
time (mean ± σ)         range (min … max) 
 128.18 µs ±   1.60 µs   126.53 µs … 130.40 µs  in 10 ×    779 runs
[moonbitlang/core] bench deque/deque_bench_test.mbt:34 ("bench Deque steady-state pop_front/push_back x100000 len=1000") ok
time (mean ± σ)         range (min … max) 
 364.58 µs ± 108.75 ns   364.42 µs … 364.73 µs  in 10 ×    275 runs
[moonbitlang/core] bench deque/deque_bench_test.mbt:51 ("bench Deque steady-state push_front/pop_back x100000 len=1000") ok
time (mean ± σ)         range (min … max) 
 370.85 µs ±   3.65 µs   365.17 µs … 374.37 µs  in 10 ×    268 runs
[moonbitlang/core] bench deque/deque_bench_test.mbt:67 ("bench Deque::get x100000 len=1000") ok
time (mean ± σ)         range (min … max) 
 637.89 µs ±   1.03 µs   637.17 µs … 640.56 µs  in 10 ×    157 runs
[moonbitlang/core] bench encoding/ascii/ascii_bench_test.mbt:40 ("bench ASCII decode n=15") ok
time (mean ± σ)         range (min … max) 
  54.10 ns ±   0.35 ns    53.44 ns …  54.47 ns  in 10 × 100000 runs
[moonbitlang/core] bench encoding/ascii/ascii_bench_test.mbt:46 ("bench ASCII decode n=16") ok
time (mean ± σ)         range (min … max) 
  57.64 ns ±   0.36 ns    56.96 ns …  58.14 ns  in 10 × 100000 runs
[moonbitlang/core] bench encoding/ascii/ascii_bench_test.mbt:52 ("bench ASCII decode n=32") ok
time (mean ± σ)         range (min … max) 
 101.11 ns ±   1.40 ns    99.93 ns … 103.76 ns  in 10 × 100000 runs
[moonbitlang/core] bench encoding/ascii/ascii_bench_test.mbt:58 ("bench ASCII decode n=64") ok
time (mean ± σ)         range (min … max) 
 142.58 ns ±   1.07 ns   140.33 ns … 143.93 ns  in 10 × 100000 runs
[moonbitlang/core] bench encoding/ascii/ascii_bench_test.mbt:64 ("bench ASCII decode n=100000") ok
time (mean ± σ)         range (min … max) 
 232.26 µs ± 994.49 ns   230.62 µs … 233.39 µs  in 10 ×    430 runs
[moonbitlang/core] bench encoding/ascii/ascii_bench_test.mbt:70 ("bench ASCII decode n=1000000") ok
time (mean ± σ)         range (min … max) 
   2.23 ms ±  13.18 µs     2.22 ms …   2.26 ms  in 10 ×     45 runs
[moonbitlang/core] bench encoding/base64/v128_bench_wbtest.mbt:38 ("bench encode scalar n=64") ok
time (mean ± σ)         range (min … max) 
   1.68 µs ±  16.06 ns     1.67 µs …   1.71 µs  in 10 ×  57535 runs
[moonbitlang/core] bench encoding/base64/v128_bench_wbtest.mbt:43 ("bench encode v128 n=64") ok
time (mean ± σ)         range (min … max) 
   1.69 µs ±  10.34 ns     1.68 µs …   1.71 µs  in 10 ×  57359 runs
[moonbitlang/core] bench encoding/base64/v128_bench_wbtest.mbt:48 ("bench encode scalar n=1024") ok
time (mean ± σ)         range (min … max) 
  25.76 µs ± 258.95 ns    25.47 µs …  26.23 µs  in 10 ×   3803 runs
[moonbitlang/core] bench encoding/base64/v128_bench_wbtest.mbt:53 ("bench encode v128 n=1024") ok
time (mean ± σ)         range (min … max) 
  25.82 µs ± 267.68 ns    25.58 µs …  26.34 µs  in 10 ×   3755 runs
[moonbitlang/core] bench encoding/base64/v128_bench_wbtest.mbt:58 ("bench encode scalar n=65536") ok
time (mean ± σ)         range (min … max) 
   1.67 ms ±   5.00 µs     1.66 ms …   1.68 ms  in 10 ×     60 runs
[moonbitlang/core] bench encoding/base64/v128_bench_wbtest.mbt:63 ("bench encode v128 n=65536") ok
time (mean ± σ)         range (min … max) 
   1.67 ms ±   6.05 µs     1.66 ms …   1.67 ms  in 10 ×     60 runs
[moonbitlang/core] bench encoding/base64/v128_bench_wbtest.mbt:68 ("bench decode scalar n=64") ok
time (mean ± σ)         range (min … max) 
 263.86 ns ±   1.84 ns   261.50 ns … 266.77 ns  in 10 × 100000 runs
[moonbitlang/core] bench encoding/base64/v128_bench_wbtest.mbt:75 ("bench decode v128 n=64") ok
time (mean ± σ)         range (min … max) 
 264.03 ns ±   1.57 ns   261.63 ns … 265.83 ns  in 10 × 100000 runs
[moonbitlang/core] bench encoding/base64/v128_bench_wbtest.mbt:80 ("bench decode scalar n=1024") ok
time (mean ± σ)         range (min … max) 
   3.73 µs ±  14.67 ns     3.71 µs …   3.75 µs  in 10 ×  25304 runs
[moonbitlang/core] bench encoding/base64/v128_bench_wbtest.mbt:87 ("bench decode v128 n=1024") ok
time (mean ± σ)         range (min … max) 
   3.72 µs ±  31.59 ns     3.69 µs …   3.78 µs  in 10 ×  25302 runs
[moonbitlang/core] bench encoding/base64/v128_bench_wbtest.mbt:92 ("bench decode scalar n=65536") ok
time (mean ± σ)         range (min … max) 
 583.90 µs ±   2.34 µs   580.69 µs … 586.39 µs  in 10 ×    172 runs
[moonbitlang/core] bench encoding/base64/v128_bench_wbtest.mbt:99 ("bench decode v128 n=65536") ok
time (mean ± σ)         range (min … max) 
 583.44 µs ±   2.84 µs   579.81 µs … 586.41 µs  in 10 ×    173 runs
[moonbitlang/core] bench encoding/hex/v128_bench_wbtest.mbt:34 ("bench encode scalar 4k") ok
time (mean ± σ)         range (min … max) 
 148.05 µs ± 598.61 ns   147.36 µs … 148.89 µs  in 10 ×    673 runs
[moonbitlang/core] bench encoding/hex/v128_bench_wbtest.mbt:39 ("bench encode public 64") ok
time (mean ± σ)         range (min … max) 
   2.34 µs ±  12.04 ns     2.33 µs …   2.37 µs  in 10 ×  41871 runs
[moonbitlang/core] bench encoding/hex/v128_bench_wbtest.mbt:44 ("bench encode public 4k") ok
time (mean ± σ)         range (min … max) 
 147.92 µs ± 137.88 ns   147.66 µs … 148.11 µs  in 10 ×    677 runs
[moonbitlang/core] bench encoding/hex/v128_bench_wbtest.mbt:49 ("bench encode public 64k") ok
time (mean ± σ)         range (min … max) 
   2.38 ms ±  10.08 µs     2.36 ms …   2.40 ms  in 10 ×     43 runs
[moonbitlang/core] bench encoding/hex/v128_bench_wbtest.mbt:54 ("bench decode scalar 4k") ok
time (mean ± σ)         range (min … max) 
  28.02 µs ±   1.34 µs    26.07 µs …  29.19 µs  in 10 ×   3718 runs
[moonbitlang/core] bench encoding/hex/v128_bench_wbtest.mbt:62 ("bench decode public 4k") ok
time (mean ± σ)         range (min … max) 
  20.44 µs ±   1.84 µs    18.10 µs …  22.15 µs  in 10 ×   4495 runs
[moonbitlang/core] bench encoding/hex/v128_bench_wbtest.mbt:70 ("bench decode public 64k") ok
time (mean ± σ)         range (min … max) 
 563.69 µs ±   2.14 µs   562.26 µs … 568.26 µs  in 10 ×    178 runs
[moonbitlang/core] bench encoding/utf16/utf16_v128_bench_test.mbt:57 ("bench utf16 encode ASCII LE n=100000") ok
time (mean ± σ)         range (min … max) 
 107.08 µs ± 769.73 ns   105.99 µs … 108.00 µs  in 10 ×    921 runs
[moonbitlang/core] bench encoding/utf16/utf16_v128_bench_test.mbt:63 ("bench utf16 encode ASCII BE n=100000") ok
time (mean ± σ)         range (min … max) 
 114.95 µs ± 629.50 ns   114.14 µs … 115.89 µs  in 10 ×    870 runs
[moonbitlang/core] bench encoding/utf16/utf16_v128_bench_test.mbt:69 ("bench utf16 encode mixed LE n=100000") ok
time (mean ± σ)         range (min … max) 
 107.63 µs ± 263.28 ns   107.20 µs … 108.17 µs  in 10 ×    925 runs
[moonbitlang/core] bench encoding/utf16/utf16_v128_bench_test.mbt:75 ("bench utf16 encode mixed BE n=100000") ok
time (mean ± σ)         range (min … max) 
 114.47 µs ± 415.42 ns   114.10 µs … 115.32 µs  in 10 ×    867 runs
[moonbitlang/core] bench encoding/utf16/utf16_v128_bench_test.mbt:81 ("bench utf16 decode ASCII LE n=100000") ok
time (mean ± σ)         range (min … max) 
 196.79 µs ±   4.19 µs   190.38 µs … 200.58 µs  in 10 ×    516 runs
[moonbitlang/core] bench encoding/utf16/utf16_v128_bench_test.mbt:87 ("bench utf16 decode ASCII BE n=100000") ok
time (mean ± σ)         range (min … max) 
 341.02 µs ± 796.95 ns   340.02 µs … 342.61 µs  in 10 ×    294 runs
[moonbitlang/core] bench encoding/utf16/utf16_v128_bench_test.mbt:95 ("bench utf16 decode mixed LE n=100000") ok
time (mean ± σ)         range (min … max) 
 197.02 µs ± 967.11 ns   195.74 µs … 198.47 µs  in 10 ×    522 runs
[moonbitlang/core] bench encoding/utf16/utf16_v128_bench_test.mbt:101 ("bench utf16 decode mixed BE n=100000") ok
time (mean ± σ)         range (min … max) 
 340.60 µs ± 567.49 ns   339.60 µs … 341.34 µs  in 10 ×    296 runs
[moonbitlang/core] bench encoding/utf16/utf16_v128_bench_test.mbt:109 ("bench utf16 decode emoji LE n=100000") ok
time (mean ± σ)         range (min … max) 
 298.03 µs ±   1.54 µs   295.20 µs … 299.75 µs  in 10 ×    338 runs
[moonbitlang/core] bench encoding/utf16/utf16_v128_bench_test.mbt:115 ("bench utf16 decode emoji BE n=100000") ok
time (mean ± σ)         range (min … max) 
 349.52 µs ±   1.61 µs   348.03 µs … 352.69 µs  in 10 ×    285 runs
[moonbitlang/core] bench hashmap/hashmap_bench_test.mbt:19 ("bench HashMap::set n=50000") ok
time (mean ± σ)         range (min … max) 
   1.67 ms ±  23.57 µs     1.64 ms …   1.70 ms  in 10 ×     60 runs
[moonbitlang/core] bench hashmap/hashmap_bench_test.mbt:30 ("bench HashMap::get n=50000") ok
time (mean ± σ)         range (min … max) 
 506.20 µs ± 281.49 ns   505.85 µs … 506.69 µs  in 10 ×    198 runs
[moonbitlang/core] bench hashmap/hashmap_bench_test.mbt:47 ("bench HashMap::get miss n=50000") ok
time (mean ± σ)         range (min … max) 
 628.99 µs ± 376.72 ns   628.33 µs … 629.50 µs  in 10 ×    159 runs
[moonbitlang/core] bench hashmap/hashmap_bench_test.mbt:67 ("bench HashMap::set+remove n=50000") ok
time (mean ± σ)         range (min … max) 
   2.35 ms ±  39.91 µs     2.30 ms …   2.41 ms  in 10 ×     43 runs
[moonbitlang/core] bench hashmap/hashmap_bench_test.mbt:87 ("bench HashMap::copy+remove n=50000") ok
time (mean ± σ)         range (min … max) 
   1.26 ms ±  21.89 µs     1.24 ms …   1.29 ms  in 10 ×     81 runs
[moonbitlang/core] bench hashmap/hashmap_bench_test.mbt:102 ("bench HashMap::copy n=50000") ok
time (mean ± σ)         range (min … max) 
 617.87 µs ±   8.53 µs   607.56 µs … 629.44 µs  in 10 ×    162 runs
[moonbitlang/core] bench hashmap/hashmap_bench_test.mbt:114 ("bench HashMap::to_array Int n=50000") ok
time (mean ± σ)         range (min … max) 
 589.42 µs ±  10.56 µs   570.60 µs … 604.07 µs  in 10 ×    168 runs
[moonbitlang/core] bench hashmap/hashmap_bench_test.mbt:123 ("bench HashMap::to_array Ref n=50000") ok
time (mean ± σ)         range (min … max) 
 731.36 µs ±  16.32 µs   712.72 µs … 758.35 µs  in 10 ×    136 runs
[moonbitlang/core] bench hashmap/hashmap_bench_test.mbt:141 ("bench HashMap::filter n=50000") ok
time (mean ± σ)         range (min … max) 
 785.16 µs ±  14.62 µs   767.93 µs … 808.05 µs  in 10 ×    128 runs
[moonbitlang/core] bench hashmap/hashmap_bench_test.mbt:147 ("bench HashMap comprehension filter n=50000") ok
time (mean ± σ)         range (min … max) 
   2.46 ms ±  28.53 µs     2.43 ms …   2.51 ms  in 10 ×     40 runs
[moonbitlang/core] bench hashset/set_algebra_bench_test.mbt:26 ("bench HashSet::union String 10k 50% overlap") ok
time (mean ± σ)         range (min … max) 
 548.35 µs ±   5.32 µs   542.45 µs … 559.47 µs  in 10 ×    182 runs
[moonbitlang/core] bench hashset/set_algebra_bench_test.mbt:33 ("bench HashSet::union Int 10k 50% overlap") ok
time (mean ± σ)         range (min … max) 
 442.71 µs ±   5.66 µs   438.22 µs … 453.50 µs  in 10 ×    220 runs
[moonbitlang/core] bench hashset/set_algebra_bench_test.mbt:40 ("bench HashSet::intersection String 10k 50% overlap") ok
time (mean ± σ)         range (min … max) 
 353.78 µs ±   2.46 µs   350.85 µs … 357.00 µs  in 10 ×    281 runs
[moonbitlang/core] bench hashset/set_algebra_bench_test.mbt:47 ("bench HashSet::difference String 10k 50% overlap") ok
time (mean ± σ)         range (min … max) 
 340.00 µs ±   1.97 µs   338.29 µs … 343.52 µs  in 10 ×    292 runs
[moonbitlang/core] bench hashset/set_algebra_bench_test.mbt:54 ("bench HashSet::is_subset String 10k true") ok
time (mean ± σ)         range (min … max) 
 282.60 µs ± 313.67 ns   282.11 µs … 283.08 µs  in 10 ×    352 runs
[moonbitlang/core] bench hashset/set_algebra_bench_test.mbt:61 ("bench HashSet == String 10k") ok
time (mean ± σ)         range (min … max) 
 286.66 µs ± 138.71 ns   286.43 µs … 286.87 µs  in 10 ×    350 runs
[moonbitlang/core] bench hashset/set_algebra_bench_test.mbt:68 ("bench HashSet == Int 10k") ok
time (mean ± σ)         range (min … max) 
  60.91 µs ±   1.73 µs    59.49 µs …  63.85 µs  in 10 ×   1442 runs
[moonbitlang/core] bench hashset/hashset_bench_test.mbt:19 ("bench HashSet::add n=50000") ok
time (mean ± σ)         range (min … max) 
   2.09 ms ±  41.20 µs     2.04 ms …   2.16 ms  in 10 ×     48 runs
[moonbitlang/core] bench hashset/hashset_bench_test.mbt:30 ("bench HashSet::contains n=50000") ok
time (mean ± σ)         range (min … max) 
   1.09 ms ±   2.36 µs     1.09 ms …   1.10 ms  in 10 ×     92 runs
[moonbitlang/core] bench hashset/hashset_bench_test.mbt:56 ("bench HashSet::filter n=50000") ok
time (mean ± σ)         range (min … max) 
 373.45 µs ±   6.25 µs   365.53 µs … 385.60 µs  in 10 ×    276 runs
[moonbitlang/core] bench hashset/hashset_bench_test.mbt:62 ("bench HashSet comprehension filter n=50000") ok
time (mean ± σ)         range (min … max) 
 947.80 µs ±   7.02 µs   937.31 µs … 957.60 µs  in 10 ×    103 runs
[moonbitlang/core] bench immut/hashmap/update_bench_test.mbt:21 ("bench HashMap::remove absent x1000 n=100000") ok
time (mean ± σ)         range (min … max) 
  27.00 µs ±  19.28 ns    26.98 µs …  27.04 µs  in 10 ×   3706 runs
[moonbitlang/core] bench immut/hashmap/update_bench_test.mbt:32 ("bench HashMap::remove present x1000 n=100000") ok
time (mean ± σ)         range (min … max) 
 187.85 µs ± 631.83 ns   186.74 µs … 188.74 µs  in 10 ×    531 runs
[moonbitlang/core] bench immut/hashmap/update_bench_test.mbt:43 ("bench HashMap::union with a derived version n=100000") ok
time (mean ± σ)         range (min … max) 
 484.91 ns ±   0.36 ns   484.44 ns … 485.58 ns  in 10 × 100000 runs
[moonbitlang/core] bench immut/hashmap/update_bench_test.mbt:49 ("bench HashMap::intersection with a derived version n=100000") ok
time (mean ± σ)         range (min … max) 
 460.95 ns ±   0.80 ns   459.34 ns … 461.82 ns  in 10 × 100000 runs
[moonbitlang/core] bench immut/hashmap/hashmap_build_bench_test.mbt:37 ("bench HashMap constructor ordered n=10000") ok
time (mean ± σ)         range (min … max) 
 579.41 µs ±   4.15 µs   571.75 µs … 584.97 µs  in 10 ×    174 runs
[moonbitlang/core] bench immut/hashmap/hashmap_build_bench_test.mbt:43 ("bench HashMap constructor random n=10000") ok
time (mean ± σ)         range (min … max) 
 580.47 µs ±   4.09 µs   573.51 µs … 586.57 µs  in 10 ×    174 runs
[moonbitlang/core] bench immut/hashmap/hashmap_build_bench_test.mbt:49 ("bench HashMap::from_iter random n=10000") ok
time (mean ± σ)         range (min … max) 
 614.57 µs ±   6.99 µs   606.00 µs … 628.04 µs  in 10 ×    162 runs
[moonbitlang/core] bench immut/hashset/update_bench_test.mbt:21 ("bench HashSet::add existing x1000 n=100000") ok
time (mean ± σ)         range (min … max) 
  32.24 µs ± 305.40 ns    31.91 µs …  32.64 µs  in 10 ×   3067 runs
[moonbitlang/core] bench immut/hashset/update_bench_test.mbt:32 ("bench HashSet::remove absent x1000 n=100000") ok
time (mean ± σ)         range (min … max) 
  27.00 µs ± 354.32 ns    26.52 µs …  27.51 µs  in 10 ×   3731 runs
[moonbitlang/core] bench immut/hashset/update_bench_test.mbt:43 ("bench HashSet::add new x1000 n=100000") ok
time (mean ± σ)         range (min … max) 
 187.28 µs ±   1.08 µs   185.58 µs … 188.86 µs  in 10 ×    534 runs
[moonbitlang/core] bench immut/hashset/update_bench_test.mbt:54 ("bench HashSet::union with a derived version n=100000") ok
time (mean ± σ)         range (min … max) 
 481.73 ns ±   0.71 ns   479.95 ns … 482.38 ns  in 10 × 100000 runs
[moonbitlang/core] bench immut/hashset/hashset_build_bench_test.mbt:34 ("bench HashSet constructor ordered n=10000") ok
time (mean ± σ)         range (min … max) 
 615.57 µs ±   4.29 µs   609.06 µs … 623.27 µs  in 10 ×    163 runs
[moonbitlang/core] bench immut/hashset/hashset_build_bench_test.mbt:40 ("bench HashSet constructor random n=10000") ok
time (mean ± σ)         range (min … max) 
 615.86 µs ±   3.28 µs   610.16 µs … 621.66 µs  in 10 ×    163 runs
[moonbitlang/core] bench immut/hashset/hashset_build_bench_test.mbt:46 ("bench HashSet::from_iter random n=10000") ok
time (mean ± σ)         range (min … max) 
 641.45 µs ±   3.76 µs   637.46 µs … 647.77 µs  in 10 ×    156 runs
[moonbitlang/core] bench immut/priority_queue/priority_queue_build_bench_test.mbt:38 ("bench PriorityQueue::from_array ordered n=10000") ok
time (mean ± σ)         range (min … max) 
  52.78 µs ±   1.35 µs    51.19 µs …  54.30 µs  in 10 ×   1850 runs
[moonbitlang/core] bench immut/priority_queue/priority_queue_build_bench_test.mbt:44 ("bench PriorityQueue::from_array reverse n=10000") ok
time (mean ± σ)         range (min … max) 
  42.06 µs ± 764.87 ns    41.30 µs …  43.67 µs  in 10 ×   2266 runs
[moonbitlang/core] bench immut/priority_queue/priority_queue_build_bench_test.mbt:50 ("bench PriorityQueue::from_array random n=10000") ok
time (mean ± σ)         range (min … max) 
  53.82 µs ±   1.28 µs    52.45 µs …  55.53 µs  in 10 ×   1803 runs
[moonbitlang/core] bench immut/priority_queue/priority_queue_build_bench_test.mbt:56 ("bench PriorityQueue::from_iter random n=10000") ok
time (mean ± σ)         range (min … max) 
  91.14 µs ± 517.64 ns    90.23 µs …  91.74 µs  in 10 ×   1104 runs
[moonbitlang/core] bench immut/sorted_map/sorted_map_build_bench_test.mbt:54 ("bench SortedMap constructor reverse n=10000") ok
time (mean ± σ)         range (min … max) 
  84.28 µs ± 572.33 ns    83.43 µs …  85.23 µs  in 10 ×   1179 runs
[moonbitlang/core] bench immut/sorted_map/sorted_map_build_bench_test.mbt:60 ("bench SortedMap::from_iter ordered n=10000") ok
time (mean ± σ)         range (min … max) 
   1.85 ms ±  16.34 µs     1.83 ms …   1.87 ms  in 10 ×     55 runs
[moonbitlang/core] bench immut/sorted_map/sorted_map_build_bench_test.mbt:66 ("bench SortedMap::from_iter almost ordered n=10000") ok
time (mean ± σ)         range (min … max) 
   1.85 ms ±   9.59 µs     1.84 ms …   1.87 ms  in 10 ×     54 runs
[moonbitlang/core] bench immut/sorted_map/sorted_map_build_bench_test.mbt:72 ("bench SortedMap::from_iter random n=10000") ok
time (mean ± σ)         range (min … max) 
   1.14 ms ±   7.16 µs     1.13 ms …   1.15 ms  in 10 ×     90 runs
[moonbitlang/core] bench immut/sorted_map/sorted_map_build_bench_test.mbt:78 ("bench SortedMap constructor ordered n=10000") ok
time (mean ± σ)         range (min … max) 
  85.59 µs ± 497.71 ns    85.03 µs …  86.62 µs  in 10 ×   1175 runs
[moonbitlang/core] bench immut/sorted_map/sorted_map_build_bench_test.mbt:84 ("bench SortedMap constructor almost ordered n=10000") ok
time (mean ± σ)         range (min … max) 
 181.54 µs ± 630.60 ns   180.52 µs … 182.39 µs  in 10 ×    549 runs
[moonbitlang/core] bench immut/sorted_map/sorted_map_build_bench_test.mbt:90 ("bench SortedMap constructor random n=10000") ok
time (mean ± σ)         range (min … max) 
 706.38 µs ±   2.65 µs   703.35 µs … 711.89 µs  in 10 ×    141 runs
[moonbitlang/core] bench immut/sorted_map/merge_bench_test.mbt:29 ("bench merge disjoint n=1000") ok
time (mean ± σ)         range (min … max) 
   1.87 µs ±  11.46 ns     1.86 µs …   1.89 µs  in 10 ×  51551 runs
[moonbitlang/core] bench immut/sorted_map/merge_bench_test.mbt:36 ("bench merge disjoint n=5000") ok
time (mean ± σ)         range (min … max) 
   2.79 µs ±  18.17 ns     2.78 µs …   2.82 µs  in 10 ×  35913 runs
[moonbitlang/core] bench immut/sorted_map/merge_bench_test.mbt:43 ("bench merge disjoint n=10000") ok
time (mean ± σ)         range (min … max) 
   3.24 µs ±   8.70 ns     3.24 µs …   3.26 µs  in 10 ×  30620 runs
[moonbitlang/core] bench immut/sorted_map/merge_bench_test.mbt:50 ("bench merge overlapping 50% n=1000") ok
time (mean ± σ)         range (min … max) 
   7.64 µs ±  67.03 ns     7.59 µs …   7.78 µs  in 10 ×  12806 runs
[moonbitlang/core] bench immut/sorted_map/merge_bench_test.mbt:57 ("bench merge overlapping 50% n=5000") ok
time (mean ± σ)         range (min … max) 
  37.40 µs ± 279.64 ns    37.13 µs …  37.95 µs  in 10 ×   2650 runs
[moonbitlang/core] bench immut/sorted_map/merge_bench_test.mbt:64 ("bench merge overlapping 50% n=10000") ok
time (mean ± σ)         range (min … max) 
  67.68 µs ± 261.33 ns    67.32 µs …  68.03 µs  in 10 ×   1485 runs
[moonbitlang/core] bench immut/sorted_map/merge_bench_test.mbt:71 ("bench merge identical n=1000") ok
time (mean ± σ)         range (min … max) 
  11.53 µs ±  14.76 ns    11.50 µs …  11.55 µs  in 10 ×   8661 runs
[moonbitlang/core] bench immut/sorted_map/merge_bench_test.mbt:78 ("bench merge identical n=5000") ok
time (mean ± σ)         range (min … max) 
  59.38 µs ± 330.33 ns    58.81 µs …  59.80 µs  in 10 ×   1688 runs
[moonbitlang/core] bench immut/sorted_map/merge_bench_test.mbt:85 ("bench merge interleaved n=1000") ok
time (mean ± σ)         range (min … max) 
  39.39 µs ± 127.47 ns    39.20 µs …  39.55 µs  in 10 ×   2513 runs
[moonbitlang/core] bench immut/sorted_map/merge_bench_test.mbt:92 ("bench merge interleaved n=5000") ok
time (mean ± σ)         range (min … max) 
 217.22 µs ±   1.04 µs   215.73 µs … 218.83 µs  in 10 ×    462 runs
[moonbitlang/core] bench immut/sorted_map/merge_bench_test.mbt:99 ("bench merge small into large n=100+10000") ok
time (mean ± σ)         range (min … max) 
   2.63 µs ±   9.62 ns     2.62 µs …   2.65 µs  in 10 ×  37561 runs
[moonbitlang/core] bench immut/sorted_set/sorted_set_build_bench_test.mbt:51 ("bench SortedSet constructor reverse n=10000") ok
time (mean ± σ)         range (min … max) 
  77.92 µs ± 458.41 ns    77.40 µs …  78.64 µs  in 10 ×   1278 runs
[moonbitlang/core] bench immut/sorted_set/sorted_set_build_bench_test.mbt:57 ("bench SortedSet::from_iter ordered n=10000") ok
time (mean ± σ)         range (min … max) 
   1.85 ms ±  12.55 µs     1.83 ms …   1.87 ms  in 10 ×     54 runs
[moonbitlang/core] bench immut/sorted_set/sorted_set_build_bench_test.mbt:63 ("bench SortedSet::from_iter almost ordered n=10000") ok
time (mean ± σ)         range (min … max) 
   1.85 ms ±  13.28 µs     1.83 ms …   1.87 ms  in 10 ×     55 runs
[moonbitlang/core] bench immut/sorted_set/sorted_set_build_bench_test.mbt:69 ("bench SortedSet::from_iter rev almost ordered n=10000") ok
time (mean ± σ)         range (min … max) 
   1.85 ms ±  14.31 µs     1.83 ms …   1.87 ms  in 10 ×     55 runs
[moonbitlang/core] bench immut/sorted_set/sorted_set_build_bench_test.mbt:75 ("bench SortedSet::from_iter random n=10000") ok
time (mean ± σ)         range (min … max) 
   1.14 ms ±   6.19 µs     1.13 ms …   1.15 ms  in 10 ×     90 runs
[moonbitlang/core] bench immut/sorted_set/sorted_set_build_bench_test.mbt:81 ("bench SortedSet constructor ordered n=10000") ok
time (mean ± σ)         range (min … max) 
  79.85 µs ± 492.66 ns    79.30 µs …  80.59 µs  in 10 ×   1243 runs
[moonbitlang/core] bench immut/sorted_set/sorted_set_build_bench_test.mbt:87 ("bench SortedSet constructor almost ordered n=10000") ok
time (mean ± σ)         range (min … max) 
 109.17 µs ±   1.34 µs   107.32 µs … 111.03 µs  in 10 ×    893 runs
[moonbitlang/core] bench immut/sorted_set/sorted_set_build_bench_test.mbt:93 ("bench SortedSet constructor random n=10000") ok
time (mean ± σ)         range (min … max) 
 296.85 µs ±   3.26 µs   290.68 µs … 300.46 µs  in 10 ×    336 runs
[moonbitlang/core] bench immut/vector/vector_iter_bench_test.mbt:24 ("bench Vector::iter fold n=100000") ok
time (mean ± σ)         range (min … max) 
 501.12 µs ± 793.69 ns   500.58 µs … 503.33 µs  in 10 ×    200 runs
[moonbitlang/core] bench immut/vector/vector_iter_bench_test.mbt:30 ("bench Vector::iter each n=100000") ok
time (mean ± σ)         range (min … max) 
 517.24 µs ±   1.05 µs   516.48 µs … 519.75 µs  in 10 ×    194 runs
[moonbitlang/core] bench immut/vector/vector_iter_bench_test.mbt:40 ("bench Vector::iter to_array n=100000") ok
time (mean ± σ)         range (min … max) 
 646.30 µs ±   4.90 µs   635.86 µs … 650.31 µs  in 10 ×    158 runs
[moonbitlang/core] bench immut/vector/vector_iter_bench_test.mbt:46 ("bench Vector::for-in n=100000") ok
time (mean ± σ)         range (min … max) 
 501.24 µs ± 696.40 ns   500.81 µs … 503.19 µs  in 10 ×    200 runs
[moonbitlang/core] bench immut/vector/vector_contains_bench_test.mbt:24 ("bench Vector::contains missing n=100000") ok
time (mean ± σ)         range (min … max) 
  54.42 µs ± 313.38 ns    53.65 µs …  54.65 µs  in 10 ×   1835 runs
[moonbitlang/core] bench immut/vector/vector_contains_bench_test.mbt:30 ("bench Vector::contains tree-end n=100000") ok
time (mean ± σ)         range (min … max) 
  54.05 µs ±  92.95 ns    53.95 µs …  54.28 µs  in 10 ×   1840 runs
[moonbitlang/core] bench immut/vector/vector_contains_bench_test.mbt:36 ("bench Vector::contains tail-end n=100000") ok
time (mean ± σ)         range (min … max) 
  53.62 µs ± 626.78 ns    53.04 µs …  54.53 µs  in 10 ×   1853 runs
[moonbitlang/core] bench internal/strconv/parse_double_bench_test.mbt:48 ("bench parse_double fast digits n=4096") ok
time (mean ± σ)         range (min … max) 
 372.87 µs ±  12.92 µs   356.10 µs … 384.57 µs  in 10 ×    262 runs
[moonbitlang/core] bench internal/strconv/parse_double_bench_test.mbt:55 ("bench parse_double underscores n=4096") ok
time (mean ± σ)         range (min … max) 
 678.81 µs ±  13.28 µs   668.26 µs … 701.28 µs  in 10 ×    149 runs
[moonbitlang/core] bench internal/strconv/parse_double_bench_test.mbt:62 ("bench parse_double long mantissa n=4096") ok
time (mean ± σ)         range (min … max) 
 529.37 µs ± 743.15 ns   527.99 µs … 530.60 µs  in 10 ×    189 runs
[moonbitlang/core] bench json/stringify_indent_bench_test.mbt:45 ("bench Json::stringify deep wide indent=2 n=10000") ok
time (mean ± σ)         range (min … max) 
 417.19 µs ±   3.44 µs   410.80 µs … 422.31 µs  in 10 ×    174 runs
[moonbitlang/core] bench json/stringify_indent_bench_test.mbt:54 ("bench Json::stringify compact n=10000") ok
time (mean ± σ)         range (min … max) 
 200.93 µs ± 493.43 ns   200.23 µs … 201.77 µs  in 10 ×    448 runs
[moonbitlang/core] bench json/stringify_indent_bench_test.mbt:60 ("bench Json::stringify shallow wide indent=2 n=500") ok
time (mean ± σ)         range (min … max) 
 175.52 µs ±   1.25 µs   173.59 µs … 177.37 µs  in 10 ×    559 runs
[moonbitlang/core] bench json/stringify_indent_bench_test.mbt:66 ("bench Json::stringify shallow wide compact n=500") ok
time (mean ± σ)         range (min … max) 
 130.16 µs ± 485.76 ns   129.69 µs … 131.10 µs  in 10 ×    765 runs
[moonbitlang/core] bench json/stringify_escape_bench_test.mbt:24 ("bench Json::stringify strings no escape n=2048") ok
time (mean ± σ)         range (min … max) 
 129.42 µs ± 379.54 ns   129.03 µs … 130.04 µs  in 10 ×    771 runs
[moonbitlang/core] bench json/stringify_escape_bench_test.mbt:30 ("bench Json::stringify strings slash no escape n=2048") ok
time (mean ± σ)         range (min … max) 
 129.84 µs ± 458.65 ns   129.30 µs … 130.57 µs  in 10 ×    766 runs
[moonbitlang/core] bench json/stringify_escape_bench_test.mbt:36 ("bench Json::stringify strings slash escaped n=2048") ok
time (mean ± σ)         range (min … max) 
 240.55 µs ±   1.14 µs   239.07 µs … 242.58 µs  in 10 ×    359 runs
[moonbitlang/core] bench json/stringify_escape_bench_test.mbt:42 ("bench Json::stringify strings quotes controls n=2048") ok
time (mean ± σ)         range (min … max) 
 221.50 µs ± 709.95 ns   220.51 µs … 222.90 µs  in 10 ×    387 runs
[moonbitlang/core] bench json/stringify_escape_bench_test.mbt:48 ("bench Json::stringify 2KB prose one newline n=64") ok
time (mean ± σ)         range (min … max) 
 321.37 µs ±  41.77 µs   297.66 µs … 399.61 µs  in 10 ×    248 runs
[moonbitlang/core] bench json/parse_bench_test.mbt:45 ("bench json parse mixed object array n=1000") ok
time (mean ± σ)         range (min … max) 
   1.17 ms ±   5.74 µs     1.16 ms …   1.18 ms  in 10 ×     86 runs
[moonbitlang/core] bench json/number_bench_test.mbt:64 ("bench json parse int array n=10000") ok
time (mean ± σ)         range (min … max) 
 745.23 µs ±  12.24 µs   731.14 µs … 764.20 µs  in 10 ×    137 runs
[moonbitlang/core] bench json/number_bench_test.mbt:70 ("bench json parse float array n=10000") ok
time (mean ± σ)         range (min … max) 
   1.11 ms ±  12.71 µs     1.09 ms …   1.12 ms  in 10 ×     91 runs
[moonbitlang/core] bench json/number_bench_test.mbt:76 ("bench json parse long mantissa array n=10000") ok
time (mean ± σ)         range (min … max) 
   1.75 ms ±  16.59 µs     1.73 ms …   1.77 ms  in 10 ×     57 runs
[moonbitlang/core] bench json/json_inspect_bench_test.mbt:16 ("bench json_inspect passing Int") ok
time (mean ± σ)         range (min … max) 
  73.70 ns ±   2.82 ns    68.01 ns …  75.61 ns  in 10 × 100000 runs
[moonbitlang/core] bench lazy_list/concat_bench_test.mbt:40 ("bench LazyList build and traverse n=2048") ok
time (mean ± σ)         range (min … max) 
  34.37 µs ± 324.72 ns    33.45 µs …  34.52 µs  in 10 ×   2902 runs
[moonbitlang/core] bench lazy_list/concat_bench_test.mbt:49 ("bench LazyList re-traverse a forced list n=2048") ok
time (mean ± σ)         range (min … max) 
  15.49 µs ± 288.35 ns    15.27 µs …  16.08 µs  in 10 ×   6188 runs
[moonbitlang/core] bench lazy_list/concat_bench_test.mbt:57 ("bench LazyList left-nested concat, build only n=2048") ok
time (mean ± σ)         range (min … max) 
  77.72 µs ± 323.89 ns    77.24 µs …  78.18 µs  in 10 ×   1285 runs
[moonbitlang/core] bench lazy_list/concat_bench_test.mbt:62 ("bench LazyList left-nested concat, build and traverse n=2048") ok
time (mean ± σ)         range (min … max) 
 149.34 µs ± 449.03 ns   148.47 µs … 150.02 µs  in 10 ×    669 runs
[moonbitlang/core] bench lazy_list/concat_bench_test.mbt:69 ("bench LazyList concat while consuming n=2048") ok
time (mean ± σ)         range (min … max) 
 115.53 µs ± 361.03 ns   114.74 µs … 115.85 µs  in 10 ×    870 runs
[moonbitlang/core] bench lexbuf/lexbuf_bench_test.mbt:47 ("bench Lexbuf retained token chunks=10000 size=1") ok
time (mean ± σ)         range (min … max) 
 319.38 µs ±   1.21 µs   317.24 µs … 320.88 µs  in 10 ×    313 runs
[moonbitlang/core] bench lexbuf/lexbuf_bench_test.mbt:52 ("bench Lexbuf retained token chunks=1250 size=8") ok
time (mean ± σ)         range (min … max) 
  96.88 µs ± 432.66 ns    96.34 µs …  97.68 µs  in 10 ×   1022 runs
[moonbitlang/core] bench lexbuf/lexbuf_bench_test.mbt:57 ("bench Lexbuf retained token chunks=157 size=64") ok
time (mean ± σ)         range (min … max) 
  47.28 µs ±  93.56 ns    47.11 µs …  47.42 µs  in 10 ×   2092 runs
[moonbitlang/core] bench lexbuf/lexbuf_bench_test.mbt:62 ("bench Lexbuf retained token chunks=20 size=512") ok
time (mean ± σ)         range (min … max) 
  44.48 µs ±  73.09 ns    44.36 µs …  44.59 µs  in 10 ×   2246 runs
[moonbitlang/core] bench quickcheck/shrink_collection_bench_test.mbt:16 ("bench shrink Array first candidate size=10000") ok
time (mean ± σ)         range (min … max) 
 149.99 ns ±   3.55 ns   144.74 ns … 156.31 ns  in 10 × 100000 runs
[moonbitlang/core] bench quickcheck/shrink_collection_bench_test.mbt:22 ("bench shrink List first candidate size=10000") ok
time (mean ± σ)         range (min … max) 
  82.55 µs ± 106.04 ns    82.42 µs …  82.71 µs  in 10 ×   1212 runs
[moonbitlang/core] bench quickcheck/generator_bench_test.mbt:16 ("bench Generator::zip_with n=1000000") ok
time (mean ± σ)         range (min … max) 
  11.96 ms ±  11.93 µs    11.95 ms …  11.98 ms  in 10 ×      9 runs
[moonbitlang/core] bench quickcheck/arbitrary_string_bench_test.mbt:16 ("bench Arbitrary String size=10000 count=100") ok
time (mean ± σ)         range (min … max) 
   5.39 ms ±  36.34 µs     5.35 ms …   5.45 ms  in 10 ×     18 runs
[moonbitlang/core] bench random/random_test.mbt:409 ("bench random") ok
time (mean ± σ)         range (min … max) 
  31.16 ms ±  69.50 µs    31.11 ms …  31.34 ms  in 10 ×      4 runs
[moonbitlang/core] bench set/set_algebra_bench_test.mbt:26 ("bench Set::union String 10k 50% overlap") ok
time (mean ± σ)         range (min … max) 
 586.29 µs ±   7.44 µs   579.05 µs … 595.91 µs  in 10 ×    173 runs
[moonbitlang/core] bench set/set_algebra_bench_test.mbt:33 ("bench Set::union Int 10k 50% overlap") ok
time (mean ± σ)         range (min … max) 
 468.76 µs ±   4.69 µs   463.63 µs … 478.68 µs  in 10 ×    211 runs
[moonbitlang/core] bench set/set_algebra_bench_test.mbt:40 ("bench Set::intersection String 10k 50% overlap") ok
time (mean ± σ)         range (min … max) 
 367.19 µs ±   4.07 µs   362.45 µs … 374.83 µs  in 10 ×    274 runs
[moonbitlang/core] bench set/set_algebra_bench_test.mbt:47 ("bench Set::difference String 10k 50% overlap") ok
time (mean ± σ)         range (min … max) 
 374.51 µs ±   4.12 µs   370.48 µs … 382.86 µs  in 10 ×    266 runs
[moonbitlang/core] bench set/set_algebra_bench_test.mbt:54 ("bench Set::is_subset String 10k true") ok
time (mean ± σ)         range (min … max) 
 285.21 µs ± 138.30 ns   285.01 µs … 285.43 µs  in 10 ×    351 runs
[moonbitlang/core] bench set/set_algebra_bench_test.mbt:61 ("bench Set == String 10k") ok
time (mean ± σ)         range (min … max) 
 286.22 µs ±   1.58 µs   284.65 µs … 288.29 µs  in 10 ×    349 runs
[moonbitlang/core] bench set/set_algebra_bench_test.mbt:68 ("bench Set == Int 10k") ok
time (mean ± σ)         range (min … max) 
 103.85 µs ±   1.35 µs   102.88 µs … 106.51 µs  in 10 ×    972 runs
[moonbitlang/core] bench set/linked_hash_set_bench_test.mbt:19 ("bench Set::add n=50000") ok
time (mean ± σ)         range (min … max) 
   2.26 ms ±  28.34 µs     2.22 ms …   2.31 ms  in 10 ×     45 runs
[moonbitlang/core] bench set/linked_hash_set_bench_test.mbt:30 ("bench Set::contains n=50000") ok
time (mean ± σ)         range (min … max) 
   1.09 ms ±  14.02 µs     1.07 ms …   1.10 ms  in 10 ×     92 runs
[moonbitlang/core] bench set/linked_hash_set_bench_test.mbt:47 ("bench Set::contains miss n=50000") ok
time (mean ± σ)         range (min … max) 
   1.16 ms ±   1.20 µs     1.16 ms …   1.16 ms  in 10 ×     87 runs
[moonbitlang/core] bench set/linked_hash_set_bench_test.mbt:67 ("bench Set::add+remove n=50000") ok
time (mean ± σ)         range (min … max) 
   3.41 ms ±  31.80 µs     3.38 ms …   3.47 ms  in 10 ×     30 runs
[moonbitlang/core] bench set/linked_hash_set_bench_test.mbt:86 ("bench Set::filter n=50000") ok
time (mean ± σ)         range (min … max) 
 428.70 µs ±   6.15 µs   417.33 µs … 435.90 µs  in 10 ×    240 runs
[moonbitlang/core] bench set/linked_hash_set_bench_test.mbt:92 ("bench Set comprehension filter n=50000") ok
time (mean ± σ)         range (min … max) 
 967.42 µs ±   6.71 µs   958.64 µs … 977.66 µs  in 10 ×    103 runs
[moonbitlang/core] bench sorted_set/sorted_set_bench_test.mbt:22 ("bench SortedSet::to_array Int n=50000") ok
time (mean ± σ)         range (min … max) 
 166.12 µs ± 558.76 ns   165.65 µs … 167.46 µs  in 10 ×    601 runs
[moonbitlang/core] bench sorted_set/sorted_set_bench_test.mbt:30 ("bench SortedSet::to_array Ref n=50000") ok
time (mean ± σ)         range (min … max) 
 178.49 µs ±   1.55 µs   176.59 µs … 180.83 µs  in 10 ×    556 runs
[moonbitlang/core] bench string/regex_bench_test.mbt:16 ("bench regex /aa?b/ on 1MB string") ok
time (mean ± σ)         range (min … max) 
   2.62 ms ±  18.50 µs     2.59 ms …   2.64 ms  in 10 ×     38 runs
[moonbitlang/core] bench string/regex_bench_test.mbt:23 ("bench regex phone lines") ok
time (mean ± σ)         range (min … max) 
   2.52 µs ±  14.62 ns     2.50 µs …   2.55 µs  in 10 ×  40151 runs
[moonbitlang/core] bench string/regex_bench_test.mbt:43 ("bench regex large pattern") ok
time (mean ± σ)         range (min … max) 
   1.93 ms ± 717.78 ns     1.93 ms …   1.93 ms  in 10 ×     52 runs
[moonbitlang/core] bench v128/v128_bench_test.mbt:32 ("bench V128 i64x2_add n=10000") ok
time (mean ± σ)         range (min … max) 
   5.58 µs ±  14.58 ns     5.56 µs …   5.61 µs  in 10 ×  17896 runs
[moonbitlang/core] bench v128/v128_bench_test.mbt:44 ("bench V128 i32x4_add n=10000") ok
time (mean ± σ)         range (min … max) 
   5.58 µs ±  14.18 ns     5.57 µs …   5.61 µs  in 10 ×  17854 runs
[moonbitlang/core] bench v128/v128_bench_test.mbt:56 ("bench V128 i8x16_add n=10000") ok
time (mean ± σ)         range (min … max) 
   5.58 µs ±  27.48 ns     5.52 µs …   5.61 µs  in 10 ×  17862 runs
[moonbitlang/core] bench v128/v128_bench_test.mbt:68 ("bench V128 i8x16_splat n=10000") ok
time (mean ± σ)         range (min … max) 
   5.40 µs ±   3.75 ns     5.39 µs …   5.40 µs  in 10 ×  18523 runs
[moonbitlang/core] bench v128/v128_bench_test.mbt:79 ("bench V128 i8x16_extract_lane_u n=10000") ok
time (mean ± σ)         range (min … max) 
   8.26 µs ±  90.28 ns     8.14 µs …   8.37 µs  in 10 ×  12162 runs
[moonbitlang/core] bench v128/v128_bench_test.mbt:93 ("bench V128 i8x16_replace_lane n=10000") ok
time (mean ± σ)         range (min … max) 
  39.29 µs ±  23.55 ns    39.27 µs …  39.35 µs  in 10 ×   2546 runs
[moonbitlang/core] bench v128/v128_bench_test.mbt:108 ("bench V128 i8x16_bitmask n=10000") ok
time (mean ± σ)         range (min … max) 
   8.03 µs ±  66.02 ns     7.88 µs …   8.07 µs  in 10 ×  12417 runs
[moonbitlang/core] bench v128/v128_bench_test.mbt:120 ("bench V128 load/store n=10000") ok
time (mean ± σ)         range (min … max) 
 133.40 µs ±  48.11 ns   133.33 µs … 133.47 µs  in 10 ×    750 runs
[moonbitlang/core] bench v128/v128_bench_test.mbt:135 ("bench V128 load8x8_u n=10000") ok
time (mean ± σ)         range (min … max) 
  44.23 µs ± 151.17 ns    43.97 µs …  44.35 µs  in 10 ×   2274 runs
[moonbitlang/core] bench v128/v128_bench_test.mbt:147 ("bench V128 load8x8_s n=10000") ok
time (mean ± σ)         range (min … max) 
  49.09 µs ± 196.10 ns    48.55 µs …  49.21 µs  in 10 ×   2035 runs
[moonbitlang/core] bench v128/v128_bench_test.mbt:159 ("bench V128 load16x4_u n=10000") ok
time (mean ± σ)         range (min … max) 
  37.98 µs ± 271.80 ns    37.62 µs …  38.44 µs  in 10 ×   2631 runs
[moonbitlang/core] bench v128/v128_bench_test.mbt:171 ("bench V128 load16x4_s n=10000") ok
time (mean ± σ)         range (min … max) 
  43.07 µs ±  61.31 ns    42.94 µs …  43.12 µs  in 10 ×   2324 runs
[moonbitlang/core] bench v128/v128_bench_test.mbt:183 ("bench V128 load32x2_u n=10000") ok
time (mean ± σ)         range (min … max) 
  35.73 µs ± 447.87 ns    35.14 µs …  36.19 µs  in 10 ×   2827 runs
[moonbitlang/core] bench v128/v128_bench_test.mbt:195 ("bench V128 load32x2_s n=10000") ok
time (mean ± σ)         range (min … max) 
  38.29 µs ±  40.51 ns    38.20 µs …  38.34 µs  in 10 ×   2611 runs
[moonbitlang/core] bench v128/v128_bench_test.mbt:207 ("bench V128 load_splat n=10000") ok
time (mean ± σ)         range (min … max) 
  52.44 µs ± 581.02 ns    51.81 µs …  53.06 µs  in 10 ×   1888 runs
[moonbitlang/core] bench v128/v128_bench_test.mbt:223 ("bench V128 load8_lane n=10000") ok
time (mean ± σ)         range (min … max) 
  39.32 µs ±  40.11 ns    39.27 µs …  39.38 µs  in 10 ×   2530 runs
[moonbitlang/core] bench v128/v128_bench_test.mbt:235 ("bench V128 load16_lane n=10000") ok
time (mean ± σ)         range (min … max) 
  40.06 µs ±  75.93 ns    39.89 µs …  40.16 µs  in 10 ×   2503 runs
[moonbitlang/core] bench v128/v128_bench_test.mbt:247 ("bench V128 load32_lane n=10000") ok
time (mean ± σ)         range (min … max) 
  40.44 µs ± 460.05 ns    39.84 µs …  40.86 µs  in 10 ×   2450 runs
[moonbitlang/core] bench v128/v128_bench_test.mbt:259 ("bench V128 load64_lane n=10000") ok
time (mean ± σ)         range (min … max) 
  62.33 µs ±  42.50 ns    62.30 µs …  62.43 µs  in 10 ×   1604 runs
[moonbitlang/core] bench v128/v128_bench_test.mbt:271 ("bench V128 extend i8x16 to i16x8 n=10000") ok
time (mean ± σ)         range (min … max) 
  10.84 µs ±   5.07 ns    10.83 µs …  10.85 µs  in 10 ×   9215 runs
[moonbitlang/core] bench v128/v128_bench_test.mbt:285 ("bench V128 extend i16x8 to i32x4 n=10000") ok
time (mean ± σ)         range (min … max) 
  10.84 µs ±   5.32 ns    10.83 µs …  10.85 µs  in 10 ×   9216 runs
[moonbitlang/core] bench v128/v128_bench_test.mbt:299 ("bench V128 extend i32x4 to i64x2 n=10000") ok
time (mean ± σ)         range (min … max) 
  10.84 µs ±   7.21 ns    10.83 µs …  10.85 µs  in 10 ×   9165 runs
[moonbitlang/core] bench v128/v128_bench_test.mbt:313 ("bench V128 all_true n=10000") ok
time (mean ± σ)         range (min … max) 
  14.52 µs ±  18.56 ns    14.48 µs …  14.54 µs  in 10 ×   6910 runs
[moonbitlang/core] bench v128/v128_bench_test.mbt:337 ("bench V128 bitmask all widths n=10000") ok
time (mean ± σ)         range (min … max) 
  16.94 µs ± 153.01 ns    16.71 µs …  17.11 µs  in 10 ×   5834 runs
[moonbitlang/core] bench v128/v128_bench_test.mbt:353 ("bench V128 swizzle n=10000") ok
time (mean ± σ)         range (min … max) 
   5.57 µs ±  69.46 ns     5.49 µs …   5.63 µs  in 10 ×  17826 runs
[moonbitlang/core] bench v128/v128_bench_test.mbt:371 ("bench V128 shuffle n=10000") ok
time (mean ± σ)         range (min … max) 
  11.10 µs ± 112.66 ns    10.89 µs …  11.20 µs  in 10 ×   9023 runs
Total tests: 490, passed: 490, failed: 0.
