[moonbitlang/core] bench argparse/globals_bench_test.mbt:16 ("bench parse inherited globals with an override") ok
time (mean ± σ)         range (min … max) 
   4.41 µs ±  14.60 ns     4.40 µs …   4.45 µs  in 10 ×  22259 runs
[moonbitlang/core] bench bench/hash_bench_test.mbt:16 ("bench Hash for Bytes (small)") ok
time (mean ± σ)         range (min … max) 
  13.31 ns ±   0.26 ns    12.85 ns …  13.55 ns  in 10 × 100000 runs
[moonbitlang/core] bench bench/hash_bench_test.mbt:22 ("bench Hash for Bytes (medium)") ok
time (mean ± σ)         range (min … max) 
 147.05 ns ±   0.35 ns   146.71 ns … 147.84 ns  in 10 × 100000 runs
[moonbitlang/core] bench bench/hash_bench_test.mbt:28 ("bench Hash for Bytes (large)") ok
time (mean ± σ)         range (min … max) 
   2.41 µs ±  10.60 ns     2.39 µs …   2.42 µs  in 10 ×  41895 runs
[moonbitlang/core] bench bench/hash_bench_test.mbt:34 ("bench Hash for BytesView (small)") ok
time (mean ± σ)         range (min … max) 
  12.02 ns ±   0.23 ns    11.69 ns …  12.25 ns  in 10 × 100000 runs
[moonbitlang/core] bench bench/hash_bench_test.mbt:41 ("bench Hash for BytesView (medium)") ok
time (mean ± σ)         range (min … max) 
 129.06 ns ±   1.88 ns   127.20 ns … 132.44 ns  in 10 × 100000 runs
[moonbitlang/core] bench bench/hash_bench_test.mbt:48 ("bench Hash for BytesView (large)") ok
time (mean ± σ)         range (min … max) 
   2.29 µs ±  10.67 ns     2.27 µs …   2.30 µs  in 10 ×  43618 runs
[moonbitlang/core] bench bench/hash_bench_test.mbt:55 ("bench Hasher::combine_bytes (small)") ok
time (mean ± σ)         range (min … max) 
  11.90 ns ±   0.20 ns    11.52 ns …  12.05 ns  in 10 × 100000 runs
[moonbitlang/core] bench bench/hash_bench_test.mbt:65 ("bench Hasher::combine_bytes (medium)") ok
time (mean ± σ)         range (min … max) 
 117.54 ns ±   2.21 ns   113.88 ns … 119.84 ns  in 10 × 100000 runs
[moonbitlang/core] bench bench/hash_bench_test.mbt:75 ("bench Hasher::combine_bytes (large)") ok
time (mean ± σ)         range (min … max) 
   2.04 µs ±  15.22 ns     2.02 µs …   2.07 µs  in 10 ×  48615 runs
[moonbitlang/core] bench bigint/to_string_radix_bench_test.mbt:23 ("bench bigint to_string radix=7 (4000 bits)") ok
time (mean ± σ)         range (min … max) 
  16.36 µs ± 102.12 ns    16.20 µs …  16.48 µs  in 10 ×   6045 runs
[moonbitlang/core] bench bigint/to_string_radix_bench_test.mbt:29 ("bench bigint to_string radix=36 (4000 bits)") ok
time (mean ± σ)         range (min … max) 
  14.54 µs ±  79.85 ns    14.41 µs …  14.61 µs  in 10 ×   6843 runs
[moonbitlang/core] bench bigint/to_string_radix_bench_test.mbt:35 ("bench bigint to_string radix=10 reference (4000 bits)") ok
time (mean ± σ)         range (min … max) 
  12.91 µs ±  14.43 ns    12.89 µs …  12.93 µs  in 10 ×   7667 runs
[moonbitlang/core] bench bigint/to_string_bench_test.mbt:30 ("bench BigInt::to_string n=40 digits") ok
time (mean ± σ)         range (min … max) 
  90.96 ns ±   2.48 ns    87.49 ns …  95.48 ns  in 10 × 100000 runs
[moonbitlang/core] bench bigint/to_string_bench_test.mbt:36 ("bench BigInt::to_string n=400 digits") ok
time (mean ± σ)         range (min … max) 
   2.83 µs ±   3.35 ns     2.82 µs …   2.84 µs  in 10 ×  35296 runs
[moonbitlang/core] bench bigint/to_string_bench_test.mbt:42 ("bench BigInt::to_string n=4000 digits") ok
time (mean ± σ)         range (min … max) 
  66.49 µs ±  89.86 ns    66.32 µs …  66.64 µs  in 10 ×   1515 runs
[moonbitlang/core] bench bigint/to_string_bench_test.mbt:48 ("bench BigInt::to_string n=40000 digits") ok
time (mean ± σ)         range (min … max) 
   2.38 ms ±   5.42 µs     2.37 ms …   2.38 ms  in 10 ×     43 runs
[moonbitlang/core] bench bigint/to_string_bench_test.mbt:54 ("bench BigInt::to_string n=250000 digits") ok
time (mean ± σ)         range (min … max) 
  26.37 ms ±  42.11 µs    26.32 ms …  26.45 ms  in 10 ×      4 runs
[moonbitlang/core] bench bigint/from_octets_bench_test.mbt:21 ("bench BigInt::from_octets n=64") ok
time (mean ± σ)         range (min … max) 
   1.56 µs ±   3.74 ns     1.56 µs …   1.57 µs  in 10 ×  64073 runs
[moonbitlang/core] bench bigint/from_octets_bench_test.mbt:27 ("bench BigInt::from_octets n=1024") ok
time (mean ± σ)         range (min … max) 
  24.26 µs ± 151.24 ns    24.05 µs …  24.45 µs  in 10 ×   4132 runs
[moonbitlang/core] bench bigint/division_bench_test.mbt:66 ("bench BigInt balanced division n=4000 digits") ok
time (mean ± σ)         range (min … max) 
  30.43 ns ±   3.41 ns    28.90 ns …  39.91 ns  in 10 ×   3802 runs
[moonbitlang/core] bench bigint/division_bench_test.mbt:72 ("bench BigInt balanced division n=40000 digits") ok
time (mean ± σ)         range (min … max) 
   1.50 ms ±   9.08 µs     1.48 ms …   1.51 ms  in 10 ×     67 runs
[moonbitlang/core] bench bigint/division_bench_test.mbt:78 ("bench BigInt balanced division n=250000 digits") ok
time (mean ± σ)         range (min … max) 
  17.46 ms ±  41.60 µs    17.37 ms …  17.51 ms  in 10 ×      6 runs
[moonbitlang/core] bench bigint/division_bench_test.mbt:84 ("bench BigInt unbalanced division q=65536 d=64 limbs") ok
time (mean ± σ)         range (min … max) 
   7.20 ms ±  85.63 µs     7.06 ms …   7.27 ms  in 10 ×     14 runs
[moonbitlang/core] bench bigint/division_bench_test.mbt:90 ("bench BigInt narrow division q=9 d=64 limbs") ok
time (mean ± σ)         range (min … max) 
   5.10 ns ±   0.25 ns     4.70 ns …   5.50 ns  in 10 × 100000 runs
[moonbitlang/core] bench buffer/write_bench_test.mbt:30 ("bench Buffer::write_byte n=4096") ok
time (mean ± σ)         range (min … max) 
   5.39 µs ±  10.04 ns     5.38 µs …   5.41 µs  in 10 ×  18503 runs
[moonbitlang/core] bench buffer/write_bench_test.mbt:42 ("bench Buffer::write_uint16_be n=4096") ok
time (mean ± σ)         range (min … max) 
   4.65 µs ±   4.75 ns     4.64 µs …   4.66 µs  in 10 ×  21485 runs
[moonbitlang/core] bench buffer/write_bench_test.mbt:54 ("bench Buffer::write_uint_le n=4096") ok
time (mean ± σ)         range (min … max) 
   5.73 µs ±  12.63 ns     5.70 µs …   5.74 µs  in 10 ×  17527 runs
[moonbitlang/core] bench buffer/write_bench_test.mbt:66 ("bench Buffer::write_uint64_be n=4096") ok
time (mean ± σ)         range (min … max) 
 608.41 µs ±  10.20 µs   598.39 µs … 622.48 µs  in 10 ×    163 runs
[moonbitlang/core] bench buffer/write_bench_test.mbt:78 ("bench Buffer::write_char_utf8 ASCII n=4096") ok
time (mean ± σ)         range (min … max) 
  17.11 µs ±  14.32 ns    17.09 µs …  17.13 µs  in 10 ×   5838 runs
[moonbitlang/core] bench buffer/write_bench_test.mbt:90 ("bench Buffer::write_char_utf8 non-BMP n=4096") ok
time (mean ± σ)         range (min … max) 
  21.32 µs ±  18.86 ns    21.29 µs …  21.36 µs  in 10 ×   4681 runs
[moonbitlang/core] bench buffer/write_bench_test.mbt:103 ("bench Buffer::write_char_utf16le BMP n=4096") ok
time (mean ± σ)         range (min … max) 
   4.68 µs ±   7.41 ns     4.66 µs …   4.69 µs  in 10 ×  21349 runs
[moonbitlang/core] bench buffer/write_bench_test.mbt:115 ("bench Buffer::write_string_utf16le chunks n=4096") ok
time (mean ± σ)         range (min … max) 
  98.09 µs ± 337.44 ns    97.54 µs …  98.63 µs  in 10 ×   1027 runs
[moonbitlang/core] bench buffer/write_bench_test.mbt:130 ("bench @buffer.from_array n=4096") ok
time (mean ± σ)         range (min … max) 
   4.48 µs ±  11.02 ns     4.46 µs …   4.50 µs  in 10 ×  22440 runs
[moonbitlang/core] bench builtin/view_bench_test.mbt:34 ("bench ArrayView::at Int n=100000") ok
time (mean ± σ)         range (min … max) 
  88.26 µs ±  99.44 ns    88.04 µs …  88.36 µs  in 10 ×   1133 runs
[moonbitlang/core] bench builtin/view_bench_test.mbt:47 ("bench ArrayView::get Int n=100000") ok
time (mean ± σ)         range (min … max) 
  73.52 µs ± 107.11 ns    73.31 µs …  73.65 µs  in 10 ×   1359 runs
[moonbitlang/core] bench builtin/view_bench_test.mbt:62 ("bench ArrayView::unsafe_get Int n=100000") ok
time (mean ± σ)         range (min … max) 
  58.90 µs ±  60.06 ns    58.81 µs …  58.96 µs  in 10 ×   1698 runs
[moonbitlang/core] bench builtin/view_bench_test.mbt:75 ("bench ArrayView::rev_fold Int n=100000") ok
time (mean ± σ)         range (min … max) 
  59.05 µs ± 208.41 ns    58.59 µs …  59.34 µs  in 10 ×   1689 runs
[moonbitlang/core] bench builtin/view_bench_test.mbt:82 ("bench ArrayView::rev_foldi Int n=100000") ok
time (mean ± σ)         range (min … max) 
  59.00 µs ± 183.52 ns    58.58 µs …  59.23 µs  in 10 ×   1694 runs
[moonbitlang/core] bench builtin/view_bench_test.mbt:91 ("bench ArrayView::equal Int n=100000") ok
time (mean ± σ)         range (min … max) 
 113.77 µs ±   3.06 µs   111.85 µs … 121.86 µs  in 10 ×    788 runs
[moonbitlang/core] bench builtin/view_bench_test.mbt:99 ("bench ArrayView::compare Int n=100000") ok
time (mean ± σ)         range (min … max) 
 142.67 µs ±   3.02 µs   139.57 µs … 149.09 µs  in 10 ×    649 runs
[moonbitlang/core] bench builtin/view_bench_test.mbt:107 ("bench MutArrayView::at Int n=100000") ok
time (mean ± σ)         range (min … max) 
 102.92 µs ± 151.31 ns   102.67 µs … 103.13 µs  in 10 ×    971 runs
[moonbitlang/core] bench builtin/view_bench_test.mbt:120 ("bench MutArrayView::unsafe_get Int n=100000") ok
time (mean ± σ)         range (min … max) 
  58.81 µs ±  62.71 ns    58.71 µs …  58.91 µs  in 10 ×   1699 runs
[moonbitlang/core] bench builtin/view_bench_test.mbt:133 ("bench MutArrayView::set Int n=100000") ok
time (mean ± σ)         range (min … max) 
 119.74 µs ± 184.31 ns   119.44 µs … 120.15 µs  in 10 ×    836 runs
[moonbitlang/core] bench builtin/view_bench_test.mbt:145 ("bench MutArrayView::unsafe_set Int n=100000") ok
time (mean ± σ)         range (min … max) 
  56.90 µs ± 214.22 ns    56.64 µs …  57.20 µs  in 10 ×   1747 runs
[moonbitlang/core] bench builtin/view_bench_test.mbt:157 ("bench BytesView::at n=100000") ok
time (mean ± σ)         range (min … max) 
  72.67 µs ±   1.03 µs    70.88 µs …  73.58 µs  in 10 ×   1361 runs
[moonbitlang/core] bench builtin/view_bench_test.mbt:170 ("bench BytesView::unsafe_get n=100000") ok
time (mean ± σ)         range (min … max) 
  43.12 µs ± 236.19 ns    42.77 µs …  43.48 µs  in 10 ×   2321 runs
[moonbitlang/core] bench builtin/stringbuilder_bench_test.mbt:28 ("bench StringBuilder::write_string chunks n=4096") ok
time (mean ± σ)         range (min … max) 
  11.84 µs ±  38.28 ns    11.78 µs …  11.89 µs  in 10 ×   8436 runs
[moonbitlang/core] bench builtin/stringbuilder_bench_test.mbt:41 ("bench StringBuilder::write_view chunks n=4096") ok
time (mean ± σ)         range (min … max) 
  17.39 µs ±  60.15 ns    17.29 µs …  17.46 µs  in 10 ×   5830 runs
[moonbitlang/core] bench builtin/stringbuilder_bench_test.mbt:54 ("bench StringBuilder::write_stringview chunks n=4096") ok
time (mean ± σ)         range (min … max) 
  17.30 µs ±  50.78 ns    17.23 µs …  17.37 µs  in 10 ×   5823 runs
[moonbitlang/core] bench builtin/stringbuilder_bench_test.mbt:67 ("bench StringBuilder::write_char ASCII n=4096") ok
time (mean ± σ)         range (min … max) 
  17.51 µs ±  71.76 ns    17.40 µs …  17.59 µs  in 10 ×   5731 runs
[moonbitlang/core] bench builtin/stringbuilder_bench_test.mbt:79 ("bench StringBuilder::write_char non-BMP n=4096") ok
time (mean ± σ)         range (min … max) 
  17.24 µs ±  75.11 ns    17.11 µs …  17.34 µs  in 10 ×   5846 runs
[moonbitlang/core] bench builtin/stringbuilder_bench_test.mbt:92 ("bench StringBuilder::reset reuse spare capacity n=4096") ok
time (mean ± σ)         range (min … max) 
  12.05 µs ±  28.52 ns    12.01 µs …  12.09 µs  in 10 ×   8314 runs
[moonbitlang/core] bench builtin/string_to_upper_bench_test.mbt:61 ("bench String::to_upper short") ok
time (mean ± σ)         range (min … max) 
 113.77 ns ±   0.91 ns   112.54 ns … 114.75 ns  in 10 × 100000 runs
[moonbitlang/core] bench builtin/string_to_upper_bench_test.mbt:66 ("bench String::to_upper long") ok
time (mean ± σ)         range (min … max) 
   5.88 µs ±   6.50 ns     5.86 µs …   5.88 µs  in 10 ×  17019 runs
[moonbitlang/core] bench builtin/string_to_upper_bench_test.mbt:71 ("bench String::to_upper sparse") ok
time (mean ± σ)         range (min … max) 
   4.46 µs ±  11.48 ns     4.44 µs …   4.47 µs  in 10 ×  22614 runs
[moonbitlang/core] bench builtin/string_to_upper_bench_test.mbt:76 ("bench String::to_upper late-lowercase") ok
time (mean ± σ)         range (min … max) 
   1.04 µs ±  13.23 ns     1.02 µs …   1.06 µs  in 10 ×  94622 runs
[moonbitlang/core] bench builtin/string_to_upper_bench_test.mbt:81 ("bench String::to_upper one-unit runs") ok
time (mean ± σ)         range (min … max) 
   4.57 µs ±   4.14 ns     4.56 µs …   4.58 µs  in 10 ×  22081 runs
[moonbitlang/core] bench builtin/string_to_upper_bench_test.mbt:86 ("bench String::to_upper all-lowercase") ok
time (mean ± σ)         range (min … max) 
   5.11 µs ±   6.26 ns     5.10 µs …   5.12 µs  in 10 ×  19639 runs
[moonbitlang/core] bench builtin/string_to_upper_bench_test.mbt:91 ("bench String::to_upper no-change short") ok
time (mean ± σ)         range (min … max) 
  21.67 ns ±   0.62 ns    20.56 ns …  22.52 ns  in 10 × 100000 runs
[moonbitlang/core] bench builtin/string_to_upper_bench_test.mbt:96 ("bench String::to_upper no-change long") ok
time (mean ± σ)         range (min … max) 
   1.69 µs ±  12.86 ns     1.68 µs …   1.73 µs  in 10 ×  58088 runs
[moonbitlang/core] bench builtin/string_to_upper_bench_test.mbt:101 ("bench StringView::to_upper short") ok
time (mean ± σ)         range (min … max) 
 117.54 ns ±   1.05 ns   115.76 ns … 118.68 ns  in 10 × 100000 runs
[moonbitlang/core] bench builtin/string_to_upper_bench_test.mbt:106 ("bench StringView::to_upper long") ok
time (mean ± σ)         range (min … max) 
   5.94 µs ±  14.12 ns     5.91 µs …   5.96 µs  in 10 ×  16851 runs
[moonbitlang/core] bench builtin/string_to_upper_bench_test.mbt:111 ("bench StringView::to_upper no-change long") ok
time (mean ± σ)         range (min … max) 
   1.92 µs ±  13.87 ns     1.92 µs …   1.96 µs  in 10 ×  51118 runs
[moonbitlang/core] bench builtin/string_to_lower_bench_test.mbt:61 ("bench String::to_lower short") ok
time (mean ± σ)         range (min … max) 
 115.54 ns ±   1.00 ns   114.35 ns … 116.99 ns  in 10 × 100000 runs
[moonbitlang/core] bench builtin/string_to_lower_bench_test.mbt:66 ("bench String::to_lower long") ok
time (mean ± σ)         range (min … max) 
   6.14 µs ±   2.78 ns     6.14 µs …   6.15 µs  in 10 ×  16306 runs
[moonbitlang/core] bench builtin/string_to_lower_bench_test.mbt:71 ("bench String::to_lower sparse") ok
time (mean ± σ)         range (min … max) 
   5.40 µs ±   5.01 ns     5.39 µs …   5.41 µs  in 10 ×  18578 runs
[moonbitlang/core] bench builtin/string_to_lower_bench_test.mbt:76 ("bench String::to_lower late-uppercase") ok
time (mean ± σ)         range (min … max) 
   1.06 µs ±  12.06 ns     1.04 µs …   1.07 µs  in 10 ×  93040 runs
[moonbitlang/core] bench builtin/string_to_lower_bench_test.mbt:81 ("bench String::to_lower one-unit runs") ok
time (mean ± σ)         range (min … max) 
   4.57 µs ±   8.07 ns     4.55 µs …   4.58 µs  in 10 ×  22024 runs
[moonbitlang/core] bench builtin/string_to_lower_bench_test.mbt:86 ("bench String::to_lower all-uppercase") ok
time (mean ± σ)         range (min … max) 
   4.34 µs ±   3.28 ns     4.33 µs …   4.34 µs  in 10 ×  23164 runs
[moonbitlang/core] bench builtin/string_to_lower_bench_test.mbt:91 ("bench String::to_lower no-change short") ok
time (mean ± σ)         range (min … max) 
  22.52 ns ±   0.45 ns    22.11 ns …  23.19 ns  in 10 × 100000 runs
[moonbitlang/core] bench builtin/string_to_lower_bench_test.mbt:96 ("bench String::to_lower no-change long") ok
time (mean ± σ)         range (min … max) 
   1.81 µs ±  15.10 ns     1.80 µs …   1.85 µs  in 10 ×  53602 runs
[moonbitlang/core] bench builtin/string_to_lower_bench_test.mbt:101 ("bench StringView::to_lower short") ok
time (mean ± σ)         range (min … max) 
 115.40 ns ±   0.82 ns   113.96 ns … 116.30 ns  in 10 × 100000 runs
[moonbitlang/core] bench builtin/string_to_lower_bench_test.mbt:106 ("bench StringView::to_lower long") ok
time (mean ± σ)         range (min … max) 
   5.95 µs ±   9.26 ns     5.93 µs …   5.96 µs  in 10 ×  16832 runs
[moonbitlang/core] bench builtin/string_to_lower_bench_test.mbt:111 ("bench StringView::to_lower no-change long") ok
time (mean ± σ)         range (min … max) 
   2.04 µs ±  28.94 ns     2.01 µs …   2.11 µs  in 10 ×  47623 runs
[moonbitlang/core] bench builtin/string_to_array_bench_test.mbt:24 ("bench String::to_array ASCII 51 chars") ok
time (mean ± σ)         range (min … max) 
 170.52 ns ±   2.78 ns   167.04 ns … 174.40 ns  in 10 × 100000 runs
[moonbitlang/core] bench builtin/string_to_array_bench_test.mbt:29 ("bench String::to_array mixed 1KB") ok
time (mean ± σ)         range (min … max) 
   3.58 µs ±  13.92 ns     3.56 µs …   3.59 µs  in 10 ×  27871 runs
[moonbitlang/core] bench builtin/string_to_array_bench_test.mbt:34 ("bench StringView::to_array mixed 1KB") ok
time (mean ± σ)         range (min … max) 
   3.57 µs ±   7.24 ns     3.56 µs …   3.58 µs  in 10 ×  27989 runs
[moonbitlang/core] bench builtin/string_methods_bench_test.mbt:36 ("bench StringView::has_prefix match n=100000 needle=128") ok
time (mean ± σ)         range (min … max) 
 556.53 ns ±   3.69 ns   547.85 ns … 559.55 ns  in 10 × 100000 runs
[moonbitlang/core] bench builtin/string_methods_bench_test.mbt:45 ("bench StringView::has_prefix mismatch n=100000 needle=128") ok
time (mean ± σ)         range (min … max) 
   7.35 ns ±   0.33 ns     7.05 ns …   7.83 ns  in 10 × 100000 runs
[moonbitlang/core] bench builtin/string_methods_bench_test.mbt:54 ("bench StringView::has_suffix match n=100000 needle=128") ok
time (mean ± σ)         range (min … max) 
 556.47 ns ±   2.34 ns   552.52 ns … 559.52 ns  in 10 × 100000 runs
[moonbitlang/core] bench builtin/string_methods_bench_test.mbt:63 ("bench StringView::has_suffix mismatch n=100000 needle=128") ok
time (mean ± σ)         range (min … max) 
   7.67 ns ±   0.35 ns     7.33 ns …   8.21 ns  in 10 × 100000 runs
[moonbitlang/core] bench builtin/string_find_code_unit_bench_test.mbt:16 ("bench find one code unit absent n=4") ok
time (mean ± σ)         range (min … max) 
  11.01 ns ±   0.52 ns    10.23 ns …  11.65 ns  in 10 × 100000 runs
[moonbitlang/core] bench builtin/string_find_code_unit_bench_test.mbt:22 ("bench find one code unit absent n=8") ok
time (mean ± σ)         range (min … max) 
  14.82 ns ±   0.43 ns    14.45 ns …  15.36 ns  in 10 × 100000 runs
[moonbitlang/core] bench builtin/string_find_code_unit_bench_test.mbt:28 ("bench find one code unit present@0 n=8") ok
time (mean ± σ)         range (min … max) 
   6.32 ns ±   0.34 ns     6.04 ns …   6.75 ns  in 10 × 100000 runs
[moonbitlang/core] bench builtin/string_find_code_unit_bench_test.mbt:34 ("bench find one code unit absent n=64") ok
time (mean ± σ)         range (min … max) 
  83.15 ns ±   0.57 ns    82.35 ns …  84.06 ns  in 10 × 100000 runs
[moonbitlang/core] bench builtin/string_find_code_unit_bench_test.mbt:40 ("bench find one code unit absent n=256") ok
time (mean ± σ)         range (min … max) 
 304.71 ns ±   3.64 ns   297.91 ns … 308.63 ns  in 10 × 100000 runs
[moonbitlang/core] bench builtin/string_find_code_unit_bench_test.mbt:46 ("bench find one code unit present@end n=256") ok
time (mean ± σ)         range (min … max) 
 308.88 ns ±   1.47 ns   306.38 ns … 311.05 ns  in 10 × 100000 runs
[moonbitlang/core] bench builtin/string_find_code_unit_bench_test.mbt:52 ("bench rev_find one code unit absent n=256") ok
time (mean ± σ)         range (min … max) 
 306.79 ns ±   3.21 ns   302.12 ns … 309.81 ns  in 10 × 100000 runs
[moonbitlang/core] bench builtin/string_find_code_unit_bench_test.mbt:58 ("bench rev_find one code unit present@start n=256") ok
time (mean ± σ)         range (min … max) 
 304.25 ns ±   4.38 ns   296.74 ns … 310.14 ns  in 10 × 100000 runs
[moonbitlang/core] bench builtin/string_find_code_unit_bench_test.mbt:64 ("bench rev_find one code unit present@end n=8") ok
time (mean ± σ)         range (min … max) 
   6.28 ns ±   0.32 ns     5.99 ns …   6.68 ns  in 10 × 100000 runs
[moonbitlang/core] bench builtin/string_find_code_unit_bench_test.mbt:70 ("bench StringView find one code unit absent n=256") ok
time (mean ± σ)         range (min … max) 
 307.01 ns ±   2.99 ns   301.76 ns … 311.21 ns  in 10 × 100000 runs
[moonbitlang/core] bench builtin/string_find_code_unit_bench_test.mbt:77 ("bench StringView rev_find one code unit absent n=256") ok
time (mean ± σ)         range (min … max) 
 307.62 ns ±   5.09 ns   297.87 ns … 311.87 ns  in 10 × 100000 runs
[moonbitlang/core] bench builtin/string_find_code_unit_bench_test.mbt:84 ("bench find two anchors absent n=256") ok
time (mean ± σ)         range (min … max) 
 526.26 ns ±   4.85 ns   518.44 ns … 532.18 ns  in 10 × 100000 runs
[moonbitlang/core] bench builtin/string_find_code_unit_bench_test.mbt:90 ("bench find two anchors present@end n=256") ok
time (mean ± σ)         range (min … max) 
 531.37 ns ±   0.63 ns   530.52 ns … 532.08 ns  in 10 × 100000 runs
[moonbitlang/core] bench builtin/string_find_code_unit_bench_test.mbt:96 ("bench find two anchors dense false positives n=256") ok
time (mean ± σ)         range (min … max) 
   1.27 µs ±   4.67 ns     1.26 µs …   1.28 µs  in 10 ×  78237 runs
[moonbitlang/core] bench builtin/string_find_code_unit_bench_test.mbt:102 ("bench find two anchors long absent n=256") ok
time (mean ± σ)         range (min … max) 
 292.34 ns ±   4.54 ns   283.14 ns … 295.58 ns  in 10 × 100000 runs
[moonbitlang/core] bench builtin/string_find_code_unit_bench_test.mbt:108 ("bench rev_find two anchors absent n=256") ok
time (mean ± σ)         range (min … max) 
 311.66 ns ±   1.99 ns   306.26 ns … 313.06 ns  in 10 × 100000 runs
[moonbitlang/core] bench builtin/string_find_code_unit_bench_test.mbt:114 ("bench rev_find two anchors present@start n=256") ok
time (mean ± σ)         range (min … max) 
 371.73 ns ±   1.54 ns   368.44 ns … 373.10 ns  in 10 × 100000 runs
[moonbitlang/core] bench builtin/string_find_code_unit_bench_test.mbt:120 ("bench rev_find two anchors dense false positives n=256") ok
time (mean ± σ)         range (min … max) 
   1.42 µs ±   4.97 ns     1.41 µs …   1.43 µs  in 10 ×  70196 runs
[moonbitlang/core] bench builtin/string_find_code_unit_bench_test.mbt:126 ("bench StringView find two anchors absent n=256") ok
time (mean ± σ)         range (min … max) 
 523.31 ns ±   2.41 ns   518.20 ns … 525.97 ns  in 10 × 100000 runs
[moonbitlang/core] bench builtin/string_find_adversary_bench_test.mbt:26 ("bench find adversary m=64 n=4096") ok
time (mean ± σ)         range (min … max) 
  29.71 µs ±   8.02 µs    24.63 µs …  43.75 µs  in 10 ×   2256 runs
[moonbitlang/core] bench builtin/string_find_adversary_bench_test.mbt:33 ("bench rev_find adversary m=64 n=4096") ok
time (mean ± σ)         range (min … max) 
  31.63 µs ±   9.61 µs    25.36 µs …  47.30 µs  in 10 ×   2118 runs
[moonbitlang/core] bench builtin/string_find_adversary_bench_test.mbt:40 ("bench find adversary m=512 n=65536") ok
time (mean ± σ)         range (min … max) 
 744.10 µs ±  32.96 µs   713.06 µs … 790.51 µs  in 10 ×    127 runs
[moonbitlang/core] bench builtin/string_find_adversary_bench_test.mbt:47 ("bench find dense miss fast path n=4096") ok
time (mean ± σ)         range (min … max) 
  17.06 µs ± 218.12 ns    16.87 µs …  17.39 µs  in 10 ×   5930 runs
[moonbitlang/core] bench builtin/string_find_adversary_bench_test.mbt:53 ("bench find rare hit end fast path n=4096") ok
time (mean ± σ)         range (min … max) 
  10.06 µs ±  53.90 ns    10.01 µs …  10.16 µs  in 10 ×   9843 runs
[moonbitlang/core] bench builtin/string_escape_bench_test.mbt:61 ("bench String::escape short plain") ok
time (mean ± σ)         range (min … max) 
  50.53 ns ±   0.45 ns    49.76 ns …  50.98 ns  in 10 × 100000 runs
[moonbitlang/core] bench builtin/string_escape_bench_test.mbt:66 ("bench String::escape short escaped") ok
time (mean ± σ)         range (min … max) 
 129.51 ns ±   0.94 ns   127.79 ns … 130.49 ns  in 10 × 100000 runs
[moonbitlang/core] bench builtin/string_escape_bench_test.mbt:71 ("bench String::escape threshold plain") ok
time (mean ± σ)         range (min … max) 
  57.25 ns ±   0.79 ns    55.93 ns …  58.29 ns  in 10 × 100000 runs
[moonbitlang/core] bench builtin/string_escape_bench_test.mbt:76 ("bench String::escape prose") ok
time (mean ± σ)         range (min … max) 
 276.04 ns ±   2.84 ns   272.06 ns … 279.64 ns  in 10 × 100000 runs
[moonbitlang/core] bench builtin/string_escape_bench_test.mbt:81 ("bench String::escape escape-first") ok
time (mean ± σ)         range (min … max) 
 369.90 ns ±   2.22 ns   365.03 ns … 371.92 ns  in 10 × 100000 runs
[moonbitlang/core] bench builtin/string_escape_bench_test.mbt:86 ("bench String::escape long plain") ok
time (mean ± σ)         range (min … max) 
  11.93 µs ±  87.68 ns    11.87 µs …  12.18 µs  in 10 ×   8272 runs
[moonbitlang/core] bench builtin/string_escape_bench_test.mbt:91 ("bench String::escape long dense") ok
time (mean ± σ)         range (min … max) 
  44.17 µs ±  60.56 ns    44.07 µs …  44.25 µs  in 10 ×   2277 runs
[moonbitlang/core] bench builtin/string_escape_bench_test.mbt:96 ("bench String::escape long all-escaped") ok
time (mean ± σ)         range (min … max) 
  27.33 µs ±  88.43 ns    27.18 µs …  27.43 µs  in 10 ×   3690 runs
[moonbitlang/core] bench builtin/string_escape_bench_test.mbt:101 ("bench String::escape long unicode") ok
time (mean ± σ)         range (min … max) 
  13.64 µs ± 106.04 ns    13.57 µs …  13.93 µs  in 10 ×   7403 runs
[moonbitlang/core] bench builtin/string_escape_bench_test.mbt:106 ("bench StringView::escape long plain view") ok
time (mean ± σ)         range (min … max) 
  11.72 µs ± 111.28 ns    11.61 µs …  11.99 µs  in 10 ×   8508 runs
[moonbitlang/core] bench builtin/string_escape_bench_test.mbt:112 ("bench debug to_string short plain") ok
time (mean ± σ)         range (min … max) 
  86.61 ns ±   0.78 ns    85.58 ns …  87.80 ns  in 10 × 100000 runs
[moonbitlang/core] bench builtin/string_escape_bench_test.mbt:117 ("bench debug to_string prose") ok
time (mean ± σ)         range (min … max) 
 311.80 ns ±   2.55 ns   307.46 ns … 315.59 ns  in 10 × 100000 runs
[moonbitlang/core] bench builtin/string_escape_bench_test.mbt:122 ("bench debug to_string long plain") ok
time (mean ± σ)         range (min … max) 
  12.12 µs ± 153.24 ns    11.90 µs …  12.45 µs  in 10 ×   7989 runs
[moonbitlang/core] bench builtin/string_equal_bench_test.mbt:28 ("bench StringView::equal n=100000 equal") ok
time (mean ± σ)         range (min … max) 
   3.42 µs ±  24.53 ns     3.41 µs …   3.49 µs  in 10 ×  28738 runs
[moonbitlang/core] bench builtin/string_equal_bench_test.mbt:35 ("bench StringView::equal n=100000 mismatch at end") ok
time (mean ± σ)         range (min … max) 
 426.15 µs ±   2.02 µs   422.79 µs … 429.45 µs  in 10 ×    237 runs
[moonbitlang/core] bench builtin/string_equal_bench_test.mbt:44 ("bench StringView::equal_to_string n=100000 equal") ok
time (mean ± σ)         range (min … max) 
   3.58 µs ±  25.17 ns     3.56 µs …   3.65 µs  in 10 ×  28163 runs
[moonbitlang/core] bench builtin/string_char_set_bench_test.mbt:43 ("bench StringView::contains_any ASCII miss n=100000") ok
time (mean ± σ)         range (min … max) 
 313.68 µs ±   3.18 µs   310.15 µs … 319.60 µs  in 10 ×    316 runs
[moonbitlang/core] bench builtin/string_char_set_bench_test.mbt:54 ("bench StringView::contains_any ASCII match at end n=100000") ok
time (mean ± σ)         range (min … max) 
 320.10 µs ± 694.67 ns   319.04 µs … 321.27 µs  in 10 ×    319 runs
[moonbitlang/core] bench builtin/string_char_set_bench_test.mbt:67 ("bench StringView::trim_start ASCII n=100000") ok
time (mean ± σ)         range (min … max) 
 318.40 µs ±   2.50 µs   313.53 µs … 320.55 µs  in 10 ×    319 runs
[moonbitlang/core] bench builtin/string_char_set_bench_test.mbt:74 ("bench StringView::trim_end ASCII n=100000") ok
time (mean ± σ)         range (min … max) 
 314.78 µs ±   1.04 µs   312.50 µs … 315.93 µs  in 10 ×    311 runs
[moonbitlang/core] bench builtin/string_char_set_bench_test.mbt:79 ("bench StringView::trim ASCII n=100000") ok
time (mean ± σ)         range (min … max) 
 636.67 µs ± 866.07 ns   635.42 µs … 638.18 µs  in 10 ×    157 runs
[moonbitlang/core] bench builtin/string_char_set_bench_test.mbt:96 ("bench StringView::trim short inputs") ok
time (mean ± σ)         range (min … max) 
 145.25 ns ±   2.65 ns   141.40 ns … 149.33 ns  in 10 × 100000 runs
[moonbitlang/core] bench builtin/string_char_set_bench_test.mbt:107 ("bench StringView::contains_any short inputs") ok
time (mean ± σ)         range (min … max) 
 116.23 ns ±   0.75 ns   115.40 ns … 117.34 ns  in 10 × 100000 runs
[moonbitlang/core] bench builtin/string_char_length_bench_test.mbt:51 ("bench char_length ascii 8") ok
time (mean ± σ)         range (min … max) 
  13.70 ns ±   0.58 ns    12.78 ns …  14.37 ns  in 10 × 100000 runs
[moonbitlang/core] bench builtin/string_char_length_bench_test.mbt:56 ("bench char_length ascii 16") ok
time (mean ± σ)         range (min … max) 
  22.94 ns ±   0.90 ns    21.56 ns …  24.04 ns  in 10 × 100000 runs
[moonbitlang/core] bench builtin/string_char_length_bench_test.mbt:61 ("bench char_length ascii 100") ok
time (mean ± σ)         range (min … max) 
 208.45 ns ±   1.59 ns   204.65 ns … 209.87 ns  in 10 × 100000 runs
[moonbitlang/core] bench builtin/string_char_length_bench_test.mbt:66 ("bench char_length ascii 4k") ok
time (mean ± σ)         range (min … max) 
   9.49 µs ±  83.72 ns     9.41 µs …   9.63 µs  in 10 ×  10367 runs
[moonbitlang/core] bench builtin/string_char_length_bench_test.mbt:71 ("bench char_length ascii 64k") ok
time (mean ± σ)         range (min … max) 
 166.96 µs ±   8.84 µs   154.15 µs … 173.19 µs  in 10 ×    584 runs
[moonbitlang/core] bench builtin/string_char_length_bench_test.mbt:76 ("bench char_length cjk 4k") ok
time (mean ± σ)         range (min … max) 
   9.45 µs ±  21.77 ns     9.41 µs …   9.49 µs  in 10 ×  10534 runs
[moonbitlang/core] bench builtin/string_char_length_bench_test.mbt:81 ("bench char_length emoji 4k") ok
time (mean ± σ)         range (min … max) 
   8.92 µs ± 150.68 ns     8.61 µs …   9.05 µs  in 10 ×  11078 runs
[moonbitlang/core] bench builtin/string_char_length_bench_test.mbt:86 ("bench char_length mixed 4k") ok
time (mean ± σ)         range (min … max) 
  11.00 µs ±   8.97 ns    10.99 µs …  11.02 µs  in 10 ×   9077 runs
[moonbitlang/core] bench builtin/string_char_length_bench_test.mbt:91 ("bench StringView::char_length ascii 4k unaligned") ok
time (mean ± σ)         range (min … max) 
   9.47 µs ±  14.06 ns     9.46 µs …   9.50 µs  in 10 ×  10589 runs
[moonbitlang/core] bench builtin/string_char_length_bench_test.mbt:97 ("bench char_length_eq ascii 16") ok
time (mean ± σ)         range (min … max) 
  23.33 ns ±   0.78 ns    21.90 ns …  24.18 ns  in 10 × 100000 runs
[moonbitlang/core] bench builtin/string_char_length_bench_test.mbt:102 ("bench char_length_eq ascii 4k") ok
time (mean ± σ)         range (min … max) 
   9.58 µs ±  54.83 ns     9.46 µs …   9.63 µs  in 10 ×  10498 runs
[moonbitlang/core] bench builtin/string_char_length_bench_test.mbt:107 ("bench char_length_eq emoji 4k") ok
time (mean ± σ)         range (min … max) 
   8.79 µs ± 190.62 ns     8.25 µs …   8.87 µs  in 10 ×  11294 runs
[moonbitlang/core] bench builtin/string_char_length_bench_test.mbt:112 ("bench char_length_eq mixed 4k") ok
time (mean ± σ)         range (min … max) 
  11.13 µs ±  35.59 ns    11.10 µs …  11.22 µs  in 10 ×   8973 runs
[moonbitlang/core] bench builtin/string_char_length_bench_test.mbt:119 ("bench char_length_ge ascii 4k len 3") ok
time (mean ± σ)         range (min … max) 
  11.60 ns ±   0.63 ns    10.65 ns …  12.39 ns  in 10 × 100000 runs
[moonbitlang/core] bench builtin/string_char_length_bench_test.mbt:124 ("bench char_length_ge ascii 4k len 2000") ok
time (mean ± σ)         range (min … max) 
   4.72 µs ±  44.99 ns     4.68 µs …   4.82 µs  in 10 ×  21301 runs
[moonbitlang/core] bench builtin/string_char_length_bench_test.mbt:129 ("bench char_length_ge cjk 4k len 4096") ok
time (mean ± σ)         range (min … max) 
   9.47 µs ±  67.17 ns     9.36 µs …   9.54 µs  in 10 ×  10461 runs
[moonbitlang/core] bench builtin/string_char_length_bench_test.mbt:134 ("bench char_length_ge emoji 4k len 2048") ok
time (mean ± σ)         range (min … max) 
   8.73 µs ± 225.07 ns     8.10 µs …   8.83 µs  in 10 ×  11338 runs
[moonbitlang/core] bench builtin/sort_bench_test.mbt:21 ("bench Array::sort n=1000") ok
time (mean ± σ)         range (min … max) 
  20.79 µs ±  83.61 ns    20.67 µs …  20.91 µs  in 10 ×   4737 runs
[moonbitlang/core] bench builtin/sort_bench_test.mbt:31 ("bench Array::sort n=100000") ok
time (mean ± σ)         range (min … max) 
   6.58 ms ± 172.71 µs     6.45 ms …   7.05 ms  in 10 ×     16 runs
[moonbitlang/core] bench builtin/sort_bench_test.mbt:41 ("bench Array::sort_by n=10000") ok
time (mean ± σ)         range (min … max) 
 527.14 µs ±   5.87 µs   520.74 µs … 534.33 µs  in 10 ×    186 runs
[moonbitlang/core] bench builtin/range_equal_bench_test.mbt:56 ("bench range_equal StringView== n=4 equal") ok
time (mean ± σ)         range (min … max) 
   7.04 ns ±   0.45 ns     6.38 ns …   7.66 ns  in 10 × 100000 runs
[moonbitlang/core] bench builtin/range_equal_bench_test.mbt:61 ("bench range_equal StringView== n=8 equal") ok
time (mean ± σ)         range (min … max) 
   7.39 ns ±   0.38 ns     7.08 ns …   7.89 ns  in 10 × 100000 runs
[moonbitlang/core] bench builtin/range_equal_bench_test.mbt:66 ("bench range_equal StringView== n=8 mismatch at end") ok
time (mean ± σ)         range (min … max) 
  22.43 ns ±   0.80 ns    21.04 ns …  23.46 ns  in 10 × 100000 runs
[moonbitlang/core] bench builtin/range_equal_bench_test.mbt:71 ("bench range_equal StringView== n=16 equal") ok
time (mean ± σ)         range (min … max) 
   7.49 ns ±   0.38 ns     7.18 ns …   7.97 ns  in 10 × 100000 runs
[moonbitlang/core] bench builtin/range_equal_bench_test.mbt:76 ("bench range_equal StringView== n=16 mismatch at end") ok
time (mean ± σ)         range (min … max) 
  38.58 ns ±   1.11 ns    36.75 ns …  40.06 ns  in 10 × 100000 runs
[moonbitlang/core] bench builtin/range_equal_bench_test.mbt:81 ("bench range_equal StringView== n=15 equal") ok
time (mean ± σ)         range (min … max) 
   7.41 ns ±   0.45 ns     6.75 ns …   7.95 ns  in 10 × 100000 runs
[moonbitlang/core] bench builtin/range_equal_bench_test.mbt:86 ("bench range_equal StringView== n=64 equal") ok
time (mean ± σ)         range (min … max) 
   8.83 ns ±   0.39 ns     8.49 ns …   9.32 ns  in 10 × 100000 runs
[moonbitlang/core] bench builtin/range_equal_bench_test.mbt:91 ("bench range_equal StringView== n=64 mismatch at end") ok
time (mean ± σ)         range (min … max) 
 141.19 ns ±   1.90 ns   137.11 ns … 143.10 ns  in 10 × 100000 runs
[moonbitlang/core] bench builtin/range_equal_bench_test.mbt:96 ("bench range_equal StringView== n=1024 equal") ok
time (mean ± σ)         range (min … max) 
  34.78 ns ±   0.86 ns    33.21 ns …  35.91 ns  in 10 × 100000 runs
[moonbitlang/core] bench builtin/range_equal_bench_test.mbt:101 ("bench range_equal StringView== n=1024 mismatch at end") ok
time (mean ± σ)         range (min … max) 
   2.82 µs ±   1.04 µs     2.08 µs …   4.30 µs  in 10 ×  23264 runs
[moonbitlang/core] bench builtin/range_equal_bench_test.mbt:106 ("bench range_equal StringView== n=1024 mismatch at 0") ok
time (mean ± σ)         range (min … max) 
   8.43 ns ±   0.37 ns     8.13 ns …   8.91 ns  in 10 × 100000 runs
[moonbitlang/core] bench builtin/range_equal_bench_test.mbt:111 ("bench range_equal StringView== n=65536 equal") ok
time (mean ± σ)         range (min … max) 
   1.88 µs ±  17.04 ns     1.87 µs …   1.92 µs  in 10 ×  51897 runs
[moonbitlang/core] bench builtin/range_equal_bench_test.mbt:116 ("bench range_equal StringView== n=65536 mismatch at end") ok
time (mean ± σ)         range (min … max) 
 277.14 µs ±   1.96 µs   274.80 µs … 280.61 µs  in 10 ×    356 runs
[moonbitlang/core] bench builtin/range_equal_bench_test.mbt:121 ("bench range_equal BytesView== n=4 equal") ok
time (mean ± σ)         range (min … max) 
   7.96 ns ±   0.42 ns     7.41 ns …   8.50 ns  in 10 × 100000 runs
[moonbitlang/core] bench builtin/range_equal_bench_test.mbt:126 ("bench range_equal BytesView== n=8 equal") ok
time (mean ± σ)         range (min … max) 
  10.91 ns ±   0.51 ns    10.19 ns …  11.62 ns  in 10 × 100000 runs
[moonbitlang/core] bench builtin/range_equal_bench_test.mbt:131 ("bench range_equal BytesView== n=8 mismatch at end") ok
time (mean ± σ)         range (min … max) 
  10.17 ns ±   0.46 ns     9.47 ns …  10.71 ns  in 10 × 100000 runs
[moonbitlang/core] bench builtin/range_equal_bench_test.mbt:136 ("bench range_equal BytesView== n=16 equal") ok
time (mean ± σ)         range (min … max) 
  15.10 ns ±   0.62 ns    14.10 ns …  15.90 ns  in 10 × 100000 runs
[moonbitlang/core] bench builtin/range_equal_bench_test.mbt:141 ("bench range_equal BytesView== n=16 mismatch at end") ok
time (mean ± σ)         range (min … max) 
  15.00 ns ±   0.39 ns    14.49 ns …  15.60 ns  in 10 × 100000 runs
[moonbitlang/core] bench builtin/range_equal_bench_test.mbt:146 ("bench range_equal BytesView== n=31 equal") ok
time (mean ± σ)         range (min … max) 
  26.33 ns ±   0.40 ns    25.93 ns …  26.86 ns  in 10 × 100000 runs
[moonbitlang/core] bench builtin/range_equal_bench_test.mbt:151 ("bench range_equal BytesView== n=64 equal") ok
time (mean ± σ)         range (min … max) 
  40.84 ns ±   0.61 ns    39.74 ns …  41.65 ns  in 10 × 100000 runs
[moonbitlang/core] bench builtin/range_equal_bench_test.mbt:156 ("bench range_equal BytesView== n=64 mismatch at end") ok
time (mean ± σ)         range (min … max) 
  39.49 ns ±   0.98 ns    37.74 ns …  40.44 ns  in 10 × 100000 runs
[moonbitlang/core] bench builtin/range_equal_bench_test.mbt:161 ("bench range_equal BytesView== n=1024 equal") ok
time (mean ± σ)         range (min … max) 
 602.70 ns ±   2.05 ns   597.15 ns … 604.20 ns  in 10 × 100000 runs
[moonbitlang/core] bench builtin/range_equal_bench_test.mbt:166 ("bench range_equal BytesView== n=1024 mismatch at end") ok
time (mean ± σ)         range (min … max) 
 600.30 ns ±   1.68 ns   596.03 ns … 601.72 ns  in 10 × 100000 runs
[moonbitlang/core] bench builtin/range_equal_bench_test.mbt:171 ("bench range_equal BytesView== n=1024 mismatch at 0") ok
time (mean ± σ)         range (min … max) 
   5.24 ns ±   0.36 ns     4.88 ns …   5.62 ns  in 10 × 100000 runs
[moonbitlang/core] bench builtin/range_equal_bench_test.mbt:176 ("bench range_equal BytesView== n=65536 equal") ok
time (mean ± σ)         range (min … max) 
  38.58 µs ±  47.24 ns    38.54 µs …  38.67 µs  in 10 ×   2592 runs
[moonbitlang/core] bench builtin/range_equal_bench_test.mbt:181 ("bench range_equal BytesView== n=65536 mismatch at end") ok
time (mean ± σ)         range (min … max) 
  38.41 µs ± 188.77 ns    38.00 µs …  38.57 µs  in 10 ×   2594 runs
[moonbitlang/core] bench builtin/range_equal_bench_test.mbt:186 ("bench range_equal StringView::has_prefix prefix=32 hit") ok
time (mean ± σ)         range (min … max) 
 100.06 ns ±   1.64 ns    96.53 ns … 101.90 ns  in 10 × 100000 runs
[moonbitlang/core] bench builtin/range_equal_bench_test.mbt:193 ("bench range_equal StringView::has_prefix prefix=32 miss at end") ok
time (mean ± σ)         range (min … max) 
 101.09 ns ±   1.41 ns    97.78 ns … 102.68 ns  in 10 × 100000 runs
[moonbitlang/core] bench builtin/linked_hash_map_bench_test.mbt:19 ("bench Map::set n=50000") ok
time (mean ± σ)         range (min … max) 
   3.33 ms ± 239.62 µs     3.05 ms …   3.69 ms  in 10 ×     34 runs
[moonbitlang/core] bench builtin/linked_hash_map_bench_test.mbt:30 ("bench Map::get n=50000") ok
time (mean ± σ)         range (min … max) 
 969.27 µs ±   6.45 µs   955.02 µs … 974.43 µs  in 10 ×    101 runs
[moonbitlang/core] bench builtin/linked_hash_map_bench_test.mbt:47 ("bench Map::get miss n=50000") ok
time (mean ± σ)         range (min … max) 
   1.09 ms ±  12.81 µs     1.08 ms …   1.11 ms  in 10 ×     90 runs
[moonbitlang/core] bench builtin/linked_hash_map_bench_test.mbt:67 ("bench Map::set+remove n=50000") ok
time (mean ± σ)         range (min … max) 
   4.75 ms ± 109.19 µs     4.65 ms …   5.04 ms  in 10 ×     20 runs
[moonbitlang/core] bench builtin/linked_hash_map_bench_test.mbt:83 ("bench Map::each n=50000") ok
time (mean ± σ)         range (min … max) 
  69.82 µs ± 116.20 ns    69.54 µs …  69.95 µs  in 10 ×   1443 runs
[moonbitlang/core] bench builtin/linked_hash_map_bench_test.mbt:101 ("bench Map::filter n=50000") ok
time (mean ± σ)         range (min … max) 
   1.11 ms ±  58.30 µs     1.06 ms …   1.22 ms  in 10 ×     94 runs
[moonbitlang/core] bench builtin/linked_hash_map_bench_test.mbt:107 ("bench Map comprehension filter n=50000") ok
time (mean ± σ)         range (min … max) 
   3.27 ms ±  17.76 µs     3.24 ms …   3.30 ms  in 10 ×     27 runs
[moonbitlang/core] bench builtin/lexical_compare_bench_test.mbt:42 ("bench lexical_compare equal n=256") ok
time (mean ± σ)         range (min … max) 
 211.09 ns ±   0.53 ns   210.56 ns … 211.88 ns  in 10 × 100000 runs
[moonbitlang/core] bench builtin/lexical_compare_bench_test.mbt:47 ("bench lexical_compare common-prefix n=256") ok
time (mean ± σ)         range (min … max) 
 200.45 ns ±   0.65 ns   199.58 ns … 201.43 ns  in 10 × 100000 runs
[moonbitlang/core] bench builtin/lexical_compare_bench_test.mbt:52 ("bench lexical_compare early-diff n=256") ok
time (mean ± σ)         range (min … max) 
   7.00 ns ±   0.32 ns     6.70 ns …   7.41 ns  in 10 × 100000 runs
[moonbitlang/core] bench builtin/lexical_compare_bench_test.mbt:89 ("bench String::lexical_compare equal n=256") ok
time (mean ± σ)         range (min … max) 
   1.14 µs ±   9.08 ns     1.13 µs …   1.16 µs  in 10 ×  87056 runs
[moonbitlang/core] bench builtin/lexical_compare_bench_test.mbt:94 ("bench String::lexical_compare common-prefix n=256") ok
time (mean ± σ)         range (min … max) 
   1.18 µs ±   6.92 ns     1.18 µs …   1.20 µs  in 10 ×  82452 runs
[moonbitlang/core] bench builtin/lexical_compare_bench_test.mbt:99 ("bench String::lexical_compare early-diff n=256") ok
time (mean ± σ)         range (min … max) 
  13.04 ns ±   0.55 ns    12.17 ns …  13.92 ns  in 10 × 100000 runs
[moonbitlang/core] bench builtin/lexical_compare_bench_test.mbt:104 ("bench StringView::lexical_compare equal n=256") ok
time (mean ± σ)         range (min … max) 
   1.14 µs ±   9.54 ns     1.13 µs …   1.16 µs  in 10 ×  86712 runs
[moonbitlang/core] bench builtin/lexical_compare_bench_test.mbt:109 ("bench StringView::lexical_compare common-prefix n=256") ok
time (mean ± σ)         range (min … max) 
   1.17 µs ±  12.86 ns     1.16 µs …   1.21 µs  in 10 ×  84881 runs
[moonbitlang/core] bench builtin/lexical_compare_bench_test.mbt:114 ("bench StringView::lexical_compare early-diff n=256") ok
time (mean ± σ)         range (min … max) 
  13.36 ns ±   0.43 ns    13.00 ns …  13.87 ns  in 10 × 100000 runs
[moonbitlang/core] bench builtin/lexical_compare_bench_test.mbt:121 ("bench String::compare equal-length common-prefix n=256") ok
time (mean ± σ)         range (min … max) 
   1.11 µs ±  15.33 ns     1.08 µs …   1.12 µs  in 10 ×  90156 runs
[moonbitlang/core] bench builtin/lexical_compare_bench_test.mbt:128 ("bench StringView::compare equal-length common-prefix n=256") ok
time (mean ± σ)         range (min … max) 
   1.14 µs ±   2.83 ns     1.13 µs …   1.14 µs  in 10 ×  90766 runs
[moonbitlang/core] bench builtin/lexical_compare_bench_test.mbt:135 ("bench StringView::compare_ignore_ascii_case common-prefix n=256") ok
time (mean ± σ)         range (min … max) 
   1.12 µs ±  19.03 ns     1.09 µs …   1.16 µs  in 10 ×  87504 runs
[moonbitlang/core] bench builtin/contains_code_unit_bench_test.mbt:19 ("bench contains_code_unit absent n=4") ok
time (mean ± σ)         range (min … max) 
  10.20 ns ±   0.45 ns     9.80 ns …  10.82 ns  in 10 × 100000 runs
[moonbitlang/core] bench builtin/contains_code_unit_bench_test.mbt:25 ("bench contains_code_unit absent n=8") ok
time (mean ± σ)         range (min … max) 
  14.19 ns ±   0.42 ns    13.85 ns …  14.76 ns  in 10 × 100000 runs
[moonbitlang/core] bench builtin/contains_code_unit_bench_test.mbt:31 ("bench contains_code_unit present@0 n=8") ok
time (mean ± σ)         range (min … max) 
   5.43 ns ±   0.45 ns     4.87 ns …   6.21 ns  in 10 × 100000 runs
[moonbitlang/core] bench builtin/contains_code_unit_bench_test.mbt:37 ("bench contains_code_unit absent n=16") ok
time (mean ± σ)         range (min … max) 
  23.71 ns ±   0.42 ns    23.33 ns …  24.24 ns  in 10 × 100000 runs
[moonbitlang/core] bench builtin/contains_code_unit_bench_test.mbt:43 ("bench contains_code_unit absent n=64") ok
time (mean ± σ)         range (min … max) 
  83.36 ns ±   0.69 ns    82.11 ns …  84.18 ns  in 10 × 100000 runs
[moonbitlang/core] bench builtin/contains_code_unit_bench_test.mbt:49 ("bench contains_code_unit absent n=256") ok
time (mean ± σ)         range (min … max) 
 307.40 ns ±   0.75 ns   306.28 ns … 308.42 ns  in 10 × 100000 runs
[moonbitlang/core] bench builtin/contains_code_unit_bench_test.mbt:55 ("bench contains_code_unit present@end n=256") ok
time (mean ± σ)         range (min … max) 
 304.86 ns ±   2.40 ns   299.40 ns … 307.23 ns  in 10 × 100000 runs
[moonbitlang/core] bench builtin/contains_code_unit_bench_test.mbt:61 ("bench contains_code_unit present@0 n=256") ok
time (mean ± σ)         range (min … max) 
   5.47 ns ±   0.36 ns     5.10 ns …   5.85 ns  in 10 × 100000 runs
[moonbitlang/core] bench builtin/contains_code_unit_bench_test.mbt:67 ("bench StringView contains_code_unit absent n=256") ok
time (mean ± σ)         range (min … max) 
 308.99 ns ±   3.62 ns   300.72 ns … 312.28 ns  in 10 × 100000 runs
[moonbitlang/core] bench builtin/bytesview_compare_bench_test.mbt:16 ("bench BytesView Compare equal n=1000000") ok
time (mean ± σ)         range (min … max) 
   1.48 ms ± 242.89 µs     1.26 ms …   1.74 ms  in 10 ×     58 runs
[moonbitlang/core] bench builtin/bytesview_compare_bench_test.mbt:23 ("bench BytesView Compare last-diff n=1000000") ok
time (mean ± σ)         range (min … max) 
 745.64 µs ±   2.62 µs   740.98 µs … 748.84 µs  in 10 ×    135 runs
[moonbitlang/core] bench builtin/bytes_unsafe_bench_test.mbt:31 ("bench Bytes::unsafe_read_uint16_le n=4096") ok
time (mean ± σ)         range (min … max) 
   2.74 µs ±  24.58 ns     2.73 µs …   2.81 µs  in 10 ×  36694 runs
[moonbitlang/core] bench builtin/bytes_unsafe_bench_test.mbt:43 ("bench Bytes::unsafe_read_uint32_le n=4096") ok
time (mean ± σ)         range (min … max) 
   4.10 µs ±  40.48 ns     4.02 µs …   4.17 µs  in 10 ×  24480 runs
[moonbitlang/core] bench builtin/bytes_unsafe_bench_test.mbt:55 ("bench Bytes::unsafe_read_uint64_le n=4096") ok
time (mean ± σ)         range (min … max) 
 313.44 µs ± 697.47 ns   311.92 µs … 314.53 µs  in 10 ×    321 runs
[moonbitlang/core] bench builtin/bytes_unsafe_bench_test.mbt:67 ("bench FixedArray::unsafe_write_uint16_le n=4096") ok
time (mean ± σ)         range (min … max) 
   2.43 µs ±  20.78 ns     2.41 µs …   2.48 µs  in 10 ×  41385 runs
[moonbitlang/core] bench builtin/bytes_unsafe_bench_test.mbt:78 ("bench FixedArray::unsafe_write_uint32_le n=4096") ok
time (mean ± σ)         range (min … max) 
   3.64 µs ±  59.81 ns     3.57 µs …   3.73 µs  in 10 ×  27212 runs
[moonbitlang/core] bench builtin/bytes_unsafe_bench_test.mbt:89 ("bench FixedArray::unsafe_write_uint64_le n=4096") ok
time (mean ± σ)         range (min … max) 
 584.22 µs ±   1.24 µs   582.08 µs … 585.69 µs  in 10 ×    172 runs
[moonbitlang/core] bench builtin/bytes_output_bench_test.mbt:19 ("bench Bytes Show binary n=100000") ok
time (mean ± σ)         range (min … max) 
   4.78 ms ± 631.30 µs     4.22 ms …   5.73 ms  in 10 ×     16 runs
[moonbitlang/core] bench builtin/bytes_output_bench_test.mbt:24 ("bench Bytes ToJson binary n=100000") ok
time (mean ± σ)         range (min … max) 
   4.66 ms ± 497.28 µs     4.11 ms …   5.56 ms  in 10 ×     21 runs
[moonbitlang/core] bench builtin/bytes_hash_bench_test.mbt:54 ("bench Hash::hash(Bytes) n=32") ok
time (mean ± σ)         range (min … max) 
  19.92 ns ±   0.85 ns    18.83 ns …  21.17 ns  in 10 × 100000 runs
[moonbitlang/core] bench builtin/bytes_hash_bench_test.mbt:60 ("bench Hash::hash(Bytes) n=8192") ok
time (mean ± σ)         range (min … max) 
   4.78 µs ±  62.21 ns     4.72 µs …   4.91 µs  in 10 ×  21197 runs
[moonbitlang/core] bench builtin/bytes_hash_bench_test.mbt:66 ("bench Map::at Bytes n=1024 key_bytes=32") ok
time (mean ± σ)         range (min … max) 
  66.56 µs ± 859.77 ns    65.78 µs …  68.20 µs  in 10 ×   1466 runs
[moonbitlang/core] bench builtin/bytes_from_array_bench_test.mbt:30 ("bench Bytes::from_array n=262144 full") ok
time (mean ± σ)         range (min … max) 
 589.61 µs ±  13.42 µs   581.98 µs … 627.61 µs  in 10 ×    168 runs
[moonbitlang/core] bench builtin/bytes_from_array_bench_test.mbt:41 ("bench Bytes::from_array n=262144 sliced") ok
time (mean ± σ)         range (min … max) 
 599.13 µs ±  23.41 µs   584.01 µs … 645.19 µs  in 10 ×    152 runs
[moonbitlang/core] bench builtin/bytes_from_array_bench_test.mbt:48 ("bench Bytes::makei from ArrayView n=262144 full") ok
time (mean ± σ)         range (min … max) 
 550.69 µs ±  12.50 µs   546.10 µs … 586.24 µs  in 10 ×    179 runs
[moonbitlang/core] bench builtin/bytes_from_array_bench_test.mbt:59 ("bench Bytes::makei from ArrayView n=262144 sliced") ok
time (mean ± σ)         range (min … max) 
 553.67 µs ±   7.99 µs   550.47 µs … 576.33 µs  in 10 ×    178 runs
[moonbitlang/core] bench builtin/bytes_equal_bench_test.mbt:37 ("bench Bytes::equal n=100000 equal") ok
time (mean ± σ)         range (min … max) 
  58.54 µs ± 344.09 ns    58.09 µs …  58.95 µs  in 10 ×   1387 runs
[moonbitlang/core] bench builtin/bytes_equal_bench_test.mbt:44 ("bench Bytes::equal n=100000 aliased object") ok
time (mean ± σ)         range (min … max) 
  86.31 µs ± 130.95 ns    86.13 µs …  86.51 µs  in 10 ×   1153 runs
[moonbitlang/core] bench builtin/bytes_equal_bench_test.mbt:54 ("bench Bytes::equal n=100000 mismatch at end") ok
time (mean ± σ)         range (min … max) 
  58.89 µs ± 120.56 ns    58.56 µs …  58.98 µs  in 10 ×   1354 runs
[moonbitlang/core] bench builtin/bytes_add_bench_test.mbt:16 ("bench Bytes add total=1000000") ok
time (mean ± σ)         range (min … max) 
   2.30 ms ± 123.76 µs     2.23 ms …   2.54 ms  in 10 ×     39 runs
[moonbitlang/core] bench builtin/bitstring_uint_aligned_bench_test.mbt:24 ("bench Bytes::unsafe_extract_uint_le_aligned n=8192") ok
time (mean ± σ)         range (min … max) 
   2.27 µs ±  30.08 ns     2.25 µs …   2.32 µs  in 10 ×  43916 runs
[moonbitlang/core] bench builtin/bitstring_uint64_aligned_bench_test.mbt:24 ("bench Bytes::unsafe_extract_uint64_le_aligned n=8192") ok
time (mean ± σ)         range (min … max) 
  78.57 µs ± 253.86 ns    78.30 µs …  79.02 µs  in 10 ×   1275 runs
[moonbitlang/core] bench builtin/bitstring_extract_bench_test.mbt:35 ("bench BytesView uint_le aligned len=32") ok
time (mean ± σ)         range (min … max) 
   2.56 µs ±  29.39 ns     2.54 µs …   2.62 µs  in 10 ×  39249 runs
[moonbitlang/core] bench builtin/bitstring_extract_bench_test.mbt:48 ("bench BytesView uint_be aligned len=32") ok
time (mean ± σ)         range (min … max) 
   2.63 µs ±  30.85 ns     2.62 µs …   2.70 µs  in 10 ×  38301 runs
[moonbitlang/core] bench builtin/bitstring_extract_bench_test.mbt:61 ("bench ArrayView uint_le aligned len=32") ok
time (mean ± σ)         range (min … max) 
   4.11 µs ±  40.08 ns     4.06 µs …   4.20 µs  in 10 ×  24457 runs
[moonbitlang/core] bench builtin/bitstring_extract_bench_test.mbt:75 ("bench ArrayView uint_be aligned len=32") ok
time (mean ± σ)         range (min … max) 
   4.26 µs ±  43.25 ns     4.23 µs …   4.35 µs  in 10 ×  23651 runs
[moonbitlang/core] bench builtin/bitstring_extract_bench_test.mbt:89 ("bench BytesView uint64_le aligned len=64") ok
time (mean ± σ)         range (min … max) 
  81.05 µs ± 251.12 ns    80.79 µs …  81.55 µs  in 10 ×   1234 runs
[moonbitlang/core] bench builtin/bitstring_extract_bench_test.mbt:102 ("bench BytesView uint64_be aligned len=64") ok
time (mean ± σ)         range (min … max) 
  82.46 µs ± 240.57 ns    82.18 µs …  82.78 µs  in 10 ×   1216 runs
[moonbitlang/core] bench builtin/bitstring_extract_bench_test.mbt:115 ("bench ArrayView uint64_le aligned len=64") ok
time (mean ± σ)         range (min … max) 
  86.96 µs ± 885.82 ns    86.14 µs …  88.65 µs  in 10 ×   1132 runs
[moonbitlang/core] bench builtin/bitstring_extract_bench_test.mbt:129 ("bench ArrayView uint64_be aligned len=64") ok
time (mean ± σ)         range (min … max) 
  86.73 µs ± 271.25 ns    86.39 µs …  87.14 µs  in 10 ×   1152 runs
[moonbitlang/core] bench builtin/bitstring_extract_bench_test.mbt:143 ("bench BytesView uint_le unaligned len=32") ok
time (mean ± σ)         range (min … max) 
  28.28 µs ±  42.89 ns    28.24 µs …  28.37 µs  in 10 ×   3533 runs
[moonbitlang/core] bench builtin/bitstring_extract_bench_test.mbt:156 ("bench BytesView uint64_le unaligned len=64") ok
time (mean ± σ)         range (min … max) 
 105.11 µs ± 844.50 ns   103.84 µs … 106.19 µs  in 10 ×    965 runs
[moonbitlang/core] bench builtin/bitstring_extract_bench_test.mbt:169 ("bench BytesView uint_le aligned len=16") ok
time (mean ± σ)         range (min … max) 
   4.04 µs ±  29.81 ns     4.02 µs …   4.12 µs  in 10 ×  24799 runs
[moonbitlang/core] bench builtin/bitstring_extract_bench_test.mbt:182 ("bench BytesView uint_le aligned len=24") ok
time (mean ± σ)         range (min … max) 
  22.98 µs ±  32.76 ns    22.95 µs …  23.04 µs  in 10 ×   4347 runs
[moonbitlang/core] bench builtin/array_retain_bench_test.mbt:29 ("bench Array::retain all keep Int n=100000") ok
time (mean ± σ)         range (min … max) 
  73.60 µs ±  62.09 ns    73.53 µs …  73.69 µs  in 10 ×   1359 runs
[moonbitlang/core] bench builtin/array_retain_bench_test.mbt:42 ("bench Array::retain all keep Ref n=100000") ok
time (mean ± σ)         range (min … max) 
  88.90 µs ± 189.41 ns    88.67 µs …  89.17 µs  in 10 ×   1125 runs
[moonbitlang/core] bench builtin/array_retain_bench_test.mbt:55 ("bench Array::retain drop tail n=100000") ok
time (mean ± σ)         range (min … max) 
 200.10 µs ±  17.40 µs   193.02 µs … 249.48 µs  in 10 ×    510 runs
[moonbitlang/core] bench builtin/array_retain_bench_test.mbt:66 ("bench Array::retain late sparse drop n=100000") ok
time (mean ± σ)         range (min … max) 
 225.34 µs ±   1.53 µs   223.39 µs … 227.50 µs  in 10 ×    439 runs
[moonbitlang/core] bench builtin/array_retain_bench_test.mbt:77 ("bench Array::retain drop first n=100000") ok
time (mean ± σ)         range (min … max) 
 236.93 µs ±   1.02 µs   234.74 µs … 238.00 µs  in 10 ×    415 runs
[moonbitlang/core] bench builtin/array_make_blit_bench_test.mbt:32 ("bench FixedArray::copy Ref n=1000000") ok
time (mean ± σ)         range (min … max) 
   1.36 ms ±  94.40 µs     1.23 ms …   1.48 ms  in 10 ×     74 runs
[moonbitlang/core] bench builtin/array_make_blit_bench_test.mbt:38 ("bench Array::from_fixed_array Ref n=1000000") ok
time (mean ± σ)         range (min … max) 
   4.13 ms ± 272.05 µs     3.77 ms …   4.37 ms  in 10 ×     27 runs
[moonbitlang/core] bench builtin/array_make_blit_bench_test.mbt:44 ("bench Array::add Ref n=500000+500000") ok
time (mean ± σ)         range (min … max) 
   4.00 ms ± 242.60 µs     3.66 ms …   4.21 ms  in 10 ×     28 runs
[moonbitlang/core] bench builtin/array_make_blit_bench_test.mbt:51 ("bench ArrayView::add Ref n=500000+500000") ok
time (mean ± σ)         range (min … max) 
   4.03 ms ± 248.75 µs     3.67 ms …   4.25 ms  in 10 ×     28 runs
[moonbitlang/core] bench builtin/array_make_blit_bench_test.mbt:60 ("bench Array::blit_to Ref n=1000000 overwrite") ok
time (mean ± σ)         range (min … max) 
   2.22 ms ±   1.49 µs     2.22 ms …   2.22 ms  in 10 ×     46 runs
[moonbitlang/core] bench builtin/array_make_blit_bench_test.mbt:70 ("bench Array::blit_to Ref n=1000000 grow") ok
time (mean ± σ)         range (min … max) 
   3.98 ms ± 227.24 µs     3.67 ms …   4.20 ms  in 10 ×     28 runs
[moonbitlang/core] bench builtin/array_make_blit_bench_test.mbt:80 ("bench ArrayView::blit_to Ref n=1000000 overwrite") ok
time (mean ± σ)         range (min … max) 
   2.22 ms ±   1.29 µs     2.22 ms …   2.22 ms  in 10 ×     46 runs
[moonbitlang/core] bench builtin/array_make_blit_bench_test.mbt:90 ("bench ArrayView::blit_to Ref n=1000000 grow") ok
time (mean ± σ)         range (min … max) 
   4.00 ms ± 261.86 µs     3.62 ms …   4.23 ms  in 10 ×     28 runs
[moonbitlang/core] bench builtin/array_make_blit_bench_test.mbt:100 ("bench Array::append Ref n=1000000 grow") ok
time (mean ± σ)         range (min … max) 
   9.54 ms ± 584.90 µs     8.87 ms …  10.34 ms  in 10 ×     12 runs
[moonbitlang/core] bench builtin/array_make_blit_bench_test.mbt:110 ("bench Array::push Ref n=1000000 resize") ok
time (mean ± σ)         range (min … max) 
   9.61 ms ± 680.93 µs     8.96 ms …  10.69 ms  in 10 ×     11 runs
[moonbitlang/core] bench builtin/array_make_blit_bench_test.mbt:129 ("bench Array::copy Int n=1000000") ok
time (mean ± σ)         range (min … max) 
   1.19 ms ±  64.71 µs     1.07 ms …   1.24 ms  in 10 ×     84 runs
[moonbitlang/core] bench builtin/array_make_blit_bench_test.mbt:135 ("bench Array::copy Ref n=1000000") ok
time (mean ± σ)         range (min … max) 
   1.36 ms ± 111.94 µs     1.20 ms …   1.47 ms  in 10 ×     72 runs
[moonbitlang/core] bench builtin/array_locals_bench_test.mbt:29 ("bench Array::retain_map n=100000") ok
time (mean ± σ)         range (min … max) 
 112.30 µs ±   1.82 µs   110.51 µs … 114.08 µs  in 10 ×    905 runs
[moonbitlang/core] bench builtin/array_locals_bench_test.mbt:38 ("bench Array::shuffle_in_place n=100000") ok
time (mean ± σ)         range (min … max) 
 220.98 µs ±   2.20 µs   217.28 µs … 223.15 µs  in 10 ×    449 runs
[moonbitlang/core] bench builtin/array_locals_bench_test.mbt:50 ("bench Array::filter_map n=100000") ok
time (mean ± σ)         range (min … max) 
 255.07 µs ±   6.34 µs   250.28 µs … 272.54 µs  in 10 ×    394 runs
[moonbitlang/core] bench builtin/array_locals_bench_test.mbt:58 ("bench FixedArray::each n=100000") ok
time (mean ± σ)         range (min … max) 
  57.61 µs ± 822.28 ns    56.20 µs …  58.32 µs  in 10 ×   1787 runs
[moonbitlang/core] bench builtin/array_locals_bench_test.mbt:68 ("bench FixedArray::eachi n=100000") ok
time (mean ± σ)         range (min … max) 
  60.45 µs ±   1.81 µs    58.52 µs …  63.18 µs  in 10 ×   1609 runs
[moonbitlang/core] bench builtin/array_locals_bench_test.mbt:78 ("bench FixedArray::rev_each n=100000") ok
time (mean ± σ)         range (min … max) 
 515.40 µs ± 303.42 ns   514.96 µs … 515.95 µs  in 10 ×    195 runs
[moonbitlang/core] bench builtin/array_locals_bench_test.mbt:88 ("bench FixedArray::rev_eachi n=100000") ok
time (mean ± σ)         range (min … max) 
  77.33 µs ± 438.14 ns    76.68 µs …  77.77 µs  in 10 ×   1308 runs
[moonbitlang/core] bench builtin/array_locals_bench_test.mbt:98 ("bench FixedArray::map n=100000") ok
time (mean ± σ)         range (min … max) 
 256.31 µs ±   5.62 µs   251.89 µs … 271.83 µs  in 10 ×    401 runs
[moonbitlang/core] bench builtin/array_locals_bench_test.mbt:104 ("bench FixedArray::mapi n=100000") ok
time (mean ± σ)         range (min … max) 
 255.91 µs ±   3.44 µs   253.46 µs … 265.29 µs  in 10 ×    400 runs
[moonbitlang/core] bench builtin/array_locals_bench_test.mbt:110 ("bench FixedArray::makei n=100000") ok
time (mean ± σ)         range (min … max) 
 271.81 µs ±   4.04 µs   269.64 µs … 283.24 µs  in 10 ×    372 runs
[moonbitlang/core] bench builtin/array_locals_bench_test.mbt:115 ("bench FixedArray::fold n=100000") ok
time (mean ± σ)         range (min … max) 
  57.18 µs ±   1.44 µs    55.16 µs …  58.42 µs  in 10 ×   1712 runs
[moonbitlang/core] bench builtin/array_locals_bench_test.mbt:121 ("bench FixedArray::rev_fold n=100000") ok
time (mean ± σ)         range (min … max) 
 515.23 µs ± 292.43 ns   514.92 µs … 515.88 µs  in 10 ×    195 runs
[moonbitlang/core] bench builtin/array_locals_bench_test.mbt:127 ("bench FixedArray::foldi n=100000") ok
time (mean ± σ)         range (min … max) 
  61.20 µs ±   1.36 µs    59.81 µs …  63.21 µs  in 10 ×   1619 runs
[moonbitlang/core] bench builtin/array_locals_bench_test.mbt:133 ("bench FixedArray::rev_foldi n=100000") ok
time (mean ± σ)         range (min … max) 
  67.78 µs ± 165.79 ns    67.50 µs …  67.95 µs  in 10 ×   1472 runs
[moonbitlang/core] bench builtin/array_locals_bench_test.mbt:139 ("bench ArrayView::chunk_by n=100000") ok
time (mean ± σ)         range (min … max) 
 110.35 µs ±  78.71 ns   110.28 µs … 110.49 µs  in 10 ×    906 runs
[moonbitlang/core] bench builtin/array_locals_bench_test.mbt:146 ("bench ArrayView::each n=100000") ok
time (mean ± σ)         range (min … max) 
  63.20 µs ± 832.11 ns    62.55 µs …  64.73 µs  in 10 ×   1537 runs
[moonbitlang/core] bench builtin/array_locals_bench_test.mbt:157 ("bench ArrayView::eachi n=100000") ok
time (mean ± σ)         range (min … max) 
  66.22 µs ±  57.66 ns    66.12 µs …  66.30 µs  in 10 ×   1513 runs
[moonbitlang/core] bench builtin/array_locals_bench_test.mbt:168 ("bench ArrayView::rev_each n=100000") ok
time (mean ± σ)         range (min … max) 
  69.30 µs ± 134.07 ns    69.18 µs …  69.60 µs  in 10 ×   1447 runs
[moonbitlang/core] bench builtin/array_locals_bench_test.mbt:179 ("bench ArrayView::rev_eachi n=100000") ok
time (mean ± σ)         range (min … max) 
  75.63 µs ± 370.93 ns    74.91 µs …  76.11 µs  in 10 ×   1337 runs
[moonbitlang/core] bench builtin/array_locals_bench_test.mbt:190 ("bench ArrayView::all n=100000") ok
time (mean ± σ)         range (min … max) 
  84.60 µs ±   1.39 µs    82.52 µs …  86.33 µs  in 10 ×   1160 runs
[moonbitlang/core] bench builtin/array_locals_bench_test.mbt:197 ("bench ArrayView::any n=100000") ok
time (mean ± σ)         range (min … max) 
  85.17 µs ±   1.15 µs    83.25 µs …  86.38 µs  in 10 ×   1164 runs
[moonbitlang/core] bench builtin/array_locals_bench_test.mbt:204 ("bench ArrayView::search_by n=100000") ok
time (mean ± σ)         range (min … max) 
  85.32 µs ±   1.12 µs    83.49 µs …  86.81 µs  in 10 ×   1153 runs
[moonbitlang/core] bench builtin/array_locals_bench_test.mbt:213 ("bench ArrayView::fold n=100000") ok
time (mean ± σ)         range (min … max) 
  63.19 µs ± 984.56 ns    62.40 µs …  64.99 µs  in 10 ×   1539 runs
[moonbitlang/core] bench builtin/array_locals_bench_test.mbt:220 ("bench ArrayView::rev_fold n=100000") ok
time (mean ± σ)         range (min … max) 
 515.44 µs ± 386.90 ns   515.02 µs … 516.09 µs  in 10 ×    194 runs
[moonbitlang/core] bench builtin/array_locals_bench_test.mbt:227 ("bench ArrayView::foldi n=100000") ok
time (mean ± σ)         range (min … max) 
  66.23 µs ± 190.38 ns    65.81 µs …  66.50 µs  in 10 ×   1509 runs
[moonbitlang/core] bench builtin/array_locals_bench_test.mbt:234 ("bench ArrayView::rev_foldi n=100000") ok
time (mean ± σ)         range (min … max) 
  79.15 µs ± 112.35 ns    78.98 µs …  79.33 µs  in 10 ×   1263 runs
[moonbitlang/core] bench builtin/array_locals_bench_test.mbt:241 ("bench ArrayView::map n=100000") ok
time (mean ± σ)         range (min … max) 
 195.35 µs ±  10.29 µs   190.07 µs … 214.92 µs  in 10 ×    526 runs
[moonbitlang/core] bench builtin/array_locals_bench_test.mbt:248 ("bench ArrayView::mapi n=100000") ok
time (mean ± σ)         range (min … max) 
 195.30 µs ±  10.52 µs   189.56 µs … 215.68 µs  in 10 ×    526 runs
[moonbitlang/core] bench builtin/array_locals_bench_test.mbt:255 ("bench ArrayView::filter n=100000") ok
time (mean ± σ)         range (min … max) 
 250.89 µs ±   4.01 µs   246.98 µs … 261.78 µs  in 10 ×    401 runs
[moonbitlang/core] bench builtin/array_locals_bench_test.mbt:262 ("bench ArrayView::filter_map n=100000") ok
time (mean ± σ)         range (min … max) 
 258.21 µs ±   3.78 µs   255.72 µs … 268.79 µs  in 10 ×    391 runs
[moonbitlang/core] bench bytes/find_bench_test.mbt:92 ("bench BytesView::find single byte hit end n=4096") ok
time (mean ± σ)         range (min … max) 
   2.35 µs ±   4.39 ns     2.34 µs …   2.35 µs  in 10 ×  42576 runs
[moonbitlang/core] bench bytes/find_bench_test.mbt:99 ("bench BytesView::find single byte miss n=4096") ok
time (mean ± σ)         range (min … max) 
   2.34 µs ±   9.78 ns     2.32 µs …   2.35 µs  in 10 ×  42613 runs
[moonbitlang/core] bench bytes/find_bench_test.mbt:106 ("bench BytesView::find substring rare hit end n=4096") ok
time (mean ± σ)         range (min … max) 
   2.30 µs ±  17.23 ns     2.28 µs …   2.32 µs  in 10 ×  42976 runs
[moonbitlang/core] bench bytes/find_bench_test.mbt:113 ("bench BytesView::find substring dense miss n=4096") ok
time (mean ± σ)         range (min … max) 
   2.33 µs ±   6.95 ns     2.32 µs …   2.34 µs  in 10 ×  42930 runs
[moonbitlang/core] bench bytes/find_bench_test.mbt:120 ("bench BytesView::find offset view rare hit end n=4096") ok
time (mean ± σ)         range (min … max) 
   2.34 µs ±   6.33 ns     2.33 µs …   2.35 µs  in 10 ×  42929 runs
[moonbitlang/core] bench bytes/find_bench_test.mbt:127 ("bench BytesView::find long dense miss n=4096") ok
time (mean ± σ)         range (min … max) 
   5.03 µs ±   6.29 ns     5.02 µs …   5.04 µs  in 10 ×  19843 runs
[moonbitlang/core] bench bytes/find_bench_test.mbt:134 ("bench BytesView::find single byte miss n=32") ok
time (mean ± σ)         range (min … max) 
  23.62 ns ±   0.65 ns    22.55 ns …  24.24 ns  in 10 × 100000 runs
[moonbitlang/core] bench bytes/find_bench_test.mbt:141 ("bench BytesView::find substring miss n=32") ok
time (mean ± σ)         range (min … max) 
  21.41 ns ±   0.69 ns    20.51 ns …  22.44 ns  in 10 × 100000 runs
[moonbitlang/core] bench bytes/find_bench_test.mbt:148 ("bench BytesView::rev_find single byte hit start n=4096") ok
time (mean ± σ)         range (min … max) 
   2.28 µs ±  22.44 ns     2.25 µs …   2.31 µs  in 10 ×  44350 runs
[moonbitlang/core] bench bytes/find_bench_test.mbt:155 ("bench BytesView::rev_find single byte miss n=4096") ok
time (mean ± σ)         range (min … max) 
   2.31 µs ±  17.15 ns     2.28 µs …   2.32 µs  in 10 ×  43527 runs
[moonbitlang/core] bench bytes/find_bench_test.mbt:162 ("bench BytesView::rev_find substring rare hit start n=4096") ok
time (mean ± σ)         range (min … max) 
   2.28 µs ±  18.10 ns     2.27 µs …   2.32 µs  in 10 ×  44281 runs
[moonbitlang/core] bench bytes/find_bench_test.mbt:169 ("bench BytesView::rev_find substring dense miss n=4096") ok
time (mean ± σ)         range (min … max) 
   3.42 µs ±  28.76 ns     3.37 µs …   3.44 µs  in 10 ×  29116 runs
[moonbitlang/core] bench bytes/find_bench_test.mbt:176 ("bench BytesView::rev_find offset view rare hit start n=4096") ok
time (mean ± σ)         range (min … max) 
   2.31 µs ±  24.98 ns     2.27 µs …   2.34 µs  in 10 ×  43361 runs
[moonbitlang/core] bench bytes/find_bench_test.mbt:185 ("bench BytesView::rev_find long dense miss n=4096") ok
time (mean ± σ)         range (min … max) 
   3.53 µs ±  27.09 ns     3.47 µs …   3.55 µs  in 10 ×  28123 runs
[moonbitlang/core] bench debug/debug_inspect_bench_test.mbt:16 ("bench debug_inspect passing Int") ok
time (mean ± σ)         range (min … max) 
  45.19 ns ±   0.23 ns    44.89 ns …  45.54 ns  in 10 × 100000 runs
[moonbitlang/core] bench debug/debug_inspect_bench_test.mbt:21 ("bench debug_inspect passing Array") ok
time (mean ± σ)         range (min … max) 
 858.50 ns ±   1.49 ns   856.12 ns … 861.24 ns  in 10 × 100000 runs
[moonbitlang/core] bench deque/deque_bench_test.mbt:22 ("bench Deque::to_array Int n=50000") ok
time (mean ± σ)         range (min … max) 
 137.83 µs ±   5.54 µs   134.72 µs … 150.73 µs  in 10 ×    644 runs
[moonbitlang/core] bench deque/deque_bench_test.mbt:28 ("bench Deque::to_array Ref n=50000") ok
time (mean ± σ)         range (min … max) 
 145.94 µs ±   5.02 µs   142.94 µs … 157.08 µs  in 10 ×    623 runs
[moonbitlang/core] bench deque/deque_bench_test.mbt:34 ("bench Deque steady-state pop_front/push_back x100000 len=1000") ok
time (mean ± σ)         range (min … max) 
 551.84 µs ±   8.08 µs   540.13 µs … 559.17 µs  in 10 ×    180 runs
[moonbitlang/core] bench deque/deque_bench_test.mbt:51 ("bench Deque steady-state push_front/pop_back x100000 len=1000") ok
time (mean ± σ)         range (min … max) 
 558.56 µs ±   1.08 µs   555.58 µs … 559.36 µs  in 10 ×    180 runs
[moonbitlang/core] bench deque/deque_bench_test.mbt:67 ("bench Deque::get x100000 len=1000") ok
time (mean ± σ)         range (min … max) 
 629.52 µs ± 402.59 ns   629.13 µs … 630.15 µs  in 10 ×    159 runs
[moonbitlang/core] bench encoding/ascii/ascii_bench_test.mbt:40 ("bench ASCII decode n=15") ok
time (mean ± σ)         range (min … max) 
 126.68 ns ±   0.44 ns   126.07 ns … 127.38 ns  in 10 × 100000 runs
[moonbitlang/core] bench encoding/ascii/ascii_bench_test.mbt:46 ("bench ASCII decode n=16") ok
time (mean ± σ)         range (min … max) 
 129.26 ns ±   0.94 ns   127.62 ns … 130.21 ns  in 10 × 100000 runs
[moonbitlang/core] bench encoding/ascii/ascii_bench_test.mbt:52 ("bench ASCII decode n=32") ok
time (mean ± σ)         range (min … max) 
 214.82 ns ±   1.05 ns   212.96 ns … 215.97 ns  in 10 × 100000 runs
[moonbitlang/core] bench encoding/ascii/ascii_bench_test.mbt:58 ("bench ASCII decode n=64") ok
time (mean ± σ)         range (min … max) 
 398.79 ns ±   3.69 ns   395.19 ns … 404.62 ns  in 10 × 100000 runs
[moonbitlang/core] bench encoding/ascii/ascii_bench_test.mbt:64 ("bench ASCII decode n=100000") ok
time (mean ± σ)         range (min … max) 
 630.48 µs ±   4.11 µs   624.07 µs … 635.20 µs  in 10 ×    160 runs
[moonbitlang/core] bench encoding/ascii/ascii_bench_test.mbt:70 ("bench ASCII decode n=1000000") ok
time (mean ± σ)         range (min … max) 
   6.80 ms ±  31.39 µs     6.75 ms …   6.85 ms  in 10 ×     15 runs
[moonbitlang/core] bench encoding/base64/v128_bench_wbtest.mbt:38 ("bench encode scalar n=64") ok
time (mean ± σ)         range (min … max) 
 500.71 ns ±   0.84 ns   499.84 ns … 502.10 ns  in 10 × 100000 runs
[moonbitlang/core] bench encoding/base64/v128_bench_wbtest.mbt:43 ("bench encode v128 n=64") ok
time (mean ± σ)         range (min … max) 
 499.15 ns ±   1.00 ns   498.01 ns … 500.92 ns  in 10 × 100000 runs
[moonbitlang/core] bench encoding/base64/v128_bench_wbtest.mbt:48 ("bench encode scalar n=1024") ok
time (mean ± σ)         range (min … max) 
   7.12 µs ±  62.10 ns     7.02 µs …   7.18 µs  in 10 ×  14204 runs
[moonbitlang/core] bench encoding/base64/v128_bench_wbtest.mbt:53 ("bench encode v128 n=1024") ok
time (mean ± σ)         range (min … max) 
   7.09 µs ±  52.41 ns     6.99 µs …   7.16 µs  in 10 ×  14189 runs
[moonbitlang/core] bench encoding/base64/v128_bench_wbtest.mbt:58 ("bench encode scalar n=65536") ok
time (mean ± σ)         range (min … max) 
 595.93 µs ±   2.13 µs   591.91 µs … 597.39 µs  in 10 ×    169 runs
[moonbitlang/core] bench encoding/base64/v128_bench_wbtest.mbt:63 ("bench encode v128 n=65536") ok
time (mean ± σ)         range (min … max) 
 598.36 µs ±   2.28 µs   594.01 µs … 600.71 µs  in 10 ×    169 runs
[moonbitlang/core] bench encoding/base64/v128_bench_wbtest.mbt:68 ("bench decode scalar n=64") ok
time (mean ± σ)         range (min … max) 
 672.18 ns ±   1.22 ns   670.10 ns … 673.93 ns  in 10 × 100000 runs
[moonbitlang/core] bench encoding/base64/v128_bench_wbtest.mbt:75 ("bench decode v128 n=64") ok
time (mean ± σ)         range (min … max) 
 670.74 ns ±   1.24 ns   669.26 ns … 672.73 ns  in 10 × 100000 runs
[moonbitlang/core] bench encoding/base64/v128_bench_wbtest.mbt:80 ("bench decode scalar n=1024") ok
time (mean ± σ)         range (min … max) 
  10.15 µs ± 235.34 ns     9.99 µs …  10.74 µs  in 10 ×   9484 runs
[moonbitlang/core] bench encoding/base64/v128_bench_wbtest.mbt:87 ("bench decode v128 n=1024") ok
time (mean ± σ)         range (min … max) 
  10.16 µs ± 195.86 ns    10.05 µs …  10.68 µs  in 10 ×   9608 runs
[moonbitlang/core] bench encoding/base64/v128_bench_wbtest.mbt:92 ("bench decode scalar n=65536") ok
time (mean ± σ)         range (min … max) 
 811.12 µs ±   1.43 µs   809.22 µs … 813.34 µs  in 10 ×    111 runs
[moonbitlang/core] bench encoding/base64/v128_bench_wbtest.mbt:99 ("bench decode v128 n=65536") ok
time (mean ± σ)         range (min … max) 
 810.03 µs ±   7.64 µs   795.52 µs … 824.22 µs  in 10 ×    109 runs
[moonbitlang/core] bench encoding/hex/v128_bench_wbtest.mbt:34 ("bench encode scalar 4k") ok
time (mean ± σ)         range (min … max) 
  40.68 µs ± 111.90 ns    40.48 µs …  40.81 µs  in 10 ×   2515 runs
[moonbitlang/core] bench encoding/hex/v128_bench_wbtest.mbt:39 ("bench encode public 64") ok
time (mean ± σ)         range (min … max) 
 681.05 ns ±   0.71 ns   680.11 ns … 682.03 ns  in 10 × 100000 runs
[moonbitlang/core] bench encoding/hex/v128_bench_wbtest.mbt:44 ("bench encode public 4k") ok
time (mean ± σ)         range (min … max) 
  40.61 µs ±  89.33 ns    40.47 µs …  40.69 µs  in 10 ×   2482 runs
[moonbitlang/core] bench encoding/hex/v128_bench_wbtest.mbt:49 ("bench encode public 64k") ok
time (mean ± σ)         range (min … max) 
   1.08 ms ±   1.59 µs     1.08 ms …   1.09 ms  in 10 ×     93 runs
[moonbitlang/core] bench encoding/hex/v128_bench_wbtest.mbt:54 ("bench decode scalar 4k") ok
time (mean ± σ)         range (min … max) 
  44.77 µs ± 676.39 ns    43.86 µs …  46.02 µs  in 10 ×   2264 runs
[moonbitlang/core] bench encoding/hex/v128_bench_wbtest.mbt:62 ("bench decode public 4k") ok
time (mean ± σ)         range (min … max) 
  44.50 µs ± 451.72 ns    43.84 µs …  45.30 µs  in 10 ×   2252 runs
[moonbitlang/core] bench encoding/hex/v128_bench_wbtest.mbt:70 ("bench decode public 64k") ok
time (mean ± σ)         range (min … max) 
 641.29 µs ±   2.07 µs   637.70 µs … 643.82 µs  in 10 ×    147 runs
[moonbitlang/core] bench encoding/utf16/utf16_v128_bench_test.mbt:57 ("bench utf16 encode ASCII LE n=100000") ok
time (mean ± σ)         range (min … max) 
 186.00 µs ±  11.05 µs   179.43 µs … 213.39 µs  in 10 ×    390 runs
[moonbitlang/core] bench encoding/utf16/utf16_v128_bench_test.mbt:63 ("bench utf16 encode ASCII BE n=100000") ok
time (mean ± σ)         range (min … max) 
 240.84 µs ± 693.06 ns   239.51 µs … 242.23 µs  in 10 ×    417 runs
[moonbitlang/core] bench encoding/utf16/utf16_v128_bench_test.mbt:69 ("bench utf16 encode mixed LE n=100000") ok
time (mean ± σ)         range (min … max) 
 186.17 µs ±   9.77 µs   181.16 µs … 210.97 µs  in 10 ×    401 runs
[moonbitlang/core] bench encoding/utf16/utf16_v128_bench_test.mbt:75 ("bench utf16 encode mixed BE n=100000") ok
time (mean ± σ)         range (min … max) 
 240.65 µs ± 344.75 ns   240.05 µs … 241.06 µs  in 10 ×    418 runs
[moonbitlang/core] bench encoding/utf16/utf16_v128_bench_test.mbt:81 ("bench utf16 decode ASCII LE n=100000") ok
time (mean ± σ)         range (min … max) 
 800.29 µs ± 623.61 ns   799.39 µs … 801.28 µs  in 10 ×    124 runs
[moonbitlang/core] bench encoding/utf16/utf16_v128_bench_test.mbt:87 ("bench utf16 decode ASCII BE n=100000") ok
time (mean ± σ)         range (min … max) 
 823.53 µs ±   2.22 µs   821.26 µs … 827.11 µs  in 10 ×    122 runs
[moonbitlang/core] bench encoding/utf16/utf16_v128_bench_test.mbt:95 ("bench utf16 decode mixed LE n=100000") ok
time (mean ± σ)         range (min … max) 
 831.36 µs ±   3.66 µs   828.97 µs … 838.46 µs  in 10 ×    120 runs
[moonbitlang/core] bench encoding/utf16/utf16_v128_bench_test.mbt:101 ("bench utf16 decode mixed BE n=100000") ok
time (mean ± σ)         range (min … max) 
 854.89 µs ± 542.61 ns   854.15 µs … 855.91 µs  in 10 ×    117 runs
[moonbitlang/core] bench encoding/utf16/utf16_v128_bench_test.mbt:109 ("bench utf16 decode emoji LE n=100000") ok
time (mean ± σ)         range (min … max) 
 714.57 µs ± 738.96 ns   713.59 µs … 715.65 µs  in 10 ×    141 runs
[moonbitlang/core] bench encoding/utf16/utf16_v128_bench_test.mbt:115 ("bench utf16 decode emoji BE n=100000") ok
time (mean ± σ)         range (min … max) 
 787.37 µs ± 997.68 ns   786.22 µs … 789.10 µs  in 10 ×    121 runs
[moonbitlang/core] bench hashmap/hashmap_bench_test.mbt:19 ("bench HashMap::set n=50000") ok
time (mean ± σ)         range (min … max) 
   2.10 ms ±  29.19 µs     2.07 ms …   2.13 ms  in 10 ×     49 runs
[moonbitlang/core] bench hashmap/hashmap_bench_test.mbt:30 ("bench HashMap::get n=50000") ok
time (mean ± σ)         range (min … max) 
 415.48 µs ± 978.51 ns   414.35 µs … 416.98 µs  in 10 ×    236 runs
[moonbitlang/core] bench hashmap/hashmap_bench_test.mbt:47 ("bench HashMap::get miss n=50000") ok
time (mean ± σ)         range (min … max) 
 583.01 µs ±   1.26 µs   581.35 µs … 584.72 µs  in 10 ×    172 runs
[moonbitlang/core] bench hashmap/hashmap_bench_test.mbt:67 ("bench HashMap::set+remove n=50000") ok
time (mean ± σ)         range (min … max) 
   3.16 ms ±  32.31 µs     3.13 ms …   3.23 ms  in 10 ×     32 runs
[moonbitlang/core] bench hashmap/hashmap_bench_test.mbt:87 ("bench HashMap::copy+remove n=50000") ok
time (mean ± σ)         range (min … max) 
   1.52 ms ±  16.65 µs     1.50 ms …   1.55 ms  in 10 ×     66 runs
[moonbitlang/core] bench hashmap/hashmap_bench_test.mbt:102 ("bench HashMap::copy n=50000") ok
time (mean ± σ)         range (min … max) 
   1.02 ms ±  36.64 µs   981.85 µs …   1.09 ms  in 10 ×     92 runs
[moonbitlang/core] bench hashmap/hashmap_bench_test.mbt:114 ("bench HashMap::to_array Int n=50000") ok
time (mean ± σ)         range (min … max) 
 927.28 µs ±  14.75 µs   902.00 µs … 948.45 µs  in 10 ×    110 runs
[moonbitlang/core] bench hashmap/hashmap_bench_test.mbt:123 ("bench HashMap::to_array Ref n=50000") ok
time (mean ± σ)         range (min … max) 
 921.05 µs ±  26.04 µs   879.70 µs … 957.29 µs  in 10 ×    113 runs
[moonbitlang/core] bench hashmap/hashmap_bench_test.mbt:141 ("bench HashMap::filter n=50000") ok
time (mean ± σ)         range (min … max) 
   1.12 ms ±   3.27 µs     1.11 ms …   1.12 ms  in 10 ×     90 runs
[moonbitlang/core] bench hashmap/hashmap_bench_test.mbt:147 ("bench HashMap comprehension filter n=50000") ok
time (mean ± σ)         range (min … max) 
   3.72 ms ±  75.19 µs     3.63 ms …   3.88 ms  in 10 ×     27 runs
[moonbitlang/core] bench hashset/set_algebra_bench_test.mbt:26 ("bench HashSet::union String 10k 50% overlap") ok
time (mean ± σ)         range (min … max) 
 583.95 µs ±   2.86 µs   580.26 µs … 590.55 µs  in 10 ×    172 runs
[moonbitlang/core] bench hashset/set_algebra_bench_test.mbt:33 ("bench HashSet::union Int 10k 50% overlap") ok
time (mean ± σ)         range (min … max) 
 562.32 µs ±   5.60 µs   557.76 µs … 573.02 µs  in 10 ×    178 runs
[moonbitlang/core] bench hashset/set_algebra_bench_test.mbt:40 ("bench HashSet::intersection String 10k 50% overlap") ok
time (mean ± σ)         range (min … max) 
 306.15 µs ±   6.55 µs   302.32 µs … 324.30 µs  in 10 ×    285 runs
[moonbitlang/core] bench hashset/set_algebra_bench_test.mbt:47 ("bench HashSet::difference String 10k 50% overlap") ok
time (mean ± σ)         range (min … max) 
 336.96 µs ±  16.28 µs   312.29 µs … 351.62 µs  in 10 ×    286 runs
[moonbitlang/core] bench hashset/set_algebra_bench_test.mbt:54 ("bench HashSet::is_subset String 10k true") ok
time (mean ± σ)         range (min … max) 
 207.30 µs ±   1.69 µs   205.42 µs … 209.05 µs  in 10 ×    467 runs
[moonbitlang/core] bench hashset/set_algebra_bench_test.mbt:61 ("bench HashSet == String 10k") ok
time (mean ± σ)         range (min … max) 
 210.97 µs ±   3.98 µs   207.06 µs … 218.27 µs  in 10 ×    453 runs
[moonbitlang/core] bench hashset/set_algebra_bench_test.mbt:68 ("bench HashSet == Int 10k") ok
time (mean ± σ)         range (min … max) 
  98.48 µs ±   7.85 µs    90.98 µs … 108.19 µs  in 10 ×    947 runs
[moonbitlang/core] bench hashset/hashset_bench_test.mbt:19 ("bench HashSet::add n=50000") ok
time (mean ± σ)         range (min … max) 
   2.35 ms ±  34.27 µs     2.32 ms …   2.42 ms  in 10 ×     43 runs
[moonbitlang/core] bench hashset/hashset_bench_test.mbt:30 ("bench HashSet::contains n=50000") ok
time (mean ± σ)         range (min … max) 
   1.03 ms ±   1.61 µs     1.03 ms …   1.04 ms  in 10 ×     96 runs
[moonbitlang/core] bench hashset/hashset_bench_test.mbt:56 ("bench HashSet::filter n=50000") ok
time (mean ± σ)         range (min … max) 
 463.61 µs ±   1.65 µs   460.64 µs … 465.81 µs  in 10 ×    214 runs
[moonbitlang/core] bench hashset/hashset_bench_test.mbt:62 ("bench HashSet comprehension filter n=50000") ok
time (mean ± σ)         range (min … max) 
   1.42 ms ±   1.63 µs     1.42 ms …   1.42 ms  in 10 ×     71 runs
[moonbitlang/core] bench immut/hashmap/update_bench_test.mbt:21 ("bench HashMap::remove absent x1000 n=100000") ok
time (mean ± σ)         range (min … max) 
  45.08 µs ± 103.87 ns    44.97 µs …  45.20 µs  in 10 ×   2216 runs
[moonbitlang/core] bench immut/hashmap/update_bench_test.mbt:32 ("bench HashMap::remove present x1000 n=100000") ok
time (mean ± σ)         range (min … max) 
 209.52 µs ±   1.28 µs   207.85 µs … 211.62 µs  in 10 ×    480 runs
[moonbitlang/core] bench immut/hashmap/update_bench_test.mbt:43 ("bench HashMap::union with a derived version n=100000") ok
time (mean ± σ)         range (min … max) 
   1.02 µs ±   0.87 ns     1.02 µs …   1.02 µs  in 10 ×  98402 runs
[moonbitlang/core] bench immut/hashmap/update_bench_test.mbt:49 ("bench HashMap::intersection with a derived version n=100000") ok
time (mean ± σ)         range (min … max) 
 954.08 ns ±   1.12 ns   952.33 ns … 956.05 ns  in 10 × 100000 runs
[moonbitlang/core] bench immut/hashmap/hashmap_build_bench_test.mbt:37 ("bench HashMap constructor ordered n=10000") ok
time (mean ± σ)         range (min … max) 
   1.34 ms ±  12.06 µs     1.33 ms …   1.37 ms  in 10 ×     74 runs
[moonbitlang/core] bench immut/hashmap/hashmap_build_bench_test.mbt:43 ("bench HashMap constructor random n=10000") ok
time (mean ± σ)         range (min … max) 
   1.33 ms ±  12.46 µs     1.32 ms …   1.36 ms  in 10 ×     75 runs
[moonbitlang/core] bench immut/hashmap/hashmap_build_bench_test.mbt:49 ("bench HashMap::from_iter random n=10000") ok
time (mean ± σ)         range (min … max) 
   1.42 ms ±  14.19 µs     1.40 ms …   1.45 ms  in 10 ×     71 runs
[moonbitlang/core] bench immut/hashset/update_bench_test.mbt:21 ("bench HashSet::add existing x1000 n=100000") ok
time (mean ± σ)         range (min … max) 
  55.57 µs ± 430.19 ns    54.47 µs …  55.90 µs  in 10 ×   1867 runs
[moonbitlang/core] bench immut/hashset/update_bench_test.mbt:32 ("bench HashSet::remove absent x1000 n=100000") ok
time (mean ± σ)         range (min … max) 
  44.80 µs ±  41.41 ns    44.75 µs …  44.88 µs  in 10 ×   2235 runs
[moonbitlang/core] bench immut/hashset/update_bench_test.mbt:43 ("bench HashSet::add new x1000 n=100000") ok
time (mean ± σ)         range (min … max) 
 188.03 µs ±   4.00 µs   184.00 µs … 193.63 µs  in 10 ×    547 runs
[moonbitlang/core] bench immut/hashset/update_bench_test.mbt:54 ("bench HashSet::union with a derived version n=100000") ok
time (mean ± σ)         range (min … max) 
 803.44 ns ±   1.97 ns   801.45 ns … 807.62 ns  in 10 × 100000 runs
[moonbitlang/core] bench immut/hashset/hashset_build_bench_test.mbt:34 ("bench HashSet constructor ordered n=10000") ok
time (mean ± σ)         range (min … max) 
   1.32 ms ±  10.35 µs     1.31 ms …   1.34 ms  in 10 ×     76 runs
[moonbitlang/core] bench immut/hashset/hashset_build_bench_test.mbt:40 ("bench HashSet constructor random n=10000") ok
time (mean ± σ)         range (min … max) 
   1.30 ms ±  13.09 µs     1.29 ms …   1.33 ms  in 10 ×     77 runs
[moonbitlang/core] bench immut/hashset/hashset_build_bench_test.mbt:46 ("bench HashSet::from_iter random n=10000") ok
time (mean ± σ)         range (min … max) 
   1.36 ms ±   9.05 µs     1.35 ms …   1.38 ms  in 10 ×     74 runs
[moonbitlang/core] bench immut/priority_queue/priority_queue_build_bench_test.mbt:38 ("bench PriorityQueue::from_array ordered n=10000") ok
time (mean ± σ)         range (min … max) 
 100.71 µs ±   1.52 µs    99.49 µs … 104.75 µs  in 10 ×    927 runs
[moonbitlang/core] bench immut/priority_queue/priority_queue_build_bench_test.mbt:44 ("bench PriorityQueue::from_array reverse n=10000") ok
time (mean ± σ)         range (min … max) 
  80.46 µs ± 338.12 ns    80.03 µs …  81.14 µs  in 10 ×   1179 runs
[moonbitlang/core] bench immut/priority_queue/priority_queue_build_bench_test.mbt:50 ("bench PriorityQueue::from_array random n=10000") ok
time (mean ± σ)         range (min … max) 
  97.66 µs ±   1.73 µs    96.35 µs … 102.43 µs  in 10 ×    951 runs
[moonbitlang/core] bench immut/priority_queue/priority_queue_build_bench_test.mbt:56 ("bench PriorityQueue::from_iter random n=10000") ok
time (mean ± σ)         range (min … max) 
 110.90 µs ±   1.10 µs   109.94 µs … 113.20 µs  in 10 ×    878 runs
[moonbitlang/core] bench immut/sorted_map/sorted_map_build_bench_test.mbt:54 ("bench SortedMap constructor reverse n=10000") ok
time (mean ± σ)         range (min … max) 
 133.11 µs ± 415.76 ns   132.53 µs … 133.85 µs  in 10 ×    748 runs
[moonbitlang/core] bench immut/sorted_map/sorted_map_build_bench_test.mbt:60 ("bench SortedMap::from_iter ordered n=10000") ok
time (mean ± σ)         range (min … max) 
   4.03 ms ±  21.44 µs     4.00 ms …   4.06 ms  in 10 ×     26 runs
[moonbitlang/core] bench immut/sorted_map/sorted_map_build_bench_test.mbt:66 ("bench SortedMap::from_iter almost ordered n=10000") ok
time (mean ± σ)         range (min … max) 
   4.05 ms ±  26.58 µs     4.01 ms …   4.09 ms  in 10 ×     26 runs
[moonbitlang/core] bench immut/sorted_map/sorted_map_build_bench_test.mbt:72 ("bench SortedMap::from_iter random n=10000") ok
time (mean ± σ)         range (min … max) 
   1.91 ms ±   8.85 µs     1.90 ms …   1.92 ms  in 10 ×     53 runs
[moonbitlang/core] bench immut/sorted_map/sorted_map_build_bench_test.mbt:78 ("bench SortedMap constructor ordered n=10000") ok
time (mean ± σ)         range (min … max) 
 135.88 µs ± 598.52 ns   135.12 µs … 136.75 µs  in 10 ×    741 runs
[moonbitlang/core] bench immut/sorted_map/sorted_map_build_bench_test.mbt:84 ("bench SortedMap constructor almost ordered n=10000") ok
time (mean ± σ)         range (min … max) 
 267.35 µs ±   1.66 µs   264.74 µs … 269.44 µs  in 10 ×    373 runs
[moonbitlang/core] bench immut/sorted_map/sorted_map_build_bench_test.mbt:90 ("bench SortedMap constructor random n=10000") ok
time (mean ± σ)         range (min … max) 
 881.37 µs ±   4.31 µs   875.82 µs … 888.98 µs  in 10 ×    112 runs
[moonbitlang/core] bench immut/sorted_map/merge_bench_test.mbt:29 ("bench merge disjoint n=1000") ok
time (mean ± σ)         range (min … max) 
   3.74 µs ±  10.16 ns     3.73 µs …   3.76 µs  in 10 ×  26243 runs
[moonbitlang/core] bench immut/sorted_map/merge_bench_test.mbt:36 ("bench merge disjoint n=5000") ok
time (mean ± σ)         range (min … max) 
   5.62 µs ±  68.35 ns     5.55 µs …   5.74 µs  in 10 ×  17823 runs
[moonbitlang/core] bench immut/sorted_map/merge_bench_test.mbt:43 ("bench merge disjoint n=10000") ok
time (mean ± σ)         range (min … max) 
   6.70 µs ±  70.53 ns     6.63 µs …   6.79 µs  in 10 ×  14927 runs
[moonbitlang/core] bench immut/sorted_map/merge_bench_test.mbt:50 ("bench merge overlapping 50% n=1000") ok
time (mean ± σ)         range (min … max) 
  10.87 µs ±  13.27 ns    10.86 µs …  10.90 µs  in 10 ×   9081 runs
[moonbitlang/core] bench immut/sorted_map/merge_bench_test.mbt:57 ("bench merge overlapping 50% n=5000") ok
time (mean ± σ)         range (min … max) 
  50.41 µs ± 117.54 ns    50.15 µs …  50.55 µs  in 10 ×   1970 runs
[moonbitlang/core] bench immut/sorted_map/merge_bench_test.mbt:64 ("bench merge overlapping 50% n=10000") ok
time (mean ± σ)         range (min … max) 
  88.52 µs ± 497.48 ns    87.86 µs …  89.28 µs  in 10 ×   1136 runs
[moonbitlang/core] bench immut/sorted_map/merge_bench_test.mbt:71 ("bench merge identical n=1000") ok
time (mean ± σ)         range (min … max) 
  10.77 µs ±   9.94 ns    10.76 µs …  10.79 µs  in 10 ×   9278 runs
[moonbitlang/core] bench immut/sorted_map/merge_bench_test.mbt:78 ("bench merge identical n=5000") ok
time (mean ± σ)         range (min … max) 
  55.25 µs ± 168.47 ns    55.00 µs …  55.50 µs  in 10 ×   1796 runs
[moonbitlang/core] bench immut/sorted_map/merge_bench_test.mbt:85 ("bench merge interleaved n=1000") ok
time (mean ± σ)         range (min … max) 
  54.12 µs ± 133.52 ns    53.95 µs …  54.39 µs  in 10 ×   1841 runs
[moonbitlang/core] bench immut/sorted_map/merge_bench_test.mbt:92 ("bench merge interleaved n=5000") ok
time (mean ± σ)         range (min … max) 
 305.78 µs ± 697.74 ns   304.40 µs … 306.49 µs  in 10 ×    329 runs
[moonbitlang/core] bench immut/sorted_map/merge_bench_test.mbt:99 ("bench merge small into large n=100+10000") ok
time (mean ± σ)         range (min … max) 
   5.04 µs ±  48.00 ns     4.98 µs …   5.12 µs  in 10 ×  19834 runs
[moonbitlang/core] bench immut/sorted_set/sorted_set_build_bench_test.mbt:51 ("bench SortedSet constructor reverse n=10000") ok
time (mean ± σ)         range (min … max) 
 116.83 µs ± 871.30 ns   115.42 µs … 118.46 µs  in 10 ×    844 runs
[moonbitlang/core] bench immut/sorted_set/sorted_set_build_bench_test.mbt:57 ("bench SortedSet::from_iter ordered n=10000") ok
time (mean ± σ)         range (min … max) 
   3.07 ms ±  23.31 µs     3.04 ms …   3.11 ms  in 10 ×     33 runs
[moonbitlang/core] bench immut/sorted_set/sorted_set_build_bench_test.mbt:63 ("bench SortedSet::from_iter almost ordered n=10000") ok
time (mean ± σ)         range (min … max) 
   3.08 ms ±  19.21 µs     3.06 ms …   3.11 ms  in 10 ×     33 runs
[moonbitlang/core] bench immut/sorted_set/sorted_set_build_bench_test.mbt:69 ("bench SortedSet::from_iter rev almost ordered n=10000") ok
time (mean ± σ)         range (min … max) 
   3.39 ms ±  18.86 µs     3.36 ms …   3.42 ms  in 10 ×     30 runs
[moonbitlang/core] bench immut/sorted_set/sorted_set_build_bench_test.mbt:75 ("bench SortedSet::from_iter random n=10000") ok
time (mean ± σ)         range (min … max) 
   1.77 ms ±   3.61 µs     1.77 ms …   1.78 ms  in 10 ×     57 runs
[moonbitlang/core] bench immut/sorted_set/sorted_set_build_bench_test.mbt:81 ("bench SortedSet constructor ordered n=10000") ok
time (mean ± σ)         range (min … max) 
 119.92 µs ± 500.06 ns   119.36 µs … 121.10 µs  in 10 ×    830 runs
[moonbitlang/core] bench immut/sorted_set/sorted_set_build_bench_test.mbt:87 ("bench SortedSet constructor almost ordered n=10000") ok
time (mean ± σ)         range (min … max) 
 183.41 µs ± 792.86 ns   182.50 µs … 184.85 µs  in 10 ×    546 runs
[moonbitlang/core] bench immut/sorted_set/sorted_set_build_bench_test.mbt:93 ("bench SortedSet constructor random n=10000") ok
time (mean ± σ)         range (min … max) 
 530.12 µs ±   1.23 µs   527.87 µs … 531.82 µs  in 10 ×    185 runs
[moonbitlang/core] bench immut/vector/vector_iter_bench_test.mbt:24 ("bench Vector::iter fold n=100000") ok
time (mean ± σ)         range (min … max) 
 645.75 µs ±   1.37 µs   643.98 µs … 648.07 µs  in 10 ×    152 runs
[moonbitlang/core] bench immut/vector/vector_iter_bench_test.mbt:30 ("bench Vector::iter each n=100000") ok
time (mean ± σ)         range (min … max) 
 639.89 µs ±   2.74 µs   637.84 µs … 646.68 µs  in 10 ×    157 runs
[moonbitlang/core] bench immut/vector/vector_iter_bench_test.mbt:40 ("bench Vector::iter to_array n=100000") ok
time (mean ± σ)         range (min … max) 
   1.40 ms ± 158.25 µs     1.15 ms …   1.51 ms  in 10 ×     87 runs
[moonbitlang/core] bench immut/vector/vector_iter_bench_test.mbt:46 ("bench Vector::for-in n=100000") ok
time (mean ± σ)         range (min … max) 
 641.93 µs ± 902.89 ns   641.30 µs … 644.12 µs  in 10 ×    156 runs
[moonbitlang/core] bench immut/vector/vector_contains_bench_test.mbt:24 ("bench Vector::contains missing n=100000") ok
time (mean ± σ)         range (min … max) 
  93.30 µs ± 552.74 ns    92.50 µs …  93.74 µs  in 10 ×   1084 runs
[moonbitlang/core] bench immut/vector/vector_contains_bench_test.mbt:30 ("bench Vector::contains tree-end n=100000") ok
time (mean ± σ)         range (min … max) 
  88.97 µs ± 107.24 ns    88.74 µs …  89.15 µs  in 10 ×   1124 runs
[moonbitlang/core] bench immut/vector/vector_contains_bench_test.mbt:36 ("bench Vector::contains tail-end n=100000") ok
time (mean ± σ)         range (min … max) 
  92.35 µs ± 467.21 ns    91.48 µs …  92.69 µs  in 10 ×   1093 runs
[moonbitlang/core] bench internal/strconv/parse_double_bench_test.mbt:48 ("bench parse_double fast digits n=4096") ok
time (mean ± σ)         range (min … max) 
 648.30 µs ± 527.68 ns   647.62 µs … 649.16 µs  in 10 ×    150 runs
[moonbitlang/core] bench internal/strconv/parse_double_bench_test.mbt:55 ("bench parse_double underscores n=4096") ok
time (mean ± σ)         range (min … max) 
 985.62 µs ±   9.44 µs   974.51 µs …   1.00 ms  in 10 ×     92 runs
[moonbitlang/core] bench internal/strconv/parse_double_bench_test.mbt:62 ("bench parse_double long mantissa n=4096") ok
time (mean ± σ)         range (min … max) 
   2.49 ms ±  11.27 µs     2.48 ms …   2.51 ms  in 10 ×     40 runs
[moonbitlang/core] bench json/stringify_indent_bench_test.mbt:45 ("bench Json::stringify deep wide indent=2 n=10000") ok
time (mean ± σ)         range (min … max) 
 249.15 µs ± 251.19 ns   248.61 µs … 249.49 µs  in 10 ×    404 runs
[moonbitlang/core] bench json/stringify_indent_bench_test.mbt:54 ("bench Json::stringify compact n=10000") ok
time (mean ± σ)         range (min … max) 
 184.33 µs ± 325.87 ns   184.00 µs … 185.06 µs  in 10 ×    544 runs
[moonbitlang/core] bench json/stringify_indent_bench_test.mbt:60 ("bench Json::stringify shallow wide indent=2 n=500") ok
time (mean ± σ)         range (min … max) 
 255.79 µs ± 441.58 ns   255.20 µs … 256.32 µs  in 10 ×    391 runs
[moonbitlang/core] bench json/stringify_indent_bench_test.mbt:66 ("bench Json::stringify shallow wide compact n=500") ok
time (mean ± σ)         range (min … max) 
 193.32 µs ± 341.52 ns   192.91 µs … 193.94 µs  in 10 ×    512 runs
[moonbitlang/core] bench json/stringify_escape_bench_test.mbt:24 ("bench Json::stringify strings no escape n=2048") ok
time (mean ± σ)         range (min … max) 
 171.85 µs ± 723.44 ns   170.90 µs … 173.64 µs  in 10 ×    584 runs
[moonbitlang/core] bench json/stringify_escape_bench_test.mbt:30 ("bench Json::stringify strings slash no escape n=2048") ok
time (mean ± σ)         range (min … max) 
 177.07 µs ±   9.33 µs   171.84 µs … 196.16 µs  in 10 ×    503 runs
[moonbitlang/core] bench json/stringify_escape_bench_test.mbt:36 ("bench Json::stringify strings slash escaped n=2048") ok
time (mean ± σ)         range (min … max) 
 463.63 µs ± 992.02 ns   462.41 µs … 464.90 µs  in 10 ×    218 runs
[moonbitlang/core] bench json/stringify_escape_bench_test.mbt:42 ("bench Json::stringify strings quotes controls n=2048") ok
time (mean ± σ)         range (min … max) 
 386.96 µs ± 502.27 ns   385.94 µs … 387.69 µs  in 10 ×    259 runs
[moonbitlang/core] bench json/stringify_escape_bench_test.mbt:48 ("bench Json::stringify 2KB prose one newline n=64") ok
time (mean ± σ)         range (min … max) 
 289.29 µs ±   3.56 µs   285.52 µs … 293.21 µs  in 10 ×    342 runs
[moonbitlang/core] bench json/parse_bench_test.mbt:45 ("bench json parse mixed object array n=1000") ok
time (mean ± σ)         range (min … max) 
   1.59 ms ±   5.14 µs     1.58 ms …   1.60 ms  in 10 ×     64 runs
[moonbitlang/core] bench json/number_bench_test.mbt:64 ("bench json parse int array n=10000") ok
time (mean ± σ)         range (min … max) 
   1.09 ms ±   3.52 µs     1.09 ms …   1.10 ms  in 10 ×     92 runs
[moonbitlang/core] bench json/number_bench_test.mbt:70 ("bench json parse float array n=10000") ok
time (mean ± σ)         range (min … max) 
   2.10 ms ±  81.06 µs     2.01 ms …   2.20 ms  in 10 ×     49 runs
[moonbitlang/core] bench json/number_bench_test.mbt:76 ("bench json parse long mantissa array n=10000") ok
time (mean ± σ)         range (min … max) 
   7.32 ms ± 362.69 µs     7.07 ms …   7.98 ms  in 10 ×     15 runs
[moonbitlang/core] bench json/json_inspect_bench_test.mbt:16 ("bench json_inspect passing Int") ok
time (mean ± σ)         range (min … max) 
  22.37 ns ±   0.11 ns    22.11 ns …  22.51 ns  in 10 × 100000 runs
[moonbitlang/core] bench lazy_list/concat_bench_test.mbt:40 ("bench LazyList build and traverse n=2048") ok
time (mean ± σ)         range (min … max) 
  66.87 µs ± 144.70 ns    66.59 µs …  67.02 µs  in 10 ×   1486 runs
[moonbitlang/core] bench lazy_list/concat_bench_test.mbt:49 ("bench LazyList re-traverse a forced list n=2048") ok
time (mean ± σ)         range (min … max) 
  33.72 µs ±  28.24 ns    33.68 µs …  33.76 µs  in 10 ×   2946 runs
[moonbitlang/core] bench lazy_list/concat_bench_test.mbt:57 ("bench LazyList left-nested concat, build only n=2048") ok
time (mean ± σ)         range (min … max) 
  80.02 µs ± 357.61 ns    79.58 µs …  80.62 µs  in 10 ×   1238 runs
[moonbitlang/core] bench lazy_list/concat_bench_test.mbt:62 ("bench LazyList left-nested concat, build and traverse n=2048") ok
time (mean ± σ)         range (min … max) 
 278.01 µs ± 794.52 ns   277.25 µs … 279.32 µs  in 10 ×    361 runs
[moonbitlang/core] bench lazy_list/concat_bench_test.mbt:69 ("bench LazyList concat while consuming n=2048") ok
time (mean ± σ)         range (min … max) 
 170.91 µs ± 541.75 ns   170.44 µs … 171.90 µs  in 10 ×    583 runs
[moonbitlang/core] bench lexbuf/lexbuf_bench_test.mbt:47 ("bench Lexbuf retained token chunks=10000 size=1") ok
time (mean ± σ)         range (min … max) 
 558.39 µs ± 740.56 ns   557.34 µs … 559.59 µs  in 10 ×    179 runs
[moonbitlang/core] bench lexbuf/lexbuf_bench_test.mbt:52 ("bench Lexbuf retained token chunks=1250 size=8") ok
time (mean ± σ)         range (min … max) 
 103.44 µs ± 303.53 ns   103.14 µs … 104.17 µs  in 10 ×    965 runs
[moonbitlang/core] bench lexbuf/lexbuf_bench_test.mbt:57 ("bench Lexbuf retained token chunks=157 size=64") ok
time (mean ± σ)         range (min … max) 
  61.78 µs ±  93.02 ns    61.70 µs …  61.96 µs  in 10 ×   1615 runs
[moonbitlang/core] bench lexbuf/lexbuf_bench_test.mbt:62 ("bench Lexbuf retained token chunks=20 size=512") ok
time (mean ± σ)         range (min … max) 
  51.09 µs ±  33.61 ns    51.02 µs …  51.14 µs  in 10 ×   1955 runs
[moonbitlang/core] bench quickcheck/shrink_collection_bench_test.mbt:16 ("bench shrink Array first candidate size=10000") ok
time (mean ± σ)         range (min … max) 
 147.98 ns ±   0.73 ns   147.14 ns … 149.45 ns  in 10 × 100000 runs
[moonbitlang/core] bench quickcheck/shrink_collection_bench_test.mbt:22 ("bench shrink List first candidate size=10000") ok
time (mean ± σ)         range (min … max) 
  82.77 µs ± 233.86 ns    82.33 µs …  83.01 µs  in 10 ×   1204 runs
[moonbitlang/core] bench quickcheck/generator_bench_test.mbt:16 ("bench Generator::zip_with n=1000000") ok
time (mean ± σ)         range (min … max) 
 253.70 ms ± 773.09 µs   252.81 ms … 255.12 ms  in 10 ×      1 runs
[moonbitlang/core] bench quickcheck/arbitrary_string_bench_test.mbt:16 ("bench Arbitrary String size=10000 count=100") ok
time (mean ± σ)         range (min … max) 
  61.23 ms ±  65.70 µs    61.16 ms …  61.32 ms  in 10 ×      2 runs
[moonbitlang/core] bench random/random_test.mbt:409 ("bench random") ok
time (mean ± σ)         range (min … max) 
 240.29 ms ± 319.81 µs   239.97 ms … 241.02 ms  in 10 ×      1 runs
[moonbitlang/core] bench set/set_algebra_bench_test.mbt:26 ("bench Set::union String 10k 50% overlap") ok
time (mean ± σ)         range (min … max) 
 708.14 µs ±   8.61 µs   698.18 µs … 722.59 µs  in 10 ×    143 runs
[moonbitlang/core] bench set/set_algebra_bench_test.mbt:33 ("bench Set::union Int 10k 50% overlap") ok
time (mean ± σ)         range (min … max) 
 656.48 µs ±   6.37 µs   649.92 µs … 668.03 µs  in 10 ×    154 runs
[moonbitlang/core] bench set/set_algebra_bench_test.mbt:40 ("bench Set::intersection String 10k 50% overlap") ok
time (mean ± σ)         range (min … max) 
 325.30 µs ±   1.28 µs   323.39 µs … 326.98 µs  in 10 ×    302 runs
[moonbitlang/core] bench set/set_algebra_bench_test.mbt:47 ("bench Set::difference String 10k 50% overlap") ok
time (mean ± σ)         range (min … max) 
 359.07 µs ±  15.84 µs   338.73 µs … 373.73 µs  in 10 ×    262 runs
[moonbitlang/core] bench set/set_algebra_bench_test.mbt:54 ("bench Set::is_subset String 10k true") ok
time (mean ± σ)         range (min … max) 
 165.79 µs ±   3.52 µs   160.45 µs … 168.57 µs  in 10 ×    589 runs
[moonbitlang/core] bench set/set_algebra_bench_test.mbt:61 ("bench Set == String 10k") ok
time (mean ± σ)         range (min … max) 
 173.21 µs ±   4.25 µs   166.99 µs … 176.37 µs  in 10 ×    566 runs
[moonbitlang/core] bench set/set_algebra_bench_test.mbt:68 ("bench Set == Int 10k") ok
time (mean ± σ)         range (min … max) 
 112.94 µs ±   8.50 µs   103.07 µs … 121.33 µs  in 10 ×    930 runs
[moonbitlang/core] bench set/linked_hash_set_bench_test.mbt:19 ("bench Set::add n=50000") ok
time (mean ± σ)         range (min … max) 
   3.33 ms ±  62.17 µs     3.24 ms …   3.42 ms  in 10 ×     31 runs
[moonbitlang/core] bench set/linked_hash_set_bench_test.mbt:30 ("bench Set::contains n=50000") ok
time (mean ± σ)         range (min … max) 
   1.05 ms ±   3.12 µs     1.04 ms …   1.05 ms  in 10 ×     93 runs
[moonbitlang/core] bench set/linked_hash_set_bench_test.mbt:47 ("bench Set::contains miss n=50000") ok
time (mean ± σ)         range (min … max) 
   1.12 ms ± 956.62 ns     1.12 ms …   1.12 ms  in 10 ×     90 runs
[moonbitlang/core] bench set/linked_hash_set_bench_test.mbt:67 ("bench Set::add+remove n=50000") ok
time (mean ± σ)         range (min … max) 
   4.31 ms ±  20.02 µs     4.29 ms …   4.36 ms  in 10 ×     24 runs
[moonbitlang/core] bench set/linked_hash_set_bench_test.mbt:86 ("bench Set::filter n=50000") ok
time (mean ± σ)         range (min … max) 
 461.48 µs ±   3.71 µs   455.35 µs … 467.11 µs  in 10 ×    214 runs
[moonbitlang/core] bench set/linked_hash_set_bench_test.mbt:92 ("bench Set comprehension filter n=50000") ok
time (mean ± σ)         range (min … max) 
   1.36 ms ±   5.33 µs     1.35 ms …   1.36 ms  in 10 ×     74 runs
[moonbitlang/core] bench sorted_set/sorted_set_bench_test.mbt:22 ("bench SortedSet::to_array Int n=50000") ok
time (mean ± σ)         range (min … max) 
 390.15 µs ± 374.68 ns   389.63 µs … 390.65 µs  in 10 ×    251 runs
[moonbitlang/core] bench sorted_set/sorted_set_bench_test.mbt:30 ("bench SortedSet::to_array Ref n=50000") ok
time (mean ± σ)         range (min … max) 
 375.52 µs ± 521.28 ns   374.82 µs … 376.25 µs  in 10 ×    256 runs
[moonbitlang/core] bench string/regex_bench_test.mbt:16 ("bench regex /aa?b/ on 1MB string") ok
time (mean ± σ)         range (min … max) 
   5.93 ms ±   7.87 µs     5.92 ms …   5.94 ms  in 10 ×     17 runs
[moonbitlang/core] bench string/regex_bench_test.mbt:23 ("bench regex phone lines") ok
time (mean ± σ)         range (min … max) 
   4.25 µs ±   9.34 ns     4.24 µs …   4.26 µs  in 10 ×  23502 runs
[moonbitlang/core] bench string/regex_bench_test.mbt:43 ("bench regex large pattern") ok
time (mean ± σ)         range (min … max) 
   3.77 ms ±   2.21 µs     3.77 ms …   3.77 ms  in 10 ×     27 runs
[moonbitlang/core] bench v128/v128_bench_test.mbt:32 ("bench V128 i64x2_add n=10000") ok
time (mean ± σ)         range (min … max) 
 434.20 µs ±   1.19 µs   433.25 µs … 437.08 µs  in 10 ×    228 runs
[moonbitlang/core] bench v128/v128_bench_test.mbt:44 ("bench V128 i32x4_add n=10000") ok
time (mean ± σ)         range (min … max) 
   2.68 ms ±   3.97 µs     2.67 ms …   2.68 ms  in 10 ×     38 runs
[moonbitlang/core] bench v128/v128_bench_test.mbt:56 ("bench V128 i8x16_add n=10000") ok
time (mean ± σ)         range (min … max) 
  12.36 ms ±  25.79 µs    12.33 ms …  12.40 ms  in 10 ×      9 runs
[moonbitlang/core] bench v128/v128_bench_test.mbt:68 ("bench V128 i8x16_splat n=10000") ok
time (mean ± σ)         range (min … max) 
  14.25 ms ± 199.97 µs    14.13 ms …  14.70 ms  in 10 ×      7 runs
[moonbitlang/core] bench v128/v128_bench_test.mbt:79 ("bench V128 i8x16_extract_lane_u n=10000") ok
time (mean ± σ)         range (min … max) 
 256.71 µs ±   5.16 µs   250.57 µs … 262.43 µs  in 10 ×    381 runs
[moonbitlang/core] bench v128/v128_bench_test.mbt:93 ("bench V128 i8x16_replace_lane n=10000") ok
time (mean ± σ)         range (min … max) 
 704.56 µs ±  13.14 µs   695.21 µs … 727.50 µs  in 10 ×    137 runs
[moonbitlang/core] bench v128/v128_bench_test.mbt:108 ("bench V128 i8x16_bitmask n=10000") ok
time (mean ± σ)         range (min … max) 
   4.36 ms ±   5.64 µs     4.36 ms …   4.37 ms  in 10 ×     23 runs
[moonbitlang/core] bench v128/v128_bench_test.mbt:120 ("bench V128 load/store n=10000") ok
time (mean ± σ)         range (min … max) 
   5.49 ms ±  71.26 µs     5.33 ms …   5.54 ms  in 10 ×     19 runs
[moonbitlang/core] bench v128/v128_bench_test.mbt:135 ("bench V128 load8x8_u n=10000") ok
time (mean ± σ)         range (min … max) 
   2.41 ms ±  57.33 µs     2.34 ms …   2.48 ms  in 10 ×     41 runs
[moonbitlang/core] bench v128/v128_bench_test.mbt:147 ("bench V128 load8x8_s n=10000") ok
time (mean ± σ)         range (min … max) 
   2.48 ms ±  59.82 µs     2.42 ms …   2.56 ms  in 10 ×     40 runs
[moonbitlang/core] bench v128/v128_bench_test.mbt:159 ("bench V128 load16x4_u n=10000") ok
time (mean ± σ)         range (min … max) 
   1.91 ms ±  45.34 µs     1.86 ms …   1.97 ms  in 10 ×     52 runs
[moonbitlang/core] bench v128/v128_bench_test.mbt:171 ("bench V128 load16x4_s n=10000") ok
time (mean ± σ)         range (min … max) 
   1.96 ms ±  50.07 µs     1.90 ms …   2.02 ms  in 10 ×     51 runs
[moonbitlang/core] bench v128/v128_bench_test.mbt:183 ("bench V128 load32x2_u n=10000") ok
time (mean ± σ)         range (min … max) 
   1.69 ms ±  36.88 µs     1.64 ms …   1.73 ms  in 10 ×     59 runs
[moonbitlang/core] bench v128/v128_bench_test.mbt:195 ("bench V128 load32x2_s n=10000") ok
time (mean ± σ)         range (min … max) 
   1.71 ms ±  38.60 µs     1.67 ms …   1.76 ms  in 10 ×     58 runs
[moonbitlang/core] bench v128/v128_bench_test.mbt:207 ("bench V128 load_splat n=10000") ok
time (mean ± σ)         range (min … max) 
   7.93 ms ± 138.91 µs     7.68 ms …   8.02 ms  in 10 ×     13 runs
[moonbitlang/core] bench v128/v128_bench_test.mbt:223 ("bench V128 load8_lane n=10000") ok
time (mean ± σ)         range (min … max) 
 707.18 µs ±  17.73 µs   693.47 µs … 733.56 µs  in 10 ×    138 runs
[moonbitlang/core] bench v128/v128_bench_test.mbt:235 ("bench V128 load16_lane n=10000") ok
time (mean ± σ)         range (min … max) 
 709.33 µs ±  11.77 µs   700.06 µs … 726.83 µs  in 10 ×    138 runs
[moonbitlang/core] bench v128/v128_bench_test.mbt:247 ("bench V128 load32_lane n=10000") ok
time (mean ± σ)         range (min … max) 
 709.81 µs ±  12.22 µs   698.09 µs … 726.80 µs  in 10 ×    138 runs
[moonbitlang/core] bench v128/v128_bench_test.mbt:259 ("bench V128 load64_lane n=10000") ok
time (mean ± σ)         range (min … max) 
   1.14 ms ±  30.89 µs     1.11 ms …   1.18 ms  in 10 ×     86 runs
[moonbitlang/core] bench v128/v128_bench_test.mbt:271 ("bench V128 extend i8x16 to i16x8 n=10000") ok
time (mean ± σ)         range (min … max) 
   9.86 ms ±  21.56 µs     9.83 ms …   9.89 ms  in 10 ×     11 runs
[moonbitlang/core] bench v128/v128_bench_test.mbt:285 ("bench V128 extend i16x8 to i32x4 n=10000") ok
time (mean ± σ)         range (min … max) 
   4.05 ms ±   4.15 µs     4.05 ms …   4.06 ms  in 10 ×     25 runs
[moonbitlang/core] bench v128/v128_bench_test.mbt:299 ("bench V128 extend i32x4 to i64x2 n=10000") ok
time (mean ± σ)         range (min … max) 
   2.43 ms ±   3.57 µs     2.42 ms …   2.44 ms  in 10 ×     42 runs
[moonbitlang/core] bench v128/v128_bench_test.mbt:313 ("bench V128 all_true n=10000") ok
time (mean ± σ)         range (min … max) 
 760.15 µs ±   5.37 µs   751.18 µs … 765.24 µs  in 10 ×    131 runs
[moonbitlang/core] bench v128/v128_bench_test.mbt:337 ("bench V128 bitmask all widths n=10000") ok
time (mean ± σ)         range (min … max) 
   8.03 ms ±  27.61 µs     8.01 ms …   8.09 ms  in 10 ×     13 runs
[moonbitlang/core] bench v128/v128_bench_test.mbt:353 ("bench V128 swizzle n=10000") ok
time (mean ± σ)         range (min … max) 
  23.85 ms ±  17.56 µs    23.83 ms …  23.87 ms  in 10 ×      5 runs
[moonbitlang/core] bench v128/v128_bench_test.mbt:371 ("bench V128 shuffle n=10000") ok
time (mean ± σ)         range (min … max) 
  18.43 ms ±   6.44 µs    18.42 ms …  18.44 ms  in 10 ×      6 runs
Total tests: 490, passed: 490, failed: 0.
