[moonbitlang/core] bench argparse/globals_bench_test.mbt:16 ("bench parse inherited globals with an override") ok
time (mean ± σ)         range (min … max) 
   2.70 µs ±  15.41 ns     2.68 µs …   2.73 µs  in 10 ×  37305 runs
[moonbitlang/core] bench bench/hash_bench_test.mbt:16 ("bench Hash for Bytes (small)") ok
time (mean ± σ)         range (min … max) 
  13.61 ns ±   0.16 ns    13.39 ns …  13.85 ns  in 10 × 100000 runs
[moonbitlang/core] bench bench/hash_bench_test.mbt:22 ("bench Hash for Bytes (medium)") ok
time (mean ± σ)         range (min … max) 
 143.80 ns ±   2.39 ns   142.00 ns … 148.01 ns  in 10 × 100000 runs
[moonbitlang/core] bench bench/hash_bench_test.mbt:28 ("bench Hash for Bytes (large)") ok
time (mean ± σ)         range (min … max) 
   2.38 µs ±  14.02 ns     2.35 µs …   2.39 µs  in 10 ×  41953 runs
[moonbitlang/core] bench bench/hash_bench_test.mbt:34 ("bench Hash for BytesView (small)") ok
time (mean ± σ)         range (min … max) 
  16.73 ns ±   0.10 ns    16.60 ns …  16.94 ns  in 10 × 100000 runs
[moonbitlang/core] bench bench/hash_bench_test.mbt:41 ("bench Hash for BytesView (medium)") ok
time (mean ± σ)         range (min … max) 
 154.71 ns ±   2.70 ns   151.76 ns … 158.87 ns  in 10 × 100000 runs
[moonbitlang/core] bench bench/hash_bench_test.mbt:48 ("bench Hash for BytesView (large)") ok
time (mean ± σ)         range (min … max) 
   2.46 µs ±  15.55 ns     2.44 µs …   2.48 µs  in 10 ×  39472 runs
[moonbitlang/core] bench bench/hash_bench_test.mbt:55 ("bench Hasher::combine_bytes (small)") ok
time (mean ± σ)         range (min … max) 
  15.54 ns ±   0.14 ns    15.29 ns …  15.82 ns  in 10 × 100000 runs
[moonbitlang/core] bench bench/hash_bench_test.mbt:65 ("bench Hasher::combine_bytes (medium)") ok
time (mean ± σ)         range (min … max) 
 134.72 ns ±   0.11 ns   134.51 ns … 134.86 ns  in 10 × 100000 runs
[moonbitlang/core] bench bench/hash_bench_test.mbt:75 ("bench Hasher::combine_bytes (large)") ok
time (mean ± σ)         range (min … max) 
   2.17 µs ±  18.43 ns     2.15 µs …   2.20 µs  in 10 ×  46171 runs
[moonbitlang/core] bench bigint/to_string_radix_bench_test.mbt:23 ("bench bigint to_string radix=7 (4000 bits)") ok
time (mean ± σ)         range (min … max) 
  31.93 µs ± 108.56 ns    31.85 µs …  32.20 µs  in 10 ×   3091 runs
[moonbitlang/core] bench bigint/to_string_radix_bench_test.mbt:29 ("bench bigint to_string radix=36 (4000 bits)") ok
time (mean ± σ)         range (min … max) 
  36.14 µs ±  91.57 ns    36.05 µs …  36.32 µs  in 10 ×   2750 runs
[moonbitlang/core] bench bigint/to_string_radix_bench_test.mbt:35 ("bench bigint to_string radix=10 reference (4000 bits)") ok
time (mean ± σ)         range (min … max) 
  30.68 µs ± 200.36 ns    30.48 µs …  31.05 µs  in 10 ×   3229 runs
[moonbitlang/core] bench bigint/to_string_bench_test.mbt:30 ("bench BigInt::to_string n=40 digits") ok
time (mean ± σ)         range (min … max) 
 216.83 ns ±   1.96 ns   213.16 ns … 218.14 ns  in 10 × 100000 runs
[moonbitlang/core] bench bigint/to_string_bench_test.mbt:36 ("bench BigInt::to_string n=400 digits") ok
time (mean ± σ)         range (min … max) 
   4.33 µs ±  21.51 ns     4.30 µs …   4.36 µs  in 10 ×  22969 runs
[moonbitlang/core] bench bigint/to_string_bench_test.mbt:42 ("bench BigInt::to_string n=4000 digits") ok
time (mean ± σ)         range (min … max) 
 310.50 µs ± 740.14 ns   308.81 µs … 311.13 µs  in 10 ×    322 runs
[moonbitlang/core] bench bigint/to_string_bench_test.mbt:48 ("bench BigInt::to_string n=40000 digits") ok
time (mean ± σ)         range (min … max) 
  29.24 ms ±  49.96 µs    29.19 ms …  29.32 ms  in 10 ×      4 runs
[moonbitlang/core] bench bigint/to_string_bench_test.mbt:54 ("bench BigInt::to_string n=250000 digits") ok
time (mean ± σ)         range (min … max) 
   1.14 s ±   4.27 ms     1.14 s …   1.15 s  in 10 ×      1 runs
[moonbitlang/core] bench bigint/from_octets_bench_test.mbt:21 ("bench BigInt::from_octets n=64") ok
time (mean ± σ)         range (min … max) 
  65.29 ns ±   4.51 ns    61.11 ns …  71.55 ns  in 10 × 100000 runs
[moonbitlang/core] bench bigint/from_octets_bench_test.mbt:27 ("bench BigInt::from_octets n=1024") ok
time (mean ± σ)         range (min … max) 
 794.31 ns ±  12.63 ns   782.89 ns … 815.46 ns  in 10 × 100000 runs
[moonbitlang/core] bench bigint/division_bench_test.mbt:66 ("bench BigInt balanced division n=4000 digits") ok
time (mean ± σ)         range (min … max) 
 226.83 µs ± 178.72 ns   226.59 µs … 227.13 µs  in 10 ×    441 runs
[moonbitlang/core] bench bigint/division_bench_test.mbt:72 ("bench BigInt balanced division n=40000 digits") ok
time (mean ± σ)         range (min … max) 
  21.85 ms ± 142.83 µs    21.69 ms …  22.11 ms  in 10 ×      5 runs
[moonbitlang/core] bench bigint/division_bench_test.mbt:78 ("bench BigInt balanced division n=250000 digits") ok
time (mean ± σ)         range (min … max) 
 861.86 ms ±   3.54 ms   853.63 ms … 865.42 ms  in 10 ×      1 runs
[moonbitlang/core] bench bigint/division_bench_test.mbt:84 ("bench BigInt unbalanced division q=65536 d=64 limbs") ok
time (mean ± σ)         range (min … max) 
  22.28 ms ± 134.13 µs    22.03 ms …  22.43 ms  in 10 ×      5 runs
[moonbitlang/core] bench bigint/division_bench_test.mbt:90 ("bench BigInt narrow division q=9 d=64 limbs") ok
time (mean ± σ)         range (min … max) 
 931.83 ns ±   1.84 ns   929.32 ns … 934.57 ns  in 10 × 100000 runs
[moonbitlang/core] bench buffer/write_bench_test.mbt:30 ("bench Buffer::write_byte n=4096") ok
time (mean ± σ)         range (min … max) 
   8.32 µs ± 204.19 ns     8.11 µs …   8.61 µs  in 10 ×  12128 runs
[moonbitlang/core] bench buffer/write_bench_test.mbt:42 ("bench Buffer::write_uint16_be n=4096") ok
time (mean ± σ)         range (min … max) 
   9.05 µs ±  58.05 ns     8.94 µs …   9.14 µs  in 10 ×  11058 runs
[moonbitlang/core] bench buffer/write_bench_test.mbt:54 ("bench Buffer::write_uint_le n=4096") ok
time (mean ± σ)         range (min … max) 
  10.86 µs ±   4.87 ns    10.85 µs …  10.87 µs  in 10 ×   9204 runs
[moonbitlang/core] bench buffer/write_bench_test.mbt:66 ("bench Buffer::write_uint64_be n=4096") ok
time (mean ± σ)         range (min … max) 
  15.07 µs ±  29.46 ns    15.00 µs …  15.10 µs  in 10 ×   6629 runs
[moonbitlang/core] bench buffer/write_bench_test.mbt:78 ("bench Buffer::write_char_utf8 ASCII n=4096") ok
time (mean ± σ)         range (min … max) 
   8.45 µs ±   5.68 ns     8.44 µs …   8.46 µs  in 10 ×  11820 runs
[moonbitlang/core] bench buffer/write_bench_test.mbt:90 ("bench Buffer::write_char_utf8 non-BMP n=4096") ok
time (mean ± σ)         range (min … max) 
  13.51 µs ±  22.32 ns    13.46 µs …  13.53 µs  in 10 ×   7408 runs
[moonbitlang/core] bench buffer/write_bench_test.mbt:103 ("bench Buffer::write_char_utf16le BMP n=4096") ok
time (mean ± σ)         range (min … max) 
   9.05 µs ±  10.01 ns     9.03 µs …   9.06 µs  in 10 ×  11023 runs
[moonbitlang/core] bench buffer/write_bench_test.mbt:115 ("bench Buffer::write_string_utf16le chunks n=4096") ok
time (mean ± σ)         range (min … max) 
  78.61 µs ±  48.18 ns    78.53 µs …  78.70 µs  in 10 ×   1275 runs
[moonbitlang/core] bench buffer/write_bench_test.mbt:130 ("bench @buffer.from_array n=4096") ok
time (mean ± σ)         range (min … max) 
   2.83 µs ±  11.75 ns     2.81 µs …   2.85 µs  in 10 ×  35163 runs
[moonbitlang/core] bench builtin/view_bench_test.mbt:34 ("bench ArrayView::at Int n=100000") ok
time (mean ± σ)         range (min … max) 
  85.57 µs ± 636.97 ns    84.44 µs …  86.31 µs  in 10 ×   1189 runs
[moonbitlang/core] bench builtin/view_bench_test.mbt:47 ("bench ArrayView::get Int n=100000") ok
time (mean ± σ)         range (min … max) 
  73.66 µs ± 142.69 ns    73.37 µs …  73.75 µs  in 10 ×   1358 runs
[moonbitlang/core] bench builtin/view_bench_test.mbt:62 ("bench ArrayView::unsafe_get Int n=100000") ok
time (mean ± σ)         range (min … max) 
  61.94 µs ±  81.82 ns    61.80 µs …  62.06 µs  in 10 ×   1608 runs
[moonbitlang/core] bench builtin/view_bench_test.mbt:75 ("bench ArrayView::rev_fold Int n=100000") ok
time (mean ± σ)         range (min … max) 
  60.06 µs ± 130.67 ns    59.83 µs …  60.19 µs  in 10 ×   1660 runs
[moonbitlang/core] bench builtin/view_bench_test.mbt:82 ("bench ArrayView::rev_foldi Int n=100000") ok
time (mean ± σ)         range (min … max) 
  60.07 µs ± 259.02 ns    59.57 µs …  60.28 µs  in 10 ×   1664 runs
[moonbitlang/core] bench builtin/view_bench_test.mbt:91 ("bench ArrayView::equal Int n=100000") ok
time (mean ± σ)         range (min … max) 
  82.26 µs ± 561.92 ns    81.37 µs …  82.99 µs  in 10 ×   1222 runs
[moonbitlang/core] bench builtin/view_bench_test.mbt:99 ("bench ArrayView::compare Int n=100000") ok
time (mean ± σ)         range (min … max) 
 104.75 µs ± 848.45 ns   103.47 µs … 105.88 µs  in 10 ×    956 runs
[moonbitlang/core] bench builtin/view_bench_test.mbt:107 ("bench MutArrayView::at Int n=100000") ok
time (mean ± σ)         range (min … max) 
  84.82 µs ±  82.03 ns    84.70 µs …  84.95 µs  in 10 ×   1179 runs
[moonbitlang/core] bench builtin/view_bench_test.mbt:120 ("bench MutArrayView::unsafe_get Int n=100000") ok
time (mean ± σ)         range (min … max) 
  62.18 µs ± 372.40 ns    61.52 µs …  62.65 µs  in 10 ×   1614 runs
[moonbitlang/core] bench builtin/view_bench_test.mbt:133 ("bench MutArrayView::set Int n=100000") ok
time (mean ± σ)         range (min … max) 
 117.60 µs ± 161.75 ns   117.15 µs … 117.72 µs  in 10 ×    851 runs
[moonbitlang/core] bench builtin/view_bench_test.mbt:145 ("bench MutArrayView::unsafe_set Int n=100000") ok
time (mean ± σ)         range (min … max) 
  62.65 µs ± 190.11 ns    62.28 µs …  62.85 µs  in 10 ×   1597 runs
[moonbitlang/core] bench builtin/view_bench_test.mbt:157 ("bench BytesView::at n=100000") ok
time (mean ± σ)         range (min … max) 
  84.32 µs ± 192.18 ns    83.84 µs …  84.52 µs  in 10 ×   1219 runs
[moonbitlang/core] bench builtin/view_bench_test.mbt:170 ("bench BytesView::unsafe_get n=100000") ok
time (mean ± σ)         range (min … max) 
  55.38 µs ± 146.32 ns    55.09 µs …  55.59 µs  in 10 ×   1808 runs
[moonbitlang/core] bench builtin/stringbuilder_bench_test.mbt:28 ("bench StringBuilder::write_string chunks n=4096") ok
time (mean ± σ)         range (min … max) 
  87.08 µs ±   2.40 µs    83.04 µs …  88.97 µs  in 10 ×   1231 runs
[moonbitlang/core] bench builtin/stringbuilder_bench_test.mbt:41 ("bench StringBuilder::write_view chunks n=4096") ok
time (mean ± σ)         range (min … max) 
  84.80 µs ± 304.59 ns    84.49 µs …  85.54 µs  in 10 ×   1171 runs
[moonbitlang/core] bench builtin/stringbuilder_bench_test.mbt:54 ("bench StringBuilder::write_stringview chunks n=4096") ok
time (mean ± σ)         range (min … max) 
  85.07 µs ± 130.29 ns    84.77 µs …  85.19 µs  in 10 ×   1172 runs
[moonbitlang/core] bench builtin/stringbuilder_bench_test.mbt:67 ("bench StringBuilder::write_char ASCII n=4096") ok
time (mean ± σ)         range (min … max) 
   9.05 µs ± 544.44 ns     8.70 µs …   9.85 µs  in 10 ×  11447 runs
[moonbitlang/core] bench builtin/stringbuilder_bench_test.mbt:79 ("bench StringBuilder::write_char non-BMP n=4096") ok
time (mean ± σ)         range (min … max) 
  11.36 µs ±  12.45 ns    11.34 µs …  11.38 µs  in 10 ×   8778 runs
[moonbitlang/core] bench builtin/stringbuilder_bench_test.mbt:92 ("bench StringBuilder::reset reuse spare capacity n=4096") ok
time (mean ± σ)         range (min … max) 
 141.16 µs ±  91.23 ns   141.05 µs … 141.37 µs  in 10 ×    711 runs
[moonbitlang/core] bench builtin/string_to_upper_bench_test.mbt:61 ("bench String::to_upper short") ok
time (mean ± σ)         range (min … max) 
  32.45 ns ±   0.35 ns    31.85 ns …  32.85 ns  in 10 × 100000 runs
[moonbitlang/core] bench builtin/string_to_upper_bench_test.mbt:66 ("bench String::to_upper long") ok
time (mean ± σ)         range (min … max) 
   1.19 µs ±   4.90 ns     1.18 µs …   1.20 µs  in 10 ×  83389 runs
[moonbitlang/core] bench builtin/string_to_upper_bench_test.mbt:71 ("bench String::to_upper sparse") ok
time (mean ± σ)         range (min … max) 
   1.15 µs ±   4.96 ns     1.14 µs …   1.16 µs  in 10 ×  86757 runs
[moonbitlang/core] bench builtin/string_to_upper_bench_test.mbt:76 ("bench String::to_upper late-lowercase") ok
time (mean ± σ)         range (min … max) 
   1.07 µs ±   4.22 ns     1.06 µs …   1.08 µs  in 10 ×  93442 runs
[moonbitlang/core] bench builtin/string_to_upper_bench_test.mbt:81 ("bench String::to_upper one-unit runs") ok
time (mean ± σ)         range (min … max) 
   1.15 µs ±   6.95 ns     1.13 µs …   1.16 µs  in 10 ×  86685 runs
[moonbitlang/core] bench builtin/string_to_upper_bench_test.mbt:86 ("bench String::to_upper all-lowercase") ok
time (mean ± σ)         range (min … max) 
   1.29 µs ±   4.27 ns     1.29 µs …   1.30 µs  in 10 ×  77790 runs
[moonbitlang/core] bench builtin/string_to_upper_bench_test.mbt:91 ("bench String::to_upper no-change short") ok
time (mean ± σ)         range (min … max) 
  13.79 ns ±   0.20 ns    13.57 ns …  14.09 ns  in 10 × 100000 runs
[moonbitlang/core] bench builtin/string_to_upper_bench_test.mbt:96 ("bench String::to_upper no-change long") ok
time (mean ± σ)         range (min … max) 
 503.27 ns ±   1.04 ns   501.75 ns … 504.71 ns  in 10 × 100000 runs
[moonbitlang/core] bench builtin/string_to_upper_bench_test.mbt:101 ("bench StringView::to_upper short") ok
time (mean ± σ)         range (min … max) 
  33.16 ns ±   0.14 ns    32.97 ns …  33.42 ns  in 10 × 100000 runs
[moonbitlang/core] bench builtin/string_to_upper_bench_test.mbt:106 ("bench StringView::to_upper long") ok
time (mean ± σ)         range (min … max) 
   1.20 µs ±   5.13 ns     1.20 µs …   1.21 µs  in 10 ×  83764 runs
[moonbitlang/core] bench builtin/string_to_upper_bench_test.mbt:111 ("bench StringView::to_upper no-change long") ok
time (mean ± σ)         range (min … max) 
 498.50 ns ±   3.88 ns   493.83 ns … 503.83 ns  in 10 × 100000 runs
[moonbitlang/core] bench builtin/string_to_lower_bench_test.mbt:61 ("bench String::to_lower short") ok
time (mean ± σ)         range (min … max) 
  31.62 ns ±   0.35 ns    30.95 ns …  31.92 ns  in 10 × 100000 runs
[moonbitlang/core] bench builtin/string_to_lower_bench_test.mbt:66 ("bench String::to_lower long") ok
time (mean ± σ)         range (min … max) 
   1.19 µs ±   5.46 ns     1.18 µs …   1.20 µs  in 10 ×  83667 runs
[moonbitlang/core] bench builtin/string_to_lower_bench_test.mbt:71 ("bench String::to_lower sparse") ok
time (mean ± σ)         range (min … max) 
   1.10 µs ±   3.96 ns     1.09 µs …   1.11 µs  in 10 ×  91417 runs
[moonbitlang/core] bench builtin/string_to_lower_bench_test.mbt:76 ("bench String::to_lower late-uppercase") ok
time (mean ± σ)         range (min … max) 
   1.08 µs ±   5.16 ns     1.07 µs …   1.09 µs  in 10 ×  91158 runs
[moonbitlang/core] bench builtin/string_to_lower_bench_test.mbt:81 ("bench String::to_lower one-unit runs") ok
time (mean ± σ)         range (min … max) 
   1.18 µs ±   4.99 ns     1.17 µs …   1.18 µs  in 10 ×  84458 runs
[moonbitlang/core] bench builtin/string_to_lower_bench_test.mbt:86 ("bench String::to_lower all-uppercase") ok
time (mean ± σ)         range (min … max) 
   1.29 µs ±   3.91 ns     1.28 µs …   1.29 µs  in 10 ×  77462 runs
[moonbitlang/core] bench builtin/string_to_lower_bench_test.mbt:91 ("bench String::to_lower no-change short") ok
time (mean ± σ)         range (min … max) 
  14.61 ns ±   0.11 ns    14.47 ns …  14.79 ns  in 10 × 100000 runs
[moonbitlang/core] bench builtin/string_to_lower_bench_test.mbt:96 ("bench String::to_lower no-change long") ok
time (mean ± σ)         range (min … max) 
 503.06 ns ±   1.23 ns   501.77 ns … 504.96 ns  in 10 × 100000 runs
[moonbitlang/core] bench builtin/string_to_lower_bench_test.mbt:101 ("bench StringView::to_lower short") ok
time (mean ± σ)         range (min … max) 
  32.54 ns ±   0.32 ns    31.79 ns …  32.94 ns  in 10 × 100000 runs
[moonbitlang/core] bench builtin/string_to_lower_bench_test.mbt:106 ("bench StringView::to_lower long") ok
time (mean ± σ)         range (min … max) 
   1.20 µs ±   5.19 ns     1.19 µs …   1.20 µs  in 10 ×  83897 runs
[moonbitlang/core] bench builtin/string_to_lower_bench_test.mbt:111 ("bench StringView::to_lower no-change long") ok
time (mean ± σ)         range (min … max) 
 509.59 ns ±   7.15 ns   502.36 ns … 518.67 ns  in 10 × 100000 runs
[moonbitlang/core] bench builtin/string_to_array_bench_test.mbt:24 ("bench String::to_array ASCII 51 chars") ok
time (mean ± σ)         range (min … max) 
 112.25 ns ±   0.25 ns   112.03 ns … 112.76 ns  in 10 × 100000 runs
[moonbitlang/core] bench builtin/string_to_array_bench_test.mbt:29 ("bench String::to_array mixed 1KB") ok
time (mean ± σ)         range (min … max) 
   1.99 µs ±   4.53 ns     1.98 µs …   2.00 µs  in 10 ×  49822 runs
[moonbitlang/core] bench builtin/string_to_array_bench_test.mbt:34 ("bench StringView::to_array mixed 1KB") ok
time (mean ± σ)         range (min … max) 
   1.99 µs ±   7.24 ns     1.99 µs …   2.00 µs  in 10 ×  49706 runs
[moonbitlang/core] bench builtin/string_methods_bench_test.mbt:36 ("bench StringView::has_prefix match n=100000 needle=128") ok
time (mean ± σ)         range (min … max) 
 111.79 ns ±   0.39 ns   111.22 ns … 112.23 ns  in 10 × 100000 runs
[moonbitlang/core] bench builtin/string_methods_bench_test.mbt:45 ("bench StringView::has_prefix mismatch n=100000 needle=128") ok
time (mean ± σ)         range (min … max) 
  10.36 ns ±   0.13 ns    10.22 ns …  10.55 ns  in 10 × 100000 runs
[moonbitlang/core] bench builtin/string_methods_bench_test.mbt:54 ("bench StringView::has_suffix match n=100000 needle=128") ok
time (mean ± σ)         range (min … max) 
 112.16 ns ±   0.22 ns   111.87 ns … 112.61 ns  in 10 × 100000 runs
[moonbitlang/core] bench builtin/string_methods_bench_test.mbt:63 ("bench StringView::has_suffix mismatch n=100000 needle=128") ok
time (mean ± σ)         range (min … max) 
  10.62 ns ±   0.18 ns    10.38 ns …  10.92 ns  in 10 × 100000 runs
[moonbitlang/core] bench builtin/string_find_code_unit_bench_test.mbt:16 ("bench find one code unit absent n=4") ok
time (mean ± σ)         range (min … max) 
  12.24 ns ±   0.16 ns    11.99 ns …  12.51 ns  in 10 × 100000 runs
[moonbitlang/core] bench builtin/string_find_code_unit_bench_test.mbt:22 ("bench find one code unit absent n=8") ok
time (mean ± σ)         range (min … max) 
  14.33 ns ±   0.21 ns    13.88 ns …  14.63 ns  in 10 × 100000 runs
[moonbitlang/core] bench builtin/string_find_code_unit_bench_test.mbt:28 ("bench find one code unit present@0 n=8") ok
time (mean ± σ)         range (min … max) 
  10.61 ns ±   0.14 ns    10.44 ns …  10.86 ns  in 10 × 100000 runs
[moonbitlang/core] bench builtin/string_find_code_unit_bench_test.mbt:34 ("bench find one code unit absent n=64") ok
time (mean ± σ)         range (min … max) 
  47.55 ns ±   0.19 ns    47.31 ns …  47.83 ns  in 10 × 100000 runs
[moonbitlang/core] bench builtin/string_find_code_unit_bench_test.mbt:40 ("bench find one code unit absent n=256") ok
time (mean ± σ)         range (min … max) 
 163.94 ns ±   1.03 ns   161.19 ns … 164.63 ns  in 10 × 100000 runs
[moonbitlang/core] bench builtin/string_find_code_unit_bench_test.mbt:46 ("bench find one code unit present@end n=256") ok
time (mean ± σ)         range (min … max) 
 156.94 ns ±   0.59 ns   156.04 ns … 157.64 ns  in 10 × 100000 runs
[moonbitlang/core] bench builtin/string_find_code_unit_bench_test.mbt:52 ("bench rev_find one code unit absent n=256") ok
time (mean ± σ)         range (min … max) 
 162.58 ns ±   0.54 ns   162.03 ns … 163.48 ns  in 10 × 100000 runs
[moonbitlang/core] bench builtin/string_find_code_unit_bench_test.mbt:58 ("bench rev_find one code unit present@start n=256") ok
time (mean ± σ)         range (min … max) 
 157.27 ns ±   1.50 ns   153.67 ns … 158.73 ns  in 10 × 100000 runs
[moonbitlang/core] bench builtin/string_find_code_unit_bench_test.mbt:64 ("bench rev_find one code unit present@end n=8") ok
time (mean ± σ)         range (min … max) 
  10.56 ns ±   0.14 ns    10.40 ns …  10.81 ns  in 10 × 100000 runs
[moonbitlang/core] bench builtin/string_find_code_unit_bench_test.mbt:70 ("bench StringView find one code unit absent n=256") ok
time (mean ± σ)         range (min … max) 
 144.41 ns ±   0.52 ns   143.74 ns … 145.18 ns  in 10 × 100000 runs
[moonbitlang/core] bench builtin/string_find_code_unit_bench_test.mbt:77 ("bench StringView rev_find one code unit absent n=256") ok
time (mean ± σ)         range (min … max) 
 151.25 ns ±   0.95 ns   149.84 ns … 152.31 ns  in 10 × 100000 runs
[moonbitlang/core] bench builtin/string_find_code_unit_bench_test.mbt:84 ("bench find two anchors absent n=256") ok
time (mean ± σ)         range (min … max) 
 246.57 ns ±   0.65 ns   245.60 ns … 247.38 ns  in 10 × 100000 runs
[moonbitlang/core] bench builtin/string_find_code_unit_bench_test.mbt:90 ("bench find two anchors present@end n=256") ok
time (mean ± σ)         range (min … max) 
 270.26 ns ±   0.63 ns   269.36 ns … 271.19 ns  in 10 × 100000 runs
[moonbitlang/core] bench builtin/string_find_code_unit_bench_test.mbt:96 ("bench find two anchors dense false positives n=256") ok
time (mean ± σ)         range (min … max) 
 733.11 ns ±  15.33 ns   722.03 ns … 762.10 ns  in 10 × 100000 runs
[moonbitlang/core] bench builtin/string_find_code_unit_bench_test.mbt:102 ("bench find two anchors long absent n=256") ok
time (mean ± σ)         range (min … max) 
 209.67 ns ±   0.87 ns   208.08 ns … 210.63 ns  in 10 × 100000 runs
[moonbitlang/core] bench builtin/string_find_code_unit_bench_test.mbt:108 ("bench rev_find two anchors absent n=256") ok
time (mean ± σ)         range (min … max) 
 224.71 ns ±   0.96 ns   223.02 ns … 226.21 ns  in 10 × 100000 runs
[moonbitlang/core] bench builtin/string_find_code_unit_bench_test.mbt:114 ("bench rev_find two anchors present@start n=256") ok
time (mean ± σ)         range (min … max) 
 230.30 ns ±   2.09 ns   227.08 ns … 233.13 ns  in 10 × 100000 runs
[moonbitlang/core] bench builtin/string_find_code_unit_bench_test.mbt:120 ("bench rev_find two anchors dense false positives n=256") ok
time (mean ± σ)         range (min … max) 
 740.18 ns ±   1.29 ns   736.75 ns … 741.32 ns  in 10 × 100000 runs
[moonbitlang/core] bench builtin/string_find_code_unit_bench_test.mbt:126 ("bench StringView find two anchors absent n=256") ok
time (mean ± σ)         range (min … max) 
 260.43 ns ±   0.56 ns   259.69 ns … 261.16 ns  in 10 × 100000 runs
[moonbitlang/core] bench builtin/string_find_adversary_bench_test.mbt:26 ("bench find adversary m=64 n=4096") ok
time (mean ± σ)         range (min … max) 
  12.70 µs ± 965.62 ns    10.92 µs …  14.31 µs  in 10 ×   9787 runs
[moonbitlang/core] bench builtin/string_find_adversary_bench_test.mbt:33 ("bench rev_find adversary m=64 n=4096") ok
time (mean ± σ)         range (min … max) 
  11.44 µs ±   4.62 ns    11.44 µs …  11.45 µs  in 10 ×   8737 runs
[moonbitlang/core] bench builtin/string_find_adversary_bench_test.mbt:40 ("bench find adversary m=512 n=65536") ok
time (mean ± σ)         range (min … max) 
 179.02 µs ±   1.81 µs   174.11 µs … 180.53 µs  in 10 ×    450 runs
[moonbitlang/core] bench builtin/string_find_adversary_bench_test.mbt:47 ("bench find dense miss fast path n=4096") ok
time (mean ± σ)         range (min … max) 
   3.76 µs ± 223.18 ns     3.65 µs …   4.19 µs  in 10 ×  24101 runs
[moonbitlang/core] bench builtin/string_find_adversary_bench_test.mbt:53 ("bench find rare hit end fast path n=4096") ok
time (mean ± σ)         range (min … max) 
   3.42 µs ±   3.89 ns     3.42 µs …   3.43 µs  in 10 ×  29413 runs
[moonbitlang/core] bench builtin/string_escape_bench_test.mbt:61 ("bench String::escape short plain") ok
time (mean ± σ)         range (min … max) 
  76.53 ns ±   0.55 ns    76.03 ns …  77.51 ns  in 10 × 100000 runs
[moonbitlang/core] bench builtin/string_escape_bench_test.mbt:66 ("bench String::escape short escaped") ok
time (mean ± σ)         range (min … max) 
  90.15 ns ±   0.83 ns    89.32 ns …  91.75 ns  in 10 × 100000 runs
[moonbitlang/core] bench builtin/string_escape_bench_test.mbt:71 ("bench String::escape threshold plain") ok
time (mean ± σ)         range (min … max) 
  87.01 ns ±   0.54 ns    86.11 ns …  87.96 ns  in 10 × 100000 runs
[moonbitlang/core] bench builtin/string_escape_bench_test.mbt:76 ("bench String::escape prose") ok
time (mean ± σ)         range (min … max) 
 278.82 ns ±   0.74 ns   277.10 ns … 279.78 ns  in 10 × 100000 runs
[moonbitlang/core] bench builtin/string_escape_bench_test.mbt:81 ("bench String::escape escape-first") ok
time (mean ± σ)         range (min … max) 
 293.97 ns ±   0.49 ns   293.13 ns … 294.55 ns  in 10 × 100000 runs
[moonbitlang/core] bench builtin/string_escape_bench_test.mbt:86 ("bench String::escape long plain") ok
time (mean ± σ)         range (min … max) 
   9.67 µs ± 153.00 ns     9.53 µs …   9.86 µs  in 10 ×  10284 runs
[moonbitlang/core] bench builtin/string_escape_bench_test.mbt:91 ("bench String::escape long dense") ok
time (mean ± σ)         range (min … max) 
  18.25 µs ± 172.55 ns    18.07 µs …  18.65 µs  in 10 ×   5520 runs
[moonbitlang/core] bench builtin/string_escape_bench_test.mbt:96 ("bench String::escape long all-escaped") ok
time (mean ± σ)         range (min … max) 
  19.96 µs ± 134.46 ns    19.82 µs …  20.23 µs  in 10 ×   5021 runs
[moonbitlang/core] bench builtin/string_escape_bench_test.mbt:101 ("bench String::escape long unicode") ok
time (mean ± σ)         range (min … max) 
  10.49 µs ±  32.21 ns    10.43 µs …  10.55 µs  in 10 ×   9284 runs
[moonbitlang/core] bench builtin/string_escape_bench_test.mbt:106 ("bench StringView::escape long plain view") ok
time (mean ± σ)         range (min … max) 
   9.04 µs ±  98.75 ns     8.86 µs …   9.14 µs  in 10 ×  10902 runs
[moonbitlang/core] bench builtin/string_escape_bench_test.mbt:112 ("bench debug to_string short plain") ok
time (mean ± σ)         range (min … max) 
 130.88 ns ±   0.43 ns   130.37 ns … 131.55 ns  in 10 × 100000 runs
[moonbitlang/core] bench builtin/string_escape_bench_test.mbt:117 ("bench debug to_string prose") ok
time (mean ± σ)         range (min … max) 
 400.58 ns ±   1.95 ns   397.80 ns … 403.52 ns  in 10 × 100000 runs
[moonbitlang/core] bench builtin/string_escape_bench_test.mbt:122 ("bench debug to_string long plain") ok
time (mean ± σ)         range (min … max) 
  12.95 µs ±  62.10 ns    12.81 µs …  13.03 µs  in 10 ×   7396 runs
[moonbitlang/core] bench builtin/string_equal_bench_test.mbt:28 ("bench StringView::equal n=100000 equal") ok
time (mean ± σ)         range (min … max) 
  81.86 µs ± 120.38 ns    81.75 µs …  82.12 µs  in 10 ×   1222 runs
[moonbitlang/core] bench builtin/string_equal_bench_test.mbt:35 ("bench StringView::equal n=100000 mismatch at end") ok
time (mean ± σ)         range (min … max) 
  81.66 µs ± 102.12 ns    81.55 µs …  81.91 µs  in 10 ×   1228 runs
[moonbitlang/core] bench builtin/string_equal_bench_test.mbt:44 ("bench StringView::equal_to_string n=100000 equal") ok
time (mean ± σ)         range (min … max) 
  80.64 µs ± 175.28 ns    80.36 µs …  80.86 µs  in 10 ×   1235 runs
[moonbitlang/core] bench builtin/string_char_set_bench_test.mbt:43 ("bench StringView::contains_any ASCII miss n=100000") ok
time (mean ± σ)         range (min … max) 
 135.67 µs ±  53.80 ns   135.59 µs … 135.73 µs  in 10 ×    738 runs
[moonbitlang/core] bench builtin/string_char_set_bench_test.mbt:54 ("bench StringView::contains_any ASCII match at end n=100000") ok
time (mean ± σ)         range (min … max) 
 135.68 µs ±  44.23 ns   135.64 µs … 135.76 µs  in 10 ×    738 runs
[moonbitlang/core] bench builtin/string_char_set_bench_test.mbt:67 ("bench StringView::trim_start ASCII n=100000") ok
time (mean ± σ)         range (min … max) 
 139.36 µs ± 204.26 ns   139.07 µs … 139.64 µs  in 10 ×    716 runs
[moonbitlang/core] bench builtin/string_char_set_bench_test.mbt:74 ("bench StringView::trim_end ASCII n=100000") ok
time (mean ± σ)         range (min … max) 
 140.80 µs ± 128.24 ns   140.64 µs … 140.97 µs  in 10 ×    708 runs
[moonbitlang/core] bench builtin/string_char_set_bench_test.mbt:79 ("bench StringView::trim ASCII n=100000") ok
time (mean ± σ)         range (min … max) 
 284.11 µs ± 359.65 ns   283.71 µs … 284.69 µs  in 10 ×    352 runs
[moonbitlang/core] bench builtin/string_char_set_bench_test.mbt:96 ("bench StringView::trim short inputs") ok
time (mean ± σ)         range (min … max) 
 142.16 ns ±   0.32 ns   141.81 ns … 142.78 ns  in 10 × 100000 runs
[moonbitlang/core] bench builtin/string_char_set_bench_test.mbt:107 ("bench StringView::contains_any short inputs") ok
time (mean ± σ)         range (min … max) 
  88.00 ns ±   0.23 ns    87.71 ns …  88.36 ns  in 10 × 100000 runs
[moonbitlang/core] bench builtin/string_char_length_bench_test.mbt:51 ("bench char_length ascii 8") ok
time (mean ± σ)         range (min … max) 
  15.46 ns ±   0.13 ns    15.29 ns …  15.64 ns  in 10 × 100000 runs
[moonbitlang/core] bench builtin/string_char_length_bench_test.mbt:56 ("bench char_length ascii 16") ok
time (mean ± σ)         range (min … max) 
  24.04 ns ±   0.68 ns    23.14 ns …  25.05 ns  in 10 × 100000 runs
[moonbitlang/core] bench builtin/string_char_length_bench_test.mbt:61 ("bench char_length ascii 100") ok
time (mean ± σ)         range (min … max) 
 114.68 ns ±   0.71 ns   114.15 ns … 116.02 ns  in 10 × 100000 runs
[moonbitlang/core] bench builtin/string_char_length_bench_test.mbt:66 ("bench char_length ascii 4k") ok
time (mean ± σ)         range (min … max) 
   4.45 µs ±   4.21 ns     4.45 µs …   4.46 µs  in 10 ×  22425 runs
[moonbitlang/core] bench builtin/string_char_length_bench_test.mbt:71 ("bench char_length ascii 64k") ok
time (mean ± σ)         range (min … max) 
  71.12 µs ±  31.74 ns    71.08 µs …  71.17 µs  in 10 ×   1407 runs
[moonbitlang/core] bench builtin/string_char_length_bench_test.mbt:76 ("bench char_length cjk 4k") ok
time (mean ± σ)         range (min … max) 
   4.45 µs ±   4.42 ns     4.45 µs …   4.46 µs  in 10 ×  22420 runs
[moonbitlang/core] bench builtin/string_char_length_bench_test.mbt:81 ("bench char_length emoji 4k") ok
time (mean ± σ)         range (min … max) 
   3.41 µs ±  12.08 ns     3.37 µs …   3.41 µs  in 10 ×  29837 runs
[moonbitlang/core] bench builtin/string_char_length_bench_test.mbt:86 ("bench char_length mixed 4k") ok
time (mean ± σ)         range (min … max) 
   4.40 µs ±  31.59 ns     4.38 µs …   4.46 µs  in 10 ×  22783 runs
[moonbitlang/core] bench builtin/string_char_length_bench_test.mbt:91 ("bench StringView::char_length ascii 4k unaligned") ok
time (mean ± σ)         range (min … max) 
   4.44 µs ±   3.69 ns     4.44 µs …   4.45 µs  in 10 ×  22456 runs
[moonbitlang/core] bench builtin/string_char_length_bench_test.mbt:97 ("bench char_length_eq ascii 16") ok
time (mean ± σ)         range (min … max) 
  28.76 ns ±   0.49 ns    28.07 ns …  29.39 ns  in 10 × 100000 runs
[moonbitlang/core] bench builtin/string_char_length_bench_test.mbt:102 ("bench char_length_eq ascii 4k") ok
time (mean ± σ)         range (min … max) 
   5.56 µs ±   3.97 ns     5.56 µs …   5.57 µs  in 10 ×  17960 runs
[moonbitlang/core] bench builtin/string_char_length_bench_test.mbt:107 ("bench char_length_eq emoji 4k") ok
time (mean ± σ)         range (min … max) 
   3.92 µs ±  23.19 ns     3.90 µs …   3.95 µs  in 10 ×  25610 runs
[moonbitlang/core] bench builtin/string_char_length_bench_test.mbt:112 ("bench char_length_eq mixed 4k") ok
time (mean ± σ)         range (min … max) 
   5.42 µs ±   5.66 ns     5.42 µs …   5.43 µs  in 10 ×  18418 runs
[moonbitlang/core] bench builtin/string_char_length_bench_test.mbt:119 ("bench char_length_ge ascii 4k len 3") ok
time (mean ± σ)         range (min … max) 
  11.51 ns ±   0.16 ns    11.34 ns …  11.73 ns  in 10 × 100000 runs
[moonbitlang/core] bench builtin/string_char_length_bench_test.mbt:124 ("bench char_length_ge ascii 4k len 2000") ok
time (mean ± σ)         range (min … max) 
   2.72 µs ±   1.33 ns     2.72 µs …   2.72 µs  in 10 ×  36738 runs
[moonbitlang/core] bench builtin/string_char_length_bench_test.mbt:129 ("bench char_length_ge cjk 4k len 4096") ok
time (mean ± σ)         range (min … max) 
   5.56 µs ±   3.49 ns     5.56 µs …   5.57 µs  in 10 ×  17955 runs
[moonbitlang/core] bench builtin/string_char_length_bench_test.mbt:134 ("bench char_length_ge emoji 4k len 2048") ok
time (mean ± σ)         range (min … max) 
   3.94 µs ±  10.55 ns     3.92 µs …   3.96 µs  in 10 ×  25595 runs
[moonbitlang/core] bench builtin/sort_bench_test.mbt:21 ("bench Array::sort n=1000") ok
time (mean ± σ)         range (min … max) 
  15.82 µs ± 147.07 ns    15.69 µs …  16.04 µs  in 10 ×   6053 runs
[moonbitlang/core] bench builtin/sort_bench_test.mbt:31 ("bench Array::sort n=100000") ok
time (mean ± σ)         range (min … max) 
   5.71 ms ±  34.96 µs     5.65 ms …   5.76 ms  in 10 ×     18 runs
[moonbitlang/core] bench builtin/sort_bench_test.mbt:41 ("bench Array::sort_by n=10000") ok
time (mean ± σ)         range (min … max) 
 462.25 µs ±   1.12 µs   460.88 µs … 463.62 µs  in 10 ×    216 runs
[moonbitlang/core] bench builtin/range_equal_bench_test.mbt:56 ("bench range_equal StringView== n=4 equal") ok
time (mean ± σ)         range (min … max) 
  10.08 ns ±   0.14 ns     9.84 ns …  10.27 ns  in 10 × 100000 runs
[moonbitlang/core] bench builtin/range_equal_bench_test.mbt:61 ("bench range_equal StringView== n=8 equal") ok
time (mean ± σ)         range (min … max) 
  13.13 ns ±   0.16 ns    12.97 ns …  13.36 ns  in 10 × 100000 runs
[moonbitlang/core] bench builtin/range_equal_bench_test.mbt:66 ("bench range_equal StringView== n=8 mismatch at end") ok
time (mean ± σ)         range (min … max) 
  12.69 ns ±   0.37 ns    12.01 ns …  13.03 ns  in 10 × 100000 runs
[moonbitlang/core] bench builtin/range_equal_bench_test.mbt:71 ("bench range_equal StringView== n=16 equal") ok
time (mean ± σ)         range (min … max) 
  18.91 ns ±   0.12 ns    18.77 ns …  19.12 ns  in 10 × 100000 runs
[moonbitlang/core] bench builtin/range_equal_bench_test.mbt:76 ("bench range_equal StringView== n=16 mismatch at end") ok
time (mean ± σ)         range (min … max) 
  19.06 ns ±   0.23 ns    18.70 ns …  19.31 ns  in 10 × 100000 runs
[moonbitlang/core] bench builtin/range_equal_bench_test.mbt:81 ("bench range_equal StringView== n=15 equal") ok
time (mean ± σ)         range (min … max) 
  18.40 ns ±   0.11 ns    18.26 ns …  18.57 ns  in 10 × 100000 runs
[moonbitlang/core] bench builtin/range_equal_bench_test.mbt:86 ("bench range_equal StringView== n=64 equal") ok
time (mean ± σ)         range (min … max) 
  55.29 ns ±   0.58 ns    53.85 ns …  55.77 ns  in 10 × 100000 runs
[moonbitlang/core] bench builtin/range_equal_bench_test.mbt:91 ("bench range_equal StringView== n=64 mismatch at end") ok
time (mean ± σ)         range (min … max) 
  55.22 ns ±   0.44 ns    54.48 ns …  55.67 ns  in 10 × 100000 runs
[moonbitlang/core] bench builtin/range_equal_bench_test.mbt:96 ("bench range_equal StringView== n=1024 equal") ok
time (mean ± σ)         range (min … max) 
 833.54 ns ±   0.77 ns   832.34 ns … 834.83 ns  in 10 × 100000 runs
[moonbitlang/core] bench builtin/range_equal_bench_test.mbt:101 ("bench range_equal StringView== n=1024 mismatch at end") ok
time (mean ± σ)         range (min … max) 
 834.41 ns ±   2.94 ns   827.06 ns … 836.72 ns  in 10 × 100000 runs
[moonbitlang/core] bench builtin/range_equal_bench_test.mbt:106 ("bench range_equal StringView== n=1024 mismatch at 0") ok
time (mean ± σ)         range (min … max) 
   7.60 ns ±   0.13 ns     7.45 ns …   7.79 ns  in 10 × 100000 runs
[moonbitlang/core] bench builtin/range_equal_bench_test.mbt:111 ("bench range_equal StringView== n=65536 equal") ok
time (mean ± σ)         range (min … max) 
  53.55 µs ± 124.40 ns    53.27 µs …  53.73 µs  in 10 ×   1863 runs
[moonbitlang/core] bench builtin/range_equal_bench_test.mbt:116 ("bench range_equal StringView== n=65536 mismatch at end") ok
time (mean ± σ)         range (min … max) 
  53.63 µs ± 575.37 ns    52.97 µs …  55.17 µs  in 10 ×   1862 runs
[moonbitlang/core] bench builtin/range_equal_bench_test.mbt:121 ("bench range_equal BytesView== n=4 equal") ok
time (mean ± σ)         range (min … max) 
   8.59 ns ±   0.15 ns     8.37 ns …   8.79 ns  in 10 × 100000 runs
[moonbitlang/core] bench builtin/range_equal_bench_test.mbt:126 ("bench range_equal BytesView== n=8 equal") ok
time (mean ± σ)         range (min … max) 
  11.55 ns ±   0.13 ns    11.37 ns …  11.77 ns  in 10 × 100000 runs
[moonbitlang/core] bench builtin/range_equal_bench_test.mbt:131 ("bench range_equal BytesView== n=8 mismatch at end") ok
time (mean ± σ)         range (min … max) 
  11.51 ns ±   0.16 ns    11.29 ns …  11.74 ns  in 10 × 100000 runs
[moonbitlang/core] bench builtin/range_equal_bench_test.mbt:136 ("bench range_equal BytesView== n=16 equal") ok
time (mean ± σ)         range (min … max) 
  16.80 ns ±   0.41 ns    16.04 ns …  17.19 ns  in 10 × 100000 runs
[moonbitlang/core] bench builtin/range_equal_bench_test.mbt:141 ("bench range_equal BytesView== n=16 mismatch at end") ok
time (mean ± σ)         range (min … max) 
  16.56 ns ±   0.13 ns    16.42 ns …  16.78 ns  in 10 × 100000 runs
[moonbitlang/core] bench builtin/range_equal_bench_test.mbt:146 ("bench range_equal BytesView== n=31 equal") ok
time (mean ± σ)         range (min … max) 
  26.67 ns ±   0.47 ns    25.56 ns …  27.11 ns  in 10 × 100000 runs
[moonbitlang/core] bench builtin/range_equal_bench_test.mbt:151 ("bench range_equal BytesView== n=64 equal") ok
time (mean ± σ)         range (min … max) 
  51.23 ns ±   0.16 ns    50.95 ns …  51.42 ns  in 10 × 100000 runs
[moonbitlang/core] bench builtin/range_equal_bench_test.mbt:156 ("bench range_equal BytesView== n=64 mismatch at end") ok
time (mean ± σ)         range (min … max) 
  50.82 ns ±   0.14 ns    50.62 ns …  51.01 ns  in 10 × 100000 runs
[moonbitlang/core] bench builtin/range_equal_bench_test.mbt:161 ("bench range_equal BytesView== n=1024 equal") ok
time (mean ± σ)         range (min … max) 
 791.85 ns ±   5.79 ns   782.13 ns … 799.23 ns  in 10 × 100000 runs
[moonbitlang/core] bench builtin/range_equal_bench_test.mbt:166 ("bench range_equal BytesView== n=1024 mismatch at end") ok
time (mean ± σ)         range (min … max) 
 793.16 ns ±   9.18 ns   774.77 ns … 801.69 ns  in 10 × 100000 runs
[moonbitlang/core] bench builtin/range_equal_bench_test.mbt:171 ("bench range_equal BytesView== n=1024 mismatch at 0") ok
time (mean ± σ)         range (min … max) 
   6.63 ns ±   0.11 ns     6.51 ns …   6.81 ns  in 10 × 100000 runs
[moonbitlang/core] bench builtin/range_equal_bench_test.mbt:176 ("bench range_equal BytesView== n=65536 equal") ok
time (mean ± σ)         range (min … max) 
  50.52 µs ± 194.60 ns    50.20 µs …  50.72 µs  in 10 ×   1975 runs
[moonbitlang/core] bench builtin/range_equal_bench_test.mbt:181 ("bench range_equal BytesView== n=65536 mismatch at end") ok
time (mean ± σ)         range (min … max) 
  50.71 µs ±  75.16 ns    50.54 µs …  50.80 µs  in 10 ×   1988 runs
[moonbitlang/core] bench builtin/range_equal_bench_test.mbt:186 ("bench range_equal StringView::has_prefix prefix=32 hit") ok
time (mean ± σ)         range (min … max) 
  33.59 ns ±   0.33 ns    33.32 ns …  34.48 ns  in 10 × 100000 runs
[moonbitlang/core] bench builtin/range_equal_bench_test.mbt:193 ("bench range_equal StringView::has_prefix prefix=32 miss at end") ok
time (mean ± σ)         range (min … max) 
  33.24 ns ±   0.24 ns    32.60 ns …  33.41 ns  in 10 × 100000 runs
[moonbitlang/core] bench builtin/linked_hash_map_bench_test.mbt:19 ("bench Map::set n=50000") ok
time (mean ± σ)         range (min … max) 
   2.44 ms ±  34.85 µs     2.39 ms …   2.48 ms  in 10 ×     41 runs
[moonbitlang/core] bench builtin/linked_hash_map_bench_test.mbt:30 ("bench Map::get n=50000") ok
time (mean ± σ)         range (min … max) 
   1.23 ms ±   1.92 µs     1.22 ms …   1.23 ms  in 10 ×     82 runs
[moonbitlang/core] bench builtin/linked_hash_map_bench_test.mbt:47 ("bench Map::get miss n=50000") ok
time (mean ± σ)         range (min … max) 
   1.19 ms ±   3.31 µs     1.18 ms …   1.19 ms  in 10 ×     86 runs
[moonbitlang/core] bench builtin/linked_hash_map_bench_test.mbt:67 ("bench Map::set+remove n=50000") ok
time (mean ± σ)         range (min … max) 
   3.57 ms ±  23.50 µs     3.53 ms …   3.60 ms  in 10 ×     28 runs
[moonbitlang/core] bench builtin/linked_hash_map_bench_test.mbt:83 ("bench Map::each n=50000") ok
time (mean ± σ)         range (min … max) 
 225.32 µs ±   2.79 µs   222.53 µs … 228.03 µs  in 10 ×    450 runs
[moonbitlang/core] bench builtin/linked_hash_map_bench_test.mbt:101 ("bench Map::filter n=50000") ok
time (mean ± σ)         range (min … max) 
 795.70 µs ±  18.58 µs   771.39 µs … 821.13 µs  in 10 ×    125 runs
[moonbitlang/core] bench builtin/linked_hash_map_bench_test.mbt:107 ("bench Map comprehension filter n=50000") ok
time (mean ± σ)         range (min … max) 
   2.77 ms ±  42.45 µs     2.71 ms …   2.82 ms  in 10 ×     37 runs
[moonbitlang/core] bench builtin/lexical_compare_bench_test.mbt:42 ("bench lexical_compare equal n=256") ok
time (mean ± σ)         range (min … max) 
 222.49 ns ±   3.37 ns   218.73 ns … 227.49 ns  in 10 × 100000 runs
[moonbitlang/core] bench builtin/lexical_compare_bench_test.mbt:47 ("bench lexical_compare common-prefix n=256") ok
time (mean ± σ)         range (min … max) 
 218.84 ns ±   1.15 ns   217.04 ns … 221.12 ns  in 10 × 100000 runs
[moonbitlang/core] bench builtin/lexical_compare_bench_test.mbt:52 ("bench lexical_compare early-diff n=256") ok
time (mean ± σ)         range (min … max) 
  11.20 ns ±   0.33 ns    10.82 ns …  11.98 ns  in 10 × 100000 runs
[moonbitlang/core] bench builtin/lexical_compare_bench_test.mbt:89 ("bench String::lexical_compare equal n=256") ok
time (mean ± σ)         range (min … max) 
 220.53 ns ±   2.53 ns   215.72 ns … 222.04 ns  in 10 × 100000 runs
[moonbitlang/core] bench builtin/lexical_compare_bench_test.mbt:94 ("bench String::lexical_compare common-prefix n=256") ok
time (mean ± σ)         range (min … max) 
 222.35 ns ±   1.42 ns   218.41 ns … 223.26 ns  in 10 × 100000 runs
[moonbitlang/core] bench builtin/lexical_compare_bench_test.mbt:99 ("bench String::lexical_compare early-diff n=256") ok
time (mean ± σ)         range (min … max) 
  11.50 ns ±   0.14 ns    11.36 ns …  11.73 ns  in 10 × 100000 runs
[moonbitlang/core] bench builtin/lexical_compare_bench_test.mbt:104 ("bench StringView::lexical_compare equal n=256") ok
time (mean ± σ)         range (min … max) 
 221.91 ns ±   0.38 ns   221.53 ns … 222.46 ns  in 10 × 100000 runs
[moonbitlang/core] bench builtin/lexical_compare_bench_test.mbt:109 ("bench StringView::lexical_compare common-prefix n=256") ok
time (mean ± σ)         range (min … max) 
 222.82 ns ±   1.65 ns   218.21 ns … 223.96 ns  in 10 × 100000 runs
[moonbitlang/core] bench builtin/lexical_compare_bench_test.mbt:114 ("bench StringView::lexical_compare early-diff n=256") ok
time (mean ± σ)         range (min … max) 
  11.54 ns ±   0.10 ns    11.38 ns …  11.72 ns  in 10 × 100000 runs
[moonbitlang/core] bench builtin/lexical_compare_bench_test.mbt:121 ("bench String::compare equal-length common-prefix n=256") ok
time (mean ± σ)         range (min … max) 
 179.60 ns ±   1.11 ns   176.62 ns … 180.49 ns  in 10 × 100000 runs
[moonbitlang/core] bench builtin/lexical_compare_bench_test.mbt:128 ("bench StringView::compare equal-length common-prefix n=256") ok
time (mean ± σ)         range (min … max) 
 222.34 ns ±   1.71 ns   217.63 ns … 223.40 ns  in 10 × 100000 runs
[moonbitlang/core] bench builtin/lexical_compare_bench_test.mbt:135 ("bench StringView::compare_ignore_ascii_case common-prefix n=256") ok
time (mean ± σ)         range (min … max) 
 429.21 ns ±   0.66 ns   428.49 ns … 430.25 ns  in 10 × 100000 runs
[moonbitlang/core] bench builtin/contains_code_unit_bench_test.mbt:19 ("bench contains_code_unit absent n=4") ok
time (mean ± σ)         range (min … max) 
   7.26 ns ±   0.13 ns     7.11 ns …   7.49 ns  in 10 × 100000 runs
[moonbitlang/core] bench builtin/contains_code_unit_bench_test.mbt:25 ("bench contains_code_unit absent n=8") ok
time (mean ± σ)         range (min … max) 
   8.90 ns ±   0.12 ns     8.74 ns …   9.08 ns  in 10 × 100000 runs
[moonbitlang/core] bench builtin/contains_code_unit_bench_test.mbt:31 ("bench contains_code_unit present@0 n=8") ok
time (mean ± σ)         range (min … max) 
   5.54 ns ±   0.23 ns     5.21 ns …   5.83 ns  in 10 × 100000 runs
[moonbitlang/core] bench builtin/contains_code_unit_bench_test.mbt:37 ("bench contains_code_unit absent n=16") ok
time (mean ± σ)         range (min … max) 
  12.83 ns ±   0.14 ns    12.71 ns …  13.06 ns  in 10 × 100000 runs
[moonbitlang/core] bench builtin/contains_code_unit_bench_test.mbt:43 ("bench contains_code_unit absent n=64") ok
time (mean ± σ)         range (min … max) 
  36.25 ns ±   0.56 ns    35.47 ns …  37.18 ns  in 10 × 100000 runs
[moonbitlang/core] bench builtin/contains_code_unit_bench_test.mbt:49 ("bench contains_code_unit absent n=256") ok
time (mean ± σ)         range (min … max) 
 139.34 ns ±   0.51 ns   138.60 ns … 140.21 ns  in 10 × 100000 runs
[moonbitlang/core] bench builtin/contains_code_unit_bench_test.mbt:55 ("bench contains_code_unit present@end n=256") ok
time (mean ± σ)         range (min … max) 
 140.74 ns ±   0.57 ns   139.71 ns … 141.33 ns  in 10 × 100000 runs
[moonbitlang/core] bench builtin/contains_code_unit_bench_test.mbt:61 ("bench contains_code_unit present@0 n=256") ok
time (mean ± σ)         range (min … max) 
   5.79 ns ±   0.12 ns     5.67 ns …   6.01 ns  in 10 × 100000 runs
[moonbitlang/core] bench builtin/contains_code_unit_bench_test.mbt:67 ("bench StringView contains_code_unit absent n=256") ok
time (mean ± σ)         range (min … max) 
 152.50 ns ±   2.62 ns   148.05 ns … 156.39 ns  in 10 × 100000 runs
[moonbitlang/core] bench builtin/bytesview_compare_bench_test.mbt:16 ("bench BytesView Compare equal n=1000000") ok
time (mean ± σ)         range (min … max) 
 768.35 µs ±   1.71 µs   766.52 µs … 771.87 µs  in 10 ×    131 runs
[moonbitlang/core] bench builtin/bytesview_compare_bench_test.mbt:23 ("bench BytesView Compare last-diff n=1000000") ok
time (mean ± σ)         range (min … max) 
 769.94 µs ±   3.78 µs   764.03 µs … 774.99 µs  in 10 ×    130 runs
[moonbitlang/core] bench builtin/bytes_unsafe_bench_test.mbt:31 ("bench Bytes::unsafe_read_uint16_le n=4096") ok
time (mean ± σ)         range (min … max) 
   3.08 µs ±   9.09 ns     3.07 µs …   3.10 µs  in 10 ×  34619 runs
[moonbitlang/core] bench builtin/bytes_unsafe_bench_test.mbt:43 ("bench Bytes::unsafe_read_uint32_le n=4096") ok
time (mean ± σ)         range (min … max) 
   5.44 µs ±  58.14 ns     5.36 µs …   5.50 µs  in 10 ×  18630 runs
[moonbitlang/core] bench builtin/bytes_unsafe_bench_test.mbt:55 ("bench Bytes::unsafe_read_uint64_le n=4096") ok
time (mean ± σ)         range (min … max) 
  10.88 µs ±   1.47 µs    10.14 µs …  13.67 µs  in 10 ×   9910 runs
[moonbitlang/core] bench builtin/bytes_unsafe_bench_test.mbt:67 ("bench FixedArray::unsafe_write_uint16_le n=4096") ok
time (mean ± σ)         range (min … max) 
   2.26 µs ±  13.43 ns     2.23 µs …   2.27 µs  in 10 ×  43605 runs
[moonbitlang/core] bench builtin/bytes_unsafe_bench_test.mbt:78 ("bench FixedArray::unsafe_write_uint32_le n=4096") ok
time (mean ± σ)         range (min … max) 
   4.90 µs ±  39.28 ns     4.83 µs …   4.94 µs  in 10 ×  20271 runs
[moonbitlang/core] bench builtin/bytes_unsafe_bench_test.mbt:89 ("bench FixedArray::unsafe_write_uint64_le n=4096") ok
time (mean ± σ)         range (min … max) 
  12.27 µs ±  34.33 ns    12.21 µs …  12.30 µs  in 10 ×   8141 runs
[moonbitlang/core] bench builtin/bytes_output_bench_test.mbt:19 ("bench Bytes Show binary n=100000") ok
time (mean ± σ)         range (min … max) 
   1.14 ms ± 185.87 µs   966.61 µs …   1.35 ms  in 10 ×     75 runs
[moonbitlang/core] bench builtin/bytes_output_bench_test.mbt:24 ("bench Bytes ToJson binary n=100000") ok
time (mean ± σ)         range (min … max) 
   1.01 ms ± 185.75 µs   857.02 µs …   1.23 ms  in 10 ×     82 runs
[moonbitlang/core] bench builtin/bytes_hash_bench_test.mbt:54 ("bench Hash::hash(Bytes) n=32") ok
time (mean ± σ)         range (min … max) 
  20.36 ns ±   0.12 ns    20.22 ns …  20.55 ns  in 10 × 100000 runs
[moonbitlang/core] bench builtin/bytes_hash_bench_test.mbt:60 ("bench Hash::hash(Bytes) n=8192") ok
time (mean ± σ)         range (min … max) 
   4.70 µs ±  20.67 ns     4.66 µs …   4.72 µs  in 10 ×  21558 runs
[moonbitlang/core] bench builtin/bytes_hash_bench_test.mbt:66 ("bench Map::at Bytes n=1024 key_bytes=32") ok
time (mean ± σ)         range (min … max) 
  53.82 µs ± 119.96 ns    53.64 µs …  54.09 µs  in 10 ×   1857 runs
[moonbitlang/core] bench builtin/bytes_from_array_bench_test.mbt:30 ("bench Bytes::from_array n=262144 full") ok
time (mean ± σ)         range (min … max) 
  97.31 µs ± 252.22 ns    97.02 µs …  97.91 µs  in 10 ×   1049 runs
[moonbitlang/core] bench builtin/bytes_from_array_bench_test.mbt:41 ("bench Bytes::from_array n=262144 sliced") ok
time (mean ± σ)         range (min … max) 
  97.27 µs ± 300.88 ns    96.99 µs …  97.95 µs  in 10 ×   1046 runs
[moonbitlang/core] bench builtin/bytes_from_array_bench_test.mbt:48 ("bench Bytes::makei from ArrayView n=262144 full") ok
time (mean ± σ)         range (min … max) 
 420.55 µs ±   4.54 µs   412.61 µs … 424.57 µs  in 10 ×    244 runs
[moonbitlang/core] bench builtin/bytes_from_array_bench_test.mbt:59 ("bench Bytes::makei from ArrayView n=262144 sliced") ok
time (mean ± σ)         range (min … max) 
 455.67 µs ±  10.38 µs   439.80 µs … 467.44 µs  in 10 ×    231 runs
[moonbitlang/core] bench builtin/bytes_equal_bench_test.mbt:37 ("bench Bytes::equal n=100000 equal") ok
time (mean ± σ)         range (min … max) 
  65.34 µs ±  32.09 ns    65.26 µs …  65.38 µs  in 10 ×   1531 runs
[moonbitlang/core] bench builtin/bytes_equal_bench_test.mbt:44 ("bench Bytes::equal n=100000 aliased object") ok
time (mean ± σ)         range (min … max) 
  64.11 µs ± 288.99 ns    63.59 µs …  64.34 µs  in 10 ×   1574 runs
[moonbitlang/core] bench builtin/bytes_equal_bench_test.mbt:54 ("bench Bytes::equal n=100000 mismatch at end") ok
time (mean ± σ)         range (min … max) 
  65.19 µs ±  60.01 ns    65.12 µs …  65.29 µs  in 10 ×   1532 runs
[moonbitlang/core] bench builtin/bytes_add_bench_test.mbt:16 ("bench Bytes add total=1000000") ok
time (mean ± σ)         range (min … max) 
 354.79 µs ±   1.05 µs   353.11 µs … 355.89 µs  in 10 ×    283 runs
[moonbitlang/core] bench builtin/bitstring_uint_aligned_bench_test.mbt:24 ("bench Bytes::unsafe_extract_uint_le_aligned n=8192") ok
time (mean ± σ)         range (min … max) 
   2.95 µs ±  15.64 ns     2.93 µs …   2.97 µs  in 10 ×  33825 runs
[moonbitlang/core] bench builtin/bitstring_uint64_aligned_bench_test.mbt:24 ("bench Bytes::unsafe_extract_uint64_le_aligned n=8192") ok
time (mean ± σ)         range (min … max) 
   3.37 µs ±   4.35 ns     3.36 µs …   3.37 µs  in 10 ×  36419 runs
[moonbitlang/core] bench builtin/bitstring_extract_bench_test.mbt:35 ("bench BytesView uint_le aligned len=32") ok
time (mean ± σ)         range (min … max) 
   4.86 µs ±  17.07 ns     4.84 µs …   4.88 µs  in 10 ×  20665 runs
[moonbitlang/core] bench builtin/bitstring_extract_bench_test.mbt:48 ("bench BytesView uint_be aligned len=32") ok
time (mean ± σ)         range (min … max) 
   4.89 µs ±   6.97 ns     4.88 µs …   4.90 µs  in 10 ×  20552 runs
[moonbitlang/core] bench builtin/bitstring_extract_bench_test.mbt:61 ("bench ArrayView uint_le aligned len=32") ok
time (mean ± σ)         range (min … max) 
   4.87 µs ±   8.08 ns     4.85 µs …   4.88 µs  in 10 ×  20540 runs
[moonbitlang/core] bench builtin/bitstring_extract_bench_test.mbt:75 ("bench ArrayView uint_be aligned len=32") ok
time (mean ± σ)         range (min … max) 
   4.87 µs ±  15.54 ns     4.84 µs …   4.90 µs  in 10 ×  20445 runs
[moonbitlang/core] bench builtin/bitstring_extract_bench_test.mbt:89 ("bench BytesView uint64_le aligned len=64") ok
time (mean ± σ)         range (min … max) 
   3.69 µs ±  16.65 ns     3.67 µs …   3.72 µs  in 10 ×  26834 runs
[moonbitlang/core] bench builtin/bitstring_extract_bench_test.mbt:102 ("bench BytesView uint64_be aligned len=64") ok
time (mean ± σ)         range (min … max) 
   3.69 µs ±   8.66 ns     3.68 µs …   3.70 µs  in 10 ×  26911 runs
[moonbitlang/core] bench builtin/bitstring_extract_bench_test.mbt:115 ("bench ArrayView uint64_le aligned len=64") ok
time (mean ± σ)         range (min … max) 
   3.70 µs ±  12.77 ns     3.68 µs …   3.72 µs  in 10 ×  26893 runs
[moonbitlang/core] bench builtin/bitstring_extract_bench_test.mbt:129 ("bench ArrayView uint64_be aligned len=64") ok
time (mean ± σ)         range (min … max) 
   3.69 µs ±   7.74 ns     3.68 µs …   3.70 µs  in 10 ×  27026 runs
[moonbitlang/core] bench builtin/bitstring_extract_bench_test.mbt:143 ("bench BytesView uint_le unaligned len=32") ok
time (mean ± σ)         range (min … max) 
  19.29 µs ±  11.67 ns    19.27 µs …  19.31 µs  in 10 ×   5192 runs
[moonbitlang/core] bench builtin/bitstring_extract_bench_test.mbt:156 ("bench BytesView uint64_le unaligned len=64") ok
time (mean ± σ)         range (min … max) 
  16.73 µs ±  15.50 ns    16.71 µs …  16.75 µs  in 10 ×   5988 runs
[moonbitlang/core] bench builtin/bitstring_extract_bench_test.mbt:169 ("bench BytesView uint_le aligned len=16") ok
time (mean ± σ)         range (min … max) 
   7.20 µs ±   1.94 µs     4.38 µs …   8.47 µs  in 10 ×  11938 runs
[moonbitlang/core] bench builtin/bitstring_extract_bench_test.mbt:182 ("bench BytesView uint_le aligned len=24") ok
time (mean ± σ)         range (min … max) 
  14.07 µs ±  14.17 ns    14.06 µs …  14.10 µs  in 10 ×   7124 runs
[moonbitlang/core] bench builtin/array_retain_bench_test.mbt:29 ("bench Array::retain all keep Int n=100000") ok
time (mean ± σ)         range (min … max) 
  66.22 µs ±  39.48 ns    66.15 µs …  66.27 µs  in 10 ×   1511 runs
[moonbitlang/core] bench builtin/array_retain_bench_test.mbt:42 ("bench Array::retain all keep Ref n=100000") ok
time (mean ± σ)         range (min … max) 
  77.34 µs ±  98.04 ns    77.26 µs …  77.53 µs  in 10 ×   1294 runs
[moonbitlang/core] bench builtin/array_retain_bench_test.mbt:55 ("bench Array::retain drop tail n=100000") ok
time (mean ± σ)         range (min … max) 
 133.40 µs ± 842.35 ns   132.32 µs … 134.78 µs  in 10 ×    744 runs
[moonbitlang/core] bench builtin/array_retain_bench_test.mbt:66 ("bench Array::retain late sparse drop n=100000") ok
time (mean ± σ)         range (min … max) 
 180.10 µs ±   1.05 µs   178.91 µs … 181.89 µs  in 10 ×    552 runs
[moonbitlang/core] bench builtin/array_retain_bench_test.mbt:77 ("bench Array::retain drop first n=100000") ok
time (mean ± σ)         range (min … max) 
 152.05 µs ± 412.02 ns   151.53 µs … 152.77 µs  in 10 ×    655 runs
[moonbitlang/core] bench builtin/array_make_blit_bench_test.mbt:32 ("bench FixedArray::copy Ref n=1000000") ok
time (mean ± σ)         range (min … max) 
   2.34 ms ± 127.80 µs     2.10 ms …   2.43 ms  in 10 ×     42 runs
[moonbitlang/core] bench builtin/array_make_blit_bench_test.mbt:38 ("bench Array::from_fixed_array Ref n=1000000") ok
time (mean ± σ)         range (min … max) 
   2.34 ms ± 115.37 µs     2.12 ms …   2.41 ms  in 10 ×     42 runs
[moonbitlang/core] bench builtin/array_make_blit_bench_test.mbt:44 ("bench Array::add Ref n=500000+500000") ok
time (mean ± σ)         range (min … max) 
   2.22 ms ±  11.29 µs     2.21 ms …   2.25 ms  in 10 ×     44 runs
[moonbitlang/core] bench builtin/array_make_blit_bench_test.mbt:51 ("bench ArrayView::add Ref n=500000+500000") ok
time (mean ± σ)         range (min … max) 
   2.22 ms ±  51.77 µs     2.19 ms …   2.36 ms  in 10 ×     45 runs
[moonbitlang/core] bench builtin/array_make_blit_bench_test.mbt:60 ("bench Array::blit_to Ref n=1000000 overwrite") ok
time (mean ± σ)         range (min … max) 
 167.26 µs ± 484.72 ns   166.90 µs … 168.37 µs  in 10 ×    597 runs
[moonbitlang/core] bench builtin/array_make_blit_bench_test.mbt:70 ("bench Array::blit_to Ref n=1000000 grow") ok
time (mean ± σ)         range (min … max) 
   3.51 ms ±  14.32 µs     3.49 ms …   3.54 ms  in 10 ×     30 runs
[moonbitlang/core] bench builtin/array_make_blit_bench_test.mbt:80 ("bench ArrayView::blit_to Ref n=1000000 overwrite") ok
time (mean ± σ)         range (min … max) 
 168.62 µs ± 129.41 ns   168.45 µs … 168.85 µs  in 10 ×    593 runs
[moonbitlang/core] bench builtin/array_make_blit_bench_test.mbt:90 ("bench ArrayView::blit_to Ref n=1000000 grow") ok
time (mean ± σ)         range (min … max) 
   3.51 ms ±  15.31 µs     3.49 ms …   3.54 ms  in 10 ×     30 runs
[moonbitlang/core] bench builtin/array_make_blit_bench_test.mbt:100 ("bench Array::append Ref n=1000000 grow") ok
time (mean ± σ)         range (min … max) 
   3.51 ms ±  19.92 µs     3.49 ms …   3.54 ms  in 10 ×     30 runs
[moonbitlang/core] bench builtin/array_make_blit_bench_test.mbt:110 ("bench Array::push Ref n=1000000 resize") ok
time (mean ± σ)         range (min … max) 
   5.16 ms ± 218.83 µs     4.80 ms …   5.44 ms  in 10 ×     20 runs
[moonbitlang/core] bench builtin/array_make_blit_bench_test.mbt:129 ("bench Array::copy Int n=1000000") ok
time (mean ± σ)         range (min … max) 
 578.69 µs ±   4.92 µs   572.52 µs … 585.22 µs  in 10 ×    173 runs
[moonbitlang/core] bench builtin/array_make_blit_bench_test.mbt:135 ("bench Array::copy Ref n=1000000") ok
time (mean ± σ)         range (min … max) 
   2.22 ms ±  13.42 µs     2.21 ms …   2.24 ms  in 10 ×     45 runs
[moonbitlang/core] bench builtin/array_locals_bench_test.mbt:29 ("bench Array::retain_map n=100000") ok
time (mean ± σ)         range (min … max) 
  69.77 µs ± 228.81 ns    69.33 µs …  69.91 µs  in 10 ×   1431 runs
[moonbitlang/core] bench builtin/array_locals_bench_test.mbt:38 ("bench Array::shuffle_in_place n=100000") ok
time (mean ± σ)         range (min … max) 
 160.58 µs ± 130.47 ns   160.41 µs … 160.78 µs  in 10 ×    625 runs
[moonbitlang/core] bench builtin/array_locals_bench_test.mbt:50 ("bench Array::filter_map n=100000") ok
time (mean ± σ)         range (min … max) 
 162.58 µs ± 985.97 ns   161.53 µs … 164.08 µs  in 10 ×    613 runs
[moonbitlang/core] bench builtin/array_locals_bench_test.mbt:58 ("bench FixedArray::each n=100000") ok
time (mean ± σ)         range (min … max) 
  48.16 µs ± 207.40 ns    48.03 µs …  48.74 µs  in 10 ×   2083 runs
[moonbitlang/core] bench builtin/array_locals_bench_test.mbt:68 ("bench FixedArray::eachi n=100000") ok
time (mean ± σ)         range (min … max) 
  63.99 µs ± 445.58 ns    63.58 µs …  64.57 µs  in 10 ×   1552 runs
[moonbitlang/core] bench builtin/array_locals_bench_test.mbt:78 ("bench FixedArray::rev_each n=100000") ok
time (mean ± σ)         range (min … max) 
  53.88 µs ±  45.74 ns    53.81 µs …  53.95 µs  in 10 ×   1859 runs
[moonbitlang/core] bench builtin/array_locals_bench_test.mbt:88 ("bench FixedArray::rev_eachi n=100000") ok
time (mean ± σ)         range (min … max) 
  76.15 µs ±  69.69 ns    76.02 µs …  76.24 µs  in 10 ×   1315 runs
[moonbitlang/core] bench builtin/array_locals_bench_test.mbt:98 ("bench FixedArray::map n=100000") ok
time (mean ± σ)         range (min … max) 
  91.24 µs ± 383.06 ns    90.85 µs …  91.76 µs  in 10 ×   1098 runs
[moonbitlang/core] bench builtin/array_locals_bench_test.mbt:104 ("bench FixedArray::mapi n=100000") ok
time (mean ± σ)         range (min … max) 
  89.46 µs ± 334.41 ns    89.04 µs …  89.95 µs  in 10 ×   1121 runs
[moonbitlang/core] bench builtin/array_locals_bench_test.mbt:110 ("bench FixedArray::makei n=100000") ok
time (mean ± σ)         range (min … max) 
  83.92 µs ± 810.52 ns    82.84 µs …  85.10 µs  in 10 ×   1209 runs
[moonbitlang/core] bench builtin/array_locals_bench_test.mbt:115 ("bench FixedArray::fold n=100000") ok
time (mean ± σ)         range (min … max) 
  55.90 µs ± 323.65 ns    55.30 µs …  56.17 µs  in 10 ×   1794 runs
[moonbitlang/core] bench builtin/array_locals_bench_test.mbt:121 ("bench FixedArray::rev_fold n=100000") ok
time (mean ± σ)         range (min … max) 
  55.03 µs ± 334.03 ns    54.60 µs …  55.39 µs  in 10 ×   1830 runs
[moonbitlang/core] bench builtin/array_locals_bench_test.mbt:127 ("bench FixedArray::foldi n=100000") ok
time (mean ± σ)         range (min … max) 
  58.23 µs ±  61.14 ns    58.17 µs …  58.33 µs  in 10 ×   1713 runs
[moonbitlang/core] bench builtin/array_locals_bench_test.mbt:133 ("bench FixedArray::rev_foldi n=100000") ok
time (mean ± σ)         range (min … max) 
  64.13 µs ± 469.76 ns    63.57 µs …  64.70 µs  in 10 ×   1570 runs
[moonbitlang/core] bench builtin/array_locals_bench_test.mbt:139 ("bench ArrayView::chunk_by n=100000") ok
time (mean ± σ)         range (min … max) 
  96.17 µs ± 162.22 ns    95.79 µs …  96.39 µs  in 10 ×   1037 runs
[moonbitlang/core] bench builtin/array_locals_bench_test.mbt:146 ("bench ArrayView::each n=100000") ok
time (mean ± σ)         range (min … max) 
  63.75 µs ±  72.30 ns    63.67 µs …  63.86 µs  in 10 ×   1573 runs
[moonbitlang/core] bench builtin/array_locals_bench_test.mbt:157 ("bench ArrayView::eachi n=100000") ok
time (mean ± σ)         range (min … max) 
  72.09 µs ±  36.68 ns    72.02 µs …  72.12 µs  in 10 ×   1389 runs
[moonbitlang/core] bench builtin/array_locals_bench_test.mbt:168 ("bench ArrayView::rev_each n=100000") ok
time (mean ± σ)         range (min … max) 
  69.86 µs ± 113.33 ns    69.67 µs …  70.04 µs  in 10 ×   1434 runs
[moonbitlang/core] bench builtin/array_locals_bench_test.mbt:179 ("bench ArrayView::rev_eachi n=100000") ok
time (mean ± σ)         range (min … max) 
  78.33 µs ± 518.10 ns    77.12 µs …  78.63 µs  in 10 ×   1275 runs
[moonbitlang/core] bench builtin/array_locals_bench_test.mbt:190 ("bench ArrayView::all n=100000") ok
time (mean ± σ)         range (min … max) 
  62.89 µs ± 201.46 ns    62.62 µs …  63.20 µs  in 10 ×   1581 runs
[moonbitlang/core] bench builtin/array_locals_bench_test.mbt:197 ("bench ArrayView::any n=100000") ok
time (mean ± σ)         range (min … max) 
  62.70 µs ± 273.74 ns    62.42 µs …  63.07 µs  in 10 ×   1599 runs
[moonbitlang/core] bench builtin/array_locals_bench_test.mbt:204 ("bench ArrayView::search_by n=100000") ok
time (mean ± σ)         range (min … max) 
  62.47 µs ±  81.17 ns    62.33 µs …  62.59 µs  in 10 ×   1600 runs
[moonbitlang/core] bench builtin/array_locals_bench_test.mbt:213 ("bench ArrayView::fold n=100000") ok
time (mean ± σ)         range (min … max) 
  62.52 µs ± 115.60 ns    62.31 µs …  62.69 µs  in 10 ×   1595 runs
[moonbitlang/core] bench builtin/array_locals_bench_test.mbt:220 ("bench ArrayView::rev_fold n=100000") ok
time (mean ± σ)         range (min … max) 
  60.74 µs ±  60.11 ns    60.66 µs …  60.84 µs  in 10 ×   1647 runs
[moonbitlang/core] bench builtin/array_locals_bench_test.mbt:227 ("bench ArrayView::foldi n=100000") ok
time (mean ± σ)         range (min … max) 
  68.88 µs ± 401.21 ns    68.08 µs …  69.34 µs  in 10 ×   1443 runs
[moonbitlang/core] bench builtin/array_locals_bench_test.mbt:234 ("bench ArrayView::rev_foldi n=100000") ok
time (mean ± σ)         range (min … max) 
  75.40 µs ±  36.85 ns    75.34 µs …  75.45 µs  in 10 ×   1326 runs
[moonbitlang/core] bench builtin/array_locals_bench_test.mbt:241 ("bench ArrayView::map n=100000") ok
time (mean ± σ)         range (min … max) 
 137.84 µs ±   1.38 µs   136.05 µs … 139.26 µs  in 10 ×    727 runs
[moonbitlang/core] bench builtin/array_locals_bench_test.mbt:248 ("bench ArrayView::mapi n=100000") ok
time (mean ± σ)         range (min … max) 
 139.01 µs ± 324.08 ns   138.64 µs … 139.59 µs  in 10 ×    715 runs
[moonbitlang/core] bench builtin/array_locals_bench_test.mbt:255 ("bench ArrayView::filter n=100000") ok
time (mean ± σ)         range (min … max) 
 149.10 µs ± 894.84 ns   148.24 µs … 150.78 µs  in 10 ×    670 runs
[moonbitlang/core] bench builtin/array_locals_bench_test.mbt:262 ("bench ArrayView::filter_map n=100000") ok
time (mean ± σ)         range (min … max) 
 162.75 µs ± 821.73 ns   161.81 µs … 164.23 µs  in 10 ×    615 runs
[moonbitlang/core] bench bytes/find_bench_test.mbt:92 ("bench BytesView::find single byte hit end n=4096") ok
time (mean ± σ)         range (min … max) 
   2.23 µs ±   4.91 ns     2.22 µs …   2.24 µs  in 10 ×  46849 runs
[moonbitlang/core] bench bytes/find_bench_test.mbt:99 ("bench BytesView::find single byte miss n=4096") ok
time (mean ± σ)         range (min … max) 
   2.25 µs ±   7.87 ns     2.24 µs …   2.27 µs  in 10 ×  46286 runs
[moonbitlang/core] bench bytes/find_bench_test.mbt:106 ("bench BytesView::find substring rare hit end n=4096") ok
time (mean ± σ)         range (min … max) 
   2.36 µs ±  23.24 ns     2.33 µs …   2.38 µs  in 10 ×  42003 runs
[moonbitlang/core] bench bytes/find_bench_test.mbt:113 ("bench BytesView::find substring dense miss n=4096") ok
time (mean ± σ)         range (min … max) 
   2.39 µs ±   5.44 ns     2.38 µs …   2.40 µs  in 10 ×  40802 runs
[moonbitlang/core] bench bytes/find_bench_test.mbt:120 ("bench BytesView::find offset view rare hit end n=4096") ok
time (mean ± σ)         range (min … max) 
   2.34 µs ±   5.71 ns     2.32 µs …   2.34 µs  in 10 ×  41988 runs
[moonbitlang/core] bench bytes/find_bench_test.mbt:127 ("bench BytesView::find long dense miss n=4096") ok
time (mean ± σ)         range (min … max) 
   5.09 µs ±  23.77 ns     5.05 µs …   5.11 µs  in 10 ×  19713 runs
[moonbitlang/core] bench bytes/find_bench_test.mbt:134 ("bench BytesView::find single byte miss n=32") ok
time (mean ± σ)         range (min … max) 
  27.63 ns ±   0.15 ns    27.46 ns …  27.90 ns  in 10 × 100000 runs
[moonbitlang/core] bench bytes/find_bench_test.mbt:141 ("bench BytesView::find substring miss n=32") ok
time (mean ± σ)         range (min … max) 
  25.89 ns ±   0.55 ns    24.75 ns …  26.39 ns  in 10 × 100000 runs
[moonbitlang/core] bench bytes/find_bench_test.mbt:148 ("bench BytesView::rev_find single byte hit start n=4096") ok
time (mean ± σ)         range (min … max) 
   2.16 µs ±   9.78 ns     2.14 µs …   2.17 µs  in 10 ×  46575 runs
[moonbitlang/core] bench bytes/find_bench_test.mbt:155 ("bench BytesView::rev_find single byte miss n=4096") ok
time (mean ± σ)         range (min … max) 
   2.26 µs ±  12.28 ns     2.24 µs …   2.28 µs  in 10 ×  45258 runs
[moonbitlang/core] bench bytes/find_bench_test.mbt:162 ("bench BytesView::rev_find substring rare hit start n=4096") ok
time (mean ± σ)         range (min … max) 
   3.42 µs ±  46.17 ns     3.36 µs …   3.48 µs  in 10 ×  29027 runs
[moonbitlang/core] bench bytes/find_bench_test.mbt:169 ("bench BytesView::rev_find substring dense miss n=4096") ok
time (mean ± σ)         range (min … max) 
   3.77 µs ±  20.13 ns     3.74 µs …   3.80 µs  in 10 ×  26281 runs
[moonbitlang/core] bench bytes/find_bench_test.mbt:176 ("bench BytesView::rev_find offset view rare hit start n=4096") ok
time (mean ± σ)         range (min … max) 
   3.34 µs ±   6.25 ns     3.34 µs …   3.36 µs  in 10 ×  29729 runs
[moonbitlang/core] bench bytes/find_bench_test.mbt:185 ("bench BytesView::rev_find long dense miss n=4096") ok
time (mean ± σ)         range (min … max) 
   3.77 µs ±   6.15 ns     3.76 µs …   3.78 µs  in 10 ×  26473 runs
[moonbitlang/core] bench debug/debug_inspect_bench_test.mbt:16 ("bench debug_inspect passing Int") ok
time (mean ± σ)         range (min … max) 
  69.82 ns ±   1.58 ns    66.92 ns …  70.95 ns  in 10 × 100000 runs
[moonbitlang/core] bench debug/debug_inspect_bench_test.mbt:21 ("bench debug_inspect passing Array") ok
time (mean ± σ)         range (min … max) 
 842.79 ns ±   4.41 ns   835.98 ns … 853.67 ns  in 10 × 100000 runs
[moonbitlang/core] bench deque/deque_bench_test.mbt:22 ("bench Deque::to_array Int n=50000") ok
time (mean ± σ)         range (min … max) 
 107.14 µs ± 361.92 ns   106.47 µs … 107.73 µs  in 10 ×    940 runs
[moonbitlang/core] bench deque/deque_bench_test.mbt:28 ("bench Deque::to_array Ref n=50000") ok
time (mean ± σ)         range (min … max) 
 134.88 µs ±   1.48 µs   132.24 µs … 136.81 µs  in 10 ×    743 runs
[moonbitlang/core] bench deque/deque_bench_test.mbt:34 ("bench Deque steady-state pop_front/push_back x100000 len=1000") ok
time (mean ± σ)         range (min … max) 
 395.48 µs ±   2.83 µs   389.23 µs … 397.68 µs  in 10 ×    253 runs
[moonbitlang/core] bench deque/deque_bench_test.mbt:51 ("bench Deque steady-state push_front/pop_back x100000 len=1000") ok
time (mean ± σ)         range (min … max) 
 394.36 µs ±   2.19 µs   389.96 µs … 395.76 µs  in 10 ×    254 runs
[moonbitlang/core] bench deque/deque_bench_test.mbt:67 ("bench Deque::get x100000 len=1000") ok
time (mean ± σ)         range (min … max) 
 637.85 µs ± 300.70 ns   637.56 µs … 638.53 µs  in 10 ×    157 runs
[moonbitlang/core] bench encoding/ascii/ascii_bench_test.mbt:40 ("bench ASCII decode n=15") ok
time (mean ± σ)         range (min … max) 
  56.75 ns ±   0.29 ns    56.31 ns …  57.07 ns  in 10 × 100000 runs
[moonbitlang/core] bench encoding/ascii/ascii_bench_test.mbt:46 ("bench ASCII decode n=16") ok
time (mean ± σ)         range (min … max) 
  60.42 ns ±   0.39 ns    59.74 ns …  60.96 ns  in 10 × 100000 runs
[moonbitlang/core] bench encoding/ascii/ascii_bench_test.mbt:52 ("bench ASCII decode n=32") ok
time (mean ± σ)         range (min … max) 
 102.10 ns ±   0.37 ns   101.54 ns … 102.68 ns  in 10 × 100000 runs
[moonbitlang/core] bench encoding/ascii/ascii_bench_test.mbt:58 ("bench ASCII decode n=64") ok
time (mean ± σ)         range (min … max) 
 147.18 ns ±   0.96 ns   145.49 ns … 148.43 ns  in 10 × 100000 runs
[moonbitlang/core] bench encoding/ascii/ascii_bench_test.mbt:64 ("bench ASCII decode n=100000") ok
time (mean ± σ)         range (min … max) 
 246.30 µs ± 842.70 ns   244.45 µs … 247.46 µs  in 10 ×    413 runs
[moonbitlang/core] bench encoding/ascii/ascii_bench_test.mbt:70 ("bench ASCII decode n=1000000") ok
time (mean ± σ)         range (min … max) 
   2.34 ms ±  12.11 µs     2.33 ms …   2.37 ms  in 10 ×     43 runs
[moonbitlang/core] bench encoding/base64/v128_bench_wbtest.mbt:38 ("bench encode scalar n=64") ok
time (mean ± σ)         range (min … max) 
   1.68 µs ±  10.25 ns     1.67 µs …   1.70 µs  in 10 ×  57218 runs
[moonbitlang/core] bench encoding/base64/v128_bench_wbtest.mbt:43 ("bench encode v128 n=64") ok
time (mean ± σ)         range (min … max) 
   1.70 µs ±  13.67 ns     1.69 µs …   1.73 µs  in 10 ×  57213 runs
[moonbitlang/core] bench encoding/base64/v128_bench_wbtest.mbt:48 ("bench encode scalar n=1024") ok
time (mean ± σ)         range (min … max) 
  25.91 µs ± 217.21 ns    25.69 µs …  26.34 µs  in 10 ×   3782 runs
[moonbitlang/core] bench encoding/base64/v128_bench_wbtest.mbt:53 ("bench encode v128 n=1024") ok
time (mean ± σ)         range (min … max) 
  25.94 µs ± 427.04 ns    25.61 µs …  26.72 µs  in 10 ×   3723 runs
[moonbitlang/core] bench encoding/base64/v128_bench_wbtest.mbt:58 ("bench encode scalar n=65536") ok
time (mean ± σ)         range (min … max) 
   1.66 ms ±   5.10 µs     1.66 ms …   1.67 ms  in 10 ×     60 runs
[moonbitlang/core] bench encoding/base64/v128_bench_wbtest.mbt:63 ("bench encode v128 n=65536") ok
time (mean ± σ)         range (min … max) 
   1.67 ms ±   5.90 µs     1.66 ms …   1.68 ms  in 10 ×     60 runs
[moonbitlang/core] bench encoding/base64/v128_bench_wbtest.mbt:68 ("bench decode scalar n=64") ok
time (mean ± σ)         range (min … max) 
 276.62 ns ±   2.22 ns   271.46 ns … 279.82 ns  in 10 × 100000 runs
[moonbitlang/core] bench encoding/base64/v128_bench_wbtest.mbt:75 ("bench decode v128 n=64") ok
time (mean ± σ)         range (min … max) 
 282.71 ns ±   2.02 ns   278.37 ns … 285.24 ns  in 10 × 100000 runs
[moonbitlang/core] bench encoding/base64/v128_bench_wbtest.mbt:80 ("bench decode scalar n=1024") ok
time (mean ± σ)         range (min … max) 
   3.93 µs ±  14.69 ns     3.92 µs …   3.96 µs  in 10 ×  24141 runs
[moonbitlang/core] bench encoding/base64/v128_bench_wbtest.mbt:87 ("bench decode v128 n=1024") ok
time (mean ± σ)         range (min … max) 
   3.92 µs ±  31.17 ns     3.85 µs …   3.96 µs  in 10 ×  24095 runs
[moonbitlang/core] bench encoding/base64/v128_bench_wbtest.mbt:92 ("bench decode scalar n=65536") ok
time (mean ± σ)         range (min … max) 
 598.81 µs ±   1.72 µs   596.42 µs … 600.66 µs  in 10 ×    167 runs
[moonbitlang/core] bench encoding/base64/v128_bench_wbtest.mbt:99 ("bench decode v128 n=65536") ok
time (mean ± σ)         range (min … max) 
 599.60 µs ±   1.98 µs   597.08 µs … 602.82 µs  in 10 ×    167 runs
[moonbitlang/core] bench encoding/hex/v128_bench_wbtest.mbt:34 ("bench encode scalar 4k") ok
time (mean ± σ)         range (min … max) 
 148.26 µs ± 365.48 ns   147.98 µs … 149.10 µs  in 10 ×    672 runs
[moonbitlang/core] bench encoding/hex/v128_bench_wbtest.mbt:39 ("bench encode public 64") ok
time (mean ± σ)         range (min … max) 
   2.34 µs ±  10.16 ns     2.33 µs …   2.36 µs  in 10 ×  42226 runs
[moonbitlang/core] bench encoding/hex/v128_bench_wbtest.mbt:44 ("bench encode public 4k") ok
time (mean ± σ)         range (min … max) 
 148.44 µs ± 385.14 ns   148.11 µs … 149.17 µs  in 10 ×    672 runs
[moonbitlang/core] bench encoding/hex/v128_bench_wbtest.mbt:49 ("bench encode public 64k") ok
time (mean ± σ)         range (min … max) 
   2.38 ms ±  10.54 µs     2.37 ms …   2.40 ms  in 10 ×     43 runs
[moonbitlang/core] bench encoding/hex/v128_bench_wbtest.mbt:54 ("bench decode scalar 4k") ok
time (mean ± σ)         range (min … max) 
  28.84 µs ± 189.13 ns    28.58 µs …  29.14 µs  in 10 ×   3426 runs
[moonbitlang/core] bench encoding/hex/v128_bench_wbtest.mbt:62 ("bench decode public 4k") ok
time (mean ± σ)         range (min … max) 
  22.99 µs ± 763.57 ns    21.64 µs …  24.37 µs  in 10 ×   4021 runs
[moonbitlang/core] bench encoding/hex/v128_bench_wbtest.mbt:70 ("bench decode public 64k") ok
time (mean ± σ)         range (min … max) 
 581.70 µs ±   4.06 µs   574.32 µs … 586.84 µs  in 10 ×    171 runs
[moonbitlang/core] bench encoding/utf16/utf16_v128_bench_test.mbt:57 ("bench utf16 encode ASCII LE n=100000") ok
time (mean ± σ)         range (min … max) 
 111.70 µs ± 766.97 ns   111.05 µs … 113.04 µs  in 10 ×    895 runs
[moonbitlang/core] bench encoding/utf16/utf16_v128_bench_test.mbt:63 ("bench utf16 encode ASCII BE n=100000") ok
time (mean ± σ)         range (min … max) 
 118.51 µs ± 547.60 ns   118.08 µs … 119.80 µs  in 10 ×    844 runs
[moonbitlang/core] bench encoding/utf16/utf16_v128_bench_test.mbt:69 ("bench utf16 encode mixed LE n=100000") ok
time (mean ± σ)         range (min … max) 
 111.30 µs ± 172.31 ns   111.02 µs … 111.66 µs  in 10 ×    887 runs
[moonbitlang/core] bench encoding/utf16/utf16_v128_bench_test.mbt:75 ("bench utf16 encode mixed BE n=100000") ok
time (mean ± σ)         range (min … max) 
 118.52 µs ± 380.95 ns   117.99 µs … 119.21 µs  in 10 ×    844 runs
[moonbitlang/core] bench encoding/utf16/utf16_v128_bench_test.mbt:81 ("bench utf16 decode ASCII LE n=100000") ok
time (mean ± σ)         range (min … max) 
 204.43 µs ±   2.45 µs   200.59 µs … 206.75 µs  in 10 ×    502 runs
[moonbitlang/core] bench encoding/utf16/utf16_v128_bench_test.mbt:87 ("bench utf16 decode ASCII BE n=100000") ok
time (mean ± σ)         range (min … max) 
 350.31 µs ±   1.07 µs   347.40 µs … 351.04 µs  in 10 ×    288 runs
[moonbitlang/core] bench encoding/utf16/utf16_v128_bench_test.mbt:95 ("bench utf16 decode mixed LE n=100000") ok
time (mean ± σ)         range (min … max) 
 203.70 µs ±   3.63 µs   196.41 µs … 206.27 µs  in 10 ×    506 runs
[moonbitlang/core] bench encoding/utf16/utf16_v128_bench_test.mbt:101 ("bench utf16 decode mixed BE n=100000") ok
time (mean ± σ)         range (min … max) 
 350.40 µs ±   1.09 µs   348.52 µs … 351.56 µs  in 10 ×    287 runs
[moonbitlang/core] bench encoding/utf16/utf16_v128_bench_test.mbt:109 ("bench utf16 decode emoji LE n=100000") ok
time (mean ± σ)         range (min … max) 
 306.15 µs ±   2.85 µs   301.88 µs … 308.87 µs  in 10 ×    331 runs
[moonbitlang/core] bench encoding/utf16/utf16_v128_bench_test.mbt:115 ("bench utf16 decode emoji BE n=100000") ok
time (mean ± σ)         range (min … max) 
 357.41 µs ±   1.72 µs   355.07 µs … 360.09 µs  in 10 ×    280 runs
[moonbitlang/core] bench hashmap/hashmap_bench_test.mbt:19 ("bench HashMap::set n=50000") ok
time (mean ± σ)         range (min … max) 
   1.72 ms ±  19.47 µs     1.70 ms …   1.76 ms  in 10 ×     58 runs
[moonbitlang/core] bench hashmap/hashmap_bench_test.mbt:30 ("bench HashMap::get n=50000") ok
time (mean ± σ)         range (min … max) 
 517.75 µs ± 265.13 ns   517.45 µs … 518.22 µs  in 10 ×    194 runs
[moonbitlang/core] bench hashmap/hashmap_bench_test.mbt:47 ("bench HashMap::get miss n=50000") ok
time (mean ± σ)         range (min … max) 
 640.56 µs ±   1.24 µs   638.10 µs … 643.02 µs  in 10 ×    156 runs
[moonbitlang/core] bench hashmap/hashmap_bench_test.mbt:67 ("bench HashMap::set+remove n=50000") ok
time (mean ± σ)         range (min … max) 
   2.44 ms ±  25.91 µs     2.41 ms …   2.48 ms  in 10 ×     42 runs
[moonbitlang/core] bench hashmap/hashmap_bench_test.mbt:87 ("bench HashMap::copy+remove n=50000") ok
time (mean ± σ)         range (min … max) 
   1.30 ms ±  20.44 µs     1.28 ms …   1.34 ms  in 10 ×     78 runs
[moonbitlang/core] bench hashmap/hashmap_bench_test.mbt:102 ("bench HashMap::copy n=50000") ok
time (mean ± σ)         range (min … max) 
 630.88 µs ±  12.67 µs   612.69 µs … 645.67 µs  in 10 ×    159 runs
[moonbitlang/core] bench hashmap/hashmap_bench_test.mbt:114 ("bench HashMap::to_array Int n=50000") ok
time (mean ± σ)         range (min … max) 
 613.40 µs ±  17.83 µs   593.00 µs … 640.30 µs  in 10 ×    164 runs
[moonbitlang/core] bench hashmap/hashmap_bench_test.mbt:123 ("bench HashMap::to_array Ref n=50000") ok
time (mean ± σ)         range (min … max) 
 740.70 µs ±  18.31 µs   703.15 µs … 757.22 µs  in 10 ×    127 runs
[moonbitlang/core] bench hashmap/hashmap_bench_test.mbt:141 ("bench HashMap::filter n=50000") ok
time (mean ± σ)         range (min … max) 
 816.02 µs ±   7.66 µs   803.65 µs … 828.79 µs  in 10 ×    123 runs
[moonbitlang/core] bench hashmap/hashmap_bench_test.mbt:147 ("bench HashMap comprehension filter n=50000") ok
time (mean ± σ)         range (min … max) 
   2.53 ms ±  34.46 µs     2.50 ms …   2.59 ms  in 10 ×     40 runs
[moonbitlang/core] bench hashset/set_algebra_bench_test.mbt:26 ("bench HashSet::union String 10k 50% overlap") ok
time (mean ± σ)         range (min … max) 
 572.01 µs ±   4.03 µs   567.47 µs … 580.35 µs  in 10 ×    175 runs
[moonbitlang/core] bench hashset/set_algebra_bench_test.mbt:33 ("bench HashSet::union Int 10k 50% overlap") ok
time (mean ± σ)         range (min … max) 
 462.10 µs ±   3.85 µs   457.32 µs … 469.11 µs  in 10 ×    211 runs
[moonbitlang/core] bench hashset/set_algebra_bench_test.mbt:40 ("bench HashSet::intersection String 10k 50% overlap") ok
time (mean ± σ)         range (min … max) 
 368.79 µs ±   3.18 µs   365.82 µs … 374.65 µs  in 10 ×    271 runs
[moonbitlang/core] bench hashset/set_algebra_bench_test.mbt:47 ("bench HashSet::difference String 10k 50% overlap") ok
time (mean ± σ)         range (min … max) 
 354.54 µs ±   2.70 µs   351.60 µs … 359.14 µs  in 10 ×    283 runs
[moonbitlang/core] bench hashset/set_algebra_bench_test.mbt:54 ("bench HashSet::is_subset String 10k true") ok
time (mean ± σ)         range (min … max) 
 303.16 µs ± 391.35 ns   302.72 µs … 303.83 µs  in 10 ×    329 runs
[moonbitlang/core] bench hashset/set_algebra_bench_test.mbt:61 ("bench HashSet == String 10k") ok
time (mean ± σ)         range (min … max) 
 298.03 µs ±   3.35 µs   294.63 µs … 303.61 µs  in 10 ×    331 runs
[moonbitlang/core] bench hashset/set_algebra_bench_test.mbt:68 ("bench HashSet == Int 10k") ok
time (mean ± σ)         range (min … max) 
  63.41 µs ±   3.65 µs    60.74 µs …  70.12 µs  in 10 ×   1447 runs
[moonbitlang/core] bench hashset/hashset_bench_test.mbt:19 ("bench HashSet::add n=50000") ok
time (mean ± σ)         range (min … max) 
   2.16 ms ±  44.59 µs     2.11 ms …   2.24 ms  in 10 ×     47 runs
[moonbitlang/core] bench hashset/hashset_bench_test.mbt:30 ("bench HashSet::contains n=50000") ok
time (mean ± σ)         range (min … max) 
   1.15 ms ±  10.98 µs     1.13 ms …   1.16 ms  in 10 ×     87 runs
[moonbitlang/core] bench hashset/hashset_bench_test.mbt:56 ("bench HashSet::filter n=50000") ok
time (mean ± σ)         range (min … max) 
 378.84 µs ±   3.98 µs   373.70 µs … 384.90 µs  in 10 ×    273 runs
[moonbitlang/core] bench hashset/hashset_bench_test.mbt:62 ("bench HashSet comprehension filter n=50000") ok
time (mean ± σ)         range (min … max) 
 996.05 µs ±   4.33 µs   990.57 µs …   1.00 ms  in 10 ×    103 runs
[moonbitlang/core] bench immut/hashmap/update_bench_test.mbt:21 ("bench HashMap::remove absent x1000 n=100000") ok
time (mean ± σ)         range (min … max) 
  27.63 µs ±  34.96 ns    27.60 µs …  27.72 µs  in 10 ×   3619 runs
[moonbitlang/core] bench immut/hashmap/update_bench_test.mbt:32 ("bench HashMap::remove present x1000 n=100000") ok
time (mean ± σ)         range (min … max) 
 192.30 µs ±   1.93 µs   190.33 µs … 195.80 µs  in 10 ×    517 runs
[moonbitlang/core] bench immut/hashmap/update_bench_test.mbt:43 ("bench HashMap::union with a derived version n=100000") ok
time (mean ± σ)         range (min … max) 
 484.96 ns ±   0.70 ns   483.70 ns … 486.08 ns  in 10 × 100000 runs
[moonbitlang/core] bench immut/hashmap/update_bench_test.mbt:49 ("bench HashMap::intersection with a derived version n=100000") ok
time (mean ± σ)         range (min … max) 
 462.07 ns ±   0.64 ns   461.25 ns … 462.95 ns  in 10 × 100000 runs
[moonbitlang/core] bench immut/hashmap/hashmap_build_bench_test.mbt:37 ("bench HashMap constructor ordered n=10000") ok
time (mean ± σ)         range (min … max) 
 596.26 µs ±   2.40 µs   592.62 µs … 599.88 µs  in 10 ×    168 runs
[moonbitlang/core] bench immut/hashmap/hashmap_build_bench_test.mbt:43 ("bench HashMap constructor random n=10000") ok
time (mean ± σ)         range (min … max) 
 597.01 µs ±   2.95 µs   593.83 µs … 601.29 µs  in 10 ×    169 runs
[moonbitlang/core] bench immut/hashmap/hashmap_build_bench_test.mbt:49 ("bench HashMap::from_iter random n=10000") ok
time (mean ± σ)         range (min … max) 
 635.96 µs ±   3.05 µs   630.67 µs … 640.25 µs  in 10 ×    157 runs
[moonbitlang/core] bench immut/hashset/update_bench_test.mbt:21 ("bench HashSet::add existing x1000 n=100000") ok
time (mean ± σ)         range (min … max) 
  34.17 µs ± 104.10 ns    34.09 µs …  34.37 µs  in 10 ×   2924 runs
[moonbitlang/core] bench immut/hashset/update_bench_test.mbt:32 ("bench HashSet::remove absent x1000 n=100000") ok
time (mean ± σ)         range (min … max) 
  27.84 µs ± 171.54 ns    27.69 µs …  28.12 µs  in 10 ×   3618 runs
[moonbitlang/core] bench immut/hashset/update_bench_test.mbt:43 ("bench HashSet::add new x1000 n=100000") ok
time (mean ± σ)         range (min … max) 
 190.38 µs ± 914.16 ns   189.22 µs … 191.96 µs  in 10 ×    532 runs
[moonbitlang/core] bench immut/hashset/update_bench_test.mbt:54 ("bench HashSet::union with a derived version n=100000") ok
time (mean ± σ)         range (min … max) 
 481.78 ns ±   0.58 ns   481.15 ns … 482.69 ns  in 10 × 100000 runs
[moonbitlang/core] bench immut/hashset/hashset_build_bench_test.mbt:34 ("bench HashSet constructor ordered n=10000") ok
time (mean ± σ)         range (min … max) 
 629.64 µs ±   4.56 µs   624.34 µs … 638.17 µs  in 10 ×    159 runs
[moonbitlang/core] bench immut/hashset/hashset_build_bench_test.mbt:40 ("bench HashSet constructor random n=10000") ok
time (mean ± σ)         range (min … max) 
 630.32 µs ±   3.87 µs   622.94 µs … 634.01 µs  in 10 ×    160 runs
[moonbitlang/core] bench immut/hashset/hashset_build_bench_test.mbt:46 ("bench HashSet::from_iter random n=10000") ok
time (mean ± σ)         range (min … max) 
 660.02 µs ±   5.28 µs   653.55 µs … 668.44 µs  in 10 ×    152 runs
[moonbitlang/core] bench immut/priority_queue/priority_queue_build_bench_test.mbt:38 ("bench PriorityQueue::from_array ordered n=10000") ok
time (mean ± σ)         range (min … max) 
  53.64 µs ±   1.48 µs    52.06 µs …  55.66 µs  in 10 ×   1812 runs
[moonbitlang/core] bench immut/priority_queue/priority_queue_build_bench_test.mbt:44 ("bench PriorityQueue::from_array reverse n=10000") ok
time (mean ± σ)         range (min … max) 
  42.83 µs ± 886.95 ns    42.18 µs …  44.74 µs  in 10 ×   2224 runs
[moonbitlang/core] bench immut/priority_queue/priority_queue_build_bench_test.mbt:50 ("bench PriorityQueue::from_array random n=10000") ok
time (mean ± σ)         range (min … max) 
  55.01 µs ±   1.26 µs    53.65 µs …  56.54 µs  in 10 ×   1775 runs
[moonbitlang/core] bench immut/priority_queue/priority_queue_build_bench_test.mbt:56 ("bench PriorityQueue::from_iter random n=10000") ok
time (mean ± σ)         range (min … max) 
  91.69 µs ± 435.52 ns    91.02 µs …  92.24 µs  in 10 ×   1086 runs
[moonbitlang/core] bench immut/sorted_map/sorted_map_build_bench_test.mbt:54 ("bench SortedMap constructor reverse n=10000") ok
time (mean ± σ)         range (min … max) 
  85.81 µs ± 541.34 ns    84.99 µs …  86.52 µs  in 10 ×   1161 runs
[moonbitlang/core] bench immut/sorted_map/sorted_map_build_bench_test.mbt:60 ("bench SortedMap::from_iter ordered n=10000") ok
time (mean ± σ)         range (min … max) 
   1.89 ms ±  13.63 µs     1.87 ms …   1.91 ms  in 10 ×     53 runs
[moonbitlang/core] bench immut/sorted_map/sorted_map_build_bench_test.mbt:66 ("bench SortedMap::from_iter almost ordered n=10000") ok
time (mean ± σ)         range (min … max) 
   1.88 ms ±   7.91 µs     1.87 ms …   1.89 ms  in 10 ×     54 runs
[moonbitlang/core] bench immut/sorted_map/sorted_map_build_bench_test.mbt:72 ("bench SortedMap::from_iter random n=10000") ok
time (mean ± σ)         range (min … max) 
   1.16 ms ±   5.33 µs     1.15 ms …   1.16 ms  in 10 ×     87 runs
[moonbitlang/core] bench immut/sorted_map/sorted_map_build_bench_test.mbt:78 ("bench SortedMap constructor ordered n=10000") ok
time (mean ± σ)         range (min … max) 
  88.20 µs ± 509.60 ns    87.38 µs …  88.90 µs  in 10 ×   1132 runs
[moonbitlang/core] bench immut/sorted_map/sorted_map_build_bench_test.mbt:84 ("bench SortedMap constructor almost ordered n=10000") ok
time (mean ± σ)         range (min … max) 
 186.42 µs ± 662.62 ns   185.18 µs … 187.31 µs  in 10 ×    537 runs
[moonbitlang/core] bench immut/sorted_map/sorted_map_build_bench_test.mbt:90 ("bench SortedMap constructor random n=10000") ok
time (mean ± σ)         range (min … max) 
 735.30 µs ±   5.51 µs   726.09 µs … 743.57 µs  in 10 ×    135 runs
[moonbitlang/core] bench immut/sorted_map/merge_bench_test.mbt:29 ("bench merge disjoint n=1000") ok
time (mean ± σ)         range (min … max) 
   2.32 µs ±   7.39 ns     2.31 µs …   2.33 µs  in 10 ×  41733 runs
[moonbitlang/core] bench immut/sorted_map/merge_bench_test.mbt:36 ("bench merge disjoint n=5000") ok
time (mean ± σ)         range (min … max) 
   3.57 µs ±  25.64 ns     3.55 µs …   3.61 µs  in 10 ×  27886 runs
[moonbitlang/core] bench immut/sorted_map/merge_bench_test.mbt:43 ("bench merge disjoint n=10000") ok
time (mean ± σ)         range (min … max) 
   4.17 µs ±  18.35 ns     4.15 µs …   4.21 µs  in 10 ×  23989 runs
[moonbitlang/core] bench immut/sorted_map/merge_bench_test.mbt:50 ("bench merge overlapping 50% n=1000") ok
time (mean ± σ)         range (min … max) 
   7.19 µs ±  40.48 ns     7.16 µs …   7.27 µs  in 10 ×  13784 runs
[moonbitlang/core] bench immut/sorted_map/merge_bench_test.mbt:57 ("bench merge overlapping 50% n=5000") ok
time (mean ± σ)         range (min … max) 
  35.32 µs ±  74.49 ns    35.24 µs …  35.43 µs  in 10 ×   2837 runs
[moonbitlang/core] bench immut/sorted_map/merge_bench_test.mbt:64 ("bench merge overlapping 50% n=10000") ok
time (mean ± σ)         range (min … max) 
  62.94 µs ± 157.28 ns    62.63 µs …  63.22 µs  in 10 ×   1592 runs
[moonbitlang/core] bench immut/sorted_map/merge_bench_test.mbt:71 ("bench merge identical n=1000") ok
time (mean ± σ)         range (min … max) 
  10.34 µs ±  12.09 ns    10.33 µs …  10.37 µs  in 10 ×   9651 runs
[moonbitlang/core] bench immut/sorted_map/merge_bench_test.mbt:78 ("bench merge identical n=5000") ok
time (mean ± σ)         range (min … max) 
  53.88 µs ± 172.24 ns    53.61 µs …  54.20 µs  in 10 ×   1866 runs
[moonbitlang/core] bench immut/sorted_map/merge_bench_test.mbt:85 ("bench merge interleaved n=1000") ok
time (mean ± σ)         range (min … max) 
  39.35 µs ± 218.69 ns    39.07 µs …  39.79 µs  in 10 ×   2540 runs
[moonbitlang/core] bench immut/sorted_map/merge_bench_test.mbt:92 ("bench merge interleaved n=5000") ok
time (mean ± σ)         range (min … max) 
 215.08 µs ± 574.22 ns   213.83 µs … 215.62 µs  in 10 ×    463 runs
[moonbitlang/core] bench immut/sorted_map/merge_bench_test.mbt:99 ("bench merge small into large n=100+10000") ok
time (mean ± σ)         range (min … max) 
   3.07 µs ±  11.11 ns     3.06 µs …   3.09 µs  in 10 ×  32555 runs
[moonbitlang/core] bench immut/sorted_set/sorted_set_build_bench_test.mbt:51 ("bench SortedSet constructor reverse n=10000") ok
time (mean ± σ)         range (min … max) 
  79.93 µs ± 342.43 ns    79.43 µs …  80.35 µs  in 10 ×   1250 runs
[moonbitlang/core] bench immut/sorted_set/sorted_set_build_bench_test.mbt:57 ("bench SortedSet::from_iter ordered n=10000") ok
time (mean ± σ)         range (min … max) 
   1.88 ms ±  10.02 µs     1.87 ms …   1.90 ms  in 10 ×     53 runs
[moonbitlang/core] bench immut/sorted_set/sorted_set_build_bench_test.mbt:63 ("bench SortedSet::from_iter almost ordered n=10000") ok
time (mean ± σ)         range (min … max) 
   1.88 ms ±  15.89 µs     1.87 ms …   1.91 ms  in 10 ×     53 runs
[moonbitlang/core] bench immut/sorted_set/sorted_set_build_bench_test.mbt:69 ("bench SortedSet::from_iter rev almost ordered n=10000") ok
time (mean ± σ)         range (min … max) 
   1.88 ms ±   6.53 µs     1.87 ms …   1.89 ms  in 10 ×     54 runs
[moonbitlang/core] bench immut/sorted_set/sorted_set_build_bench_test.mbt:75 ("bench SortedSet::from_iter random n=10000") ok
time (mean ± σ)         range (min … max) 
   1.15 ms ±   4.61 µs     1.14 ms …   1.15 ms  in 10 ×     88 runs
[moonbitlang/core] bench immut/sorted_set/sorted_set_build_bench_test.mbt:81 ("bench SortedSet constructor ordered n=10000") ok
time (mean ± σ)         range (min … max) 
  82.69 µs ± 272.76 ns    82.21 µs …  83.11 µs  in 10 ×   1206 runs
[moonbitlang/core] bench immut/sorted_set/sorted_set_build_bench_test.mbt:87 ("bench SortedSet constructor almost ordered n=10000") ok
time (mean ± σ)         range (min … max) 
 112.19 µs ±   1.79 µs   109.80 µs … 114.49 µs  in 10 ×    875 runs
[moonbitlang/core] bench immut/sorted_set/sorted_set_build_bench_test.mbt:93 ("bench SortedSet constructor random n=10000") ok
time (mean ± σ)         range (min … max) 
 305.38 µs ±   1.46 µs   303.60 µs … 308.16 µs  in 10 ×    325 runs
[moonbitlang/core] bench immut/vector/vector_iter_bench_test.mbt:24 ("bench Vector::iter fold n=100000") ok
time (mean ± σ)         range (min … max) 
 501.24 µs ± 697.57 ns   500.64 µs … 502.97 µs  in 10 ×    199 runs
[moonbitlang/core] bench immut/vector/vector_iter_bench_test.mbt:30 ("bench Vector::iter each n=100000") ok
time (mean ± σ)         range (min … max) 
 517.23 µs ± 289.43 ns   516.95 µs … 517.68 µs  in 10 ×    194 runs
[moonbitlang/core] bench immut/vector/vector_iter_bench_test.mbt:40 ("bench Vector::iter to_array n=100000") ok
time (mean ± σ)         range (min … max) 
 647.93 µs ±   2.14 µs   644.75 µs … 651.80 µs  in 10 ×    158 runs
[moonbitlang/core] bench immut/vector/vector_iter_bench_test.mbt:46 ("bench Vector::for-in n=100000") ok
time (mean ± σ)         range (min … max) 
 500.95 µs ± 289.93 ns   500.60 µs … 501.48 µs  in 10 ×    200 runs
[moonbitlang/core] bench immut/vector/vector_contains_bench_test.mbt:24 ("bench Vector::contains missing n=100000") ok
time (mean ± σ)         range (min … max) 
  56.44 µs ± 634.09 ns    55.36 µs …  57.07 µs  in 10 ×   1756 runs
[moonbitlang/core] bench immut/vector/vector_contains_bench_test.mbt:30 ("bench Vector::contains tree-end n=100000") ok
time (mean ± σ)         range (min … max) 
  56.06 µs ± 539.41 ns    55.02 µs …  56.43 µs  in 10 ×   1838 runs
[moonbitlang/core] bench immut/vector/vector_contains_bench_test.mbt:36 ("bench Vector::contains tail-end n=100000") ok
time (mean ± σ)         range (min … max) 
  56.93 µs ± 242.95 ns    56.55 µs …  57.30 µs  in 10 ×   1774 runs
[moonbitlang/core] bench internal/strconv/parse_double_bench_test.mbt:48 ("bench parse_double fast digits n=4096") ok
time (mean ± σ)         range (min … max) 
 379.13 µs ±  14.97 µs   361.05 µs … 400.06 µs  in 10 ×    264 runs
[moonbitlang/core] bench internal/strconv/parse_double_bench_test.mbt:55 ("bench parse_double underscores n=4096") ok
time (mean ± σ)         range (min … max) 
 670.29 µs ±  10.59 µs   664.08 µs … 692.79 µs  in 10 ×    151 runs
[moonbitlang/core] bench internal/strconv/parse_double_bench_test.mbt:62 ("bench parse_double long mantissa n=4096") ok
time (mean ± σ)         range (min … max) 
 538.69 µs ±   1.01 µs   537.52 µs … 540.19 µs  in 10 ×    182 runs
[moonbitlang/core] bench json/stringify_indent_bench_test.mbt:45 ("bench Json::stringify deep wide indent=2 n=10000") ok
time (mean ± σ)         range (min … max) 
 426.14 µs ±   1.65 µs   424.41 µs … 429.59 µs  in 10 ×    167 runs
[moonbitlang/core] bench json/stringify_indent_bench_test.mbt:54 ("bench Json::stringify compact n=10000") ok
time (mean ± σ)         range (min … max) 
 201.16 µs ± 339.04 ns   200.76 µs … 201.67 µs  in 10 ×    444 runs
[moonbitlang/core] bench json/stringify_indent_bench_test.mbt:60 ("bench Json::stringify shallow wide indent=2 n=500") ok
time (mean ± σ)         range (min … max) 
 174.81 µs ± 472.80 ns   174.37 µs … 175.76 µs  in 10 ×    569 runs
[moonbitlang/core] bench json/stringify_indent_bench_test.mbt:66 ("bench Json::stringify shallow wide compact n=500") ok
time (mean ± σ)         range (min … max) 
 129.99 µs ± 594.70 ns   129.49 µs … 131.23 µs  in 10 ×    763 runs
[moonbitlang/core] bench json/stringify_escape_bench_test.mbt:24 ("bench Json::stringify strings no escape n=2048") ok
time (mean ± σ)         range (min … max) 
 136.56 µs ± 291.70 ns   136.26 µs … 137.07 µs  in 10 ×    740 runs
[moonbitlang/core] bench json/stringify_escape_bench_test.mbt:30 ("bench Json::stringify strings slash no escape n=2048") ok
time (mean ± σ)         range (min … max) 
 135.65 µs ± 790.36 ns   134.34 µs … 136.58 µs  in 10 ×    738 runs
[moonbitlang/core] bench json/stringify_escape_bench_test.mbt:36 ("bench Json::stringify strings slash escaped n=2048") ok
time (mean ± σ)         range (min … max) 
 252.20 µs ± 756.15 ns   251.07 µs … 253.40 µs  in 10 ×    343 runs
[moonbitlang/core] bench json/stringify_escape_bench_test.mbt:42 ("bench Json::stringify strings quotes controls n=2048") ok
time (mean ± σ)         range (min … max) 
 235.94 µs ±   1.37 µs   233.46 µs … 238.27 µs  in 10 ×    367 runs
[moonbitlang/core] bench json/stringify_escape_bench_test.mbt:48 ("bench Json::stringify 2KB prose one newline n=64") ok
time (mean ± σ)         range (min … max) 
 337.07 µs ±  42.34 µs   311.86 µs … 414.95 µs  in 10 ×    238 runs
[moonbitlang/core] bench json/parse_bench_test.mbt:45 ("bench json parse mixed object array n=1000") ok
time (mean ± σ)         range (min … max) 
   1.17 ms ±   8.16 µs     1.16 ms …   1.18 ms  in 10 ×     86 runs
[moonbitlang/core] bench json/number_bench_test.mbt:64 ("bench json parse int array n=10000") ok
time (mean ± σ)         range (min … max) 
 762.48 µs ±  13.78 µs   736.43 µs … 774.26 µs  in 10 ×    132 runs
[moonbitlang/core] bench json/number_bench_test.mbt:70 ("bench json parse float array n=10000") ok
time (mean ± σ)         range (min … max) 
   1.14 ms ±  11.28 µs     1.12 ms …   1.16 ms  in 10 ×     87 runs
[moonbitlang/core] bench json/number_bench_test.mbt:76 ("bench json parse long mantissa array n=10000") ok
time (mean ± σ)         range (min … max) 
   1.79 ms ±  21.88 µs     1.77 ms …   1.82 ms  in 10 ×     56 runs
[moonbitlang/core] bench json/json_inspect_bench_test.mbt:16 ("bench json_inspect passing Int") ok
time (mean ± σ)         range (min … max) 
  69.49 ns ±   0.43 ns    68.85 ns …  69.94 ns  in 10 × 100000 runs
[moonbitlang/core] bench lazy_list/concat_bench_test.mbt:40 ("bench LazyList build and traverse n=2048") ok
time (mean ± σ)         range (min … max) 
  34.39 µs ± 322.90 ns    33.47 µs …  34.52 µs  in 10 ×   2901 runs
[moonbitlang/core] bench lazy_list/concat_bench_test.mbt:49 ("bench LazyList re-traverse a forced list n=2048") ok
time (mean ± σ)         range (min … max) 
  15.38 µs ± 187.82 ns    15.27 µs …  15.75 µs  in 10 ×   6331 runs
[moonbitlang/core] bench lazy_list/concat_bench_test.mbt:57 ("bench LazyList left-nested concat, build only n=2048") ok
time (mean ± σ)         range (min … max) 
  78.03 µs ± 195.29 ns    77.76 µs …  78.25 µs  in 10 ×   1284 runs
[moonbitlang/core] bench lazy_list/concat_bench_test.mbt:62 ("bench LazyList left-nested concat, build and traverse n=2048") ok
time (mean ± σ)         range (min … max) 
 149.05 µs ± 395.67 ns   148.66 µs … 149.63 µs  in 10 ×    671 runs
[moonbitlang/core] bench lazy_list/concat_bench_test.mbt:69 ("bench LazyList concat while consuming n=2048") ok
time (mean ± σ)         range (min … max) 
 116.76 µs ± 133.45 ns   116.58 µs … 117.05 µs  in 10 ×    856 runs
[moonbitlang/core] bench lexbuf/lexbuf_bench_test.mbt:47 ("bench Lexbuf retained token chunks=10000 size=1") ok
time (mean ± σ)         range (min … max) 
 321.63 µs ±   1.11 µs   320.39 µs … 323.55 µs  in 10 ×    310 runs
[moonbitlang/core] bench lexbuf/lexbuf_bench_test.mbt:52 ("bench Lexbuf retained token chunks=1250 size=8") ok
time (mean ± σ)         range (min … max) 
  96.39 µs ± 288.20 ns    96.14 µs …  96.99 µs  in 10 ×   1031 runs
[moonbitlang/core] bench lexbuf/lexbuf_bench_test.mbt:57 ("bench Lexbuf retained token chunks=157 size=64") ok
time (mean ± σ)         range (min … max) 
  47.55 µs ±  83.02 ns    47.51 µs …  47.78 µs  in 10 ×   2092 runs
[moonbitlang/core] bench lexbuf/lexbuf_bench_test.mbt:62 ("bench Lexbuf retained token chunks=20 size=512") ok
time (mean ± σ)         range (min … max) 
  43.69 µs ±  59.28 ns    43.59 µs …  43.76 µs  in 10 ×   2285 runs
[moonbitlang/core] bench quickcheck/shrink_collection_bench_test.mbt:16 ("bench shrink Array first candidate size=10000") ok
time (mean ± σ)         range (min … max) 
 137.06 ns ±   0.21 ns   136.68 ns … 137.37 ns  in 10 × 100000 runs
[moonbitlang/core] bench quickcheck/shrink_collection_bench_test.mbt:22 ("bench shrink List first candidate size=10000") ok
time (mean ± σ)         range (min … max) 
  82.68 µs ± 160.78 ns    82.51 µs …  82.91 µs  in 10 ×   1204 runs
[moonbitlang/core] bench quickcheck/generator_bench_test.mbt:16 ("bench Generator::zip_with n=1000000") ok
time (mean ± σ)         range (min … max) 
  11.99 ms ±  12.20 µs    11.97 ms …  12.01 ms  in 10 ×      9 runs
[moonbitlang/core] bench quickcheck/arbitrary_string_bench_test.mbt:16 ("bench Arbitrary String size=10000 count=100") ok
time (mean ± σ)         range (min … max) 
   5.47 ms ±  24.55 µs     5.44 ms …   5.52 ms  in 10 ×     17 runs
[moonbitlang/core] bench random/random_test.mbt:409 ("bench random") ok
time (mean ± σ)         range (min … max) 
  32.48 ms ± 856.16 µs    31.47 ms …  33.32 ms  in 10 ×      4 runs
[moonbitlang/core] bench set/set_algebra_bench_test.mbt:26 ("bench Set::union String 10k 50% overlap") ok
time (mean ± σ)         range (min … max) 
 602.10 µs ±   7.16 µs   589.26 µs … 609.89 µs  in 10 ×    166 runs
[moonbitlang/core] bench set/set_algebra_bench_test.mbt:33 ("bench Set::union Int 10k 50% overlap") ok
time (mean ± σ)         range (min … max) 
 484.06 µs ±   3.63 µs   478.85 µs … 490.37 µs  in 10 ×    204 runs
[moonbitlang/core] bench set/set_algebra_bench_test.mbt:40 ("bench Set::intersection String 10k 50% overlap") ok
time (mean ± σ)         range (min … max) 
 373.48 µs ±   1.36 µs   371.74 µs … 375.75 µs  in 10 ×    267 runs
[moonbitlang/core] bench set/set_algebra_bench_test.mbt:47 ("bench Set::difference String 10k 50% overlap") ok
time (mean ± σ)         range (min … max) 
 387.23 µs ±   2.55 µs   383.97 µs … 391.46 µs  in 10 ×    255 runs
[moonbitlang/core] bench set/set_algebra_bench_test.mbt:54 ("bench Set::is_subset String 10k true") ok
time (mean ± σ)         range (min … max) 
 302.50 µs ±   1.26 µs   299.49 µs … 303.81 µs  in 10 ×    330 runs
[moonbitlang/core] bench set/set_algebra_bench_test.mbt:61 ("bench Set == String 10k") ok
time (mean ± σ)         range (min … max) 
 302.02 µs ± 789.06 ns   300.73 µs … 303.66 µs  in 10 ×    333 runs
[moonbitlang/core] bench set/set_algebra_bench_test.mbt:68 ("bench Set == Int 10k") ok
time (mean ± σ)         range (min … max) 
 105.81 µs ± 109.15 ns   105.62 µs … 105.97 µs  in 10 ×    943 runs
[moonbitlang/core] bench set/linked_hash_set_bench_test.mbt:19 ("bench Set::add n=50000") ok
time (mean ± σ)         range (min … max) 
   2.31 ms ±  17.58 µs     2.28 ms …   2.34 ms  in 10 ×     45 runs
[moonbitlang/core] bench set/linked_hash_set_bench_test.mbt:30 ("bench Set::contains n=50000") ok
time (mean ± σ)         range (min … max) 
   1.16 ms ±   4.26 µs     1.14 ms …   1.16 ms  in 10 ×     87 runs
[moonbitlang/core] bench set/linked_hash_set_bench_test.mbt:47 ("bench Set::contains miss n=50000") ok
time (mean ± σ)         range (min … max) 
   1.19 ms ±  11.01 µs     1.17 ms …   1.20 ms  in 10 ×     84 runs
[moonbitlang/core] bench set/linked_hash_set_bench_test.mbt:67 ("bench Set::add+remove n=50000") ok
time (mean ± σ)         range (min … max) 
   3.51 ms ±  34.51 µs     3.47 ms …   3.56 ms  in 10 ×     29 runs
[moonbitlang/core] bench set/linked_hash_set_bench_test.mbt:86 ("bench Set::filter n=50000") ok
time (mean ± σ)         range (min … max) 
 443.55 µs ±   5.81 µs   432.82 µs … 450.67 µs  in 10 ×    230 runs
[moonbitlang/core] bench set/linked_hash_set_bench_test.mbt:92 ("bench Set comprehension filter n=50000") ok
time (mean ± σ)         range (min … max) 
 977.30 µs ±   6.42 µs   970.59 µs … 987.38 µs  in 10 ×    103 runs
[moonbitlang/core] bench sorted_set/sorted_set_bench_test.mbt:22 ("bench SortedSet::to_array Int n=50000") ok
time (mean ± σ)         range (min … max) 
 169.15 µs ± 609.38 ns   168.68 µs … 170.64 µs  in 10 ×    590 runs
[moonbitlang/core] bench sorted_set/sorted_set_bench_test.mbt:30 ("bench SortedSet::to_array Ref n=50000") ok
time (mean ± σ)         range (min … max) 
 178.92 µs ±   1.41 µs   177.78 µs … 181.68 µs  in 10 ×    556 runs
[moonbitlang/core] bench string/regex_bench_test.mbt:16 ("bench regex /aa?b/ on 1MB string") ok
time (mean ± σ)         range (min … max) 
   2.69 ms ±   2.00 µs     2.69 ms …   2.69 ms  in 10 ×     38 runs
[moonbitlang/core] bench string/regex_bench_test.mbt:23 ("bench regex phone lines") ok
time (mean ± σ)         range (min … max) 
   2.53 µs ±   2.29 ns     2.52 µs …   2.53 µs  in 10 ×  40014 runs
[moonbitlang/core] bench string/regex_bench_test.mbt:43 ("bench regex large pattern") ok
time (mean ± σ)         range (min … max) 
   1.92 ms ±   2.51 µs     1.92 ms …   1.93 ms  in 10 ×     52 runs
[moonbitlang/core] bench v128/v128_bench_test.mbt:32 ("bench V128 i64x2_add n=10000") ok
time (mean ± σ)         range (min … max) 
   5.87 µs ±  41.47 ns     5.76 µs …   5.90 µs  in 10 ×  16943 runs
[moonbitlang/core] bench v128/v128_bench_test.mbt:44 ("bench V128 i32x4_add n=10000") ok
time (mean ± σ)         range (min … max) 
   5.74 µs ±  21.97 ns     5.72 µs …   5.77 µs  in 10 ×  17361 runs
[moonbitlang/core] bench v128/v128_bench_test.mbt:56 ("bench V128 i8x16_add n=10000") ok
time (mean ± σ)         range (min … max) 
   5.86 µs ±  36.52 ns     5.80 µs …   5.90 µs  in 10 ×  17190 runs
[moonbitlang/core] bench v128/v128_bench_test.mbt:68 ("bench V128 i8x16_splat n=10000") ok
time (mean ± σ)         range (min … max) 
   5.46 µs ±  52.63 ns     5.40 µs …   5.54 µs  in 10 ×  18058 runs
[moonbitlang/core] bench v128/v128_bench_test.mbt:79 ("bench V128 i8x16_extract_lane_u n=10000") ok
time (mean ± σ)         range (min … max) 
   8.60 µs ±  97.48 ns     8.52 µs …   8.79 µs  in 10 ×  11868 runs
[moonbitlang/core] bench v128/v128_bench_test.mbt:93 ("bench V128 i8x16_replace_lane n=10000") ok
time (mean ± σ)         range (min … max) 
  40.78 µs ± 427.43 ns    40.12 µs …  41.21 µs  in 10 ×   2426 runs
[moonbitlang/core] bench v128/v128_bench_test.mbt:108 ("bench V128 i8x16_bitmask n=10000") ok
time (mean ± σ)         range (min … max) 
   8.29 µs ±  13.97 ns     8.26 µs …   8.30 µs  in 10 ×  12023 runs
[moonbitlang/core] bench v128/v128_bench_test.mbt:120 ("bench V128 load/store n=10000") ok
time (mean ± σ)         range (min … max) 
 134.25 µs ±  62.06 ns   134.11 µs … 134.32 µs  in 10 ×    745 runs
[moonbitlang/core] bench v128/v128_bench_test.mbt:135 ("bench V128 load8x8_u n=10000") ok
time (mean ± σ)         range (min … max) 
  44.75 µs ± 141.95 ns    44.56 µs …  44.90 µs  in 10 ×   2245 runs
[moonbitlang/core] bench v128/v128_bench_test.mbt:147 ("bench V128 load8x8_s n=10000") ok
time (mean ± σ)         range (min … max) 
  50.23 µs ±  30.85 ns    50.16 µs …  50.27 µs  in 10 ×   1999 runs
[moonbitlang/core] bench v128/v128_bench_test.mbt:159 ("bench V128 load16x4_u n=10000") ok
time (mean ± σ)         range (min … max) 
  38.38 µs ± 244.94 ns    38.05 µs …  38.60 µs  in 10 ×   2628 runs
[moonbitlang/core] bench v128/v128_bench_test.mbt:171 ("bench V128 load16x4_s n=10000") ok
time (mean ± σ)         range (min … max) 
  43.49 µs ±  93.73 ns    43.33 µs …  43.66 µs  in 10 ×   2299 runs
[moonbitlang/core] bench v128/v128_bench_test.mbt:183 ("bench V128 load32x2_u n=10000") ok
time (mean ± σ)         range (min … max) 
  36.09 µs ±  93.84 ns    35.97 µs …  36.19 µs  in 10 ×   2780 runs
[moonbitlang/core] bench v128/v128_bench_test.mbt:195 ("bench V128 load32x2_s n=10000") ok
time (mean ± σ)         range (min … max) 
  38.82 µs ±  64.06 ns    38.70 µs …  38.91 µs  in 10 ×   2583 runs
[moonbitlang/core] bench v128/v128_bench_test.mbt:207 ("bench V128 load_splat n=10000") ok
time (mean ± σ)         range (min … max) 
  53.06 µs ±  58.48 ns    52.96 µs …  53.14 µs  in 10 ×   1887 runs
[moonbitlang/core] bench v128/v128_bench_test.mbt:223 ("bench V128 load8_lane n=10000") ok
time (mean ± σ)         range (min … max) 
  42.13 µs ±  80.66 ns    42.03 µs …  42.25 µs  in 10 ×   2369 runs
[moonbitlang/core] bench v128/v128_bench_test.mbt:235 ("bench V128 load16_lane n=10000") ok
time (mean ± σ)         range (min … max) 
  42.58 µs ± 149.13 ns    42.40 µs …  42.83 µs  in 10 ×   2332 runs
[moonbitlang/core] bench v128/v128_bench_test.mbt:247 ("bench V128 load32_lane n=10000") ok
time (mean ± σ)         range (min … max) 
  43.25 µs ±  66.78 ns    43.14 µs …  43.39 µs  in 10 ×   2313 runs
[moonbitlang/core] bench v128/v128_bench_test.mbt:259 ("bench V128 load64_lane n=10000") ok
time (mean ± σ)         range (min … max) 
  66.69 µs ±  87.97 ns    66.55 µs …  66.82 µs  in 10 ×   1493 runs
[moonbitlang/core] bench v128/v128_bench_test.mbt:271 ("bench V128 extend i8x16 to i16x8 n=10000") ok
time (mean ± σ)         range (min … max) 
  10.85 µs ±   9.18 ns    10.84 µs …  10.86 µs  in 10 ×   9011 runs
[moonbitlang/core] bench v128/v128_bench_test.mbt:285 ("bench V128 extend i16x8 to i32x4 n=10000") ok
time (mean ± σ)         range (min … max) 
  11.06 µs ±  88.69 ns    10.90 µs …  11.14 µs  in 10 ×   8985 runs
[moonbitlang/core] bench v128/v128_bench_test.mbt:299 ("bench V128 extend i32x4 to i64x2 n=10000") ok
time (mean ± σ)         range (min … max) 
  10.99 µs ±  70.51 ns    10.91 µs …  11.12 µs  in 10 ×   8961 runs
[moonbitlang/core] bench v128/v128_bench_test.mbt:313 ("bench V128 all_true n=10000") ok
time (mean ± σ)         range (min … max) 
  15.48 µs ±  50.26 ns    15.38 µs …  15.55 µs  in 10 ×   6474 runs
[moonbitlang/core] bench v128/v128_bench_test.mbt:337 ("bench V128 bitmask all widths n=10000") ok
time (mean ± σ)         range (min … max) 
  17.65 µs ±  57.72 ns    17.55 µs …  17.70 µs  in 10 ×   5659 runs
[moonbitlang/core] bench v128/v128_bench_test.mbt:353 ("bench V128 swizzle n=10000") ok
time (mean ± σ)         range (min … max) 
   5.90 µs ±   3.47 ns     5.89 µs …   5.90 µs  in 10 ×  17126 runs
[moonbitlang/core] bench v128/v128_bench_test.mbt:371 ("bench V128 shuffle n=10000") ok
time (mean ± σ)         range (min … max) 
  11.78 µs ±  13.50 ns    11.75 µs …  11.79 µs  in 10 ×   8638 runs
Total tests: 490, passed: 490, failed: 0.
