[moonbitlang/core] bench argparse/globals_bench_test.mbt:16 ("bench parse inherited globals with an override") ok
time (mean ± σ)         range (min … max) 
   4.55 µs ±   4.29 ns     4.54 µs …   4.56 µs  in 10 ×  22108 runs
[moonbitlang/core] bench bench/hash_bench_test.mbt:16 ("bench Hash for Bytes (small)") ok
time (mean ± σ)         range (min … max) 
   8.00 ns ±   0.03 ns     7.98 ns …   8.07 ns  in 10 × 100000 runs
[moonbitlang/core] bench bench/hash_bench_test.mbt:22 ("bench Hash for Bytes (medium)") ok
time (mean ± σ)         range (min … max) 
 107.13 ns ±   0.20 ns   106.80 ns … 107.35 ns  in 10 × 100000 runs
[moonbitlang/core] bench bench/hash_bench_test.mbt:28 ("bench Hash for Bytes (large)") ok
time (mean ± σ)         range (min … max) 
   2.18 µs ±   0.75 ns     2.18 µs …   2.19 µs  in 10 ×  45788 runs
[moonbitlang/core] bench bench/hash_bench_test.mbt:34 ("bench Hash for BytesView (small)") ok
time (mean ± σ)         range (min … max) 
  13.67 ns ±   0.11 ns    13.60 ns …  13.94 ns  in 10 × 100000 runs
[moonbitlang/core] bench bench/hash_bench_test.mbt:41 ("bench Hash for BytesView (medium)") ok
time (mean ± σ)         range (min … max) 
 104.73 ns ±   0.99 ns   103.72 ns … 106.21 ns  in 10 × 100000 runs
[moonbitlang/core] bench bench/hash_bench_test.mbt:48 ("bench Hash for BytesView (large)") ok
time (mean ± σ)         range (min … max) 
   2.19 µs ±   0.53 ns     2.19 µs …   2.19 µs  in 10 ×  45738 runs
[moonbitlang/core] bench bench/hash_bench_test.mbt:55 ("bench Hasher::combine_bytes (small)") ok
time (mean ± σ)         range (min … max) 
  13.06 ns ±   0.05 ns    13.01 ns …  13.15 ns  in 10 × 100000 runs
[moonbitlang/core] bench bench/hash_bench_test.mbt:65 ("bench Hasher::combine_bytes (medium)") ok
time (mean ± σ)         range (min … max) 
  90.60 ns ±   0.11 ns    90.52 ns …  90.87 ns  in 10 × 100000 runs
[moonbitlang/core] bench bench/hash_bench_test.mbt:75 ("bench Hasher::combine_bytes (large)") ok
time (mean ± σ)         range (min … max) 
   1.91 µs ±   1.09 ns     1.91 µs …   1.91 µs  in 10 ×  52277 runs
[moonbitlang/core] bench bigint/to_string_radix_bench_test.mbt:23 ("bench bigint to_string radix=7 (4000 bits)") ok
time (mean ± σ)         range (min … max) 
 234.01 µs ±   1.51 µs   232.47 µs … 236.86 µs  in 10 ×    423 runs
[moonbitlang/core] bench bigint/to_string_radix_bench_test.mbt:29 ("bench bigint to_string radix=36 (4000 bits)") ok
time (mean ± σ)         range (min … max) 
 128.88 µs ± 490.99 ns   128.42 µs … 130.01 µs  in 10 ×    778 runs
[moonbitlang/core] bench bigint/to_string_radix_bench_test.mbt:35 ("bench bigint to_string radix=10 reference (4000 bits)") ok
time (mean ± σ)         range (min … max) 
   6.83 µs ±  15.58 ns     6.79 µs …   6.85 µs  in 10 ×  14606 runs
[moonbitlang/core] bench bigint/to_string_bench_test.mbt:30 ("bench BigInt::to_string n=40 digits") ok
time (mean ± σ)         range (min … max) 
 172.15 ns ±   0.44 ns   171.52 ns … 172.99 ns  in 10 × 100000 runs
[moonbitlang/core] bench bigint/to_string_bench_test.mbt:36 ("bench BigInt::to_string n=400 digits") ok
time (mean ± σ)         range (min … max) 
   1.36 µs ±   2.16 ns     1.35 µs …   1.36 µs  in 10 ×  73863 runs
[moonbitlang/core] bench bigint/to_string_bench_test.mbt:42 ("bench BigInt::to_string n=4000 digits") ok
time (mean ± σ)         range (min … max) 
  40.16 µs ±  24.78 ns    40.13 µs …  40.21 µs  in 10 ×   2485 runs
[moonbitlang/core] bench bigint/to_string_bench_test.mbt:48 ("bench BigInt::to_string n=40000 digits") ok
time (mean ± σ)         range (min … max) 
   1.51 ms ±   1.93 µs     1.51 ms …   1.51 ms  in 10 ×     67 runs
[moonbitlang/core] bench bigint/to_string_bench_test.mbt:54 ("bench BigInt::to_string n=250000 digits") ok
time (mean ± σ)         range (min … max) 
  22.55 ms ±  27.05 µs    22.53 ms …  22.61 ms  in 10 ×      5 runs
[moonbitlang/core] bench bigint/from_octets_bench_test.mbt:21 ("bench BigInt::from_octets n=64") ok
time (mean ± σ)         range (min … max) 
  26.18 ns ±   0.07 ns    26.13 ns …  26.36 ns  in 10 × 100000 runs
[moonbitlang/core] bench bigint/from_octets_bench_test.mbt:27 ("bench BigInt::from_octets n=1024") ok
time (mean ± σ)         range (min … max) 
 168.99 ns ±   0.24 ns   168.74 ns … 169.47 ns  in 10 × 100000 runs
[moonbitlang/core] bench bigint/division_bench_test.mbt:66 ("bench BigInt balanced division n=4000 digits") ok
time (mean ± σ)         range (min … max) 
  39.72 µs ±  76.36 ns    39.56 µs …  39.78 µs  in 10 ×   2516 runs
[moonbitlang/core] bench bigint/division_bench_test.mbt:72 ("bench BigInt balanced division n=40000 digits") ok
time (mean ± σ)         range (min … max) 
   1.40 ms ±   1.87 µs     1.40 ms …   1.40 ms  in 10 ×     72 runs
[moonbitlang/core] bench bigint/division_bench_test.mbt:78 ("bench BigInt balanced division n=250000 digits") ok
time (mean ± σ)         range (min … max) 
  28.48 ms ±  32.23 µs    28.44 ms …  28.52 ms  in 10 ×      4 runs
[moonbitlang/core] bench bigint/division_bench_test.mbt:84 ("bench BigInt unbalanced division q=65536 d=64 limbs") ok
time (mean ± σ)         range (min … max) 
   5.64 ms ±   2.97 µs     5.63 ms …   5.64 ms  in 10 ×     18 runs
[moonbitlang/core] bench bigint/division_bench_test.mbt:90 ("bench BigInt narrow division q=9 d=64 limbs") ok
time (mean ± σ)         range (min … max) 
 349.07 ns ±   0.67 ns   348.46 ns … 350.88 ns  in 10 × 100000 runs
[moonbitlang/core] bench buffer/write_bench_test.mbt:30 ("bench Buffer::write_byte n=4096") ok
time (mean ± σ)         range (min … max) 
   1.68 µs ±   1.94 ns     1.67 µs …   1.68 µs  in 10 ×  59700 runs
[moonbitlang/core] bench buffer/write_bench_test.mbt:42 ("bench Buffer::write_uint16_be n=4096") ok
time (mean ± σ)         range (min … max) 
   2.28 µs ±   1.43 ns     2.28 µs …   2.28 µs  in 10 ×  43898 runs
[moonbitlang/core] bench buffer/write_bench_test.mbt:54 ("bench Buffer::write_uint_le n=4096") ok
time (mean ± σ)         range (min … max) 
   2.58 µs ±   3.07 ns     2.58 µs …   2.59 µs  in 10 ×  38704 runs
[moonbitlang/core] bench buffer/write_bench_test.mbt:66 ("bench Buffer::write_uint64_be n=4096") ok
time (mean ± σ)         range (min … max) 
   3.64 µs ±   2.64 ns     3.63 µs …   3.64 µs  in 10 ×  27467 runs
[moonbitlang/core] bench buffer/write_bench_test.mbt:78 ("bench Buffer::write_char_utf8 ASCII n=4096") ok
time (mean ± σ)         range (min … max) 
   1.53 µs ±   0.57 ns     1.53 µs …   1.53 µs  in 10 ×  65418 runs
[moonbitlang/core] bench buffer/write_bench_test.mbt:90 ("bench Buffer::write_char_utf8 non-BMP n=4096") ok
time (mean ± σ)         range (min … max) 
   9.65 µs ±   4.79 ns     9.64 µs …   9.65 µs  in 10 ×  10363 runs
[moonbitlang/core] bench buffer/write_bench_test.mbt:103 ("bench Buffer::write_char_utf16le BMP n=4096") ok
time (mean ± σ)         range (min … max) 
   1.98 µs ±   1.88 ns     1.98 µs …   1.98 µs  in 10 ×  50508 runs
[moonbitlang/core] bench buffer/write_bench_test.mbt:115 ("bench Buffer::write_string_utf16le chunks n=4096") ok
time (mean ± σ)         range (min … max) 
  33.93 µs ±  26.92 ns    33.88 µs …  33.95 µs  in 10 ×   2947 runs
[moonbitlang/core] bench buffer/write_bench_test.mbt:130 ("bench @buffer.from_array n=4096") ok
time (mean ± σ)         range (min … max) 
 144.74 ns ±   1.92 ns   139.98 ns … 145.99 ns  in 10 × 100000 runs
[moonbitlang/core] bench builtin/view_bench_test.mbt:34 ("bench ArrayView::at Int n=100000") ok
time (mean ± σ)         range (min … max) 
   4.48 µs ±   1.07 ns     4.48 µs …   4.48 µs  in 10 ×  22312 runs
[moonbitlang/core] bench builtin/view_bench_test.mbt:47 ("bench ArrayView::get Int n=100000") ok
time (mean ± σ)         range (min … max) 
  46.53 µs ± 213.97 ns    46.14 µs …  46.72 µs  in 10 ×   2124 runs
[moonbitlang/core] bench builtin/view_bench_test.mbt:62 ("bench ArrayView::unsafe_get Int n=100000") ok
time (mean ± σ)         range (min … max) 
   4.47 µs ±  13.53 ns     4.45 µs …   4.48 µs  in 10 ×  22325 runs
[moonbitlang/core] bench builtin/view_bench_test.mbt:75 ("bench ArrayView::rev_fold Int n=100000") ok
time (mean ± σ)         range (min … max) 
   5.60 µs ±   3.79 ns     5.60 µs …   5.61 µs  in 10 ×  17824 runs
[moonbitlang/core] bench builtin/view_bench_test.mbt:82 ("bench ArrayView::rev_foldi Int n=100000") ok
time (mean ± σ)         range (min … max) 
   5.61 µs ±   2.76 ns     5.61 µs …   5.62 µs  in 10 ×  17830 runs
[moonbitlang/core] bench builtin/view_bench_test.mbt:91 ("bench ArrayView::equal Int n=100000") ok
time (mean ± σ)         range (min … max) 
  43.36 µs ± 430.87 ns    42.73 µs …  43.71 µs  in 10 ×   2281 runs
[moonbitlang/core] bench builtin/view_bench_test.mbt:99 ("bench ArrayView::compare Int n=100000") ok
time (mean ± σ)         range (min … max) 
  51.65 µs ± 117.43 ns    51.43 µs …  51.78 µs  in 10 ×   1942 runs
[moonbitlang/core] bench builtin/view_bench_test.mbt:107 ("bench MutArrayView::at Int n=100000") ok
time (mean ± σ)         range (min … max) 
   4.46 µs ±   1.55 ns     4.46 µs …   4.46 µs  in 10 ×  22620 runs
[moonbitlang/core] bench builtin/view_bench_test.mbt:120 ("bench MutArrayView::unsafe_get Int n=100000") ok
time (mean ± σ)         range (min … max) 
   4.48 µs ±   0.81 ns     4.48 µs …   4.48 µs  in 10 ×  22299 runs
[moonbitlang/core] bench builtin/view_bench_test.mbt:133 ("bench MutArrayView::set Int n=100000") ok
time (mean ± σ)         range (min … max) 
   7.96 µs ± 127.20 ns     7.77 µs …   8.09 µs  in 10 ×  13532 runs
[moonbitlang/core] bench builtin/view_bench_test.mbt:145 ("bench MutArrayView::unsafe_set Int n=100000") ok
time (mean ± σ)         range (min … max) 
   7.92 µs ± 128.21 ns     7.65 µs …   8.05 µs  in 10 ×  13327 runs
[moonbitlang/core] bench builtin/view_bench_test.mbt:157 ("bench BytesView::at n=100000") ok
time (mean ± σ)         range (min … max) 
   6.69 ns ±   0.08 ns     6.57 ns …   6.77 ns  in 10 × 100000 runs
[moonbitlang/core] bench builtin/view_bench_test.mbt:170 ("bench BytesView::unsafe_get n=100000") ok
time (mean ± σ)         range (min … max) 
   6.10 ns ±   0.04 ns     6.06 ns …   6.19 ns  in 10 × 100000 runs
[moonbitlang/core] bench builtin/stringbuilder_bench_test.mbt:28 ("bench StringBuilder::write_string chunks n=4096") ok
time (mean ± σ)         range (min … max) 
  16.60 µs ± 344.05 ns    15.97 µs …  16.94 µs  in 10 ×   6054 runs
[moonbitlang/core] bench builtin/stringbuilder_bench_test.mbt:41 ("bench StringBuilder::write_view chunks n=4096") ok
time (mean ± σ)         range (min … max) 
  37.49 µs ± 220.97 ns    36.94 µs …  37.72 µs  in 10 ×   2667 runs
[moonbitlang/core] bench builtin/stringbuilder_bench_test.mbt:54 ("bench StringBuilder::write_stringview chunks n=4096") ok
time (mean ± σ)         range (min … max) 
  36.94 µs ± 251.99 ns    36.59 µs …  37.26 µs  in 10 ×   2713 runs
[moonbitlang/core] bench builtin/stringbuilder_bench_test.mbt:67 ("bench StringBuilder::write_char ASCII n=4096") ok
time (mean ± σ)         range (min … max) 
   2.59 µs ±   3.35 ns     2.58 µs …   2.59 µs  in 10 ×  38641 runs
[moonbitlang/core] bench builtin/stringbuilder_bench_test.mbt:79 ("bench StringBuilder::write_char non-BMP n=4096") ok
time (mean ± σ)         range (min … max) 
   8.90 µs ±   5.19 ns     8.89 µs …   8.91 µs  in 10 ×  11225 runs
[moonbitlang/core] bench builtin/stringbuilder_bench_test.mbt:92 ("bench StringBuilder::reset reuse spare capacity n=4096") ok
time (mean ± σ)         range (min … max) 
 102.64 µs ± 235.09 ns   102.19 µs … 102.98 µs  in 10 ×    975 runs
[moonbitlang/core] bench builtin/string_to_upper_bench_test.mbt:61 ("bench String::to_upper short") ok
time (mean ± σ)         range (min … max) 
  23.93 ns ±   0.60 ns    23.01 ns …  25.01 ns  in 10 × 100000 runs
[moonbitlang/core] bench builtin/string_to_upper_bench_test.mbt:66 ("bench String::to_upper long") ok
time (mean ± σ)         range (min … max) 
  88.75 ns ±   0.11 ns    88.64 ns …  88.97 ns  in 10 × 100000 runs
[moonbitlang/core] bench builtin/string_to_upper_bench_test.mbt:71 ("bench String::to_upper sparse") ok
time (mean ± σ)         range (min … max) 
  97.30 ns ±   0.82 ns    95.30 ns …  97.76 ns  in 10 × 100000 runs
[moonbitlang/core] bench builtin/string_to_upper_bench_test.mbt:76 ("bench String::to_upper late-lowercase") ok
time (mean ± σ)         range (min … max) 
 100.87 ns ±   0.10 ns   100.75 ns … 101.02 ns  in 10 × 100000 runs
[moonbitlang/core] bench builtin/string_to_upper_bench_test.mbt:81 ("bench String::to_upper one-unit runs") ok
time (mean ± σ)         range (min … max) 
  88.93 ns ±   0.10 ns    88.83 ns …  89.12 ns  in 10 × 100000 runs
[moonbitlang/core] bench builtin/string_to_upper_bench_test.mbt:86 ("bench String::to_upper all-lowercase") ok
time (mean ± σ)         range (min … max) 
  88.73 ns ±   0.05 ns    88.63 ns …  88.81 ns  in 10 × 100000 runs
[moonbitlang/core] bench builtin/string_to_upper_bench_test.mbt:91 ("bench String::to_upper no-change short") ok
time (mean ± σ)         range (min … max) 
  13.88 ns ±   0.02 ns    13.86 ns …  13.92 ns  in 10 × 100000 runs
[moonbitlang/core] bench builtin/string_to_upper_bench_test.mbt:96 ("bench String::to_upper no-change long") ok
time (mean ± σ)         range (min … max) 
  53.07 ns ±   0.09 ns    52.95 ns …  53.23 ns  in 10 × 100000 runs
[moonbitlang/core] bench builtin/string_to_upper_bench_test.mbt:101 ("bench StringView::to_upper short") ok
time (mean ± σ)         range (min … max) 
  25.87 ns ±   0.08 ns    25.75 ns …  25.97 ns  in 10 × 100000 runs
[moonbitlang/core] bench builtin/string_to_upper_bench_test.mbt:106 ("bench StringView::to_upper long") ok
time (mean ± σ)         range (min … max) 
  91.04 ns ±   0.12 ns    90.89 ns …  91.25 ns  in 10 × 100000 runs
[moonbitlang/core] bench builtin/string_to_upper_bench_test.mbt:111 ("bench StringView::to_upper no-change long") ok
time (mean ± σ)         range (min … max) 
  58.32 ns ±   0.05 ns    58.26 ns …  58.40 ns  in 10 × 100000 runs
[moonbitlang/core] bench builtin/string_to_lower_bench_test.mbt:61 ("bench String::to_lower short") ok
time (mean ± σ)         range (min … max) 
  24.75 ns ±   0.82 ns    24.07 ns …  25.88 ns  in 10 × 100000 runs
[moonbitlang/core] bench builtin/string_to_lower_bench_test.mbt:66 ("bench String::to_lower long") ok
time (mean ± σ)         range (min … max) 
  88.66 ns ±   0.08 ns    88.56 ns …  88.78 ns  in 10 × 100000 runs
[moonbitlang/core] bench builtin/string_to_lower_bench_test.mbt:71 ("bench String::to_lower sparse") ok
time (mean ± σ)         range (min … max) 
  88.92 ns ±   0.11 ns    88.78 ns …  89.07 ns  in 10 × 100000 runs
[moonbitlang/core] bench builtin/string_to_lower_bench_test.mbt:76 ("bench String::to_lower late-uppercase") ok
time (mean ± σ)         range (min … max) 
 101.44 ns ±   0.28 ns   101.22 ns … 102.10 ns  in 10 × 100000 runs
[moonbitlang/core] bench builtin/string_to_lower_bench_test.mbt:81 ("bench String::to_lower one-unit runs") ok
time (mean ± σ)         range (min … max) 
  88.70 ns ±   0.10 ns    88.59 ns …  88.86 ns  in 10 × 100000 runs
[moonbitlang/core] bench builtin/string_to_lower_bench_test.mbt:86 ("bench String::to_lower all-uppercase") ok
time (mean ± σ)         range (min … max) 
  88.90 ns ±   0.09 ns    88.75 ns …  89.01 ns  in 10 × 100000 runs
[moonbitlang/core] bench builtin/string_to_lower_bench_test.mbt:91 ("bench String::to_lower no-change short") ok
time (mean ± σ)         range (min … max) 
  13.88 ns ±   0.02 ns    13.86 ns …  13.90 ns  in 10 × 100000 runs
[moonbitlang/core] bench builtin/string_to_lower_bench_test.mbt:96 ("bench String::to_lower no-change long") ok
time (mean ± σ)         range (min … max) 
  53.04 ns ±   0.09 ns    52.96 ns …  53.19 ns  in 10 × 100000 runs
[moonbitlang/core] bench builtin/string_to_lower_bench_test.mbt:101 ("bench StringView::to_lower short") ok
time (mean ± σ)         range (min … max) 
  26.15 ns ±   0.67 ns    25.40 ns …  26.86 ns  in 10 × 100000 runs
[moonbitlang/core] bench builtin/string_to_lower_bench_test.mbt:106 ("bench StringView::to_lower long") ok
time (mean ± σ)         range (min … max) 
  90.85 ns ±   0.62 ns    89.10 ns …  91.20 ns  in 10 × 100000 runs
[moonbitlang/core] bench builtin/string_to_lower_bench_test.mbt:111 ("bench StringView::to_lower no-change long") ok
time (mean ± σ)         range (min … max) 
  57.92 ns ±   0.14 ns    57.75 ns …  58.17 ns  in 10 × 100000 runs
[moonbitlang/core] bench builtin/string_to_array_bench_test.mbt:24 ("bench String::to_array ASCII 51 chars") ok
time (mean ± σ)         range (min … max) 
  55.93 ns ±   0.10 ns    55.83 ns …  56.09 ns  in 10 × 100000 runs
[moonbitlang/core] bench builtin/string_to_array_bench_test.mbt:29 ("bench String::to_array mixed 1KB") ok
time (mean ± σ)         range (min … max) 
 878.52 ns ±   0.29 ns   878.08 ns … 878.90 ns  in 10 × 100000 runs
[moonbitlang/core] bench builtin/string_to_array_bench_test.mbt:34 ("bench StringView::to_array mixed 1KB") ok
time (mean ± σ)         range (min … max) 
 876.68 ns ±   2.19 ns   870.88 ns … 878.17 ns  in 10 × 100000 runs
[moonbitlang/core] bench builtin/string_methods_bench_test.mbt:36 ("bench StringView::has_prefix match n=100000 needle=128") ok
time (mean ± σ)         range (min … max) 
  13.01 ns ±   0.04 ns    12.96 ns …  13.07 ns  in 10 × 100000 runs
[moonbitlang/core] bench builtin/string_methods_bench_test.mbt:45 ("bench StringView::has_prefix mismatch n=100000 needle=128") ok
time (mean ± σ)         range (min … max) 
   7.37 ns ±   0.03 ns     7.34 ns …   7.41 ns  in 10 × 100000 runs
[moonbitlang/core] bench builtin/string_methods_bench_test.mbt:54 ("bench StringView::has_suffix match n=100000 needle=128") ok
time (mean ± σ)         range (min … max) 
  13.00 ns ±   0.04 ns    12.96 ns …  13.05 ns  in 10 × 100000 runs
[moonbitlang/core] bench builtin/string_methods_bench_test.mbt:63 ("bench StringView::has_suffix mismatch n=100000 needle=128") ok
time (mean ± σ)         range (min … max) 
   7.43 ns ±   0.02 ns     7.40 ns …   7.46 ns  in 10 × 100000 runs
[moonbitlang/core] bench builtin/string_find_code_unit_bench_test.mbt:16 ("bench find one code unit absent n=4") ok
time (mean ± σ)         range (min … max) 
  11.52 ns ±   0.05 ns    11.48 ns …  11.61 ns  in 10 × 100000 runs
[moonbitlang/core] bench builtin/string_find_code_unit_bench_test.mbt:22 ("bench find one code unit absent n=8") ok
time (mean ± σ)         range (min … max) 
   9.16 ns ±   0.03 ns     9.14 ns …   9.22 ns  in 10 × 100000 runs
[moonbitlang/core] bench builtin/string_find_code_unit_bench_test.mbt:28 ("bench find one code unit present@0 n=8") ok
time (mean ± σ)         range (min … max) 
   8.75 ns ±   0.02 ns     8.73 ns …   8.81 ns  in 10 × 100000 runs
[moonbitlang/core] bench builtin/string_find_code_unit_bench_test.mbt:34 ("bench find one code unit absent n=64") ok
time (mean ± σ)         range (min … max) 
  12.40 ns ±   0.04 ns    12.37 ns …  12.49 ns  in 10 × 100000 runs
[moonbitlang/core] bench builtin/string_find_code_unit_bench_test.mbt:40 ("bench find one code unit absent n=256") ok
time (mean ± σ)         range (min … max) 
  23.88 ns ±   0.06 ns    23.82 ns …  23.99 ns  in 10 × 100000 runs
[moonbitlang/core] bench builtin/string_find_code_unit_bench_test.mbt:46 ("bench find one code unit present@end n=256") ok
time (mean ± σ)         range (min … max) 
  23.55 ns ±   0.08 ns    23.36 ns …  23.63 ns  in 10 × 100000 runs
[moonbitlang/core] bench builtin/string_find_code_unit_bench_test.mbt:52 ("bench rev_find one code unit absent n=256") ok
time (mean ± σ)         range (min … max) 
  21.51 ns ±   0.05 ns    21.47 ns …  21.60 ns  in 10 × 100000 runs
[moonbitlang/core] bench builtin/string_find_code_unit_bench_test.mbt:58 ("bench rev_find one code unit present@start n=256") ok
time (mean ± σ)         range (min … max) 
  20.93 ns ±   0.04 ns    20.90 ns …  21.01 ns  in 10 × 100000 runs
[moonbitlang/core] bench builtin/string_find_code_unit_bench_test.mbt:64 ("bench rev_find one code unit present@end n=8") ok
time (mean ± σ)         range (min … max) 
   8.43 ns ±   0.08 ns     8.37 ns …   8.61 ns  in 10 × 100000 runs
[moonbitlang/core] bench builtin/string_find_code_unit_bench_test.mbt:70 ("bench StringView find one code unit absent n=256") ok
time (mean ± σ)         range (min … max) 
  23.31 ns ±   0.06 ns    23.24 ns …  23.38 ns  in 10 × 100000 runs
[moonbitlang/core] bench builtin/string_find_code_unit_bench_test.mbt:77 ("bench StringView rev_find one code unit absent n=256") ok
time (mean ± σ)         range (min … max) 
  20.92 ns ±   0.04 ns    20.88 ns …  20.99 ns  in 10 × 100000 runs
[moonbitlang/core] bench builtin/string_find_code_unit_bench_test.mbt:84 ("bench find two anchors absent n=256") ok
time (mean ± σ)         range (min … max) 
  32.74 ns ±   0.14 ns    32.64 ns …  33.01 ns  in 10 × 100000 runs
[moonbitlang/core] bench builtin/string_find_code_unit_bench_test.mbt:90 ("bench find two anchors present@end n=256") ok
time (mean ± σ)         range (min … max) 
  32.75 ns ±   0.09 ns    32.64 ns …  32.90 ns  in 10 × 100000 runs
[moonbitlang/core] bench builtin/string_find_code_unit_bench_test.mbt:96 ("bench find two anchors dense false positives n=256") ok
time (mean ± σ)         range (min … max) 
 601.32 ns ±   8.55 ns   586.00 ns … 613.41 ns  in 10 × 100000 runs
[moonbitlang/core] bench builtin/string_find_code_unit_bench_test.mbt:102 ("bench find two anchors long absent n=256") ok
time (mean ± σ)         range (min … max) 
  29.56 ns ±   0.09 ns    29.45 ns …  29.70 ns  in 10 × 100000 runs
[moonbitlang/core] bench builtin/string_find_code_unit_bench_test.mbt:108 ("bench rev_find two anchors absent n=256") ok
time (mean ± σ)         range (min … max) 
  32.78 ns ±   0.14 ns    32.66 ns …  33.05 ns  in 10 × 100000 runs
[moonbitlang/core] bench builtin/string_find_code_unit_bench_test.mbt:114 ("bench rev_find two anchors present@start n=256") ok
time (mean ± σ)         range (min … max) 
  32.48 ns ±   0.10 ns    32.37 ns …  32.63 ns  in 10 × 100000 runs
[moonbitlang/core] bench builtin/string_find_code_unit_bench_test.mbt:120 ("bench rev_find two anchors dense false positives n=256") ok
time (mean ± σ)         range (min … max) 
 701.91 ns ±   1.98 ns   698.90 ns … 704.34 ns  in 10 × 100000 runs
[moonbitlang/core] bench builtin/string_find_code_unit_bench_test.mbt:126 ("bench StringView find two anchors absent n=256") ok
time (mean ± σ)         range (min … max) 
  32.47 ns ±   0.07 ns    32.39 ns …  32.64 ns  in 10 × 100000 runs
[moonbitlang/core] bench builtin/string_find_adversary_bench_test.mbt:26 ("bench find adversary m=64 n=4096") ok
time (mean ± σ)         range (min … max) 
   6.45 µs ±  33.95 ns     6.40 µs …   6.50 µs  in 10 ×  15696 runs
[moonbitlang/core] bench builtin/string_find_adversary_bench_test.mbt:33 ("bench rev_find adversary m=64 n=4096") ok
time (mean ± σ)         range (min … max) 
   6.69 µs ± 104.08 ns     6.56 µs …   6.78 µs  in 10 ×  14795 runs
[moonbitlang/core] bench builtin/string_find_adversary_bench_test.mbt:40 ("bench find adversary m=512 n=65536") ok
time (mean ± σ)         range (min … max) 
  86.16 µs ± 156.97 ns    85.85 µs …  86.35 µs  in 10 ×   1166 runs
[moonbitlang/core] bench builtin/string_find_adversary_bench_test.mbt:47 ("bench find dense miss fast path n=4096") ok
time (mean ± σ)         range (min … max) 
 341.31 ns ±   0.27 ns   340.99 ns … 341.78 ns  in 10 × 100000 runs
[moonbitlang/core] bench builtin/string_find_adversary_bench_test.mbt:53 ("bench find rare hit end fast path n=4096") ok
time (mean ± σ)         range (min … max) 
 342.03 ns ±   0.29 ns   341.60 ns … 342.51 ns  in 10 × 100000 runs
[moonbitlang/core] bench builtin/string_escape_bench_test.mbt:61 ("bench String::escape short plain") ok
time (mean ± σ)         range (min … max) 
  83.06 ns ±   0.09 ns    82.93 ns …  83.21 ns  in 10 × 100000 runs
[moonbitlang/core] bench builtin/string_escape_bench_test.mbt:66 ("bench String::escape short escaped") ok
time (mean ± σ)         range (min … max) 
  94.95 ns ±   0.84 ns    93.97 ns …  95.97 ns  in 10 × 100000 runs
[moonbitlang/core] bench builtin/string_escape_bench_test.mbt:71 ("bench String::escape threshold plain") ok
time (mean ± σ)         range (min … max) 
  73.10 ns ±   0.17 ns    72.90 ns …  73.38 ns  in 10 × 100000 runs
[moonbitlang/core] bench builtin/string_escape_bench_test.mbt:76 ("bench String::escape prose") ok
time (mean ± σ)         range (min … max) 
 100.01 ns ±   0.84 ns    99.32 ns … 101.54 ns  in 10 × 100000 runs
[moonbitlang/core] bench builtin/string_escape_bench_test.mbt:81 ("bench String::escape escape-first") ok
time (mean ± σ)         range (min … max) 
 106.93 ns ±   0.47 ns   106.45 ns … 107.70 ns  in 10 × 100000 runs
[moonbitlang/core] bench builtin/string_escape_bench_test.mbt:86 ("bench String::escape long plain") ok
time (mean ± σ)         range (min … max) 
   1.35 µs ±  21.07 ns     1.32 µs …   1.38 µs  in 10 ×  72797 runs
[moonbitlang/core] bench builtin/string_escape_bench_test.mbt:91 ("bench String::escape long dense") ok
time (mean ± σ)         range (min … max) 
  11.53 µs ±   9.74 ns    11.51 µs …  11.55 µs  in 10 ×   8673 runs
[moonbitlang/core] bench builtin/string_escape_bench_test.mbt:96 ("bench String::escape long all-escaped") ok
time (mean ± σ)         range (min … max) 
  16.68 µs ±  23.74 ns    16.64 µs …  16.73 µs  in 10 ×   6002 runs
[moonbitlang/core] bench builtin/string_escape_bench_test.mbt:101 ("bench String::escape long unicode") ok
time (mean ± σ)         range (min … max) 
   1.34 µs ±  16.02 ns     1.32 µs …   1.37 µs  in 10 ×  76138 runs
[moonbitlang/core] bench builtin/string_escape_bench_test.mbt:106 ("bench StringView::escape long plain view") ok
time (mean ± σ)         range (min … max) 
 974.06 ns ±  19.07 ns   945.78 ns …   1.00 µs  in 10 × 100000 runs
[moonbitlang/core] bench builtin/string_escape_bench_test.mbt:112 ("bench debug to_string short plain") ok
time (mean ± σ)         range (min … max) 
 231.35 ns ±   0.24 ns   231.07 ns … 231.69 ns  in 10 × 100000 runs
[moonbitlang/core] bench builtin/string_escape_bench_test.mbt:117 ("bench debug to_string prose") ok
time (mean ± σ)         range (min … max) 
 251.53 ns ±   0.41 ns   251.00 ns … 252.09 ns  in 10 × 100000 runs
[moonbitlang/core] bench builtin/string_escape_bench_test.mbt:122 ("bench debug to_string long plain") ok
time (mean ± σ)         range (min … max) 
   1.81 µs ±  10.10 ns     1.79 µs …   1.82 µs  in 10 ×  56412 runs
[moonbitlang/core] bench builtin/string_equal_bench_test.mbt:28 ("bench StringView::equal n=100000 equal") ok
time (mean ± σ)         range (min … max) 
   4.92 µs ±   9.51 ns     4.91 µs …   4.93 µs  in 10 ×  20357 runs
[moonbitlang/core] bench builtin/string_equal_bench_test.mbt:35 ("bench StringView::equal n=100000 mismatch at end") ok
time (mean ± σ)         range (min … max) 
   4.93 µs ±   5.95 ns     4.92 µs …   4.94 µs  in 10 ×  20358 runs
[moonbitlang/core] bench builtin/string_equal_bench_test.mbt:44 ("bench StringView::equal_to_string n=100000 equal") ok
time (mean ± σ)         range (min … max) 
   5.47 µs ±  45.24 ns     5.42 µs …   5.52 µs  in 10 ×  18201 runs
[moonbitlang/core] bench builtin/string_char_set_bench_test.mbt:43 ("bench StringView::contains_any ASCII miss n=100000") ok
time (mean ± σ)         range (min … max) 
  15.02 µs ± 105.91 ns    14.80 µs …  15.12 µs  in 10 ×   6713 runs
[moonbitlang/core] bench builtin/string_char_set_bench_test.mbt:54 ("bench StringView::contains_any ASCII match at end n=100000") ok
time (mean ± σ)         range (min … max) 
  14.93 µs ± 156.92 ns    14.73 µs …  15.10 µs  in 10 ×   6628 runs
[moonbitlang/core] bench builtin/string_char_set_bench_test.mbt:67 ("bench StringView::trim_start ASCII n=100000") ok
time (mean ± σ)         range (min … max) 
  16.99 µs ±  49.62 ns    16.86 µs …  17.04 µs  in 10 ×   6020 runs
[moonbitlang/core] bench builtin/string_char_set_bench_test.mbt:74 ("bench StringView::trim_end ASCII n=100000") ok
time (mean ± σ)         range (min … max) 
  16.79 µs ± 146.24 ns    16.54 µs …  16.94 µs  in 10 ×   5908 runs
[moonbitlang/core] bench builtin/string_char_set_bench_test.mbt:79 ("bench StringView::trim ASCII n=100000") ok
time (mean ± σ)         range (min … max) 
  33.72 µs ± 109.86 ns    33.60 µs …  34.00 µs  in 10 ×   2993 runs
[moonbitlang/core] bench builtin/string_char_set_bench_test.mbt:96 ("bench StringView::trim short inputs") ok
time (mean ± σ)         range (min … max) 
 145.94 ns ±   0.24 ns   145.64 ns … 146.28 ns  in 10 × 100000 runs
[moonbitlang/core] bench builtin/string_char_set_bench_test.mbt:107 ("bench StringView::contains_any short inputs") ok
time (mean ± σ)         range (min … max) 
  73.87 ns ±   0.13 ns    73.74 ns …  74.19 ns  in 10 × 100000 runs
[moonbitlang/core] bench builtin/string_char_length_bench_test.mbt:51 ("bench char_length ascii 8") ok
time (mean ± σ)         range (min … max) 
  13.63 ns ±   0.16 ns    13.27 ns …  13.80 ns  in 10 × 100000 runs
[moonbitlang/core] bench builtin/string_char_length_bench_test.mbt:56 ("bench char_length ascii 16") ok
time (mean ± σ)         range (min … max) 
   8.87 ns ±   0.04 ns     8.84 ns …   8.96 ns  in 10 × 100000 runs
[moonbitlang/core] bench builtin/string_char_length_bench_test.mbt:61 ("bench char_length ascii 100") ok
time (mean ± σ)         range (min … max) 
  14.80 ns ±   0.04 ns    14.75 ns …  14.87 ns  in 10 × 100000 runs
[moonbitlang/core] bench builtin/string_char_length_bench_test.mbt:66 ("bench char_length ascii 4k") ok
time (mean ± σ)         range (min … max) 
 242.40 ns ±   2.36 ns   239.39 ns … 245.80 ns  in 10 × 100000 runs
[moonbitlang/core] bench builtin/string_char_length_bench_test.mbt:71 ("bench char_length ascii 64k") ok
time (mean ± σ)         range (min … max) 
   3.95 µs ±  32.64 ns     3.88 µs …   3.97 µs  in 10 ×  25220 runs
[moonbitlang/core] bench builtin/string_char_length_bench_test.mbt:76 ("bench char_length cjk 4k") ok
time (mean ± σ)         range (min … max) 
 243.68 ns ±   6.40 ns   232.12 ns … 249.60 ns  in 10 × 100000 runs
[moonbitlang/core] bench builtin/string_char_length_bench_test.mbt:81 ("bench char_length emoji 4k") ok
time (mean ± σ)         range (min … max) 
 637.01 ns ±   2.81 ns   631.57 ns … 638.96 ns  in 10 × 100000 runs
[moonbitlang/core] bench builtin/string_char_length_bench_test.mbt:86 ("bench char_length mixed 4k") ok
time (mean ± σ)         range (min … max) 
 350.12 ns ±   0.31 ns   349.82 ns … 350.64 ns  in 10 × 100000 runs
[moonbitlang/core] bench builtin/string_char_length_bench_test.mbt:91 ("bench StringView::char_length ascii 4k unaligned") ok
time (mean ± σ)         range (min … max) 
 239.60 ns ±   0.53 ns   238.79 ns … 240.16 ns  in 10 × 100000 runs
[moonbitlang/core] bench builtin/string_char_length_bench_test.mbt:97 ("bench char_length_eq ascii 16") ok
time (mean ± σ)         range (min … max) 
   9.46 ns ±   0.02 ns     9.44 ns …   9.50 ns  in 10 × 100000 runs
[moonbitlang/core] bench builtin/string_char_length_bench_test.mbt:102 ("bench char_length_eq ascii 4k") ok
time (mean ± σ)         range (min … max) 
 314.69 ns ±   0.56 ns   314.04 ns … 315.76 ns  in 10 × 100000 runs
[moonbitlang/core] bench builtin/string_char_length_bench_test.mbt:107 ("bench char_length_eq emoji 4k") ok
time (mean ± σ)         range (min … max) 
 682.79 ns ±   6.36 ns   668.19 ns … 688.22 ns  in 10 × 100000 runs
[moonbitlang/core] bench builtin/string_char_length_bench_test.mbt:112 ("bench char_length_eq mixed 4k") ok
time (mean ± σ)         range (min … max) 
 447.21 ns ±   5.08 ns   437.92 ns … 451.35 ns  in 10 × 100000 runs
[moonbitlang/core] bench builtin/string_char_length_bench_test.mbt:119 ("bench char_length_ge ascii 4k len 3") ok
time (mean ± σ)         range (min … max) 
   7.40 ns ±   0.01 ns     7.39 ns …   7.44 ns  in 10 × 100000 runs
[moonbitlang/core] bench builtin/string_char_length_bench_test.mbt:124 ("bench char_length_ge ascii 4k len 2000") ok
time (mean ± σ)         range (min … max) 
 162.69 ns ±   0.80 ns   161.51 ns … 163.58 ns  in 10 × 100000 runs
[moonbitlang/core] bench builtin/string_char_length_bench_test.mbt:129 ("bench char_length_ge cjk 4k len 4096") ok
time (mean ± σ)         range (min … max) 
 307.10 ns ±   0.46 ns   306.15 ns … 307.66 ns  in 10 × 100000 runs
[moonbitlang/core] bench builtin/string_char_length_bench_test.mbt:134 ("bench char_length_ge emoji 4k len 2048") ok
time (mean ± σ)         range (min … max) 
 685.08 ns ±   0.23 ns   684.83 ns … 685.44 ns  in 10 × 100000 runs
[moonbitlang/core] bench builtin/sort_bench_test.mbt:21 ("bench Array::sort n=1000") ok
time (mean ± σ)         range (min … max) 
  11.29 µs ±  40.98 ns    11.18 µs …  11.32 µs  in 10 ×   8851 runs
[moonbitlang/core] bench builtin/sort_bench_test.mbt:31 ("bench Array::sort n=100000") ok
time (mean ± σ)         range (min … max) 
   4.75 ms ±  45.02 µs     4.68 ms …   4.79 ms  in 10 ×     22 runs
[moonbitlang/core] bench builtin/sort_bench_test.mbt:41 ("bench Array::sort_by n=10000") ok
time (mean ± σ)         range (min … max) 
 435.40 µs ± 308.43 ns   434.96 µs … 436.00 µs  in 10 ×    230 runs
[moonbitlang/core] bench builtin/range_equal_bench_test.mbt:56 ("bench range_equal StringView== n=4 equal") ok
time (mean ± σ)         range (min … max) 
   8.50 ns ±   0.03 ns     8.48 ns …   8.56 ns  in 10 × 100000 runs
[moonbitlang/core] bench builtin/range_equal_bench_test.mbt:61 ("bench range_equal StringView== n=8 equal") ok
time (mean ± σ)         range (min … max) 
   7.71 ns ±   0.04 ns     7.68 ns …   7.78 ns  in 10 × 100000 runs
[moonbitlang/core] bench builtin/range_equal_bench_test.mbt:66 ("bench range_equal StringView== n=8 mismatch at end") ok
time (mean ± σ)         range (min … max) 
   8.00 ns ±   0.03 ns     7.97 ns …   8.06 ns  in 10 × 100000 runs
[moonbitlang/core] bench builtin/range_equal_bench_test.mbt:71 ("bench range_equal StringView== n=16 equal") ok
time (mean ± σ)         range (min … max) 
   7.99 ns ±   0.04 ns     7.92 ns …   8.04 ns  in 10 × 100000 runs
[moonbitlang/core] bench builtin/range_equal_bench_test.mbt:76 ("bench range_equal StringView== n=16 mismatch at end") ok
time (mean ± σ)         range (min … max) 
   8.01 ns ±   0.02 ns     7.99 ns …   8.03 ns  in 10 × 100000 runs
[moonbitlang/core] bench builtin/range_equal_bench_test.mbt:81 ("bench range_equal StringView== n=15 equal") ok
time (mean ± σ)         range (min … max) 
   7.80 ns ±   0.03 ns     7.76 ns …   7.86 ns  in 10 × 100000 runs
[moonbitlang/core] bench builtin/range_equal_bench_test.mbt:86 ("bench range_equal StringView== n=64 equal") ok
time (mean ± σ)         range (min … max) 
  10.09 ns ±   0.05 ns    10.04 ns …  10.17 ns  in 10 × 100000 runs
[moonbitlang/core] bench builtin/range_equal_bench_test.mbt:91 ("bench range_equal StringView== n=64 mismatch at end") ok
time (mean ± σ)         range (min … max) 
  10.09 ns ±   0.06 ns    10.04 ns …  10.20 ns  in 10 × 100000 runs
[moonbitlang/core] bench builtin/range_equal_bench_test.mbt:96 ("bench range_equal StringView== n=1024 equal") ok
time (mean ± σ)         range (min … max) 
  60.76 ns ±   0.14 ns    60.64 ns …  61.11 ns  in 10 × 100000 runs
[moonbitlang/core] bench builtin/range_equal_bench_test.mbt:101 ("bench range_equal StringView== n=1024 mismatch at end") ok
time (mean ± σ)         range (min … max) 
  60.97 ns ±   0.09 ns    60.88 ns …  61.12 ns  in 10 × 100000 runs
[moonbitlang/core] bench builtin/range_equal_bench_test.mbt:106 ("bench range_equal StringView== n=1024 mismatch at 0") ok
time (mean ± σ)         range (min … max) 
   7.73 ns ±   0.03 ns     7.70 ns …   7.76 ns  in 10 × 100000 runs
[moonbitlang/core] bench builtin/range_equal_bench_test.mbt:111 ("bench range_equal StringView== n=65536 equal") ok
time (mean ± σ)         range (min … max) 
   3.19 µs ±   1.34 ns     3.18 µs …   3.19 µs  in 10 ×  31311 runs
[moonbitlang/core] bench builtin/range_equal_bench_test.mbt:116 ("bench range_equal StringView== n=65536 mismatch at end") ok
time (mean ± σ)         range (min … max) 
   3.19 µs ±   4.57 ns     3.18 µs …   3.20 µs  in 10 ×  31293 runs
[moonbitlang/core] bench builtin/range_equal_bench_test.mbt:121 ("bench range_equal BytesView== n=4 equal") ok
time (mean ± σ)         range (min … max) 
   8.30 ns ±   0.02 ns     8.28 ns …   8.36 ns  in 10 × 100000 runs
[moonbitlang/core] bench builtin/range_equal_bench_test.mbt:126 ("bench range_equal BytesView== n=8 equal") ok
time (mean ± σ)         range (min … max) 
   8.32 ns ±   0.03 ns     8.29 ns …   8.37 ns  in 10 × 100000 runs
[moonbitlang/core] bench builtin/range_equal_bench_test.mbt:131 ("bench range_equal BytesView== n=8 mismatch at end") ok
time (mean ± σ)         range (min … max) 
   8.49 ns ±   0.03 ns     8.46 ns …   8.55 ns  in 10 × 100000 runs
[moonbitlang/core] bench builtin/range_equal_bench_test.mbt:136 ("bench range_equal BytesView== n=16 equal") ok
time (mean ± σ)         range (min … max) 
   7.70 ns ±   0.02 ns     7.68 ns …   7.72 ns  in 10 × 100000 runs
[moonbitlang/core] bench builtin/range_equal_bench_test.mbt:141 ("bench range_equal BytesView== n=16 mismatch at end") ok
time (mean ± σ)         range (min … max) 
   7.98 ns ±   0.01 ns     7.98 ns …   8.00 ns  in 10 × 100000 runs
[moonbitlang/core] bench builtin/range_equal_bench_test.mbt:146 ("bench range_equal BytesView== n=31 equal") ok
time (mean ± σ)         range (min … max) 
   8.97 ns ±   0.06 ns     8.85 ns …   9.06 ns  in 10 × 100000 runs
[moonbitlang/core] bench builtin/range_equal_bench_test.mbt:151 ("bench range_equal BytesView== n=64 equal") ok
time (mean ± σ)         range (min … max) 
   8.89 ns ±   0.05 ns     8.86 ns …   9.00 ns  in 10 × 100000 runs
[moonbitlang/core] bench builtin/range_equal_bench_test.mbt:156 ("bench range_equal BytesView== n=64 mismatch at end") ok
time (mean ± σ)         range (min … max) 
   8.86 ns ±   0.02 ns     8.85 ns …   8.89 ns  in 10 × 100000 runs
[moonbitlang/core] bench builtin/range_equal_bench_test.mbt:161 ("bench range_equal BytesView== n=1024 equal") ok
time (mean ± σ)         range (min … max) 
  28.52 ns ±   0.04 ns    28.48 ns …  28.61 ns  in 10 × 100000 runs
[moonbitlang/core] bench builtin/range_equal_bench_test.mbt:166 ("bench range_equal BytesView== n=1024 mismatch at end") ok
time (mean ± σ)         range (min … max) 
  28.75 ns ±   0.05 ns    28.70 ns …  28.86 ns  in 10 × 100000 runs
[moonbitlang/core] bench builtin/range_equal_bench_test.mbt:171 ("bench range_equal BytesView== n=1024 mismatch at 0") ok
time (mean ± σ)         range (min … max) 
   7.72 ns ±   0.02 ns     7.70 ns …   7.74 ns  in 10 × 100000 runs
[moonbitlang/core] bench builtin/range_equal_bench_test.mbt:176 ("bench range_equal BytesView== n=65536 equal") ok
time (mean ± σ)         range (min … max) 
   1.63 µs ±   2.20 ns     1.62 µs …   1.63 µs  in 10 ×  61458 runs
[moonbitlang/core] bench builtin/range_equal_bench_test.mbt:181 ("bench range_equal BytesView== n=65536 mismatch at end") ok
time (mean ± σ)         range (min … max) 
   1.63 µs ±   5.08 ns     1.62 µs …   1.64 µs  in 10 ×  61540 runs
[moonbitlang/core] bench builtin/range_equal_bench_test.mbt:186 ("bench range_equal StringView::has_prefix prefix=32 hit") ok
time (mean ± σ)         range (min … max) 
   8.88 ns ±   0.02 ns     8.86 ns …   8.90 ns  in 10 × 100000 runs
[moonbitlang/core] bench builtin/range_equal_bench_test.mbt:193 ("bench range_equal StringView::has_prefix prefix=32 miss at end") ok
time (mean ± σ)         range (min … max) 
   8.89 ns ±   0.03 ns     8.85 ns …   8.93 ns  in 10 × 100000 runs
[moonbitlang/core] bench builtin/linked_hash_map_bench_test.mbt:19 ("bench Map::set n=50000") ok
time (mean ± σ)         range (min … max) 
   2.69 ms ±   6.24 µs     2.68 ms …   2.70 ms  in 10 ×     38 runs
[moonbitlang/core] bench builtin/linked_hash_map_bench_test.mbt:30 ("bench Map::get n=50000") ok
time (mean ± σ)         range (min … max) 
 888.99 µs ±   3.13 µs   883.00 µs … 892.82 µs  in 10 ×    112 runs
[moonbitlang/core] bench builtin/linked_hash_map_bench_test.mbt:47 ("bench Map::get miss n=50000") ok
time (mean ± σ)         range (min … max) 
   1.02 ms ±   5.46 µs     1.02 ms …   1.03 ms  in 10 ×     98 runs
[moonbitlang/core] bench builtin/linked_hash_map_bench_test.mbt:67 ("bench Map::set+remove n=50000") ok
time (mean ± σ)         range (min … max) 
   3.87 ms ±   5.15 µs     3.87 ms …   3.88 ms  in 10 ×     27 runs
[moonbitlang/core] bench builtin/linked_hash_map_bench_test.mbt:83 ("bench Map::each n=50000") ok
time (mean ± σ)         range (min … max) 
  94.56 µs ±   1.35 µs    91.94 µs …  95.69 µs  in 10 ×   1046 runs
[moonbitlang/core] bench builtin/linked_hash_map_bench_test.mbt:101 ("bench Map::filter n=50000") ok
time (mean ± σ)         range (min … max) 
 972.98 µs ±   1.34 µs   971.24 µs … 975.19 µs  in 10 ×    103 runs
[moonbitlang/core] bench builtin/linked_hash_map_bench_test.mbt:107 ("bench Map comprehension filter n=50000") ok
time (mean ± σ)         range (min … max) 
   3.03 ms ±  27.44 µs     2.97 ms …   3.05 ms  in 10 ×     33 runs
[moonbitlang/core] bench builtin/lexical_compare_bench_test.mbt:42 ("bench lexical_compare equal n=256") ok
time (mean ± σ)         range (min … max) 
  19.48 ns ±   0.09 ns    19.41 ns …  19.70 ns  in 10 × 100000 runs
[moonbitlang/core] bench builtin/lexical_compare_bench_test.mbt:47 ("bench lexical_compare common-prefix n=256") ok
time (mean ± σ)         range (min … max) 
  19.54 ns ±   0.05 ns    19.48 ns …  19.65 ns  in 10 × 100000 runs
[moonbitlang/core] bench builtin/lexical_compare_bench_test.mbt:52 ("bench lexical_compare early-diff n=256") ok
time (mean ± σ)         range (min … max) 
   8.73 ns ±   0.06 ns     8.69 ns …   8.85 ns  in 10 × 100000 runs
[moonbitlang/core] bench builtin/lexical_compare_bench_test.mbt:89 ("bench String::lexical_compare equal n=256") ok
time (mean ± σ)         range (min … max) 
 102.38 ns ±   0.12 ns   102.24 ns … 102.60 ns  in 10 × 100000 runs
[moonbitlang/core] bench builtin/lexical_compare_bench_test.mbt:94 ("bench String::lexical_compare common-prefix n=256") ok
time (mean ± σ)         range (min … max) 
 100.82 ns ±   1.96 ns    97.30 ns … 103.25 ns  in 10 × 100000 runs
[moonbitlang/core] bench builtin/lexical_compare_bench_test.mbt:99 ("bench String::lexical_compare early-diff n=256") ok
time (mean ± σ)         range (min … max) 
   8.41 ns ±   0.03 ns     8.39 ns …   8.46 ns  in 10 × 100000 runs
[moonbitlang/core] bench builtin/lexical_compare_bench_test.mbt:104 ("bench StringView::lexical_compare equal n=256") ok
time (mean ± σ)         range (min … max) 
 101.75 ns ±   0.12 ns   101.60 ns … 101.88 ns  in 10 × 100000 runs
[moonbitlang/core] bench builtin/lexical_compare_bench_test.mbt:109 ("bench StringView::lexical_compare common-prefix n=256") ok
time (mean ± σ)         range (min … max) 
 103.60 ns ±   0.15 ns   103.44 ns … 103.84 ns  in 10 × 100000 runs
[moonbitlang/core] bench builtin/lexical_compare_bench_test.mbt:114 ("bench StringView::lexical_compare early-diff n=256") ok
time (mean ± σ)         range (min … max) 
   8.11 ns ±   0.03 ns     8.08 ns …   8.16 ns  in 10 × 100000 runs
[moonbitlang/core] bench builtin/lexical_compare_bench_test.mbt:121 ("bench String::compare equal-length common-prefix n=256") ok
time (mean ± σ)         range (min … max) 
 106.50 ns ±   0.59 ns   104.85 ns … 106.88 ns  in 10 × 100000 runs
[moonbitlang/core] bench builtin/lexical_compare_bench_test.mbt:128 ("bench StringView::compare equal-length common-prefix n=256") ok
time (mean ± σ)         range (min … max) 
 103.70 ns ±   0.14 ns   103.53 ns … 103.98 ns  in 10 × 100000 runs
[moonbitlang/core] bench builtin/lexical_compare_bench_test.mbt:135 ("bench StringView::compare_ignore_ascii_case common-prefix n=256") ok
time (mean ± σ)         range (min … max) 
 189.01 ns ±   0.22 ns   188.78 ns … 189.37 ns  in 10 × 100000 runs
[moonbitlang/core] bench builtin/contains_code_unit_bench_test.mbt:19 ("bench contains_code_unit absent n=4") ok
time (mean ± σ)         range (min … max) 
   7.40 ns ±   0.03 ns     7.38 ns …   7.49 ns  in 10 × 100000 runs
[moonbitlang/core] bench builtin/contains_code_unit_bench_test.mbt:25 ("bench contains_code_unit absent n=8") ok
time (mean ± σ)         range (min … max) 
   7.56 ns ±   0.03 ns     7.53 ns …   7.62 ns  in 10 × 100000 runs
[moonbitlang/core] bench builtin/contains_code_unit_bench_test.mbt:31 ("bench contains_code_unit present@0 n=8") ok
time (mean ± σ)         range (min … max) 
   6.61 ns ±   0.02 ns     6.60 ns …   6.65 ns  in 10 × 100000 runs
[moonbitlang/core] bench builtin/contains_code_unit_bench_test.mbt:37 ("bench contains_code_unit absent n=16") ok
time (mean ± σ)         range (min … max) 
   8.27 ns ±   0.02 ns     8.26 ns …   8.31 ns  in 10 × 100000 runs
[moonbitlang/core] bench builtin/contains_code_unit_bench_test.mbt:43 ("bench contains_code_unit absent n=64") ok
time (mean ± σ)         range (min … max) 
  10.06 ns ±   0.03 ns    10.03 ns …  10.12 ns  in 10 × 100000 runs
[moonbitlang/core] bench builtin/contains_code_unit_bench_test.mbt:49 ("bench contains_code_unit absent n=256") ok
time (mean ± σ)         range (min … max) 
  19.52 ns ±   0.09 ns    19.43 ns …  19.71 ns  in 10 × 100000 runs
[moonbitlang/core] bench builtin/contains_code_unit_bench_test.mbt:55 ("bench contains_code_unit present@end n=256") ok
time (mean ± σ)         range (min … max) 
  18.90 ns ±   0.07 ns    18.83 ns …  19.04 ns  in 10 × 100000 runs
[moonbitlang/core] bench builtin/contains_code_unit_bench_test.mbt:61 ("bench contains_code_unit present@0 n=256") ok
time (mean ± σ)         range (min … max) 
   6.62 ns ±   0.02 ns     6.60 ns …   6.66 ns  in 10 × 100000 runs
[moonbitlang/core] bench builtin/contains_code_unit_bench_test.mbt:67 ("bench StringView contains_code_unit absent n=256") ok
time (mean ± σ)         range (min … max) 
  19.30 ns ±   0.40 ns    18.34 ns …  19.68 ns  in 10 × 100000 runs
[moonbitlang/core] bench builtin/bytesview_compare_bench_test.mbt:16 ("bench BytesView Compare equal n=1000000") ok
time (mean ± σ)         range (min … max) 
  40.00 µs ±  28.89 ns    39.92 µs …  40.02 µs  in 10 ×   2501 runs
[moonbitlang/core] bench builtin/bytesview_compare_bench_test.mbt:23 ("bench BytesView Compare last-diff n=1000000") ok
time (mean ± σ)         range (min … max) 
  40.00 µs ±  25.44 ns    39.93 µs …  40.03 µs  in 10 ×   2500 runs
[moonbitlang/core] bench builtin/bytes_unsafe_bench_test.mbt:31 ("bench Bytes::unsafe_read_uint16_le n=4096") ok
time (mean ± σ)         range (min … max) 
 452.60 ns ±   0.31 ns   452.22 ns … 453.04 ns  in 10 × 100000 runs
[moonbitlang/core] bench builtin/bytes_unsafe_bench_test.mbt:43 ("bench Bytes::unsafe_read_uint32_le n=4096") ok
time (mean ± σ)         range (min … max) 
 442.84 ns ±   0.71 ns   441.02 ns … 443.58 ns  in 10 × 100000 runs
[moonbitlang/core] bench builtin/bytes_unsafe_bench_test.mbt:55 ("bench Bytes::unsafe_read_uint64_le n=4096") ok
time (mean ± σ)         range (min … max) 
 463.00 ns ±   1.07 ns   461.96 ns … 465.48 ns  in 10 × 100000 runs
[moonbitlang/core] bench builtin/bytes_unsafe_bench_test.mbt:67 ("bench FixedArray::unsafe_write_uint16_le n=4096") ok
time (mean ± σ)         range (min … max) 
 587.98 ns ±   2.14 ns   582.13 ns … 589.85 ns  in 10 × 100000 runs
[moonbitlang/core] bench builtin/bytes_unsafe_bench_test.mbt:78 ("bench FixedArray::unsafe_write_uint32_le n=4096") ok
time (mean ± σ)         range (min … max) 
 591.02 ns ±   4.09 ns   582.58 ns … 596.02 ns  in 10 × 100000 runs
[moonbitlang/core] bench builtin/bytes_unsafe_bench_test.mbt:89 ("bench FixedArray::unsafe_write_uint64_le n=4096") ok
time (mean ± σ)         range (min … max) 
 593.97 ns ±   0.71 ns   592.61 ns … 594.73 ns  in 10 × 100000 runs
[moonbitlang/core] bench builtin/bytes_output_bench_test.mbt:19 ("bench Bytes Show binary n=100000") ok
time (mean ± σ)         range (min … max) 
 551.22 µs ± 331.84 ns   550.56 µs … 551.58 µs  in 10 ×    183 runs
[moonbitlang/core] bench builtin/bytes_output_bench_test.mbt:24 ("bench Bytes ToJson binary n=100000") ok
time (mean ± σ)         range (min … max) 
 536.32 µs ± 836.62 ns   534.98 µs … 537.32 µs  in 10 ×    188 runs
[moonbitlang/core] bench builtin/bytes_hash_bench_test.mbt:54 ("bench Hash::hash(Bytes) n=32") ok
time (mean ± σ)         range (min … max) 
  10.23 ns ±   0.05 ns    10.19 ns …  10.30 ns  in 10 × 100000 runs
[moonbitlang/core] bench builtin/bytes_hash_bench_test.mbt:60 ("bench Hash::hash(Bytes) n=8192") ok
time (mean ± σ)         range (min … max) 
   4.41 µs ±   1.80 ns     4.41 µs …   4.41 µs  in 10 ×  22697 runs
[moonbitlang/core] bench builtin/bytes_hash_bench_test.mbt:66 ("bench Map::at Bytes n=1024 key_bytes=32") ok
time (mean ± σ)         range (min … max) 
  16.71 µs ± 192.76 ns    16.34 µs …  16.90 µs  in 10 ×   5974 runs
[moonbitlang/core] bench builtin/bytes_from_array_bench_test.mbt:30 ("bench Bytes::from_array n=262144 full") ok
time (mean ± σ)         range (min … max) 
   4.75 µs ±   3.39 ns     4.75 µs …   4.76 µs  in 10 ×  21051 runs
[moonbitlang/core] bench builtin/bytes_from_array_bench_test.mbt:41 ("bench Bytes::from_array n=262144 sliced") ok
time (mean ± σ)         range (min … max) 
   4.82 µs ±   3.85 ns     4.82 µs …   4.83 µs  in 10 ×  20670 runs
[moonbitlang/core] bench builtin/bytes_from_array_bench_test.mbt:48 ("bench Bytes::makei from ArrayView n=262144 full") ok
time (mean ± σ)         range (min … max) 
 233.20 µs ± 339.16 ns   232.70 µs … 233.99 µs  in 10 ×    427 runs
[moonbitlang/core] bench builtin/bytes_from_array_bench_test.mbt:59 ("bench Bytes::makei from ArrayView n=262144 sliced") ok
time (mean ± σ)         range (min … max) 
 234.17 µs ± 100.22 ns   234.09 µs … 234.38 µs  in 10 ×    428 runs
[moonbitlang/core] bench builtin/bytes_equal_bench_test.mbt:37 ("bench Bytes::equal n=100000 equal") ok
time (mean ± σ)         range (min … max) 
   2.48 µs ±   3.33 ns     2.47 µs …   2.48 µs  in 10 ×  40217 runs
[moonbitlang/core] bench builtin/bytes_equal_bench_test.mbt:44 ("bench Bytes::equal n=100000 aliased object") ok
time (mean ± σ)         range (min … max) 
   7.15 ns ±   0.03 ns     7.11 ns …   7.20 ns  in 10 × 100000 runs
[moonbitlang/core] bench builtin/bytes_equal_bench_test.mbt:54 ("bench Bytes::equal n=100000 mismatch at end") ok
time (mean ± σ)         range (min … max) 
   2.47 µs ±   2.36 ns     2.47 µs …   2.48 µs  in 10 ×  40462 runs
[moonbitlang/core] bench builtin/bytes_add_bench_test.mbt:16 ("bench Bytes add total=1000000") ok
time (mean ± σ)         range (min … max) 
  17.01 µs ±  21.36 ns    16.97 µs …  17.03 µs  in 10 ×   5901 runs
[moonbitlang/core] bench builtin/bitstring_uint_aligned_bench_test.mbt:24 ("bench Bytes::unsafe_extract_uint_le_aligned n=8192") ok
time (mean ± σ)         range (min … max) 
  71.76 ns ±   0.11 ns    71.57 ns …  71.96 ns  in 10 × 100000 runs
[moonbitlang/core] bench builtin/bitstring_uint64_aligned_bench_test.mbt:24 ("bench Bytes::unsafe_extract_uint64_le_aligned n=8192") ok
time (mean ± σ)         range (min … max) 
  78.55 ns ±   0.10 ns    78.43 ns …  78.74 ns  in 10 × 100000 runs
[moonbitlang/core] bench builtin/bitstring_extract_bench_test.mbt:35 ("bench BytesView uint_le aligned len=32") ok
time (mean ± σ)         range (min … max) 
  71.93 ns ±   0.15 ns    71.77 ns …  72.20 ns  in 10 × 100000 runs
[moonbitlang/core] bench builtin/bitstring_extract_bench_test.mbt:48 ("bench BytesView uint_be aligned len=32") ok
time (mean ± σ)         range (min … max) 
  87.69 ns ±   0.10 ns    87.55 ns …  87.88 ns  in 10 × 100000 runs
[moonbitlang/core] bench builtin/bitstring_extract_bench_test.mbt:61 ("bench ArrayView uint_le aligned len=32") ok
time (mean ± σ)         range (min … max) 
  71.78 ns ±   0.06 ns    71.70 ns …  71.86 ns  in 10 × 100000 runs
[moonbitlang/core] bench builtin/bitstring_extract_bench_test.mbt:75 ("bench ArrayView uint_be aligned len=32") ok
time (mean ± σ)         range (min … max) 
  87.68 ns ±   0.06 ns    87.60 ns …  87.78 ns  in 10 × 100000 runs
[moonbitlang/core] bench builtin/bitstring_extract_bench_test.mbt:89 ("bench BytesView uint64_le aligned len=64") ok
time (mean ± σ)         range (min … max) 
  71.46 ns ±   0.05 ns    71.38 ns …  71.56 ns  in 10 × 100000 runs
[moonbitlang/core] bench builtin/bitstring_extract_bench_test.mbt:102 ("bench BytesView uint64_be aligned len=64") ok
time (mean ± σ)         range (min … max) 
  88.80 ns ±   0.04 ns    88.75 ns …  88.87 ns  in 10 × 100000 runs
[moonbitlang/core] bench builtin/bitstring_extract_bench_test.mbt:115 ("bench ArrayView uint64_le aligned len=64") ok
time (mean ± σ)         range (min … max) 
  71.88 ns ±   0.10 ns    71.74 ns …  72.04 ns  in 10 × 100000 runs
[moonbitlang/core] bench builtin/bitstring_extract_bench_test.mbt:129 ("bench ArrayView uint64_be aligned len=64") ok
time (mean ± σ)         range (min … max) 
  87.59 ns ±   0.11 ns    87.44 ns …  87.76 ns  in 10 × 100000 runs
[moonbitlang/core] bench builtin/bitstring_extract_bench_test.mbt:143 ("bench BytesView uint_le unaligned len=32") ok
time (mean ± σ)         range (min … max) 
   6.54 µs ±  51.11 ns     6.47 µs …   6.61 µs  in 10 ×  15403 runs
[moonbitlang/core] bench builtin/bitstring_extract_bench_test.mbt:156 ("bench BytesView uint64_le unaligned len=64") ok
time (mean ± σ)         range (min … max) 
   5.61 µs ±  18.62 ns     5.58 µs …   5.63 µs  in 10 ×  18026 runs
[moonbitlang/core] bench builtin/bitstring_extract_bench_test.mbt:169 ("bench BytesView uint_le aligned len=16") ok
time (mean ± σ)         range (min … max) 
 160.28 ns ±   0.17 ns   159.87 ns … 160.49 ns  in 10 × 100000 runs
[moonbitlang/core] bench builtin/bitstring_extract_bench_test.mbt:182 ("bench BytesView uint_le aligned len=24") ok
time (mean ± σ)         range (min … max) 
   5.29 µs ±   5.92 ns     5.28 µs …   5.29 µs  in 10 ×  18954 runs
[moonbitlang/core] bench builtin/array_retain_bench_test.mbt:29 ("bench Array::retain all keep Int n=100000") ok
time (mean ± σ)         range (min … max) 
   4.47 µs ±   9.40 ns     4.46 µs …   4.49 µs  in 10 ×  22290 runs
[moonbitlang/core] bench builtin/array_retain_bench_test.mbt:42 ("bench Array::retain all keep Ref n=100000") ok
time (mean ± σ)         range (min … max) 
  32.91 µs ±  25.44 ns    32.87 µs …  32.97 µs  in 10 ×   3042 runs
[moonbitlang/core] bench builtin/array_retain_bench_test.mbt:55 ("bench Array::retain drop tail n=100000") ok
time (mean ± σ)         range (min … max) 
  39.14 µs ±  34.67 ns    39.09 µs …  39.20 µs  in 10 ×   2566 runs
[moonbitlang/core] bench builtin/array_retain_bench_test.mbt:66 ("bench Array::retain late sparse drop n=100000") ok
time (mean ± σ)         range (min … max) 
  58.71 µs ± 288.60 ns    58.20 µs …  59.31 µs  in 10 ×   1680 runs
[moonbitlang/core] bench builtin/array_retain_bench_test.mbt:77 ("bench Array::retain drop first n=100000") ok
time (mean ± σ)         range (min … max) 
  38.78 µs ±  75.48 ns    38.62 µs …  38.91 µs  in 10 ×   2589 runs
[moonbitlang/core] bench builtin/array_make_blit_bench_test.mbt:32 ("bench FixedArray::copy Ref n=1000000") ok
time (mean ± σ)         range (min … max) 
   1.13 ms ± 542.67 ns     1.13 ms …   1.13 ms  in 10 ×     89 runs
[moonbitlang/core] bench builtin/array_make_blit_bench_test.mbt:38 ("bench Array::from_fixed_array Ref n=1000000") ok
time (mean ± σ)         range (min … max) 
   1.14 ms ± 652.17 ns     1.13 ms …   1.14 ms  in 10 ×     89 runs
[moonbitlang/core] bench builtin/array_make_blit_bench_test.mbt:44 ("bench Array::add Ref n=500000+500000") ok
time (mean ± σ)         range (min … max) 
   1.43 ms ± 766.46 ns     1.42 ms …   1.43 ms  in 10 ×     71 runs
[moonbitlang/core] bench builtin/array_make_blit_bench_test.mbt:51 ("bench ArrayView::add Ref n=500000+500000") ok
time (mean ± σ)         range (min … max) 
   1.43 ms ±   1.80 µs     1.42 ms …   1.43 ms  in 10 ×     71 runs
[moonbitlang/core] bench builtin/array_make_blit_bench_test.mbt:60 ("bench Array::blit_to Ref n=1000000 overwrite") ok
time (mean ± σ)         range (min … max) 
   1.01 ms ± 483.95 ns     1.01 ms …   1.01 ms  in 10 ×     99 runs
[moonbitlang/core] bench builtin/array_make_blit_bench_test.mbt:70 ("bench Array::blit_to Ref n=1000000 grow") ok
time (mean ± σ)         range (min … max) 
   1.76 ms ±   4.88 µs     1.75 ms …   1.77 ms  in 10 ×     57 runs
[moonbitlang/core] bench builtin/array_make_blit_bench_test.mbt:80 ("bench ArrayView::blit_to Ref n=1000000 overwrite") ok
time (mean ± σ)         range (min … max) 
   1.01 ms ± 405.06 ns     1.01 ms …   1.01 ms  in 10 ×     99 runs
[moonbitlang/core] bench builtin/array_make_blit_bench_test.mbt:90 ("bench ArrayView::blit_to Ref n=1000000 grow") ok
time (mean ± σ)         range (min … max) 
   1.76 ms ±   1.77 µs     1.75 ms …   1.76 ms  in 10 ×     57 runs
[moonbitlang/core] bench builtin/array_make_blit_bench_test.mbt:100 ("bench Array::append Ref n=1000000 grow") ok
time (mean ± σ)         range (min … max) 
   1.76 ms ± 621.84 ns     1.76 ms …   1.76 ms  in 10 ×     57 runs
[moonbitlang/core] bench builtin/array_make_blit_bench_test.mbt:110 ("bench Array::push Ref n=1000000 resize") ok
time (mean ± σ)         range (min … max) 
   1.52 ms ± 796.56 ns     1.52 ms …   1.53 ms  in 10 ×     66 runs
[moonbitlang/core] bench builtin/array_make_blit_bench_test.mbt:129 ("bench Array::copy Int n=1000000") ok
time (mean ± σ)         range (min … max) 
  62.19 µs ±  26.19 ns    62.15 µs …  62.24 µs  in 10 ×   1608 runs
[moonbitlang/core] bench builtin/array_make_blit_bench_test.mbt:135 ("bench Array::copy Ref n=1000000") ok
time (mean ± σ)         range (min … max) 
   1.72 ms ±   2.25 µs     1.72 ms …   1.72 ms  in 10 ×     59 runs
[moonbitlang/core] bench builtin/array_locals_bench_test.mbt:29 ("bench Array::retain_map n=100000") ok
time (mean ± σ)         range (min … max) 
   6.80 µs ±   3.70 ns     6.80 µs …   6.81 µs  in 10 ×  14707 runs
[moonbitlang/core] bench builtin/array_locals_bench_test.mbt:38 ("bench Array::shuffle_in_place n=100000") ok
time (mean ± σ)         range (min … max) 
  61.53 µs ±  57.76 ns    61.44 µs …  61.59 µs  in 10 ×   1625 runs
[moonbitlang/core] bench builtin/array_locals_bench_test.mbt:50 ("bench Array::filter_map n=100000") ok
time (mean ± σ)         range (min … max) 
  42.42 µs ±  53.31 ns    42.32 µs …  42.49 µs  in 10 ×   2359 runs
[moonbitlang/core] bench builtin/array_locals_bench_test.mbt:58 ("bench FixedArray::each n=100000") ok
time (mean ± σ)         range (min … max) 
   4.50 µs ±  29.56 ns     4.48 µs …   4.56 µs  in 10 ×  22315 runs
[moonbitlang/core] bench builtin/array_locals_bench_test.mbt:68 ("bench FixedArray::eachi n=100000") ok
time (mean ± σ)         range (min … max) 
  10.92 µs ±  87.37 ns    10.78 µs …  11.00 µs  in 10 ×   9092 runs
[moonbitlang/core] bench builtin/array_locals_bench_test.mbt:78 ("bench FixedArray::rev_each n=100000") ok
time (mean ± σ)         range (min … max) 
   5.59 µs ±   5.12 ns     5.59 µs …   5.61 µs  in 10 ×  17879 runs
[moonbitlang/core] bench builtin/array_locals_bench_test.mbt:88 ("bench FixedArray::rev_eachi n=100000") ok
time (mean ± σ)         range (min … max) 
  11.12 µs ±  70.66 ns    10.98 µs …  11.20 µs  in 10 ×   8919 runs
[moonbitlang/core] bench builtin/array_locals_bench_test.mbt:98 ("bench FixedArray::map n=100000") ok
time (mean ± σ)         range (min … max) 
  14.71 µs ± 346.26 ns    14.41 µs …  15.35 µs  in 10 ×   6967 runs
[moonbitlang/core] bench builtin/array_locals_bench_test.mbt:104 ("bench FixedArray::mapi n=100000") ok
time (mean ± σ)         range (min … max) 
  14.73 µs ± 301.12 ns    14.50 µs …  15.29 µs  in 10 ×   6790 runs
[moonbitlang/core] bench builtin/array_locals_bench_test.mbt:110 ("bench FixedArray::makei n=100000") ok
time (mean ± σ)         range (min … max) 
  13.65 µs ± 321.20 ns    13.36 µs …  14.43 µs  in 10 ×   7713 runs
[moonbitlang/core] bench builtin/array_locals_bench_test.mbt:115 ("bench FixedArray::fold n=100000") ok
time (mean ± σ)         range (min … max) 
   4.46 µs ±   3.01 ns     4.45 µs …   4.46 µs  in 10 ×  22325 runs
[moonbitlang/core] bench builtin/array_locals_bench_test.mbt:121 ("bench FixedArray::rev_fold n=100000") ok
time (mean ± σ)         range (min … max) 
   5.59 µs ±  10.18 ns     5.57 µs …   5.61 µs  in 10 ×  17900 runs
[moonbitlang/core] bench builtin/array_locals_bench_test.mbt:127 ("bench FixedArray::foldi n=100000") ok
time (mean ± σ)         range (min … max) 
  10.82 µs ±  19.37 ns    10.79 µs …  10.85 µs  in 10 ×   9246 runs
[moonbitlang/core] bench builtin/array_locals_bench_test.mbt:133 ("bench FixedArray::rev_foldi n=100000") ok
time (mean ± σ)         range (min … max) 
  11.05 µs ± 103.38 ns    10.86 µs …  11.14 µs  in 10 ×   8986 runs
[moonbitlang/core] bench builtin/array_locals_bench_test.mbt:139 ("bench ArrayView::chunk_by n=100000") ok
time (mean ± σ)         range (min … max) 
  50.58 µs ± 211.64 ns    50.43 µs …  51.07 µs  in 10 ×   1938 runs
[moonbitlang/core] bench builtin/array_locals_bench_test.mbt:146 ("bench ArrayView::each n=100000") ok
time (mean ± σ)         range (min … max) 
   4.46 µs ±   6.50 ns     4.45 µs …   4.48 µs  in 10 ×  22304 runs
[moonbitlang/core] bench builtin/array_locals_bench_test.mbt:157 ("bench ArrayView::eachi n=100000") ok
time (mean ± σ)         range (min … max) 
  10.98 µs ±   8.49 ns    10.97 µs …  11.00 µs  in 10 ×   9144 runs
[moonbitlang/core] bench builtin/array_locals_bench_test.mbt:168 ("bench ArrayView::rev_each n=100000") ok
time (mean ± σ)         range (min … max) 
   5.60 µs ±   3.14 ns     5.60 µs …   5.61 µs  in 10 ×  17862 runs
[moonbitlang/core] bench builtin/array_locals_bench_test.mbt:179 ("bench ArrayView::rev_eachi n=100000") ok
time (mean ± σ)         range (min … max) 
  10.87 µs ±   7.64 ns    10.86 µs …  10.88 µs  in 10 ×   9197 runs
[moonbitlang/core] bench builtin/array_locals_bench_test.mbt:190 ("bench ArrayView::all n=100000") ok
time (mean ± σ)         range (min … max) 
  28.16 µs ±  23.26 ns    28.14 µs …  28.21 µs  in 10 ×   3560 runs
[moonbitlang/core] bench builtin/array_locals_bench_test.mbt:197 ("bench ArrayView::any n=100000") ok
time (mean ± σ)         range (min … max) 
  28.06 µs ± 326.89 ns    27.47 µs …  28.28 µs  in 10 ×   3542 runs
[moonbitlang/core] bench builtin/array_locals_bench_test.mbt:204 ("bench ArrayView::search_by n=100000") ok
time (mean ± σ)         range (min … max) 
  33.64 µs ±  57.46 ns    33.51 µs …  33.71 µs  in 10 ×   2935 runs
[moonbitlang/core] bench builtin/array_locals_bench_test.mbt:213 ("bench ArrayView::fold n=100000") ok
time (mean ± σ)         range (min … max) 
   4.46 µs ±   1.96 ns     4.45 µs …   4.46 µs  in 10 ×  22439 runs
[moonbitlang/core] bench builtin/array_locals_bench_test.mbt:220 ("bench ArrayView::rev_fold n=100000") ok
time (mean ± σ)         range (min … max) 
   5.59 µs ±   0.81 ns     5.59 µs …   5.59 µs  in 10 ×  17893 runs
[moonbitlang/core] bench builtin/array_locals_bench_test.mbt:227 ("bench ArrayView::foldi n=100000") ok
time (mean ± σ)         range (min … max) 
  10.86 µs ±  79.95 ns    10.73 µs …  10.99 µs  in 10 ×   9035 runs
[moonbitlang/core] bench builtin/array_locals_bench_test.mbt:234 ("bench ArrayView::rev_foldi n=100000") ok
time (mean ± σ)         range (min … max) 
  14.59 µs ± 138.10 ns    14.31 µs …  14.67 µs  in 10 ×   6964 runs
[moonbitlang/core] bench builtin/array_locals_bench_test.mbt:241 ("bench ArrayView::map n=100000") ok
time (mean ± σ)         range (min … max) 
   8.80 µs ±  60.73 ns     8.75 µs …   8.93 µs  in 10 ×  11445 runs
[moonbitlang/core] bench builtin/array_locals_bench_test.mbt:248 ("bench ArrayView::mapi n=100000") ok
time (mean ± σ)         range (min … max) 
   8.79 µs ±  66.56 ns     8.71 µs …   8.88 µs  in 10 ×  11534 runs
[moonbitlang/core] bench builtin/array_locals_bench_test.mbt:255 ("bench ArrayView::filter n=100000") ok
time (mean ± σ)         range (min … max) 
  42.51 µs ±  44.25 ns    42.45 µs …  42.58 µs  in 10 ×   2343 runs
[moonbitlang/core] bench builtin/array_locals_bench_test.mbt:262 ("bench ArrayView::filter_map n=100000") ok
time (mean ± σ)         range (min … max) 
  42.53 µs ±  25.81 ns    42.50 µs …  42.57 µs  in 10 ×   2350 runs
[moonbitlang/core] bench bytes/find_bench_test.mbt:92 ("bench BytesView::find single byte hit end n=4096") ok
time (mean ± σ)         range (min … max) 
 164.14 ns ±   0.19 ns   163.89 ns … 164.38 ns  in 10 × 100000 runs
[moonbitlang/core] bench bytes/find_bench_test.mbt:99 ("bench BytesView::find single byte miss n=4096") ok
time (mean ± σ)         range (min … max) 
 151.83 ns ±   2.76 ns   147.20 ns … 154.65 ns  in 10 × 100000 runs
[moonbitlang/core] bench bytes/find_bench_test.mbt:106 ("bench BytesView::find substring rare hit end n=4096") ok
time (mean ± σ)         range (min … max) 
 196.20 ns ±   0.05 ns   196.16 ns … 196.32 ns  in 10 × 100000 runs
[moonbitlang/core] bench bytes/find_bench_test.mbt:113 ("bench BytesView::find substring dense miss n=4096") ok
time (mean ± σ)         range (min … max) 
 192.86 ns ±   0.08 ns   192.79 ns … 193.05 ns  in 10 × 100000 runs
[moonbitlang/core] bench bytes/find_bench_test.mbt:120 ("bench BytesView::find offset view rare hit end n=4096") ok
time (mean ± σ)         range (min … max) 
 196.24 ns ±   0.06 ns   196.18 ns … 196.34 ns  in 10 × 100000 runs
[moonbitlang/core] bench bytes/find_bench_test.mbt:127 ("bench BytesView::find long dense miss n=4096") ok
time (mean ± σ)         range (min … max) 
   4.52 µs ±   4.29 ns     4.52 µs …   4.53 µs  in 10 ×  22096 runs
[moonbitlang/core] bench bytes/find_bench_test.mbt:134 ("bench BytesView::find single byte miss n=32") ok
time (mean ± σ)         range (min … max) 
  10.03 ns ±   0.02 ns    10.02 ns …  10.07 ns  in 10 × 100000 runs
[moonbitlang/core] bench bytes/find_bench_test.mbt:141 ("bench BytesView::find substring miss n=32") ok
time (mean ± σ)         range (min … max) 
  16.01 ns ±   0.03 ns    15.99 ns …  16.08 ns  in 10 × 100000 runs
[moonbitlang/core] bench bytes/find_bench_test.mbt:148 ("bench BytesView::rev_find single byte hit start n=4096") ok
time (mean ± σ)         range (min … max) 
 154.88 ns ±   0.22 ns   154.65 ns … 155.32 ns  in 10 × 100000 runs
[moonbitlang/core] bench bytes/find_bench_test.mbt:155 ("bench BytesView::rev_find single byte miss n=4096") ok
time (mean ± σ)         range (min … max) 
 144.48 ns ±   0.13 ns   144.35 ns … 144.75 ns  in 10 × 100000 runs
[moonbitlang/core] bench bytes/find_bench_test.mbt:162 ("bench BytesView::rev_find substring rare hit start n=4096") ok
time (mean ± σ)         range (min … max) 
 204.21 ns ±   0.07 ns   204.09 ns … 204.33 ns  in 10 × 100000 runs
[moonbitlang/core] bench bytes/find_bench_test.mbt:169 ("bench BytesView::rev_find substring dense miss n=4096") ok
time (mean ± σ)         range (min … max) 
 200.52 ns ±   0.12 ns   200.36 ns … 200.69 ns  in 10 × 100000 runs
[moonbitlang/core] bench bytes/find_bench_test.mbt:176 ("bench BytesView::rev_find offset view rare hit start n=4096") ok
time (mean ± σ)         range (min … max) 
 204.39 ns ±   0.08 ns   204.29 ns … 204.55 ns  in 10 × 100000 runs
[moonbitlang/core] bench bytes/find_bench_test.mbt:185 ("bench BytesView::rev_find long dense miss n=4096") ok
time (mean ± σ)         range (min … max) 
 197.91 ns ±   0.07 ns   197.82 ns … 198.02 ns  in 10 × 100000 runs
[moonbitlang/core] bench debug/debug_inspect_bench_test.mbt:16 ("bench debug_inspect passing Int") ok
time (mean ± σ)         range (min … max) 
 183.21 ns ±   0.33 ns   182.61 ns … 183.59 ns  in 10 × 100000 runs
[moonbitlang/core] bench debug/debug_inspect_bench_test.mbt:21 ("bench debug_inspect passing Array") ok
time (mean ± σ)         range (min … max) 
   1.87 µs ±   2.20 ns     1.87 µs …   1.88 µs  in 10 ×  53370 runs
[moonbitlang/core] bench deque/deque_bench_test.mbt:22 ("bench Deque::to_array Int n=50000") ok
time (mean ± σ)         range (min … max) 
  29.80 µs ±  23.05 ns    29.76 µs …  29.84 µs  in 10 ×   3346 runs
[moonbitlang/core] bench deque/deque_bench_test.mbt:28 ("bench Deque::to_array Ref n=50000") ok
time (mean ± σ)         range (min … max) 
 108.02 µs ± 130.15 ns   107.74 µs … 108.15 µs  in 10 ×    927 runs
[moonbitlang/core] bench deque/deque_bench_test.mbt:34 ("bench Deque steady-state pop_front/push_back x100000 len=1000") ok
time (mean ± σ)         range (min … max) 
 395.72 µs ± 752.83 ns   394.20 µs … 396.78 µs  in 10 ×    252 runs
[moonbitlang/core] bench deque/deque_bench_test.mbt:51 ("bench Deque steady-state push_front/pop_back x100000 len=1000") ok
time (mean ± σ)         range (min … max) 
 387.93 µs ± 600.92 ns   386.77 µs … 388.63 µs  in 10 ×    258 runs
[moonbitlang/core] bench deque/deque_bench_test.mbt:67 ("bench Deque::get x100000 len=1000") ok
time (mean ± σ)         range (min … max) 
 585.80 µs ±   1.71 µs   584.70 µs … 590.55 µs  in 10 ×    171 runs
[moonbitlang/core] bench encoding/ascii/ascii_bench_test.mbt:40 ("bench ASCII decode n=15") ok
time (mean ± σ)         range (min … max) 
  22.87 ns ±   0.62 ns    21.74 ns …  23.47 ns  in 10 × 100000 runs
[moonbitlang/core] bench encoding/ascii/ascii_bench_test.mbt:46 ("bench ASCII decode n=16") ok
time (mean ± σ)         range (min … max) 
  22.64 ns ±   0.07 ns    22.60 ns …  22.78 ns  in 10 × 100000 runs
[moonbitlang/core] bench encoding/ascii/ascii_bench_test.mbt:52 ("bench ASCII decode n=32") ok
time (mean ± σ)         range (min … max) 
  27.15 ns ±   0.14 ns    27.04 ns …  27.42 ns  in 10 × 100000 runs
[moonbitlang/core] bench encoding/ascii/ascii_bench_test.mbt:58 ("bench ASCII decode n=64") ok
time (mean ± σ)         range (min … max) 
  32.95 ns ±   0.03 ns    32.93 ns …  33.02 ns  in 10 × 100000 runs
[moonbitlang/core] bench encoding/ascii/ascii_bench_test.mbt:64 ("bench ASCII decode n=100000") ok
time (mean ± σ)         range (min … max) 
  11.61 µs ±  71.11 ns    11.54 µs …  11.69 µs  in 10 ×   8581 runs
[moonbitlang/core] bench encoding/ascii/ascii_bench_test.mbt:70 ("bench ASCII decode n=1000000") ok
time (mean ± σ)         range (min … max) 
 102.78 µs ± 377.17 ns   102.48 µs … 103.44 µs  in 10 ×    960 runs
[moonbitlang/core] bench encoding/base64/v128_bench_wbtest.mbt:38 ("bench encode scalar n=64") ok
time (mean ± σ)         range (min … max) 
 216.55 ns ±   0.74 ns   214.70 ns … 217.23 ns  in 10 × 100000 runs
[moonbitlang/core] bench encoding/base64/v128_bench_wbtest.mbt:43 ("bench encode v128 n=64") ok
time (mean ± σ)         range (min … max) 
  39.99 ns ±   0.04 ns    39.95 ns …  40.05 ns  in 10 × 100000 runs
[moonbitlang/core] bench encoding/base64/v128_bench_wbtest.mbt:48 ("bench encode scalar n=1024") ok
time (mean ± σ)         range (min … max) 
   2.88 µs ±   2.23 ns     2.87 µs …   2.88 µs  in 10 ×  34848 runs
[moonbitlang/core] bench encoding/base64/v128_bench_wbtest.mbt:53 ("bench encode v128 n=1024") ok
time (mean ± σ)         range (min … max) 
 251.00 ns ±   0.21 ns   250.77 ns … 251.40 ns  in 10 × 100000 runs
[moonbitlang/core] bench encoding/base64/v128_bench_wbtest.mbt:58 ("bench encode scalar n=65536") ok
time (mean ± σ)         range (min … max) 
 180.64 µs ±  74.53 ns   180.44 µs … 180.71 µs  in 10 ×    548 runs
[moonbitlang/core] bench encoding/base64/v128_bench_wbtest.mbt:63 ("bench encode v128 n=65536") ok
time (mean ± σ)         range (min … max) 
  19.91 µs ± 352.48 ns    19.43 µs …  20.21 µs  in 10 ×   4727 runs
[moonbitlang/core] bench encoding/base64/v128_bench_wbtest.mbt:68 ("bench decode scalar n=64") ok
time (mean ± σ)         range (min … max) 
 181.17 ns ±   1.27 ns   179.78 ns … 183.17 ns  in 10 × 100000 runs
[moonbitlang/core] bench encoding/base64/v128_bench_wbtest.mbt:75 ("bench decode v128 n=64") ok
time (mean ± σ)         range (min … max) 
  72.85 ns ±   0.14 ns    72.65 ns …  73.00 ns  in 10 × 100000 runs
[moonbitlang/core] bench encoding/base64/v128_bench_wbtest.mbt:80 ("bench decode scalar n=1024") ok
time (mean ± σ)         range (min … max) 
   2.12 µs ±   3.17 ns     2.11 µs …   2.12 µs  in 10 ×  47293 runs
[moonbitlang/core] bench encoding/base64/v128_bench_wbtest.mbt:87 ("bench decode v128 n=1024") ok
time (mean ± σ)         range (min … max) 
 259.63 ns ±   1.46 ns   255.51 ns … 260.38 ns  in 10 × 100000 runs
[moonbitlang/core] bench encoding/base64/v128_bench_wbtest.mbt:92 ("bench decode scalar n=65536") ok
time (mean ± σ)         range (min … max) 
 442.40 µs ± 649.79 ns   441.46 µs … 443.47 µs  in 10 ×    226 runs
[moonbitlang/core] bench encoding/base64/v128_bench_wbtest.mbt:99 ("bench decode v128 n=65536") ok
time (mean ± σ)         range (min … max) 
  12.60 µs ±  40.44 ns    12.49 µs …  12.62 µs  in 10 ×   7934 runs
[moonbitlang/core] bench encoding/hex/v128_bench_wbtest.mbt:34 ("bench encode scalar 4k") ok
time (mean ± σ)         range (min … max) 
  16.60 µs ±  11.14 ns    16.58 µs …  16.62 µs  in 10 ×   6032 runs
[moonbitlang/core] bench encoding/hex/v128_bench_wbtest.mbt:39 ("bench encode public 64") ok
time (mean ± σ)         range (min … max) 
  35.72 ns ±   0.07 ns    35.61 ns …  35.80 ns  in 10 × 100000 runs
[moonbitlang/core] bench encoding/hex/v128_bench_wbtest.mbt:44 ("bench encode public 4k") ok
time (mean ± σ)         range (min … max) 
 646.89 ns ±   1.83 ns   644.60 ns … 649.95 ns  in 10 × 100000 runs
[moonbitlang/core] bench encoding/hex/v128_bench_wbtest.mbt:49 ("bench encode public 64k") ok
time (mean ± σ)         range (min … max) 
  18.57 µs ±  18.82 ns    18.54 µs …  18.60 µs  in 10 ×   5402 runs
[moonbitlang/core] bench encoding/hex/v128_bench_wbtest.mbt:54 ("bench decode scalar 4k") ok
time (mean ± σ)         range (min … max) 
   7.77 µs ±   4.42 ns     7.76 µs …   7.78 µs  in 10 ×  12858 runs
[moonbitlang/core] bench encoding/hex/v128_bench_wbtest.mbt:62 ("bench decode public 4k") ok
time (mean ± σ)         range (min … max) 
 828.85 ns ±   6.22 ns   814.62 ns … 833.04 ns  in 10 × 100000 runs
[moonbitlang/core] bench encoding/hex/v128_bench_wbtest.mbt:70 ("bench decode public 64k") ok
time (mean ± σ)         range (min … max) 
  12.66 µs ± 151.41 ns    12.41 µs …  12.80 µs  in 10 ×   8001 runs
[moonbitlang/core] bench encoding/utf16/utf16_v128_bench_test.mbt:57 ("bench utf16 encode ASCII LE n=100000") ok
time (mean ± σ)         range (min … max) 
  66.00 µs ± 356.22 ns    65.60 µs …  66.61 µs  in 10 ×   1536 runs
[moonbitlang/core] bench encoding/utf16/utf16_v128_bench_test.mbt:63 ("bench utf16 encode ASCII BE n=100000") ok
time (mean ± σ)         range (min … max) 
   5.60 µs ± 151.73 ns     5.44 µs …   5.87 µs  in 10 ×  17016 runs
[moonbitlang/core] bench encoding/utf16/utf16_v128_bench_test.mbt:69 ("bench utf16 encode mixed LE n=100000") ok
time (mean ± σ)         range (min … max) 
  65.24 µs ± 484.90 ns    64.79 µs …  66.17 µs  in 10 ×   1522 runs
[moonbitlang/core] bench encoding/utf16/utf16_v128_bench_test.mbt:75 ("bench utf16 encode mixed BE n=100000") ok
time (mean ± σ)         range (min … max) 
   5.56 µs ±  48.84 ns     5.47 µs …   5.63 µs  in 10 ×  17009 runs
[moonbitlang/core] bench encoding/utf16/utf16_v128_bench_test.mbt:81 ("bench utf16 decode ASCII LE n=100000") ok
time (mean ± σ)         range (min … max) 
   9.50 µs ±   1.71 ns     9.50 µs …   9.51 µs  in 10 ×  10511 runs
[moonbitlang/core] bench encoding/utf16/utf16_v128_bench_test.mbt:87 ("bench utf16 decode ASCII BE n=100000") ok
time (mean ± σ)         range (min … max) 
  16.74 µs ± 222.99 ns    16.43 µs …  16.99 µs  in 10 ×   5980 runs
[moonbitlang/core] bench encoding/utf16/utf16_v128_bench_test.mbt:95 ("bench utf16 decode mixed LE n=100000") ok
time (mean ± σ)         range (min … max) 
   9.51 µs ±   2.68 ns     9.51 µs …   9.52 µs  in 10 ×  10686 runs
[moonbitlang/core] bench encoding/utf16/utf16_v128_bench_test.mbt:101 ("bench utf16 decode mixed BE n=100000") ok
time (mean ± σ)         range (min … max) 
  16.72 µs ± 115.79 ns    16.54 µs …  16.90 µs  in 10 ×   6029 runs
[moonbitlang/core] bench encoding/utf16/utf16_v128_bench_test.mbt:109 ("bench utf16 decode emoji LE n=100000") ok
time (mean ± σ)         range (min … max) 
 126.98 µs ± 480.95 ns   126.68 µs … 127.91 µs  in 10 ×    790 runs
[moonbitlang/core] bench encoding/utf16/utf16_v128_bench_test.mbt:115 ("bench utf16 decode emoji BE n=100000") ok
time (mean ± σ)         range (min … max) 
 146.41 µs ± 120.42 ns   146.22 µs … 146.57 µs  in 10 ×    684 runs
[moonbitlang/core] bench hashmap/hashmap_bench_test.mbt:19 ("bench HashMap::set n=50000") ok
time (mean ± σ)         range (min … max) 
   2.33 ms ±  24.11 µs     2.28 ms …   2.34 ms  in 10 ×     44 runs
[moonbitlang/core] bench hashmap/hashmap_bench_test.mbt:30 ("bench HashMap::get n=50000") ok
time (mean ± σ)         range (min … max) 
 344.91 µs ±   2.96 µs   339.27 µs … 346.63 µs  in 10 ×    295 runs
[moonbitlang/core] bench hashmap/hashmap_bench_test.mbt:47 ("bench HashMap::get miss n=50000") ok
time (mean ± σ)         range (min … max) 
 485.95 µs ± 525.70 ns   485.41 µs … 486.83 µs  in 10 ×    206 runs
[moonbitlang/core] bench hashmap/hashmap_bench_test.mbt:67 ("bench HashMap::set+remove n=50000") ok
time (mean ± σ)         range (min … max) 
   2.66 ms ±   2.25 µs     2.66 ms …   2.67 ms  in 10 ×     38 runs
[moonbitlang/core] bench hashmap/hashmap_bench_test.mbt:87 ("bench HashMap::copy+remove n=50000") ok
time (mean ± σ)         range (min … max) 
   1.36 ms ±   2.95 µs     1.36 ms …   1.37 ms  in 10 ×     74 runs
[moonbitlang/core] bench hashmap/hashmap_bench_test.mbt:102 ("bench HashMap::copy n=50000") ok
time (mean ± σ)         range (min … max) 
   1.05 ms ±   1.06 µs     1.05 ms …   1.05 ms  in 10 ×     95 runs
[moonbitlang/core] bench hashmap/hashmap_bench_test.mbt:114 ("bench HashMap::to_array Int n=50000") ok
time (mean ± σ)         range (min … max) 
 649.25 µs ±   1.06 µs   647.31 µs … 650.58 µs  in 10 ×    155 runs
[moonbitlang/core] bench hashmap/hashmap_bench_test.mbt:123 ("bench HashMap::to_array Ref n=50000") ok
time (mean ± σ)         range (min … max) 
 876.27 µs ±   3.78 µs   872.16 µs … 881.52 µs  in 10 ×    115 runs
[moonbitlang/core] bench hashmap/hashmap_bench_test.mbt:141 ("bench HashMap::filter n=50000") ok
time (mean ± σ)         range (min … max) 
   1.17 ms ±   9.24 µs     1.16 ms …   1.19 ms  in 10 ×     86 runs
[moonbitlang/core] bench hashmap/hashmap_bench_test.mbt:147 ("bench HashMap comprehension filter n=50000") ok
time (mean ± σ)         range (min … max) 
   3.03 ms ±   3.01 µs     3.02 ms …   3.03 ms  in 10 ×     34 runs
[moonbitlang/core] bench hashset/set_algebra_bench_test.mbt:26 ("bench HashSet::union String 10k 50% overlap") ok
time (mean ± σ)         range (min … max) 
 686.31 µs ±   1.43 µs   683.71 µs … 688.04 µs  in 10 ×    146 runs
[moonbitlang/core] bench hashset/set_algebra_bench_test.mbt:33 ("bench HashSet::union Int 10k 50% overlap") ok
time (mean ± σ)         range (min … max) 
 567.22 µs ±   2.29 µs   563.56 µs … 571.65 µs  in 10 ×    179 runs
[moonbitlang/core] bench hashset/set_algebra_bench_test.mbt:40 ("bench HashSet::intersection String 10k 50% overlap") ok
time (mean ± σ)         range (min … max) 
 353.21 µs ±   7.27 µs   345.66 µs … 365.21 µs  in 10 ×    288 runs
[moonbitlang/core] bench hashset/set_algebra_bench_test.mbt:47 ("bench HashSet::difference String 10k 50% overlap") ok
time (mean ± σ)         range (min … max) 
 364.60 µs ±   1.26 µs   362.23 µs … 365.95 µs  in 10 ×    274 runs
[moonbitlang/core] bench hashset/set_algebra_bench_test.mbt:54 ("bench HashSet::is_subset String 10k true") ok
time (mean ± σ)         range (min … max) 
 104.80 µs ±   2.54 µs   102.59 µs … 109.41 µs  in 10 ×    941 runs
[moonbitlang/core] bench hashset/set_algebra_bench_test.mbt:61 ("bench HashSet == String 10k") ok
time (mean ± σ)         range (min … max) 
 102.30 µs ± 327.86 ns   101.79 µs … 102.82 µs  in 10 ×    969 runs
[moonbitlang/core] bench hashset/set_algebra_bench_test.mbt:68 ("bench HashSet == Int 10k") ok
time (mean ± σ)         range (min … max) 
  82.69 µs ±   2.37 µs    78.63 µs …  84.82 µs  in 10 ×   1230 runs
[moonbitlang/core] bench hashset/hashset_bench_test.mbt:19 ("bench HashSet::add n=50000") ok
time (mean ± σ)         range (min … max) 
   2.33 ms ±   1.22 µs     2.33 ms …   2.33 ms  in 10 ×     43 runs
[moonbitlang/core] bench hashset/hashset_bench_test.mbt:30 ("bench HashSet::contains n=50000") ok
time (mean ± σ)         range (min … max) 
 883.78 µs ±   2.75 µs   876.68 µs … 886.14 µs  in 10 ×    114 runs
[moonbitlang/core] bench hashset/hashset_bench_test.mbt:56 ("bench HashSet::filter n=50000") ok
time (mean ± σ)         range (min … max) 
 472.38 µs ± 878.59 ns   471.03 µs … 473.53 µs  in 10 ×    212 runs
[moonbitlang/core] bench hashset/hashset_bench_test.mbt:62 ("bench HashSet comprehension filter n=50000") ok
time (mean ± σ)         range (min … max) 
   1.06 ms ±   7.56 µs     1.04 ms …   1.07 ms  in 10 ×     93 runs
[moonbitlang/core] bench immut/hashmap/update_bench_test.mbt:21 ("bench HashMap::remove absent x1000 n=100000") ok
time (mean ± σ)         range (min … max) 
  37.88 µs ± 164.80 ns    37.45 µs …  38.00 µs  in 10 ×   2637 runs
[moonbitlang/core] bench immut/hashmap/update_bench_test.mbt:32 ("bench HashMap::remove present x1000 n=100000") ok
time (mean ± σ)         range (min … max) 
 398.80 µs ± 562.23 ns   397.38 µs … 399.31 µs  in 10 ×    251 runs
[moonbitlang/core] bench immut/hashmap/update_bench_test.mbt:43 ("bench HashMap::union with a derived version n=100000") ok
time (mean ± σ)         range (min … max) 
 695.13 ns ±   1.33 ns   693.26 ns … 697.14 ns  in 10 × 100000 runs
[moonbitlang/core] bench immut/hashmap/update_bench_test.mbt:49 ("bench HashMap::intersection with a derived version n=100000") ok
time (mean ± σ)         range (min … max) 
 765.31 ns ±   1.17 ns   763.61 ns … 767.35 ns  in 10 × 100000 runs
[moonbitlang/core] bench immut/hashmap/hashmap_build_bench_test.mbt:37 ("bench HashMap constructor ordered n=10000") ok
time (mean ± σ)         range (min … max) 
 719.94 µs ± 770.84 ns   718.98 µs … 721.65 µs  in 10 ×    140 runs
[moonbitlang/core] bench immut/hashmap/hashmap_build_bench_test.mbt:43 ("bench HashMap constructor random n=10000") ok
time (mean ± σ)         range (min … max) 
 728.21 µs ± 581.89 ns   727.44 µs … 729.21 µs  in 10 ×    138 runs
[moonbitlang/core] bench immut/hashmap/hashmap_build_bench_test.mbt:49 ("bench HashMap::from_iter random n=10000") ok
time (mean ± σ)         range (min … max) 
 731.33 µs ± 586.85 ns   730.47 µs … 732.22 µs  in 10 ×    137 runs
[moonbitlang/core] bench immut/hashset/update_bench_test.mbt:21 ("bench HashSet::add existing x1000 n=100000") ok
time (mean ± σ)         range (min … max) 
  40.62 µs ± 109.59 ns    40.50 µs …  40.79 µs  in 10 ×   2476 runs
[moonbitlang/core] bench immut/hashset/update_bench_test.mbt:32 ("bench HashSet::remove absent x1000 n=100000") ok
time (mean ± σ)         range (min … max) 
  37.07 µs ±  48.35 ns    37.00 µs …  37.16 µs  in 10 ×   2689 runs
[moonbitlang/core] bench immut/hashset/update_bench_test.mbt:43 ("bench HashSet::add new x1000 n=100000") ok
time (mean ± σ)         range (min … max) 
 415.97 µs ±   1.15 µs   414.29 µs … 418.09 µs  in 10 ×    241 runs
[moonbitlang/core] bench immut/hashset/update_bench_test.mbt:54 ("bench HashSet::union with a derived version n=100000") ok
time (mean ± σ)         range (min … max) 
 689.74 ns ±   1.73 ns   687.96 ns … 693.84 ns  in 10 × 100000 runs
[moonbitlang/core] bench immut/hashset/hashset_build_bench_test.mbt:34 ("bench HashSet constructor ordered n=10000") ok
time (mean ± σ)         range (min … max) 
 770.57 µs ±   6.62 µs   765.08 µs … 786.58 µs  in 10 ×    127 runs
[moonbitlang/core] bench immut/hashset/hashset_build_bench_test.mbt:40 ("bench HashSet constructor random n=10000") ok
time (mean ± σ)         range (min … max) 
 762.09 µs ±   2.00 µs   756.89 µs … 763.77 µs  in 10 ×    131 runs
[moonbitlang/core] bench immut/hashset/hashset_build_bench_test.mbt:46 ("bench HashSet::from_iter random n=10000") ok
time (mean ± σ)         range (min … max) 
 782.94 µs ±   2.18 µs   776.94 µs … 784.57 µs  in 10 ×    128 runs
[moonbitlang/core] bench immut/priority_queue/priority_queue_build_bench_test.mbt:38 ("bench PriorityQueue::from_array ordered n=10000") ok
time (mean ± σ)         range (min … max) 
 123.39 µs ± 480.83 ns   122.55 µs … 123.95 µs  in 10 ×    819 runs
[moonbitlang/core] bench immut/priority_queue/priority_queue_build_bench_test.mbt:44 ("bench PriorityQueue::from_array reverse n=10000") ok
time (mean ± σ)         range (min … max) 
 116.86 µs ± 286.83 ns   116.28 µs … 117.14 µs  in 10 ×    869 runs
[moonbitlang/core] bench immut/priority_queue/priority_queue_build_bench_test.mbt:50 ("bench PriorityQueue::from_array random n=10000") ok
time (mean ± σ)         range (min … max) 
 125.98 µs ±   1.09 µs   124.45 µs … 127.38 µs  in 10 ×    802 runs
[moonbitlang/core] bench immut/priority_queue/priority_queue_build_bench_test.mbt:56 ("bench PriorityQueue::from_iter random n=10000") ok
time (mean ± σ)         range (min … max) 
 144.64 µs ± 306.21 ns   143.90 µs … 144.95 µs  in 10 ×    691 runs
[moonbitlang/core] bench immut/sorted_map/sorted_map_build_bench_test.mbt:54 ("bench SortedMap constructor reverse n=10000") ok
time (mean ± σ)         range (min … max) 
 180.75 µs ±  92.37 ns   180.60 µs … 180.85 µs  in 10 ×    553 runs
[moonbitlang/core] bench immut/sorted_map/sorted_map_build_bench_test.mbt:60 ("bench SortedMap::from_iter ordered n=10000") ok
time (mean ± σ)         range (min … max) 
   4.33 ms ±  14.41 µs     4.31 ms …   4.35 ms  in 10 ×     24 runs
[moonbitlang/core] bench immut/sorted_map/sorted_map_build_bench_test.mbt:66 ("bench SortedMap::from_iter almost ordered n=10000") ok
time (mean ± σ)         range (min … max) 
   4.34 ms ±  13.24 µs     4.31 ms …   4.35 ms  in 10 ×     24 runs
[moonbitlang/core] bench immut/sorted_map/sorted_map_build_bench_test.mbt:72 ("bench SortedMap::from_iter random n=10000") ok
time (mean ± σ)         range (min … max) 
   3.17 ms ±   1.19 µs     3.16 ms …   3.17 ms  in 10 ×     32 runs
[moonbitlang/core] bench immut/sorted_map/sorted_map_build_bench_test.mbt:78 ("bench SortedMap constructor ordered n=10000") ok
time (mean ± σ)         range (min … max) 
 196.20 µs ± 731.27 ns   195.15 µs … 197.66 µs  in 10 ×    510 runs
[moonbitlang/core] bench immut/sorted_map/sorted_map_build_bench_test.mbt:84 ("bench SortedMap constructor almost ordered n=10000") ok
time (mean ± σ)         range (min … max) 
 372.13 µs ± 569.56 ns   370.93 µs … 372.87 µs  in 10 ×    269 runs
[moonbitlang/core] bench immut/sorted_map/sorted_map_build_bench_test.mbt:90 ("bench SortedMap constructor random n=10000") ok
time (mean ± σ)         range (min … max) 
 969.03 µs ±   1.24 µs   967.41 µs … 970.85 µs  in 10 ×    104 runs
[moonbitlang/core] bench immut/sorted_map/merge_bench_test.mbt:29 ("bench merge disjoint n=1000") ok
time (mean ± σ)         range (min … max) 
   5.20 µs ±   8.69 ns     5.19 µs …   5.21 µs  in 10 ×  19272 runs
[moonbitlang/core] bench immut/sorted_map/merge_bench_test.mbt:36 ("bench merge disjoint n=5000") ok
time (mean ± σ)         range (min … max) 
   8.01 µs ±  21.99 ns     7.98 µs …   8.05 µs  in 10 ×  12499 runs
[moonbitlang/core] bench immut/sorted_map/merge_bench_test.mbt:43 ("bench merge disjoint n=10000") ok
time (mean ± σ)         range (min … max) 
   9.58 µs ±  33.87 ns     9.53 µs …   9.62 µs  in 10 ×  10475 runs
[moonbitlang/core] bench immut/sorted_map/merge_bench_test.mbt:50 ("bench merge overlapping 50% n=1000") ok
time (mean ± σ)         range (min … max) 
  19.54 µs ± 115.58 ns    19.32 µs …  19.63 µs  in 10 ×   5151 runs
[moonbitlang/core] bench immut/sorted_map/merge_bench_test.mbt:57 ("bench merge overlapping 50% n=5000") ok
time (mean ± σ)         range (min … max) 
  96.64 µs ±  38.80 ns    96.59 µs …  96.70 µs  in 10 ×   1035 runs
[moonbitlang/core] bench immut/sorted_map/merge_bench_test.mbt:64 ("bench merge overlapping 50% n=10000") ok
time (mean ± σ)         range (min … max) 
 167.36 µs ±  46.98 ns   167.26 µs … 167.43 µs  in 10 ×    599 runs
[moonbitlang/core] bench immut/sorted_map/merge_bench_test.mbt:71 ("bench merge identical n=1000") ok
time (mean ± σ)         range (min … max) 
  28.22 µs ±  40.89 ns    28.15 µs …  28.27 µs  in 10 ×   3564 runs
[moonbitlang/core] bench immut/sorted_map/merge_bench_test.mbt:78 ("bench merge identical n=5000") ok
time (mean ± σ)         range (min … max) 
 142.89 µs ± 111.87 ns   142.68 µs … 143.05 µs  in 10 ×    700 runs
[moonbitlang/core] bench immut/sorted_map/merge_bench_test.mbt:85 ("bench merge interleaved n=1000") ok
time (mean ± σ)         range (min … max) 
  93.94 µs ± 138.92 ns    93.66 µs …  94.05 µs  in 10 ×   1067 runs
[moonbitlang/core] bench immut/sorted_map/merge_bench_test.mbt:92 ("bench merge interleaved n=5000") ok
time (mean ± σ)         range (min … max) 
 474.99 µs ± 920.10 ns   473.56 µs … 477.07 µs  in 10 ×    211 runs
[moonbitlang/core] bench immut/sorted_map/merge_bench_test.mbt:99 ("bench merge small into large n=100+10000") ok
time (mean ± σ)         range (min … max) 
   7.78 µs ±  31.18 ns     7.75 µs …   7.85 µs  in 10 ×  12809 runs
[moonbitlang/core] bench immut/sorted_set/sorted_set_build_bench_test.mbt:51 ("bench SortedSet constructor reverse n=10000") ok
time (mean ± σ)         range (min … max) 
 189.69 µs ± 156.75 ns   189.36 µs … 189.95 µs  in 10 ×    532 runs
[moonbitlang/core] bench immut/sorted_set/sorted_set_build_bench_test.mbt:57 ("bench SortedSet::from_iter ordered n=10000") ok
time (mean ± σ)         range (min … max) 
   4.61 ms ±  15.28 µs     4.58 ms …   4.63 ms  in 10 ×     22 runs
[moonbitlang/core] bench immut/sorted_set/sorted_set_build_bench_test.mbt:63 ("bench SortedSet::from_iter almost ordered n=10000") ok
time (mean ± σ)         range (min … max) 
   4.61 ms ±  14.66 µs     4.58 ms …   4.63 ms  in 10 ×     22 runs
[moonbitlang/core] bench immut/sorted_set/sorted_set_build_bench_test.mbt:69 ("bench SortedSet::from_iter rev almost ordered n=10000") ok
time (mean ± σ)         range (min … max) 
   5.40 ms ±   6.76 µs     5.39 ms …   5.41 ms  in 10 ×     19 runs
[moonbitlang/core] bench immut/sorted_set/sorted_set_build_bench_test.mbt:75 ("bench SortedSet::from_iter random n=10000") ok
time (mean ± σ)         range (min … max) 
   3.08 ms ±   4.05 µs     3.08 ms …   3.09 ms  in 10 ×     33 runs
[moonbitlang/core] bench immut/sorted_set/sorted_set_build_bench_test.mbt:81 ("bench SortedSet constructor ordered n=10000") ok
time (mean ± σ)         range (min … max) 
 207.21 µs ± 726.60 ns   206.06 µs … 207.83 µs  in 10 ×    490 runs
[moonbitlang/core] bench immut/sorted_set/sorted_set_build_bench_test.mbt:87 ("bench SortedSet constructor almost ordered n=10000") ok
time (mean ± σ)         range (min … max) 
 223.68 µs ±   1.12 µs   221.46 µs … 224.69 µs  in 10 ×    454 runs
[moonbitlang/core] bench immut/sorted_set/sorted_set_build_bench_test.mbt:93 ("bench SortedSet constructor random n=10000") ok
time (mean ± σ)         range (min … max) 
 383.76 µs ± 791.46 ns   382.69 µs … 384.74 µs  in 10 ×    262 runs
[moonbitlang/core] bench immut/vector/vector_iter_bench_test.mbt:24 ("bench Vector::iter fold n=100000") ok
time (mean ± σ)         range (min … max) 
 360.65 µs ±  80.48 ns   360.48 µs … 360.75 µs  in 10 ×    278 runs
[moonbitlang/core] bench immut/vector/vector_iter_bench_test.mbt:30 ("bench Vector::iter each n=100000") ok
time (mean ± σ)         range (min … max) 
 362.15 µs ± 255.56 ns   361.68 µs … 362.43 µs  in 10 ×    277 runs
[moonbitlang/core] bench immut/vector/vector_iter_bench_test.mbt:40 ("bench Vector::iter to_array n=100000") ok
time (mean ± σ)         range (min … max) 
 372.40 µs ± 363.67 ns   372.10 µs … 373.27 µs  in 10 ×    269 runs
[moonbitlang/core] bench immut/vector/vector_iter_bench_test.mbt:46 ("bench Vector::for-in n=100000") ok
time (mean ± σ)         range (min … max) 
 360.50 µs ± 258.41 ns   360.12 µs … 360.94 µs  in 10 ×    278 runs
[moonbitlang/core] bench immut/vector/vector_contains_bench_test.mbt:24 ("bench Vector::contains missing n=100000") ok
time (mean ± σ)         range (min … max) 
  36.51 µs ±  46.09 ns    36.39 µs …  36.56 µs  in 10 ×   2736 runs
[moonbitlang/core] bench immut/vector/vector_contains_bench_test.mbt:30 ("bench Vector::contains tree-end n=100000") ok
time (mean ± σ)         range (min … max) 
  36.54 µs ± 166.29 ns    36.19 µs …  36.74 µs  in 10 ×   2731 runs
[moonbitlang/core] bench immut/vector/vector_contains_bench_test.mbt:36 ("bench Vector::contains tail-end n=100000") ok
time (mean ± σ)         range (min … max) 
  36.55 µs ±  32.45 ns    36.51 µs …  36.61 µs  in 10 ×   2745 runs
[moonbitlang/core] bench internal/strconv/parse_double_bench_test.mbt:48 ("bench parse_double fast digits n=4096") ok
time (mean ± σ)         range (min … max) 
 177.49 µs ± 570.12 ns   176.90 µs … 178.70 µs  in 10 ×    565 runs
[moonbitlang/core] bench internal/strconv/parse_double_bench_test.mbt:55 ("bench parse_double underscores n=4096") ok
time (mean ± σ)         range (min … max) 
 298.91 µs ±   1.28 µs   296.83 µs … 300.45 µs  in 10 ×    332 runs
[moonbitlang/core] bench internal/strconv/parse_double_bench_test.mbt:62 ("bench parse_double long mantissa n=4096") ok
time (mean ± σ)         range (min … max) 
 241.98 µs ± 299.96 ns   241.25 µs … 242.30 µs  in 10 ×    414 runs
[moonbitlang/core] bench json/stringify_indent_bench_test.mbt:45 ("bench Json::stringify deep wide indent=2 n=10000") ok
time (mean ± σ)         range (min … max) 
 285.89 µs ± 131.96 ns   285.66 µs … 286.14 µs  in 10 ×    351 runs
[moonbitlang/core] bench json/stringify_indent_bench_test.mbt:54 ("bench Json::stringify compact n=10000") ok
time (mean ± σ)         range (min … max) 
 198.08 µs ± 402.65 ns   197.26 µs … 198.47 µs  in 10 ×    511 runs
[moonbitlang/core] bench json/stringify_indent_bench_test.mbt:60 ("bench Json::stringify shallow wide indent=2 n=500") ok
time (mean ± σ)         range (min … max) 
 203.17 µs ±   2.13 µs   200.60 µs … 205.10 µs  in 10 ×    488 runs
[moonbitlang/core] bench json/stringify_indent_bench_test.mbt:66 ("bench Json::stringify shallow wide compact n=500") ok
time (mean ± σ)         range (min … max) 
 175.73 µs ±   2.22 µs   172.45 µs … 178.21 µs  in 10 ×    563 runs
[moonbitlang/core] bench json/stringify_escape_bench_test.mbt:24 ("bench Json::stringify strings no escape n=2048") ok
time (mean ± σ)         range (min … max) 
  43.75 µs ±  17.21 ns    43.72 µs …  43.78 µs  in 10 ×   2284 runs
[moonbitlang/core] bench json/stringify_escape_bench_test.mbt:30 ("bench Json::stringify strings slash no escape n=2048") ok
time (mean ± σ)         range (min … max) 
  43.73 µs ±  23.76 ns    43.69 µs …  43.77 µs  in 10 ×   2287 runs
[moonbitlang/core] bench json/stringify_escape_bench_test.mbt:36 ("bench Json::stringify strings slash escaped n=2048") ok
time (mean ± σ)         range (min … max) 
 152.43 µs ± 599.14 ns   151.07 µs … 153.01 µs  in 10 ×    653 runs
[moonbitlang/core] bench json/stringify_escape_bench_test.mbt:42 ("bench Json::stringify strings quotes controls n=2048") ok
time (mean ± σ)         range (min … max) 
 135.48 µs ± 303.30 ns   135.03 µs … 135.84 µs  in 10 ×    725 runs
[moonbitlang/core] bench json/stringify_escape_bench_test.mbt:48 ("bench Json::stringify 2KB prose one newline n=64") ok
time (mean ± σ)         range (min … max) 
 131.12 µs ±  64.58 ns   131.05 µs … 131.25 µs  in 10 ×    764 runs
[moonbitlang/core] bench json/parse_bench_test.mbt:45 ("bench json parse mixed object array n=1000") ok
time (mean ± σ)         range (min … max) 
   1.68 ms ±   7.12 µs     1.67 ms …   1.69 ms  in 10 ×     60 runs
[moonbitlang/core] bench json/number_bench_test.mbt:64 ("bench json parse int array n=10000") ok
time (mean ± σ)         range (min … max) 
 499.85 µs ± 135.45 ns   499.67 µs … 500.09 µs  in 10 ×    200 runs
[moonbitlang/core] bench json/number_bench_test.mbt:70 ("bench json parse float array n=10000") ok
time (mean ± σ)         range (min … max) 
 698.40 µs ± 623.16 ns   697.16 µs … 699.40 µs  in 10 ×    145 runs
[moonbitlang/core] bench json/number_bench_test.mbt:76 ("bench json parse long mantissa array n=10000") ok
time (mean ± σ)         range (min … max) 
   1.09 ms ±   3.28 µs     1.09 ms …   1.10 ms  in 10 ×     92 runs
[moonbitlang/core] bench json/json_inspect_bench_test.mbt:16 ("bench json_inspect passing Int") ok
time (mean ± σ)         range (min … max) 
 173.60 ns ±   0.12 ns   173.42 ns … 173.80 ns  in 10 × 100000 runs
[moonbitlang/core] bench lazy_list/concat_bench_test.mbt:40 ("bench LazyList build and traverse n=2048") ok
time (mean ± σ)         range (min … max) 
 176.22 µs ±  44.09 ns   176.15 µs … 176.29 µs  in 10 ×    568 runs
[moonbitlang/core] bench lazy_list/concat_bench_test.mbt:49 ("bench LazyList re-traverse a forced list n=2048") ok
time (mean ± σ)         range (min … max) 
  86.69 µs ± 566.92 ns    85.81 µs …  87.45 µs  in 10 ×   1161 runs
[moonbitlang/core] bench lazy_list/concat_bench_test.mbt:57 ("bench LazyList left-nested concat, build only n=2048") ok
time (mean ± σ)         range (min … max) 
 437.49 µs ±   8.75 µs   425.77 µs … 448.43 µs  in 10 ×    231 runs
[moonbitlang/core] bench lazy_list/concat_bench_test.mbt:62 ("bench LazyList left-nested concat, build and traverse n=2048") ok
time (mean ± σ)         range (min … max) 
 857.96 µs ±   6.80 µs   849.81 µs … 868.50 µs  in 10 ×    118 runs
[moonbitlang/core] bench lazy_list/concat_bench_test.mbt:69 ("bench LazyList concat while consuming n=2048") ok
time (mean ± σ)         range (min … max) 
 636.06 µs ± 508.61 ns   635.61 µs … 636.93 µs  in 10 ×    158 runs
[moonbitlang/core] bench lexbuf/lexbuf_bench_test.mbt:47 ("bench Lexbuf retained token chunks=10000 size=1") ok
time (mean ± σ)         range (min … max) 
 238.06 µs ± 225.36 ns   237.70 µs … 238.39 µs  in 10 ×    420 runs
[moonbitlang/core] bench lexbuf/lexbuf_bench_test.mbt:52 ("bench Lexbuf retained token chunks=1250 size=8") ok
time (mean ± σ)         range (min … max) 
  51.00 µs ±  32.17 ns    50.93 µs …  51.04 µs  in 10 ×   1996 runs
[moonbitlang/core] bench lexbuf/lexbuf_bench_test.mbt:57 ("bench Lexbuf retained token chunks=157 size=64") ok
time (mean ± σ)         range (min … max) 
  21.09 µs ±   6.21 ns    21.08 µs …  21.10 µs  in 10 ×   4740 runs
[moonbitlang/core] bench lexbuf/lexbuf_bench_test.mbt:62 ("bench Lexbuf retained token chunks=20 size=512") ok
time (mean ± σ)         range (min … max) 
  17.07 µs ±  19.61 ns    17.04 µs …  17.12 µs  in 10 ×   5860 runs
[moonbitlang/core] bench quickcheck/shrink_collection_bench_test.mbt:16 ("bench shrink Array first candidate size=10000") ok
time (mean ± σ)         range (min … max) 
 336.80 ns ±   1.03 ns   335.81 ns … 338.78 ns  in 10 × 100000 runs
[moonbitlang/core] bench quickcheck/shrink_collection_bench_test.mbt:22 ("bench shrink List first candidate size=10000") ok
time (mean ± σ)         range (min … max) 
 300.84 µs ±  10.16 µs   283.11 µs … 312.43 µs  in 10 ×    372 runs
[moonbitlang/core] bench quickcheck/generator_bench_test.mbt:16 ("bench Generator::zip_with n=1000000") ok
time (mean ± σ)         range (min … max) 
  10.11 ms ±   4.35 µs    10.10 ms …  10.12 ms  in 10 ×     10 runs
[moonbitlang/core] bench quickcheck/arbitrary_string_bench_test.mbt:16 ("bench Arbitrary String size=10000 count=100") ok
time (mean ± σ)         range (min … max) 
   2.76 ms ±   4.59 µs     2.75 ms …   2.77 ms  in 10 ×     37 runs
[moonbitlang/core] bench random/random_test.mbt:409 ("bench random") ok
time (mean ± σ)         range (min … max) 
  20.38 ms ± 142.26 µs    20.12 ms …  20.57 ms  in 10 ×      5 runs
[moonbitlang/core] bench set/set_algebra_bench_test.mbt:26 ("bench Set::union String 10k 50% overlap") ok
time (mean ± σ)         range (min … max) 
   2.01 ms ±  12.22 µs     2.00 ms …   2.03 ms  in 10 ×     50 runs
[moonbitlang/core] bench set/set_algebra_bench_test.mbt:33 ("bench Set::union Int 10k 50% overlap") ok
time (mean ± σ)         range (min … max) 
   1.68 ms ±  14.45 µs     1.66 ms …   1.70 ms  in 10 ×     59 runs
[moonbitlang/core] bench set/set_algebra_bench_test.mbt:40 ("bench Set::intersection String 10k 50% overlap") ok
time (mean ± σ)         range (min … max) 
 956.28 µs ±   6.22 µs   944.92 µs … 962.77 µs  in 10 ×    105 runs
[moonbitlang/core] bench set/set_algebra_bench_test.mbt:47 ("bench Set::difference String 10k 50% overlap") ok
time (mean ± σ)         range (min … max) 
 960.94 µs ±   4.09 µs   951.06 µs … 964.83 µs  in 10 ×    104 runs
[moonbitlang/core] bench set/set_algebra_bench_test.mbt:54 ("bench Set::is_subset String 10k true") ok
time (mean ± σ)         range (min … max) 
 144.95 µs ± 350.50 ns   144.71 µs … 145.69 µs  in 10 ×    690 runs
[moonbitlang/core] bench set/set_algebra_bench_test.mbt:61 ("bench Set == String 10k") ok
time (mean ± σ)         range (min … max) 
 146.41 µs ± 639.08 ns   145.85 µs … 147.43 µs  in 10 ×    683 runs
[moonbitlang/core] bench set/set_algebra_bench_test.mbt:68 ("bench Set == Int 10k") ok
time (mean ± σ)         range (min … max) 
  87.05 µs ± 814.61 ns    85.97 µs …  88.37 µs  in 10 ×   1157 runs
[moonbitlang/core] bench set/linked_hash_set_bench_test.mbt:19 ("bench Set::add n=50000") ok
time (mean ± σ)         range (min … max) 
   6.91 ms ±  61.19 µs     6.82 ms …   6.99 ms  in 10 ×     15 runs
[moonbitlang/core] bench set/linked_hash_set_bench_test.mbt:30 ("bench Set::contains n=50000") ok
time (mean ± σ)         range (min … max) 
   1.02 ms ±   5.51 µs     1.02 ms …   1.03 ms  in 10 ×     97 runs
[moonbitlang/core] bench set/linked_hash_set_bench_test.mbt:47 ("bench Set::contains miss n=50000") ok
time (mean ± σ)         range (min … max) 
   1.15 ms ±   9.34 µs     1.13 ms …   1.16 ms  in 10 ×     87 runs
[moonbitlang/core] bench set/linked_hash_set_bench_test.mbt:67 ("bench Set::add+remove n=50000") ok
time (mean ± σ)         range (min … max) 
   8.30 ms ±  20.19 µs     8.25 ms …   8.32 ms  in 10 ×     13 runs
[moonbitlang/core] bench set/linked_hash_set_bench_test.mbt:86 ("bench Set::filter n=50000") ok
time (mean ± σ)         range (min … max) 
   2.53 ms ±   9.91 µs     2.52 ms …   2.55 ms  in 10 ×     40 runs
[moonbitlang/core] bench set/linked_hash_set_bench_test.mbt:92 ("bench Set comprehension filter n=50000") ok
time (mean ± σ)         range (min … max) 
   3.01 ms ±   9.25 µs     3.00 ms …   3.02 ms  in 10 ×     33 runs
[moonbitlang/core] bench sorted_set/sorted_set_bench_test.mbt:22 ("bench SortedSet::to_array Int n=50000") ok
time (mean ± σ)         range (min … max) 
 209.28 µs ±  67.47 ns   209.17 µs … 209.40 µs  in 10 ×    479 runs
[moonbitlang/core] bench sorted_set/sorted_set_bench_test.mbt:30 ("bench SortedSet::to_array Ref n=50000") ok
time (mean ± σ)         range (min … max) 
 250.15 µs ± 230.20 ns   249.77 µs … 250.45 µs  in 10 ×    400 runs
[moonbitlang/core] bench string/regex_bench_test.mbt:16 ("bench regex /aa?b/ on 1MB string") ok
time (mean ± σ)         range (min … max) 
   1.54 ms ±   1.96 µs     1.54 ms …   1.55 ms  in 10 ×     65 runs
[moonbitlang/core] bench string/regex_bench_test.mbt:23 ("bench regex phone lines") ok
time (mean ± σ)         range (min … max) 
   3.17 µs ±   6.94 ns     3.16 µs …   3.18 µs  in 10 ×  31628 runs
[moonbitlang/core] bench string/regex_bench_test.mbt:43 ("bench regex large pattern") ok
time (mean ± σ)         range (min … max) 
   1.54 ms ± 537.22 ns     1.54 ms …   1.54 ms  in 10 ×     66 runs
[moonbitlang/core] bench v128/v128_bench_test.mbt:32 ("bench V128 i64x2_add n=10000") ok
time (mean ± σ)         range (min … max) 
   5.42 µs ±   1.81 ns     5.42 µs …   5.42 µs  in 10 ×  18458 runs
[moonbitlang/core] bench v128/v128_bench_test.mbt:44 ("bench V128 i32x4_add n=10000") ok
time (mean ± σ)         range (min … max) 
   5.42 µs ±   5.67 ns     5.41 µs …   5.43 µs  in 10 ×  18467 runs
[moonbitlang/core] bench v128/v128_bench_test.mbt:56 ("bench V128 i8x16_add n=10000") ok
time (mean ± σ)         range (min … max) 
   5.42 µs ±   3.93 ns     5.41 µs …   5.42 µs  in 10 ×  18461 runs
[moonbitlang/core] bench v128/v128_bench_test.mbt:68 ("bench V128 i8x16_splat n=10000") ok
time (mean ± σ)         range (min … max) 
   5.49 µs ± 160.14 ns     5.39 µs …   5.79 µs  in 10 ×  18539 runs
[moonbitlang/core] bench v128/v128_bench_test.mbt:79 ("bench V128 i8x16_extract_lane_u n=10000") ok
time (mean ± σ)         range (min … max) 
   6.07 µs ±  10.41 ns     6.06 µs …   6.10 µs  in 10 ×  16519 runs
[moonbitlang/core] bench v128/v128_bench_test.mbt:93 ("bench V128 i8x16_replace_lane n=10000") ok
time (mean ± σ)         range (min … max) 
  35.18 µs ±   8.92 ns    35.17 µs …  35.19 µs  in 10 ×   2842 runs
[moonbitlang/core] bench v128/v128_bench_test.mbt:108 ("bench V128 i8x16_bitmask n=10000") ok
time (mean ± σ)         range (min … max) 
   9.40 µs ±  28.80 ns     9.38 µs …   9.45 µs  in 10 ×  10654 runs
[moonbitlang/core] bench v128/v128_bench_test.mbt:120 ("bench V128 load/store n=10000") ok
time (mean ± σ)         range (min … max) 
  32.53 µs ±  12.97 ns    32.51 µs …  32.55 µs  in 10 ×   3076 runs
[moonbitlang/core] bench v128/v128_bench_test.mbt:135 ("bench V128 load8x8_u n=10000") ok
time (mean ± σ)         range (min … max) 
   5.40 µs ±   5.35 ns     5.40 µs …   5.41 µs  in 10 ×  18525 runs
[moonbitlang/core] bench v128/v128_bench_test.mbt:147 ("bench V128 load8x8_s n=10000") ok
time (mean ± σ)         range (min … max) 
   5.40 µs ±  16.45 ns     5.39 µs …   5.45 µs  in 10 ×  18518 runs
[moonbitlang/core] bench v128/v128_bench_test.mbt:159 ("bench V128 load16x4_u n=10000") ok
time (mean ± σ)         range (min … max) 
   5.40 µs ±  13.70 ns     5.40 µs …   5.44 µs  in 10 ×  18517 runs
[moonbitlang/core] bench v128/v128_bench_test.mbt:171 ("bench V128 load16x4_s n=10000") ok
time (mean ± σ)         range (min … max) 
   5.40 µs ±   1.33 ns     5.40 µs …   5.40 µs  in 10 ×  18520 runs
[moonbitlang/core] bench v128/v128_bench_test.mbt:183 ("bench V128 load32x2_u n=10000") ok
time (mean ± σ)         range (min … max) 
   5.40 µs ±   2.33 ns     5.40 µs …   5.40 µs  in 10 ×  18521 runs
[moonbitlang/core] bench v128/v128_bench_test.mbt:195 ("bench V128 load32x2_s n=10000") ok
time (mean ± σ)         range (min … max) 
   5.40 µs ±   1.95 ns     5.40 µs …   5.40 µs  in 10 ×  18526 runs
[moonbitlang/core] bench v128/v128_bench_test.mbt:207 ("bench V128 load_splat n=10000") ok
time (mean ± σ)         range (min … max) 
  16.24 µs ±  15.26 ns    16.22 µs …  16.27 µs  in 10 ×   6164 runs
[moonbitlang/core] bench v128/v128_bench_test.mbt:223 ("bench V128 load8_lane n=10000") ok
time (mean ± σ)         range (min … max) 
  35.18 µs ±  13.87 ns    35.16 µs …  35.20 µs  in 10 ×   2842 runs
[moonbitlang/core] bench v128/v128_bench_test.mbt:235 ("bench V128 load16_lane n=10000") ok
time (mean ± σ)         range (min … max) 
  35.29 µs ±  83.54 ns    35.25 µs …  35.52 µs  in 10 ×   2837 runs
[moonbitlang/core] bench v128/v128_bench_test.mbt:247 ("bench V128 load32_lane n=10000") ok
time (mean ± σ)         range (min … max) 
  35.52 µs ±  12.47 ns    35.50 µs …  35.53 µs  in 10 ×   2817 runs
[moonbitlang/core] bench v128/v128_bench_test.mbt:259 ("bench V128 load64_lane n=10000") ok
time (mean ± σ)         range (min … max) 
  10.50 µs ±  23.01 ns    10.47 µs …  10.55 µs  in 10 ×   9549 runs
[moonbitlang/core] bench v128/v128_bench_test.mbt:271 ("bench V128 extend i8x16 to i16x8 n=10000") ok
time (mean ± σ)         range (min … max) 
  10.81 µs ±   3.30 ns    10.80 µs …  10.81 µs  in 10 ×   9255 runs
[moonbitlang/core] bench v128/v128_bench_test.mbt:285 ("bench V128 extend i16x8 to i32x4 n=10000") ok
time (mean ± σ)         range (min … max) 
  10.81 µs ±   3.07 ns    10.80 µs …  10.81 µs  in 10 ×   9253 runs
[moonbitlang/core] bench v128/v128_bench_test.mbt:299 ("bench V128 extend i32x4 to i64x2 n=10000") ok
time (mean ± σ)         range (min … max) 
  10.81 µs ±   3.40 ns    10.80 µs …  10.81 µs  in 10 ×   9256 runs
[moonbitlang/core] bench v128/v128_bench_test.mbt:313 ("bench V128 all_true n=10000") ok
time (mean ± σ)         range (min … max) 
  12.75 µs ±  53.38 ns    12.70 µs …  12.89 µs  in 10 ×   7895 runs
[moonbitlang/core] bench v128/v128_bench_test.mbt:337 ("bench V128 bitmask all widths n=10000") ok
time (mean ± σ)         range (min … max) 
  17.01 µs ± 119.18 ns    16.88 µs …  17.16 µs  in 10 ×   5839 runs
[moonbitlang/core] bench v128/v128_bench_test.mbt:353 ("bench V128 swizzle n=10000") ok
time (mean ± σ)         range (min … max) 
   5.46 µs ±  55.77 ns     5.42 µs …   5.55 µs  in 10 ×  18021 runs
[moonbitlang/core] bench v128/v128_bench_test.mbt:371 ("bench V128 shuffle n=10000") ok
time (mean ± σ)         range (min … max) 
  10.81 µs ±   4.03 ns    10.80 µs …  10.82 µs  in 10 ×   9254 runs
Total tests: 490, passed: 490, failed: 0.
