[moonbitlang/core] bench argparse/globals_bench_test.mbt:16 ("bench parse inherited globals with an override") ok
time (mean ± σ)         range (min … max) 
   6.80 µs ±  87.96 ns     6.73 µs …   6.97 µs  in 10 ×  14224 runs
[moonbitlang/core] bench bench/hash_bench_test.mbt:16 ("bench Hash for Bytes (small)") ok
time (mean ± σ)         range (min … max) 
  16.80 ns ±   0.08 ns    16.67 ns …  16.95 ns  in 10 × 100000 runs
[moonbitlang/core] bench bench/hash_bench_test.mbt:22 ("bench Hash for Bytes (medium)") ok
time (mean ± σ)         range (min … max) 
 123.61 ns ±   0.65 ns   122.63 ns … 124.24 ns  in 10 × 100000 runs
[moonbitlang/core] bench bench/hash_bench_test.mbt:28 ("bench Hash for Bytes (large)") ok
time (mean ± σ)         range (min … max) 
   2.20 µs ±   5.32 ns     2.20 µs …   2.21 µs  in 10 ×  45067 runs
[moonbitlang/core] bench bench/hash_bench_test.mbt:34 ("bench Hash for BytesView (small)") ok
time (mean ± σ)         range (min … max) 
  32.39 ns ±   0.03 ns    32.35 ns …  32.44 ns  in 10 × 100000 runs
[moonbitlang/core] bench bench/hash_bench_test.mbt:41 ("bench Hash for BytesView (medium)") ok
time (mean ± σ)         range (min … max) 
 324.98 ns ±   0.31 ns   324.54 ns … 325.54 ns  in 10 × 100000 runs
[moonbitlang/core] bench bench/hash_bench_test.mbt:48 ("bench Hash for BytesView (large)") ok
time (mean ± σ)         range (min … max) 
   5.01 µs ±  15.25 ns     5.00 µs …   5.05 µs  in 10 ×  19973 runs
[moonbitlang/core] bench bench/hash_bench_test.mbt:55 ("bench Hasher::combine_bytes (small)") ok
time (mean ± σ)         range (min … max) 
  27.30 ns ±   0.08 ns    27.23 ns …  27.45 ns  in 10 × 100000 runs
[moonbitlang/core] bench bench/hash_bench_test.mbt:65 ("bench Hasher::combine_bytes (medium)") ok
time (mean ± σ)         range (min … max) 
 212.76 ns ±   0.27 ns   212.29 ns … 213.10 ns  in 10 × 100000 runs
[moonbitlang/core] bench bench/hash_bench_test.mbt:75 ("bench Hasher::combine_bytes (large)") ok
time (mean ± σ)         range (min … max) 
   3.23 µs ±   1.96 ns     3.23 µs …   3.23 µs  in 10 ×  31009 runs
[moonbitlang/core] bench bigint/to_string_radix_bench_test.mbt:23 ("bench bigint to_string radix=7 (4000 bits)") ok
time (mean ± σ)         range (min … max) 
 503.35 µs ±   1.26 µs   502.10 µs … 506.54 µs  in 10 ×    199 runs
[moonbitlang/core] bench bigint/to_string_radix_bench_test.mbt:29 ("bench bigint to_string radix=36 (4000 bits)") ok
time (mean ± σ)         range (min … max) 
 295.54 µs ± 425.45 ns   294.91 µs … 296.09 µs  in 10 ×    338 runs
[moonbitlang/core] bench bigint/to_string_radix_bench_test.mbt:35 ("bench bigint to_string radix=10 reference (4000 bits)") ok
time (mean ± σ)         range (min … max) 
  12.00 µs ±  32.52 ns    11.97 µs …  12.07 µs  in 10 ×   8329 runs
[moonbitlang/core] bench bigint/to_string_bench_test.mbt:30 ("bench BigInt::to_string n=40 digits") ok
time (mean ± σ)         range (min … max) 
 278.23 ns ±   0.33 ns   277.81 ns … 278.75 ns  in 10 × 100000 runs
[moonbitlang/core] bench bigint/to_string_bench_test.mbt:36 ("bench BigInt::to_string n=400 digits") ok
time (mean ± σ)         range (min … max) 
   2.19 µs ±   1.15 ns     2.19 µs …   2.19 µs  in 10 ×  45708 runs
[moonbitlang/core] bench bigint/to_string_bench_test.mbt:42 ("bench BigInt::to_string n=4000 digits") ok
time (mean ± σ)         range (min … max) 
 116.69 µs ±   2.33 µs   114.60 µs … 119.99 µs  in 10 ×    825 runs
[moonbitlang/core] bench bigint/to_string_bench_test.mbt:48 ("bench BigInt::to_string n=40000 digits") ok
time (mean ± σ)         range (min … max) 
  12.22 ms ±  38.31 µs    12.19 ms …  12.30 ms  in 10 ×      9 runs
[moonbitlang/core] bench bigint/to_string_bench_test.mbt:54 ("bench BigInt::to_string n=250000 digits") ok
time (mean ± σ)         range (min … max) 
 220.92 ms ± 694.53 µs   219.64 ms … 221.89 ms  in 10 ×      1 runs
[moonbitlang/core] bench bigint/from_octets_bench_test.mbt:21 ("bench BigInt::from_octets n=64") ok
time (mean ± σ)         range (min … max) 
  51.17 ns ±   0.14 ns    51.02 ns …  51.40 ns  in 10 × 100000 runs
[moonbitlang/core] bench bigint/from_octets_bench_test.mbt:27 ("bench BigInt::from_octets n=1024") ok
time (mean ± σ)         range (min … max) 
 519.15 ns ±   0.59 ns   518.27 ns … 519.88 ns  in 10 × 100000 runs
[moonbitlang/core] bench bigint/division_bench_test.mbt:66 ("bench BigInt balanced division n=4000 digits") ok
time (mean ± σ)         range (min … max) 
 303.32 µs ±   1.34 µs   301.87 µs … 305.38 µs  in 10 ×    331 runs
[moonbitlang/core] bench bigint/division_bench_test.mbt:72 ("bench BigInt balanced division n=40000 digits") ok
time (mean ± σ)         range (min … max) 
  14.43 ms ±  44.09 µs    14.38 ms …  14.52 ms  in 10 ×      7 runs
[moonbitlang/core] bench bigint/division_bench_test.mbt:78 ("bench BigInt balanced division n=250000 digits") ok
time (mean ± σ)         range (min … max) 
 321.31 ms ± 712.29 µs   320.56 ms … 323.02 ms  in 10 ×      1 runs
[moonbitlang/core] bench bigint/division_bench_test.mbt:84 ("bench BigInt unbalanced division q=65536 d=64 limbs") ok
time (mean ± σ)         range (min … max) 
  36.78 ms ±  25.78 µs    36.75 ms …  36.84 ms  in 10 ×      3 runs
[moonbitlang/core] bench bigint/division_bench_test.mbt:90 ("bench BigInt narrow division q=9 d=64 limbs") ok
time (mean ± σ)         range (min … max) 
 644.76 ns ±   0.71 ns   644.10 ns … 646.06 ns  in 10 × 100000 runs
[moonbitlang/core] bench buffer/write_bench_test.mbt:30 ("bench Buffer::write_byte n=4096") ok
time (mean ± σ)         range (min … max) 
   7.74 µs ±   2.94 ns     7.73 µs …   7.74 µs  in 10 ×  12926 runs
[moonbitlang/core] bench buffer/write_bench_test.mbt:42 ("bench Buffer::write_uint16_be n=4096") ok
time (mean ± σ)         range (min … max) 
   8.49 µs ±  16.41 ns     8.48 µs …   8.54 µs  in 10 ×  11807 runs
[moonbitlang/core] bench buffer/write_bench_test.mbt:54 ("bench Buffer::write_uint_le n=4096") ok
time (mean ± σ)         range (min … max) 
  12.95 µs ±  85.30 ns    12.79 µs …  13.02 µs  in 10 ×   7720 runs
[moonbitlang/core] bench buffer/write_bench_test.mbt:66 ("bench Buffer::write_uint64_be n=4096") ok
time (mean ± σ)         range (min … max) 
  16.25 µs ±   7.03 ns    16.24 µs …  16.26 µs  in 10 ×   6153 runs
[moonbitlang/core] bench buffer/write_bench_test.mbt:78 ("bench Buffer::write_char_utf8 ASCII n=4096") ok
time (mean ± σ)         range (min … max) 
  10.75 µs ± 100.98 ns    10.59 µs …  10.83 µs  in 10 ×   9267 runs
[moonbitlang/core] bench buffer/write_bench_test.mbt:90 ("bench Buffer::write_char_utf8 non-BMP n=4096") ok
time (mean ± σ)         range (min … max) 
  15.57 µs ±   5.64 ns    15.56 µs …  15.58 µs  in 10 ×   6417 runs
[moonbitlang/core] bench buffer/write_bench_test.mbt:103 ("bench Buffer::write_char_utf16le BMP n=4096") ok
time (mean ± σ)         range (min … max) 
  11.58 µs ±  12.66 ns    11.56 µs …  11.60 µs  in 10 ×   8641 runs
[moonbitlang/core] bench buffer/write_bench_test.mbt:115 ("bench Buffer::write_string_utf16le chunks n=4096") ok
time (mean ± σ)         range (min … max) 
  72.27 µs ±  65.56 ns    72.19 µs …  72.38 µs  in 10 ×   1385 runs
[moonbitlang/core] bench buffer/write_bench_test.mbt:130 ("bench @buffer.from_array n=4096") ok
time (mean ± σ)         range (min … max) 
   2.40 µs ±   2.24 ns     2.39 µs …   2.40 µs  in 10 ×  41783 runs
[moonbitlang/core] bench builtin/view_bench_test.mbt:34 ("bench ArrayView::at Int n=100000") ok
time (mean ± σ)         range (min … max) 
  81.44 µs ±  47.22 ns    81.37 µs …  81.52 µs  in 10 ×   1228 runs
[moonbitlang/core] bench builtin/view_bench_test.mbt:47 ("bench ArrayView::get Int n=100000") ok
time (mean ± σ)         range (min … max) 
  73.12 µs ± 571.42 ns    72.14 µs …  73.79 µs  in 10 ×   1366 runs
[moonbitlang/core] bench builtin/view_bench_test.mbt:62 ("bench ArrayView::unsafe_get Int n=100000") ok
time (mean ± σ)         range (min … max) 
  57.77 µs ±   1.22 µs    56.18 µs …  58.90 µs  in 10 ×   1779 runs
[moonbitlang/core] bench builtin/view_bench_test.mbt:75 ("bench ArrayView::rev_fold Int n=100000") ok
time (mean ± σ)         range (min … max) 
  56.48 µs ± 206.07 ns    56.11 µs …  56.72 µs  in 10 ×   1778 runs
[moonbitlang/core] bench builtin/view_bench_test.mbt:82 ("bench ArrayView::rev_foldi Int n=100000") ok
time (mean ± σ)         range (min … max) 
  56.37 µs ± 299.65 ns    55.82 µs …  56.59 µs  in 10 ×   1789 runs
[moonbitlang/core] bench builtin/view_bench_test.mbt:91 ("bench ArrayView::equal Int n=100000") ok
time (mean ± σ)         range (min … max) 
  88.24 µs ± 351.34 ns    87.72 µs …  88.63 µs  in 10 ×   1124 runs
[moonbitlang/core] bench builtin/view_bench_test.mbt:99 ("bench ArrayView::compare Int n=100000") ok
time (mean ± σ)         range (min … max) 
  95.10 µs ±  84.40 ns    94.93 µs …  95.21 µs  in 10 ×   1052 runs
[moonbitlang/core] bench builtin/view_bench_test.mbt:107 ("bench MutArrayView::at Int n=100000") ok
time (mean ± σ)         range (min … max) 
  81.44 µs ±  47.65 ns    81.39 µs …  81.53 µs  in 10 ×   1229 runs
[moonbitlang/core] bench builtin/view_bench_test.mbt:120 ("bench MutArrayView::unsafe_get Int n=100000") ok
time (mean ± σ)         range (min … max) 
  57.81 µs ± 916.51 ns    56.76 µs …  58.77 µs  in 10 ×   1766 runs
[moonbitlang/core] bench builtin/view_bench_test.mbt:133 ("bench MutArrayView::set Int n=100000") ok
time (mean ± σ)         range (min … max) 
 108.60 µs ± 100.76 ns   108.51 µs … 108.83 µs  in 10 ×    923 runs
[moonbitlang/core] bench builtin/view_bench_test.mbt:145 ("bench MutArrayView::unsafe_set Int n=100000") ok
time (mean ± σ)         range (min … max) 
  67.59 µs ±   1.84 µs    65.35 µs …  69.54 µs  in 10 ×   1438 runs
[moonbitlang/core] bench builtin/view_bench_test.mbt:157 ("bench BytesView::at n=100000") ok
time (mean ± σ)         range (min … max) 
  81.46 µs ± 148.25 ns    81.33 µs …  81.86 µs  in 10 ×   1228 runs
[moonbitlang/core] bench builtin/view_bench_test.mbt:170 ("bench BytesView::unsafe_get n=100000") ok
time (mean ± σ)         range (min … max) 
  48.25 µs ± 350.88 ns    47.57 µs …  48.58 µs  in 10 ×   2091 runs
[moonbitlang/core] bench builtin/stringbuilder_bench_test.mbt:28 ("bench StringBuilder::write_string chunks n=4096") ok
time (mean ± σ)         range (min … max) 
  51.29 µs ±  24.78 ns    51.25 µs …  51.33 µs  in 10 ×   1949 runs
[moonbitlang/core] bench builtin/stringbuilder_bench_test.mbt:41 ("bench StringBuilder::write_view chunks n=4096") ok
time (mean ± σ)         range (min … max) 
  50.92 µs ±  37.05 ns    50.88 µs …  50.99 µs  in 10 ×   1963 runs
[moonbitlang/core] bench builtin/stringbuilder_bench_test.mbt:54 ("bench StringBuilder::write_stringview chunks n=4096") ok
time (mean ± σ)         range (min … max) 
  50.94 µs ±  12.67 ns    50.91 µs …  50.96 µs  in 10 ×   1963 runs
[moonbitlang/core] bench builtin/stringbuilder_bench_test.mbt:67 ("bench StringBuilder::write_char ASCII n=4096") ok
time (mean ± σ)         range (min … max) 
  13.75 µs ±  94.55 ns    13.65 µs …  13.86 µs  in 10 ×   7227 runs
[moonbitlang/core] bench builtin/stringbuilder_bench_test.mbt:79 ("bench StringBuilder::write_char non-BMP n=4096") ok
time (mean ± σ)         range (min … max) 
  19.17 µs ±  45.01 ns    19.12 µs …  19.26 µs  in 10 ×   5221 runs
[moonbitlang/core] bench builtin/stringbuilder_bench_test.mbt:92 ("bench StringBuilder::reset reuse spare capacity n=4096") ok
time (mean ± σ)         range (min … max) 
 222.78 µs ± 186.21 ns   222.50 µs … 222.98 µs  in 10 ×    450 runs
[moonbitlang/core] bench builtin/string_to_upper_bench_test.mbt:61 ("bench String::to_upper short") ok
time (mean ± σ)         range (min … max) 
  40.70 ns ±   0.11 ns    40.56 ns …  40.87 ns  in 10 × 100000 runs
[moonbitlang/core] bench builtin/string_to_upper_bench_test.mbt:66 ("bench String::to_upper long") ok
time (mean ± σ)         range (min … max) 
 644.18 ns ±   0.28 ns   643.73 ns … 644.57 ns  in 10 × 100000 runs
[moonbitlang/core] bench builtin/string_to_upper_bench_test.mbt:71 ("bench String::to_upper sparse") ok
time (mean ± σ)         range (min … max) 
 644.44 ns ±   0.42 ns   643.91 ns … 645.16 ns  in 10 × 100000 runs
[moonbitlang/core] bench builtin/string_to_upper_bench_test.mbt:76 ("bench String::to_upper late-lowercase") ok
time (mean ± σ)         range (min … max) 
 655.82 ns ±   0.33 ns   655.41 ns … 656.26 ns  in 10 × 100000 runs
[moonbitlang/core] bench builtin/string_to_upper_bench_test.mbt:81 ("bench String::to_upper one-unit runs") ok
time (mean ± σ)         range (min … max) 
 644.00 ns ±   0.46 ns   643.44 ns … 644.85 ns  in 10 × 100000 runs
[moonbitlang/core] bench builtin/string_to_upper_bench_test.mbt:86 ("bench String::to_upper all-lowercase") ok
time (mean ± σ)         range (min … max) 
 644.30 ns ±   0.27 ns   643.79 ns … 644.56 ns  in 10 × 100000 runs
[moonbitlang/core] bench builtin/string_to_upper_bench_test.mbt:91 ("bench String::to_upper no-change short") ok
time (mean ± σ)         range (min … max) 
  23.14 ns ±   0.16 ns    23.02 ns …  23.47 ns  in 10 × 100000 runs
[moonbitlang/core] bench builtin/string_to_upper_bench_test.mbt:96 ("bench String::to_upper no-change long") ok
time (mean ± σ)         range (min … max) 
  96.53 ns ±   0.10 ns    96.40 ns …  96.66 ns  in 10 × 100000 runs
[moonbitlang/core] bench builtin/string_to_upper_bench_test.mbt:101 ("bench StringView::to_upper short") ok
time (mean ± σ)         range (min … max) 
  43.24 ns ±   0.09 ns    43.13 ns …  43.37 ns  in 10 × 100000 runs
[moonbitlang/core] bench builtin/string_to_upper_bench_test.mbt:106 ("bench StringView::to_upper long") ok
time (mean ± σ)         range (min … max) 
 653.90 ns ±   0.22 ns   653.59 ns … 654.31 ns  in 10 × 100000 runs
[moonbitlang/core] bench builtin/string_to_upper_bench_test.mbt:111 ("bench StringView::to_upper no-change long") ok
time (mean ± σ)         range (min … max) 
 100.00 ns ±   0.09 ns    99.90 ns … 100.20 ns  in 10 × 100000 runs
[moonbitlang/core] bench builtin/string_to_lower_bench_test.mbt:61 ("bench String::to_lower short") ok
time (mean ± σ)         range (min … max) 
  40.68 ns ±   0.12 ns    40.56 ns …  40.88 ns  in 10 × 100000 runs
[moonbitlang/core] bench builtin/string_to_lower_bench_test.mbt:66 ("bench String::to_lower long") ok
time (mean ± σ)         range (min … max) 
 644.19 ns ±   0.85 ns   643.63 ns … 646.50 ns  in 10 × 100000 runs
[moonbitlang/core] bench builtin/string_to_lower_bench_test.mbt:71 ("bench String::to_lower sparse") ok
time (mean ± σ)         range (min … max) 
 644.65 ns ±   0.36 ns   644.25 ns … 645.26 ns  in 10 × 100000 runs
[moonbitlang/core] bench builtin/string_to_lower_bench_test.mbt:76 ("bench String::to_lower late-uppercase") ok
time (mean ± σ)         range (min … max) 
 655.69 ns ±   0.34 ns   655.32 ns … 656.41 ns  in 10 × 100000 runs
[moonbitlang/core] bench builtin/string_to_lower_bench_test.mbt:81 ("bench String::to_lower one-unit runs") ok
time (mean ± σ)         range (min … max) 
 644.60 ns ±   0.43 ns   644.03 ns … 645.24 ns  in 10 × 100000 runs
[moonbitlang/core] bench builtin/string_to_lower_bench_test.mbt:86 ("bench String::to_lower all-uppercase") ok
time (mean ± σ)         range (min … max) 
 644.39 ns ±   0.38 ns   643.82 ns … 644.94 ns  in 10 × 100000 runs
[moonbitlang/core] bench builtin/string_to_lower_bench_test.mbt:91 ("bench String::to_lower no-change short") ok
time (mean ± σ)         range (min … max) 
  24.20 ns ±   0.05 ns    24.16 ns …  24.32 ns  in 10 × 100000 runs
[moonbitlang/core] bench builtin/string_to_lower_bench_test.mbt:96 ("bench String::to_lower no-change long") ok
time (mean ± σ)         range (min … max) 
  96.54 ns ±   0.18 ns    96.40 ns …  96.86 ns  in 10 × 100000 runs
[moonbitlang/core] bench builtin/string_to_lower_bench_test.mbt:101 ("bench StringView::to_lower short") ok
time (mean ± σ)         range (min … max) 
  44.31 ns ±   0.09 ns    44.23 ns …  44.50 ns  in 10 × 100000 runs
[moonbitlang/core] bench builtin/string_to_lower_bench_test.mbt:106 ("bench StringView::to_lower long") ok
time (mean ± σ)         range (min … max) 
 653.70 ns ±   0.29 ns   653.27 ns … 654.30 ns  in 10 × 100000 runs
[moonbitlang/core] bench builtin/string_to_lower_bench_test.mbt:111 ("bench StringView::to_lower no-change long") ok
time (mean ± σ)         range (min … max) 
 100.04 ns ±   0.21 ns    99.82 ns … 100.43 ns  in 10 × 100000 runs
[moonbitlang/core] bench builtin/string_to_array_bench_test.mbt:24 ("bench String::to_array ASCII 51 chars") ok
time (mean ± σ)         range (min … max) 
 154.15 ns ±   0.22 ns   153.84 ns … 154.48 ns  in 10 × 100000 runs
[moonbitlang/core] bench builtin/string_to_array_bench_test.mbt:29 ("bench String::to_array mixed 1KB") ok
time (mean ± σ)         range (min … max) 
   2.33 µs ±   1.13 ns     2.32 µs …   2.33 µs  in 10 ×  42427 runs
[moonbitlang/core] bench builtin/string_to_array_bench_test.mbt:34 ("bench StringView::to_array mixed 1KB") ok
time (mean ± σ)         range (min … max) 
   2.33 µs ±   1.22 ns     2.33 µs …   2.33 µs  in 10 ×  43089 runs
[moonbitlang/core] bench builtin/string_methods_bench_test.mbt:36 ("bench StringView::has_prefix match n=100000 needle=128") ok
time (mean ± σ)         range (min … max) 
  28.52 ns ±   0.09 ns    28.44 ns …  28.70 ns  in 10 × 100000 runs
[moonbitlang/core] bench builtin/string_methods_bench_test.mbt:45 ("bench StringView::has_prefix mismatch n=100000 needle=128") ok
time (mean ± σ)         range (min … max) 
  17.30 ns ±   0.33 ns    17.10 ns …  17.92 ns  in 10 × 100000 runs
[moonbitlang/core] bench builtin/string_methods_bench_test.mbt:54 ("bench StringView::has_suffix match n=100000 needle=128") ok
time (mean ± σ)         range (min … max) 
  28.98 ns ±   0.16 ns    28.88 ns …  29.39 ns  in 10 × 100000 runs
[moonbitlang/core] bench builtin/string_methods_bench_test.mbt:63 ("bench StringView::has_suffix mismatch n=100000 needle=128") ok
time (mean ± σ)         range (min … max) 
  17.44 ns ±   0.33 ns    17.14 ns …  17.95 ns  in 10 × 100000 runs
[moonbitlang/core] bench builtin/string_find_code_unit_bench_test.mbt:16 ("bench find one code unit absent n=4") ok
time (mean ± σ)         range (min … max) 
  20.29 ns ±   0.04 ns    20.23 ns …  20.36 ns  in 10 × 100000 runs
[moonbitlang/core] bench builtin/string_find_code_unit_bench_test.mbt:22 ("bench find one code unit absent n=8") ok
time (mean ± σ)         range (min … max) 
  19.86 ns ±   0.06 ns    19.80 ns …  19.97 ns  in 10 × 100000 runs
[moonbitlang/core] bench builtin/string_find_code_unit_bench_test.mbt:28 ("bench find one code unit present@0 n=8") ok
time (mean ± σ)         range (min … max) 
  17.90 ns ±   0.16 ns    17.82 ns …  18.34 ns  in 10 × 100000 runs
[moonbitlang/core] bench builtin/string_find_code_unit_bench_test.mbt:34 ("bench find one code unit absent n=64") ok
time (mean ± σ)         range (min … max) 
  25.93 ns ±   0.09 ns    25.85 ns …  26.07 ns  in 10 × 100000 runs
[moonbitlang/core] bench builtin/string_find_code_unit_bench_test.mbt:40 ("bench find one code unit absent n=256") ok
time (mean ± σ)         range (min … max) 
  46.25 ns ±   0.12 ns    46.16 ns …  46.51 ns  in 10 × 100000 runs
[moonbitlang/core] bench builtin/string_find_code_unit_bench_test.mbt:46 ("bench find one code unit present@end n=256") ok
time (mean ± σ)         range (min … max) 
  44.95 ns ±   0.06 ns    44.90 ns …  45.06 ns  in 10 × 100000 runs
[moonbitlang/core] bench builtin/string_find_code_unit_bench_test.mbt:52 ("bench rev_find one code unit absent n=256") ok
time (mean ± σ)         range (min … max) 
  46.87 ns ±   0.05 ns    46.80 ns …  46.94 ns  in 10 × 100000 runs
[moonbitlang/core] bench builtin/string_find_code_unit_bench_test.mbt:58 ("bench rev_find one code unit present@start n=256") ok
time (mean ± σ)         range (min … max) 
  44.98 ns ±   0.11 ns    44.88 ns …  45.19 ns  in 10 × 100000 runs
[moonbitlang/core] bench builtin/string_find_code_unit_bench_test.mbt:64 ("bench rev_find one code unit present@end n=8") ok
time (mean ± σ)         range (min … max) 
  17.98 ns ±   0.16 ns    17.86 ns …  18.34 ns  in 10 × 100000 runs
[moonbitlang/core] bench builtin/string_find_code_unit_bench_test.mbt:70 ("bench StringView find one code unit absent n=256") ok
time (mean ± σ)         range (min … max) 
  43.91 ns ±   0.11 ns    43.81 ns …  44.14 ns  in 10 × 100000 runs
[moonbitlang/core] bench builtin/string_find_code_unit_bench_test.mbt:77 ("bench StringView rev_find one code unit absent n=256") ok
time (mean ± σ)         range (min … max) 
  44.71 ns ±   0.12 ns    44.61 ns …  44.97 ns  in 10 × 100000 runs
[moonbitlang/core] bench builtin/string_find_code_unit_bench_test.mbt:84 ("bench find two anchors absent n=256") ok
time (mean ± σ)         range (min … max) 
  61.00 ns ±   0.10 ns    60.87 ns …  61.20 ns  in 10 × 100000 runs
[moonbitlang/core] bench builtin/string_find_code_unit_bench_test.mbt:90 ("bench find two anchors present@end n=256") ok
time (mean ± σ)         range (min … max) 
  61.29 ns ±   0.11 ns    61.19 ns …  61.53 ns  in 10 × 100000 runs
[moonbitlang/core] bench builtin/string_find_code_unit_bench_test.mbt:96 ("bench find two anchors dense false positives n=256") ok
time (mean ± σ)         range (min … max) 
 714.73 ns ±   0.42 ns   714.14 ns … 715.41 ns  in 10 × 100000 runs
[moonbitlang/core] bench builtin/string_find_code_unit_bench_test.mbt:102 ("bench find two anchors long absent n=256") ok
time (mean ± σ)         range (min … max) 
  55.50 ns ±   0.06 ns    55.43 ns …  55.60 ns  in 10 × 100000 runs
[moonbitlang/core] bench builtin/string_find_code_unit_bench_test.mbt:108 ("bench rev_find two anchors absent n=256") ok
time (mean ± σ)         range (min … max) 
  60.57 ns ±   0.28 ns    60.31 ns …  61.26 ns  in 10 × 100000 runs
[moonbitlang/core] bench builtin/string_find_code_unit_bench_test.mbt:114 ("bench rev_find two anchors present@start n=256") ok
time (mean ± σ)         range (min … max) 
  61.12 ns ±   0.18 ns    60.95 ns …  61.55 ns  in 10 × 100000 runs
[moonbitlang/core] bench builtin/string_find_code_unit_bench_test.mbt:120 ("bench rev_find two anchors dense false positives n=256") ok
time (mean ± σ)         range (min … max) 
 712.82 ns ±   0.33 ns   712.50 ns … 713.48 ns  in 10 × 100000 runs
[moonbitlang/core] bench builtin/string_find_code_unit_bench_test.mbt:126 ("bench StringView find two anchors absent n=256") ok
time (mean ± σ)         range (min … max) 
  59.37 ns ±   0.11 ns    59.24 ns …  59.56 ns  in 10 × 100000 runs
[moonbitlang/core] bench builtin/string_find_adversary_bench_test.mbt:26 ("bench find adversary m=64 n=4096") ok
time (mean ± σ)         range (min … max) 
  11.12 µs ±   6.43 ns    11.12 µs …  11.13 µs  in 10 ×   8970 runs
[moonbitlang/core] bench builtin/string_find_adversary_bench_test.mbt:33 ("bench rev_find adversary m=64 n=4096") ok
time (mean ± σ)         range (min … max) 
  11.50 µs ±  13.02 ns    11.48 µs …  11.53 µs  in 10 ×   8641 runs
[moonbitlang/core] bench builtin/string_find_adversary_bench_test.mbt:40 ("bench find adversary m=512 n=65536") ok
time (mean ± σ)         range (min … max) 
 174.47 µs ± 129.24 ns   174.28 µs … 174.62 µs  in 10 ×    574 runs
[moonbitlang/core] bench builtin/string_find_adversary_bench_test.mbt:47 ("bench find dense miss fast path n=4096") ok
time (mean ± σ)         range (min … max) 
 617.26 ns ±   0.40 ns   616.91 ns … 618.02 ns  in 10 × 100000 runs
[moonbitlang/core] bench builtin/string_find_adversary_bench_test.mbt:53 ("bench find rare hit end fast path n=4096") ok
time (mean ± σ)         range (min … max) 
 626.84 ns ±   0.36 ns   626.16 ns … 627.34 ns  in 10 × 100000 runs
[moonbitlang/core] bench builtin/string_escape_bench_test.mbt:61 ("bench String::escape short plain") ok
time (mean ± σ)         range (min … max) 
 130.26 ns ±   0.48 ns   129.72 ns … 130.99 ns  in 10 × 100000 runs
[moonbitlang/core] bench builtin/string_escape_bench_test.mbt:66 ("bench String::escape short escaped") ok
time (mean ± σ)         range (min … max) 
 167.02 ns ±   0.53 ns   166.33 ns … 167.72 ns  in 10 × 100000 runs
[moonbitlang/core] bench builtin/string_escape_bench_test.mbt:71 ("bench String::escape threshold plain") ok
time (mean ± σ)         range (min … max) 
 130.78 ns ±   0.64 ns   129.85 ns … 131.54 ns  in 10 × 100000 runs
[moonbitlang/core] bench builtin/string_escape_bench_test.mbt:76 ("bench String::escape prose") ok
time (mean ± σ)         range (min … max) 
 221.76 ns ±   1.11 ns   220.38 ns … 223.36 ns  in 10 × 100000 runs
[moonbitlang/core] bench builtin/string_escape_bench_test.mbt:81 ("bench String::escape escape-first") ok
time (mean ± σ)         range (min … max) 
 237.12 ns ±   0.37 ns   236.65 ns … 237.75 ns  in 10 × 100000 runs
[moonbitlang/core] bench builtin/string_escape_bench_test.mbt:86 ("bench String::escape long plain") ok
time (mean ± σ)         range (min … max) 
   4.16 µs ±  23.77 ns     4.10 µs …   4.19 µs  in 10 ×  24592 runs
[moonbitlang/core] bench builtin/string_escape_bench_test.mbt:91 ("bench String::escape long dense") ok
time (mean ± σ)         range (min … max) 
  21.56 µs ± 166.49 ns    21.45 µs …  21.96 µs  in 10 ×   4553 runs
[moonbitlang/core] bench builtin/string_escape_bench_test.mbt:96 ("bench String::escape long all-escaped") ok
time (mean ± σ)         range (min … max) 
  35.55 µs ±  37.34 ns    35.50 µs …  35.60 µs  in 10 ×   2802 runs
[moonbitlang/core] bench builtin/string_escape_bench_test.mbt:101 ("bench String::escape long unicode") ok
time (mean ± σ)         range (min … max) 
   4.32 µs ±  41.12 ns     4.27 µs …   4.36 µs  in 10 ×  23299 runs
[moonbitlang/core] bench builtin/string_escape_bench_test.mbt:106 ("bench StringView::escape long plain view") ok
time (mean ± σ)         range (min … max) 
   3.68 µs ±   2.42 ns     3.67 µs …   3.68 µs  in 10 ×  27212 runs
[moonbitlang/core] bench builtin/string_escape_bench_test.mbt:112 ("bench debug to_string short plain") ok
time (mean ± σ)         range (min … max) 
 351.47 ns ±   0.87 ns   350.59 ns … 353.62 ns  in 10 × 100000 runs
[moonbitlang/core] bench builtin/string_escape_bench_test.mbt:117 ("bench debug to_string prose") ok
time (mean ± σ)         range (min … max) 
 503.00 ns ±   0.28 ns   502.57 ns … 503.47 ns  in 10 × 100000 runs
[moonbitlang/core] bench builtin/string_escape_bench_test.mbt:122 ("bench debug to_string long plain") ok
time (mean ± σ)         range (min … max) 
   7.27 µs ±  15.86 ns     7.25 µs …   7.30 µs  in 10 ×  13655 runs
[moonbitlang/core] bench builtin/string_equal_bench_test.mbt:28 ("bench StringView::equal n=100000 equal") ok
time (mean ± σ)         range (min … max) 
   9.11 µs ±   5.15 ns     9.10 µs …   9.12 µs  in 10 ×  10951 runs
[moonbitlang/core] bench builtin/string_equal_bench_test.mbt:35 ("bench StringView::equal n=100000 mismatch at end") ok
time (mean ± σ)         range (min … max) 
   9.11 µs ±   4.41 ns     9.10 µs …   9.12 µs  in 10 ×  10956 runs
[moonbitlang/core] bench builtin/string_equal_bench_test.mbt:44 ("bench StringView::equal_to_string n=100000 equal") ok
time (mean ± σ)         range (min … max) 
   9.10 µs ±   7.32 ns     9.10 µs …   9.12 µs  in 10 ×  10951 runs
[moonbitlang/core] bench builtin/string_char_set_bench_test.mbt:43 ("bench StringView::contains_any ASCII miss n=100000") ok
time (mean ± σ)         range (min … max) 
  14.49 µs ±  12.80 ns    14.48 µs …  14.52 µs  in 10 ×   6892 runs
[moonbitlang/core] bench builtin/string_char_set_bench_test.mbt:54 ("bench StringView::contains_any ASCII match at end n=100000") ok
time (mean ± σ)         range (min … max) 
  14.50 µs ±  13.25 ns    14.49 µs …  14.52 µs  in 10 ×   6882 runs
[moonbitlang/core] bench builtin/string_char_set_bench_test.mbt:67 ("bench StringView::trim_start ASCII n=100000") ok
time (mean ± σ)         range (min … max) 
  17.92 µs ±  25.09 ns    17.90 µs …  17.97 µs  in 10 ×   5567 runs
[moonbitlang/core] bench builtin/string_char_set_bench_test.mbt:74 ("bench StringView::trim_end ASCII n=100000") ok
time (mean ± σ)         range (min … max) 
  17.92 µs ±  12.96 ns    17.91 µs …  17.95 µs  in 10 ×   5557 runs
[moonbitlang/core] bench builtin/string_char_set_bench_test.mbt:79 ("bench StringView::trim ASCII n=100000") ok
time (mean ± σ)         range (min … max) 
  35.81 µs ±  28.41 ns    35.76 µs …  35.84 µs  in 10 ×   2792 runs
[moonbitlang/core] bench builtin/string_char_set_bench_test.mbt:96 ("bench StringView::trim short inputs") ok
time (mean ± σ)         range (min … max) 
 262.47 ns ±   0.36 ns   261.98 ns … 263.21 ns  in 10 × 100000 runs
[moonbitlang/core] bench builtin/string_char_set_bench_test.mbt:107 ("bench StringView::contains_any short inputs") ok
time (mean ± σ)         range (min … max) 
 140.17 ns ±   0.25 ns   139.81 ns … 140.45 ns  in 10 × 100000 runs
[moonbitlang/core] bench builtin/string_char_length_bench_test.mbt:51 ("bench char_length ascii 8") ok
time (mean ± σ)         range (min … max) 
  21.54 ns ±   0.09 ns    21.46 ns …  21.72 ns  in 10 × 100000 runs
[moonbitlang/core] bench builtin/string_char_length_bench_test.mbt:56 ("bench char_length ascii 16") ok
time (mean ± σ)         range (min … max) 
  17.79 ns ±   0.05 ns    17.74 ns …  17.91 ns  in 10 × 100000 runs
[moonbitlang/core] bench builtin/string_char_length_bench_test.mbt:61 ("bench char_length ascii 100") ok
time (mean ± σ)         range (min … max) 
  29.23 ns ±   0.04 ns    29.20 ns …  29.33 ns  in 10 × 100000 runs
[moonbitlang/core] bench builtin/string_char_length_bench_test.mbt:66 ("bench char_length ascii 4k") ok
time (mean ± σ)         range (min … max) 
 471.22 ns ±   0.40 ns   470.84 ns … 471.86 ns  in 10 × 100000 runs
[moonbitlang/core] bench builtin/string_char_length_bench_test.mbt:71 ("bench char_length ascii 64k") ok
time (mean ± σ)         range (min … max) 
   7.25 µs ±   4.10 ns     7.25 µs …   7.26 µs  in 10 ×  13752 runs
[moonbitlang/core] bench builtin/string_char_length_bench_test.mbt:76 ("bench char_length cjk 4k") ok
time (mean ± σ)         range (min … max) 
 471.38 ns ±   0.41 ns   470.86 ns … 472.14 ns  in 10 × 100000 runs
[moonbitlang/core] bench builtin/string_char_length_bench_test.mbt:81 ("bench char_length emoji 4k") ok
time (mean ± σ)         range (min … max) 
   1.07 µs ±   2.62 ns     1.07 µs …   1.07 µs  in 10 ×  93855 runs
[moonbitlang/core] bench builtin/string_char_length_bench_test.mbt:86 ("bench char_length mixed 4k") ok
time (mean ± σ)         range (min … max) 
 625.46 ns ±   0.24 ns   625.21 ns … 626.03 ns  in 10 × 100000 runs
[moonbitlang/core] bench builtin/string_char_length_bench_test.mbt:91 ("bench StringView::char_length ascii 4k unaligned") ok
time (mean ± σ)         range (min … max) 
 473.47 ns ±   0.45 ns   472.78 ns … 474.00 ns  in 10 × 100000 runs
[moonbitlang/core] bench builtin/string_char_length_bench_test.mbt:97 ("bench char_length_eq ascii 16") ok
time (mean ± σ)         range (min … max) 
  18.43 ns ±   0.06 ns    18.37 ns …  18.54 ns  in 10 × 100000 runs
[moonbitlang/core] bench builtin/string_char_length_bench_test.mbt:102 ("bench char_length_eq ascii 4k") ok
time (mean ± σ)         range (min … max) 
 559.10 ns ±   0.25 ns   558.73 ns … 559.41 ns  in 10 × 100000 runs
[moonbitlang/core] bench builtin/string_char_length_bench_test.mbt:107 ("bench char_length_eq emoji 4k") ok
time (mean ± σ)         range (min … max) 
   1.16 µs ±   0.68 ns     1.16 µs …   1.17 µs  in 10 ×  85923 runs
[moonbitlang/core] bench builtin/string_char_length_bench_test.mbt:112 ("bench char_length_eq mixed 4k") ok
time (mean ± σ)         range (min … max) 
 722.28 ns ±   0.32 ns   721.95 ns … 722.77 ns  in 10 × 100000 runs
[moonbitlang/core] bench builtin/string_char_length_bench_test.mbt:119 ("bench char_length_ge ascii 4k len 3") ok
time (mean ± σ)         range (min … max) 
  17.35 ns ±   0.06 ns    17.30 ns …  17.48 ns  in 10 × 100000 runs
[moonbitlang/core] bench builtin/string_char_length_bench_test.mbt:124 ("bench char_length_ge ascii 4k len 2000") ok
time (mean ± σ)         range (min … max) 
 284.84 ns ±   0.21 ns   284.62 ns … 285.25 ns  in 10 × 100000 runs
[moonbitlang/core] bench builtin/string_char_length_bench_test.mbt:129 ("bench char_length_ge cjk 4k len 4096") ok
time (mean ± σ)         range (min … max) 
 559.81 ns ±   0.17 ns   559.59 ns … 560.05 ns  in 10 × 100000 runs
[moonbitlang/core] bench builtin/string_char_length_bench_test.mbt:134 ("bench char_length_ge emoji 4k len 2048") ok
time (mean ± σ)         range (min … max) 
   1.16 µs ±   0.53 ns     1.16 µs …   1.16 µs  in 10 ×  85442 runs
[moonbitlang/core] bench builtin/sort_bench_test.mbt:21 ("bench Array::sort n=1000") ok
time (mean ± σ)         range (min … max) 
  20.02 µs ±  37.81 ns    19.98 µs …  20.09 µs  in 10 ×   4959 runs
[moonbitlang/core] bench builtin/sort_bench_test.mbt:31 ("bench Array::sort n=100000") ok
time (mean ± σ)         range (min … max) 
   5.71 ms ±   3.40 µs     5.71 ms …   5.72 ms  in 10 ×     18 runs
[moonbitlang/core] bench builtin/sort_bench_test.mbt:41 ("bench Array::sort_by n=10000") ok
time (mean ± σ)         range (min … max) 
 710.14 µs ±   1.37 µs   708.03 µs … 711.86 µs  in 10 ×    141 runs
[moonbitlang/core] bench builtin/range_equal_bench_test.mbt:56 ("bench range_equal StringView== n=4 equal") ok
time (mean ± σ)         range (min … max) 
  15.99 ns ±   0.06 ns    15.92 ns …  16.07 ns  in 10 × 100000 runs
[moonbitlang/core] bench builtin/range_equal_bench_test.mbt:61 ("bench range_equal StringView== n=8 equal") ok
time (mean ± σ)         range (min … max) 
  14.64 ns ±   0.15 ns    14.56 ns …  15.06 ns  in 10 × 100000 runs
[moonbitlang/core] bench builtin/range_equal_bench_test.mbt:66 ("bench range_equal StringView== n=8 mismatch at end") ok
time (mean ± σ)         range (min … max) 
  14.65 ns ±   0.17 ns    14.57 ns …  15.11 ns  in 10 × 100000 runs
[moonbitlang/core] bench builtin/range_equal_bench_test.mbt:71 ("bench range_equal StringView== n=16 equal") ok
time (mean ± σ)         range (min … max) 
  15.13 ns ±   0.35 ns    14.85 ns …  15.67 ns  in 10 × 100000 runs
[moonbitlang/core] bench builtin/range_equal_bench_test.mbt:76 ("bench range_equal StringView== n=16 mismatch at end") ok
time (mean ± σ)         range (min … max) 
  15.12 ns ±   0.34 ns    14.85 ns …  15.66 ns  in 10 × 100000 runs
[moonbitlang/core] bench builtin/range_equal_bench_test.mbt:81 ("bench range_equal StringView== n=15 equal") ok
time (mean ± σ)         range (min … max) 
  15.01 ns ±   0.20 ns    14.85 ns …  15.39 ns  in 10 × 100000 runs
[moonbitlang/core] bench builtin/range_equal_bench_test.mbt:86 ("bench range_equal StringView== n=64 equal") ok
time (mean ± σ)         range (min … max) 
  18.69 ns ±   0.05 ns    18.64 ns …  18.82 ns  in 10 × 100000 runs
[moonbitlang/core] bench builtin/range_equal_bench_test.mbt:91 ("bench range_equal StringView== n=64 mismatch at end") ok
time (mean ± σ)         range (min … max) 
  18.73 ns ±   0.05 ns    18.67 ns …  18.82 ns  in 10 × 100000 runs
[moonbitlang/core] bench builtin/range_equal_bench_test.mbt:96 ("bench range_equal StringView== n=1024 equal") ok
time (mean ± σ)         range (min … max) 
 106.09 ns ±   1.91 ns   105.08 ns … 110.40 ns  in 10 × 100000 runs
[moonbitlang/core] bench builtin/range_equal_bench_test.mbt:101 ("bench range_equal StringView== n=1024 mismatch at end") ok
time (mean ± σ)         range (min … max) 
 105.24 ns ±   0.14 ns   105.10 ns … 105.48 ns  in 10 × 100000 runs
[moonbitlang/core] bench builtin/range_equal_bench_test.mbt:106 ("bench range_equal StringView== n=1024 mismatch at 0") ok
time (mean ± σ)         range (min … max) 
  14.87 ns ±   0.04 ns    14.82 ns …  14.97 ns  in 10 × 100000 runs
[moonbitlang/core] bench builtin/range_equal_bench_test.mbt:111 ("bench range_equal StringView== n=65536 equal") ok
time (mean ± σ)         range (min … max) 
   5.99 µs ±   4.63 ns     5.98 µs …   5.99 µs  in 10 ×  16706 runs
[moonbitlang/core] bench builtin/range_equal_bench_test.mbt:116 ("bench range_equal StringView== n=65536 mismatch at end") ok
time (mean ± σ)         range (min … max) 
   5.99 µs ±   9.79 ns     5.98 µs …   6.02 µs  in 10 ×  16658 runs
[moonbitlang/core] bench builtin/range_equal_bench_test.mbt:121 ("bench range_equal BytesView== n=4 equal") ok
time (mean ± σ)         range (min … max) 
  15.99 ns ±   0.05 ns    15.94 ns …  16.08 ns  in 10 × 100000 runs
[moonbitlang/core] bench builtin/range_equal_bench_test.mbt:126 ("bench range_equal BytesView== n=8 equal") ok
time (mean ± σ)         range (min … max) 
  17.93 ns ±   0.12 ns    17.84 ns …  18.20 ns  in 10 × 100000 runs
[moonbitlang/core] bench builtin/range_equal_bench_test.mbt:131 ("bench range_equal BytesView== n=8 mismatch at end") ok
time (mean ± σ)         range (min … max) 
  17.38 ns ±   0.07 ns    17.30 ns …  17.50 ns  in 10 × 100000 runs
[moonbitlang/core] bench builtin/range_equal_bench_test.mbt:136 ("bench range_equal BytesView== n=16 equal") ok
time (mean ± σ)         range (min … max) 
  14.79 ns ±   0.27 ns    14.56 ns …  15.29 ns  in 10 × 100000 runs
[moonbitlang/core] bench builtin/range_equal_bench_test.mbt:141 ("bench range_equal BytesView== n=16 mismatch at end") ok
time (mean ± σ)         range (min … max) 
  14.81 ns ±   0.27 ns    14.57 ns …  15.27 ns  in 10 × 100000 runs
[moonbitlang/core] bench builtin/range_equal_bench_test.mbt:146 ("bench range_equal BytesView== n=31 equal") ok
time (mean ± σ)         range (min … max) 
  15.09 ns ±   0.24 ns    14.88 ns …  15.50 ns  in 10 × 100000 runs
[moonbitlang/core] bench builtin/range_equal_bench_test.mbt:151 ("bench range_equal BytesView== n=64 equal") ok
time (mean ± σ)         range (min … max) 
  16.33 ns ±   0.15 ns    16.20 ns …  16.65 ns  in 10 × 100000 runs
[moonbitlang/core] bench builtin/range_equal_bench_test.mbt:156 ("bench range_equal BytesView== n=64 mismatch at end") ok
time (mean ± σ)         range (min … max) 
  16.43 ns ±   0.23 ns    16.22 ns …  16.88 ns  in 10 × 100000 runs
[moonbitlang/core] bench builtin/range_equal_bench_test.mbt:161 ("bench range_equal BytesView== n=1024 equal") ok
time (mean ± σ)         range (min … max) 
  58.94 ns ±   0.15 ns    58.77 ns …  59.18 ns  in 10 × 100000 runs
[moonbitlang/core] bench builtin/range_equal_bench_test.mbt:166 ("bench range_equal BytesView== n=1024 mismatch at end") ok
time (mean ± σ)         range (min … max) 
  58.93 ns ±   0.12 ns    58.78 ns …  59.08 ns  in 10 × 100000 runs
[moonbitlang/core] bench builtin/range_equal_bench_test.mbt:171 ("bench range_equal BytesView== n=1024 mismatch at 0") ok
time (mean ± σ)         range (min … max) 
  15.04 ns ±   0.26 ns    14.84 ns …  15.56 ns  in 10 × 100000 runs
[moonbitlang/core] bench builtin/range_equal_bench_test.mbt:176 ("bench range_equal BytesView== n=65536 equal") ok
time (mean ± σ)         range (min … max) 
   3.02 µs ±   5.26 ns     3.01 µs …   3.03 µs  in 10 ×  33183 runs
[moonbitlang/core] bench builtin/range_equal_bench_test.mbt:181 ("bench range_equal BytesView== n=65536 mismatch at end") ok
time (mean ± σ)         range (min … max) 
   3.01 µs ±   1.78 ns     3.01 µs …   3.02 µs  in 10 ×  33197 runs
[moonbitlang/core] bench builtin/range_equal_bench_test.mbt:186 ("bench range_equal StringView::has_prefix prefix=32 hit") ok
time (mean ± σ)         range (min … max) 
  18.52 ns ±   0.20 ns    18.39 ns …  18.98 ns  in 10 × 100000 runs
[moonbitlang/core] bench builtin/range_equal_bench_test.mbt:193 ("bench range_equal StringView::has_prefix prefix=32 miss at end") ok
time (mean ± σ)         range (min … max) 
  18.54 ns ±   0.17 ns    18.38 ns …  18.81 ns  in 10 × 100000 runs
[moonbitlang/core] bench builtin/linked_hash_map_bench_test.mbt:19 ("bench Map::set n=50000") ok
time (mean ± σ)         range (min … max) 
   3.65 ms ±   3.72 µs     3.65 ms …   3.66 ms  in 10 ×     28 runs
[moonbitlang/core] bench builtin/linked_hash_map_bench_test.mbt:30 ("bench Map::get n=50000") ok
time (mean ± σ)         range (min … max) 
   1.14 ms ±   3.42 µs     1.13 ms …   1.14 ms  in 10 ×     89 runs
[moonbitlang/core] bench builtin/linked_hash_map_bench_test.mbt:47 ("bench Map::get miss n=50000") ok
time (mean ± σ)         range (min … max) 
   1.24 ms ±   3.70 µs     1.24 ms …   1.25 ms  in 10 ×     81 runs
[moonbitlang/core] bench builtin/linked_hash_map_bench_test.mbt:67 ("bench Map::set+remove n=50000") ok
time (mean ± σ)         range (min … max) 
   5.10 ms ±   8.43 µs     5.10 ms …   5.12 ms  in 10 ×     20 runs
[moonbitlang/core] bench builtin/linked_hash_map_bench_test.mbt:83 ("bench Map::each n=50000") ok
time (mean ± σ)         range (min … max) 
 130.92 µs ± 256.55 ns   130.74 µs … 131.63 µs  in 10 ×    765 runs
[moonbitlang/core] bench builtin/linked_hash_map_bench_test.mbt:101 ("bench Map::filter n=50000") ok
time (mean ± σ)         range (min … max) 
   1.51 ms ±   1.45 µs     1.51 ms …   1.52 ms  in 10 ×     67 runs
[moonbitlang/core] bench builtin/linked_hash_map_bench_test.mbt:107 ("bench Map comprehension filter n=50000") ok
time (mean ± σ)         range (min … max) 
   3.79 ms ±   9.25 µs     3.78 ms …   3.81 ms  in 10 ×     27 runs
[moonbitlang/core] bench builtin/lexical_compare_bench_test.mbt:42 ("bench lexical_compare equal n=256") ok
time (mean ± σ)         range (min … max) 
  36.79 ns ±   0.08 ns    36.70 ns …  36.92 ns  in 10 × 100000 runs
[moonbitlang/core] bench builtin/lexical_compare_bench_test.mbt:47 ("bench lexical_compare common-prefix n=256") ok
time (mean ± σ)         range (min … max) 
  36.82 ns ±   0.11 ns    36.66 ns …  36.97 ns  in 10 × 100000 runs
[moonbitlang/core] bench builtin/lexical_compare_bench_test.mbt:52 ("bench lexical_compare early-diff n=256") ok
time (mean ± σ)         range (min … max) 
  19.68 ns ±   0.18 ns    19.54 ns …  20.08 ns  in 10 × 100000 runs
[moonbitlang/core] bench builtin/lexical_compare_bench_test.mbt:89 ("bench String::lexical_compare equal n=256") ok
time (mean ± σ)         range (min … max) 
 244.43 ns ±   0.81 ns   243.32 ns … 245.79 ns  in 10 × 100000 runs
[moonbitlang/core] bench builtin/lexical_compare_bench_test.mbt:94 ("bench String::lexical_compare common-prefix n=256") ok
time (mean ± σ)         range (min … max) 
 243.52 ns ±   0.32 ns   243.15 ns … 244.16 ns  in 10 × 100000 runs
[moonbitlang/core] bench builtin/lexical_compare_bench_test.mbt:99 ("bench String::lexical_compare early-diff n=256") ok
time (mean ± σ)         range (min … max) 
  19.84 ns ±   0.03 ns    19.80 ns …  19.89 ns  in 10 × 100000 runs
[moonbitlang/core] bench builtin/lexical_compare_bench_test.mbt:104 ("bench StringView::lexical_compare equal n=256") ok
time (mean ± σ)         range (min … max) 
 245.65 ns ±   0.16 ns   245.43 ns … 245.85 ns  in 10 × 100000 runs
[moonbitlang/core] bench builtin/lexical_compare_bench_test.mbt:109 ("bench StringView::lexical_compare common-prefix n=256") ok
time (mean ± σ)         range (min … max) 
 245.12 ns ±   0.25 ns   244.75 ns … 245.49 ns  in 10 × 100000 runs
[moonbitlang/core] bench builtin/lexical_compare_bench_test.mbt:114 ("bench StringView::lexical_compare early-diff n=256") ok
time (mean ± σ)         range (min … max) 
  17.64 ns ±   0.32 ns    17.42 ns …  18.23 ns  in 10 × 100000 runs
[moonbitlang/core] bench builtin/lexical_compare_bench_test.mbt:121 ("bench String::compare equal-length common-prefix n=256") ok
time (mean ± σ)         range (min … max) 
 193.73 ns ±   0.16 ns   193.57 ns … 194.13 ns  in 10 × 100000 runs
[moonbitlang/core] bench builtin/lexical_compare_bench_test.mbt:128 ("bench StringView::compare equal-length common-prefix n=256") ok
time (mean ± σ)         range (min … max) 
 244.89 ns ±   0.18 ns   244.64 ns … 245.14 ns  in 10 × 100000 runs
[moonbitlang/core] bench builtin/lexical_compare_bench_test.mbt:135 ("bench StringView::compare_ignore_ascii_case common-prefix n=256") ok
time (mean ± σ)         range (min … max) 
 430.62 ns ±   0.64 ns   429.96 ns … 432.13 ns  in 10 × 100000 runs
[moonbitlang/core] bench builtin/contains_code_unit_bench_test.mbt:19 ("bench contains_code_unit absent n=4") ok
time (mean ± σ)         range (min … max) 
  15.28 ns ±   0.09 ns    15.19 ns …  15.44 ns  in 10 × 100000 runs
[moonbitlang/core] bench builtin/contains_code_unit_bench_test.mbt:25 ("bench contains_code_unit absent n=8") ok
time (mean ± σ)         range (min … max) 
  14.94 ns ±   0.15 ns    14.85 ns …  15.37 ns  in 10 × 100000 runs
[moonbitlang/core] bench builtin/contains_code_unit_bench_test.mbt:31 ("bench contains_code_unit present@0 n=8") ok
time (mean ± σ)         range (min … max) 
  14.35 ns ±   0.31 ns    14.04 ns …  14.84 ns  in 10 × 100000 runs
[moonbitlang/core] bench builtin/contains_code_unit_bench_test.mbt:37 ("bench contains_code_unit absent n=16") ok
time (mean ± σ)         range (min … max) 
  15.73 ns ±   0.05 ns    15.68 ns …  15.80 ns  in 10 × 100000 runs
[moonbitlang/core] bench builtin/contains_code_unit_bench_test.mbt:43 ("bench contains_code_unit absent n=64") ok
time (mean ± σ)         range (min … max) 
  18.96 ns ±   0.03 ns    18.92 ns …  19.01 ns  in 10 × 100000 runs
[moonbitlang/core] bench builtin/contains_code_unit_bench_test.mbt:49 ("bench contains_code_unit absent n=256") ok
time (mean ± σ)         range (min … max) 
  32.82 ns ±   0.11 ns    32.68 ns …  33.00 ns  in 10 × 100000 runs
[moonbitlang/core] bench builtin/contains_code_unit_bench_test.mbt:55 ("bench contains_code_unit present@end n=256") ok
time (mean ± σ)         range (min … max) 
  31.90 ns ±   0.09 ns    31.80 ns …  32.02 ns  in 10 × 100000 runs
[moonbitlang/core] bench builtin/contains_code_unit_bench_test.mbt:61 ("bench contains_code_unit present@0 n=256") ok
time (mean ± σ)         range (min … max) 
  14.31 ns ±   0.29 ns    14.04 ns …  14.78 ns  in 10 × 100000 runs
[moonbitlang/core] bench builtin/contains_code_unit_bench_test.mbt:67 ("bench StringView contains_code_unit absent n=256") ok
time (mean ± σ)         range (min … max) 
  32.98 ns ±   0.06 ns    32.94 ns …  33.08 ns  in 10 × 100000 runs
[moonbitlang/core] bench builtin/bytesview_compare_bench_test.mbt:16 ("bench BytesView Compare equal n=1000000") ok
time (mean ± σ)         range (min … max) 
  65.78 µs ±  43.16 ns    65.73 µs …  65.85 µs  in 10 ×   1514 runs
[moonbitlang/core] bench builtin/bytesview_compare_bench_test.mbt:23 ("bench BytesView Compare last-diff n=1000000") ok
time (mean ± σ)         range (min … max) 
  65.80 µs ±  42.63 ns    65.76 µs …  65.90 µs  in 10 ×   1521 runs
[moonbitlang/core] bench builtin/bytes_unsafe_bench_test.mbt:31 ("bench Bytes::unsafe_read_uint16_le n=4096") ok
time (mean ± σ)         range (min … max) 
   2.23 µs ±   0.52 ns     2.23 µs …   2.24 µs  in 10 ×  44707 runs
[moonbitlang/core] bench builtin/bytes_unsafe_bench_test.mbt:43 ("bench Bytes::unsafe_read_uint32_le n=4096") ok
time (mean ± σ)         range (min … max) 
   1.71 µs ±   7.64 ns     1.70 µs …   1.73 µs  in 10 ×  57768 runs
[moonbitlang/core] bench builtin/bytes_unsafe_bench_test.mbt:55 ("bench Bytes::unsafe_read_uint64_le n=4096") ok
time (mean ± σ)         range (min … max) 
   1.51 µs ±   1.58 ns     1.50 µs …   1.51 µs  in 10 ×  66222 runs
[moonbitlang/core] bench builtin/bytes_unsafe_bench_test.mbt:67 ("bench FixedArray::unsafe_write_uint16_le n=4096") ok
time (mean ± σ)         range (min … max) 
   1.41 µs ±   0.65 ns     1.41 µs …   1.41 µs  in 10 ×  71064 runs
[moonbitlang/core] bench builtin/bytes_unsafe_bench_test.mbt:78 ("bench FixedArray::unsafe_write_uint32_le n=4096") ok
time (mean ± σ)         range (min … max) 
   1.41 µs ±   0.91 ns     1.41 µs …   1.41 µs  in 10 ×  71016 runs
[moonbitlang/core] bench builtin/bytes_unsafe_bench_test.mbt:89 ("bench FixedArray::unsafe_write_uint64_le n=4096") ok
time (mean ± σ)         range (min … max) 
   1.43 µs ±   3.53 ns     1.42 µs …   1.43 µs  in 10 ×  70234 runs
[moonbitlang/core] bench builtin/bytes_output_bench_test.mbt:19 ("bench Bytes Show binary n=100000") ok
time (mean ± σ)         range (min … max) 
   1.37 ms ±   2.61 µs     1.36 ms …   1.37 ms  in 10 ×     74 runs
[moonbitlang/core] bench builtin/bytes_output_bench_test.mbt:24 ("bench Bytes ToJson binary n=100000") ok
time (mean ± σ)         range (min … max) 
   1.11 ms ±   1.33 µs     1.11 ms …   1.11 ms  in 10 ×     91 runs
[moonbitlang/core] bench builtin/bytes_hash_bench_test.mbt:54 ("bench Hash::hash(Bytes) n=32") ok
time (mean ± σ)         range (min … max) 
  20.21 ns ±   0.33 ns    19.99 ns …  20.86 ns  in 10 × 100000 runs
[moonbitlang/core] bench builtin/bytes_hash_bench_test.mbt:60 ("bench Hash::hash(Bytes) n=8192") ok
time (mean ± σ)         range (min … max) 
   4.43 µs ±   3.14 ns     4.42 µs …   4.43 µs  in 10 ×  22565 runs
[moonbitlang/core] bench builtin/bytes_hash_bench_test.mbt:66 ("bench Map::at Bytes n=1024 key_bytes=32") ok
time (mean ± σ)         range (min … max) 
  27.00 µs ±  52.20 ns    26.96 µs …  27.10 µs  in 10 ×   3675 runs
[moonbitlang/core] bench builtin/bytes_from_array_bench_test.mbt:30 ("bench Bytes::from_array n=262144 full") ok
time (mean ± σ)         range (min … max) 
   4.08 µs ±   1.96 ns     4.07 µs …   4.08 µs  in 10 ×  24342 runs
[moonbitlang/core] bench builtin/bytes_from_array_bench_test.mbt:41 ("bench Bytes::from_array n=262144 sliced") ok
time (mean ± σ)         range (min … max) 
   4.08 µs ±   1.36 ns     4.07 µs …   4.08 µs  in 10 ×  24343 runs
[moonbitlang/core] bench builtin/bytes_from_array_bench_test.mbt:48 ("bench Bytes::makei from ArrayView n=262144 full") ok
time (mean ± σ)         range (min … max) 
 894.64 µs ± 715.30 ns   893.78 µs … 896.06 µs  in 10 ×    112 runs
[moonbitlang/core] bench builtin/bytes_from_array_bench_test.mbt:59 ("bench Bytes::makei from ArrayView n=262144 sliced") ok
time (mean ± σ)         range (min … max) 
 885.66 µs ±   7.62 µs   873.15 µs … 892.35 µs  in 10 ×    112 runs
[moonbitlang/core] bench builtin/bytes_equal_bench_test.mbt:37 ("bench Bytes::equal n=100000 equal") ok
time (mean ± σ)         range (min … max) 
   4.39 µs ±   2.75 ns     4.39 µs …   4.40 µs  in 10 ×  22787 runs
[moonbitlang/core] bench builtin/bytes_equal_bench_test.mbt:44 ("bench Bytes::equal n=100000 aliased object") ok
time (mean ± σ)         range (min … max) 
  14.14 ns ±   0.40 ns    13.88 ns …  14.99 ns  in 10 × 100000 runs
[moonbitlang/core] bench builtin/bytes_equal_bench_test.mbt:54 ("bench Bytes::equal n=100000 mismatch at end") ok
time (mean ± σ)         range (min … max) 
   4.39 µs ±   1.97 ns     4.39 µs …   4.40 µs  in 10 ×  22784 runs
[moonbitlang/core] bench builtin/bytes_add_bench_test.mbt:16 ("bench Bytes add total=1000000") ok
time (mean ± σ)         range (min … max) 
  15.41 µs ±  54.15 ns    15.30 µs …  15.49 µs  in 10 ×   6368 runs
[moonbitlang/core] bench builtin/bitstring_uint_aligned_bench_test.mbt:24 ("bench Bytes::unsafe_extract_uint_le_aligned n=8192") ok
time (mean ± σ)         range (min … max) 
 884.41 ns ±   0.41 ns   883.60 ns … 884.80 ns  in 10 × 100000 runs
[moonbitlang/core] bench builtin/bitstring_uint64_aligned_bench_test.mbt:24 ("bench Bytes::unsafe_extract_uint64_le_aligned n=8192") ok
time (mean ± σ)         range (min … max) 
 484.59 ns ±   0.44 ns   484.06 ns … 485.34 ns  in 10 × 100000 runs
[moonbitlang/core] bench builtin/bitstring_extract_bench_test.mbt:35 ("bench BytesView uint_le aligned len=32") ok
time (mean ± σ)         range (min … max) 
   1.41 µs ±   2.49 ns     1.40 µs …   1.41 µs  in 10 ×  71131 runs
[moonbitlang/core] bench builtin/bitstring_extract_bench_test.mbt:48 ("bench BytesView uint_be aligned len=32") ok
time (mean ± σ)         range (min … max) 
   2.11 µs ±  29.22 ns     2.06 µs …   2.14 µs  in 10 ×  48854 runs
[moonbitlang/core] bench builtin/bitstring_extract_bench_test.mbt:61 ("bench ArrayView uint_le aligned len=32") ok
time (mean ± σ)         range (min … max) 
   1.41 µs ±   0.43 ns     1.41 µs …   1.41 µs  in 10 ×  71094 runs
[moonbitlang/core] bench builtin/bitstring_extract_bench_test.mbt:75 ("bench ArrayView uint_be aligned len=32") ok
time (mean ± σ)         range (min … max) 
   2.12 µs ±  14.82 ns     2.10 µs …   2.13 µs  in 10 ×  48217 runs
[moonbitlang/core] bench builtin/bitstring_extract_bench_test.mbt:89 ("bench BytesView uint64_le aligned len=64") ok
time (mean ± σ)         range (min … max) 
 711.22 ns ±   0.44 ns   710.60 ns … 712.15 ns  in 10 × 100000 runs
[moonbitlang/core] bench builtin/bitstring_extract_bench_test.mbt:102 ("bench BytesView uint64_be aligned len=64") ok
time (mean ± σ)         range (min … max) 
   1.61 µs ±  24.91 ns     1.57 µs …   1.65 µs  in 10 ×  63162 runs
[moonbitlang/core] bench builtin/bitstring_extract_bench_test.mbt:115 ("bench ArrayView uint64_le aligned len=64") ok
time (mean ± σ)         range (min … max) 
 711.84 ns ±   1.83 ns   710.95 ns … 717.01 ns  in 10 × 100000 runs
[moonbitlang/core] bench builtin/bitstring_extract_bench_test.mbt:129 ("bench ArrayView uint64_be aligned len=64") ok
time (mean ± σ)         range (min … max) 
   1.57 µs ±   4.48 ns     1.57 µs …   1.58 µs  in 10 ×  61091 runs
[moonbitlang/core] bench builtin/bitstring_extract_bench_test.mbt:143 ("bench BytesView uint_le unaligned len=32") ok
time (mean ± σ)         range (min … max) 
  20.67 µs ±  64.07 ns    20.59 µs …  20.77 µs  in 10 ×   4823 runs
[moonbitlang/core] bench builtin/bitstring_extract_bench_test.mbt:156 ("bench BytesView uint64_le unaligned len=64") ok
time (mean ± σ)         range (min … max) 
  16.39 µs ±   4.90 ns    16.38 µs …  16.39 µs  in 10 ×   5996 runs
[moonbitlang/core] bench builtin/bitstring_extract_bench_test.mbt:169 ("bench BytesView uint_le aligned len=16") ok
time (mean ± σ)         range (min … max) 
   2.80 µs ±   2.49 ns     2.79 µs …   2.80 µs  in 10 ×  35769 runs
[moonbitlang/core] bench builtin/bitstring_extract_bench_test.mbt:182 ("bench BytesView uint_le aligned len=24") ok
time (mean ± σ)         range (min … max) 
  15.92 µs ±  80.42 ns    15.82 µs …  16.07 µs  in 10 ×   6222 runs
[moonbitlang/core] bench builtin/array_retain_bench_test.mbt:29 ("bench Array::retain all keep Int n=100000") ok
time (mean ± σ)         range (min … max) 
 176.24 µs ± 103.23 ns   176.12 µs … 176.42 µs  in 10 ×    568 runs
[moonbitlang/core] bench builtin/array_retain_bench_test.mbt:42 ("bench Array::retain all keep Ref n=100000") ok
time (mean ± σ)         range (min … max) 
 179.04 µs ±  72.38 ns   178.94 µs … 179.17 µs  in 10 ×    559 runs
[moonbitlang/core] bench builtin/array_retain_bench_test.mbt:55 ("bench Array::retain drop tail n=100000") ok
time (mean ± σ)         range (min … max) 
  87.51 µs ±  39.27 ns    87.45 µs …  87.58 µs  in 10 ×   1142 runs
[moonbitlang/core] bench builtin/array_retain_bench_test.mbt:66 ("bench Array::retain late sparse drop n=100000") ok
time (mean ± σ)         range (min … max) 
 115.02 µs ±  72.94 ns   114.95 µs … 115.21 µs  in 10 ×    869 runs
[moonbitlang/core] bench builtin/array_retain_bench_test.mbt:77 ("bench Array::retain drop first n=100000") ok
time (mean ± σ)         range (min … max) 
 115.17 µs ± 103.10 ns   115.05 µs … 115.32 µs  in 10 ×    869 runs
[moonbitlang/core] bench builtin/array_make_blit_bench_test.mbt:32 ("bench FixedArray::copy Ref n=1000000") ok
time (mean ± σ)         range (min … max) 
   1.85 ms ± 741.32 ns     1.85 ms …   1.85 ms  in 10 ×     55 runs
[moonbitlang/core] bench builtin/array_make_blit_bench_test.mbt:38 ("bench Array::from_fixed_array Ref n=1000000") ok
time (mean ± σ)         range (min … max) 
   1.85 ms ± 715.56 ns     1.85 ms …   1.85 ms  in 10 ×     55 runs
[moonbitlang/core] bench builtin/array_make_blit_bench_test.mbt:44 ("bench Array::add Ref n=500000+500000") ok
time (mean ± σ)         range (min … max) 
   3.51 ms ±   7.82 µs     3.50 ms …   3.52 ms  in 10 ×     29 runs
[moonbitlang/core] bench builtin/array_make_blit_bench_test.mbt:51 ("bench ArrayView::add Ref n=500000+500000") ok
time (mean ± σ)         range (min … max) 
   3.64 ms ±   4.43 µs     3.64 ms …   3.65 ms  in 10 ×     28 runs
[moonbitlang/core] bench builtin/array_make_blit_bench_test.mbt:60 ("bench Array::blit_to Ref n=1000000 overwrite") ok
time (mean ± σ)         range (min … max) 
   2.81 ms ±  10.80 µs     2.80 ms …   2.84 ms  in 10 ×     36 runs
[moonbitlang/core] bench builtin/array_make_blit_bench_test.mbt:70 ("bench Array::blit_to Ref n=1000000 grow") ok
time (mean ± σ)         range (min … max) 
   4.50 ms ±   6.20 µs     4.49 ms …   4.51 ms  in 10 ×     23 runs
[moonbitlang/core] bench builtin/array_make_blit_bench_test.mbt:80 ("bench ArrayView::blit_to Ref n=1000000 overwrite") ok
time (mean ± σ)         range (min … max) 
   2.80 ms ±  11.89 µs     2.80 ms …   2.83 ms  in 10 ×     36 runs
[moonbitlang/core] bench builtin/array_make_blit_bench_test.mbt:90 ("bench ArrayView::blit_to Ref n=1000000 grow") ok
time (mean ± σ)         range (min … max) 
   4.27 ms ±   9.76 µs     4.26 ms …   4.28 ms  in 10 ×     24 runs
[moonbitlang/core] bench builtin/array_make_blit_bench_test.mbt:100 ("bench Array::append Ref n=1000000 grow") ok
time (mean ± σ)         range (min … max) 
   4.29 ms ±   7.73 µs     4.28 ms …   4.30 ms  in 10 ×     24 runs
[moonbitlang/core] bench builtin/array_make_blit_bench_test.mbt:110 ("bench Array::push Ref n=1000000 resize") ok
time (mean ± σ)         range (min … max) 
   3.85 ms ±   5.89 µs     3.85 ms …   3.86 ms  in 10 ×     26 runs
[moonbitlang/core] bench builtin/array_make_blit_bench_test.mbt:129 ("bench Array::copy Int n=1000000") ok
time (mean ± σ)         range (min … max) 
  63.92 µs ±  43.10 ns    63.87 µs …  63.99 µs  in 10 ×   1563 runs
[moonbitlang/core] bench builtin/array_make_blit_bench_test.mbt:135 ("bench Array::copy Ref n=1000000") ok
time (mean ± σ)         range (min … max) 
   4.28 ms ±   2.17 µs     4.28 ms …   4.29 ms  in 10 ×     24 runs
[moonbitlang/core] bench builtin/array_locals_bench_test.mbt:29 ("bench Array::retain_map n=100000") ok
time (mean ± σ)         range (min … max) 
 143.18 µs ± 215.02 ns   142.92 µs … 143.54 µs  in 10 ×    700 runs
[moonbitlang/core] bench builtin/array_locals_bench_test.mbt:38 ("bench Array::shuffle_in_place n=100000") ok
time (mean ± σ)         range (min … max) 
 203.63 µs ± 119.97 ns   203.49 µs … 203.85 µs  in 10 ×    492 runs
[moonbitlang/core] bench builtin/array_locals_bench_test.mbt:50 ("bench Array::filter_map n=100000") ok
time (mean ± σ)         range (min … max) 
 146.59 µs ± 403.11 ns   146.28 µs … 147.44 µs  in 10 ×    673 runs
[moonbitlang/core] bench builtin/array_locals_bench_test.mbt:58 ("bench FixedArray::each n=100000") ok
time (mean ± σ)         range (min … max) 
 172.62 µs ± 112.46 ns   172.46 µs … 172.79 µs  in 10 ×    580 runs
[moonbitlang/core] bench builtin/array_locals_bench_test.mbt:68 ("bench FixedArray::eachi n=100000") ok
time (mean ± σ)         range (min … max) 
 172.72 µs ± 101.50 ns   172.50 µs … 172.83 µs  in 10 ×    580 runs
[moonbitlang/core] bench builtin/array_locals_bench_test.mbt:78 ("bench FixedArray::rev_each n=100000") ok
time (mean ± σ)         range (min … max) 
 172.45 µs ± 230.23 ns   172.18 µs … 172.91 µs  in 10 ×    580 runs
[moonbitlang/core] bench builtin/array_locals_bench_test.mbt:88 ("bench FixedArray::rev_eachi n=100000") ok
time (mean ± σ)         range (min … max) 
 172.31 µs ± 347.54 ns   172.05 µs … 173.23 µs  in 10 ×    582 runs
[moonbitlang/core] bench builtin/array_locals_bench_test.mbt:98 ("bench FixedArray::map n=100000") ok
time (mean ± σ)         range (min … max) 
 105.48 µs ± 111.97 ns   105.36 µs … 105.67 µs  in 10 ×    950 runs
[moonbitlang/core] bench builtin/array_locals_bench_test.mbt:104 ("bench FixedArray::mapi n=100000") ok
time (mean ± σ)         range (min … max) 
  61.90 µs ± 945.22 ns    60.68 µs …  63.01 µs  in 10 ×   1629 runs
[moonbitlang/core] bench builtin/array_locals_bench_test.mbt:110 ("bench FixedArray::makei n=100000") ok
time (mean ± σ)         range (min … max) 
  86.47 µs ± 605.65 ns    85.76 µs …  87.55 µs  in 10 ×   1145 runs
[moonbitlang/core] bench builtin/array_locals_bench_test.mbt:115 ("bench FixedArray::fold n=100000") ok
time (mean ± σ)         range (min … max) 
  54.15 µs ±   1.11 µs    52.42 µs …  55.60 µs  in 10 ×   1857 runs
[moonbitlang/core] bench builtin/array_locals_bench_test.mbt:121 ("bench FixedArray::rev_fold n=100000") ok
time (mean ± σ)         range (min … max) 
  53.24 µs ± 759.18 ns    52.53 µs …  54.85 µs  in 10 ×   1917 runs
[moonbitlang/core] bench builtin/array_locals_bench_test.mbt:127 ("bench FixedArray::foldi n=100000") ok
time (mean ± σ)         range (min … max) 
  59.77 µs ±  67.02 ns    59.68 µs …  59.85 µs  in 10 ×   1675 runs
[moonbitlang/core] bench builtin/array_locals_bench_test.mbt:133 ("bench FixedArray::rev_foldi n=100000") ok
time (mean ± σ)         range (min … max) 
  59.51 µs ±  53.00 ns    59.47 µs …  59.63 µs  in 10 ×   1682 runs
[moonbitlang/core] bench builtin/array_locals_bench_test.mbt:139 ("bench ArrayView::chunk_by n=100000") ok
time (mean ± σ)         range (min … max) 
  83.91 µs ± 291.83 ns    83.51 µs …  84.27 µs  in 10 ×   1190 runs
[moonbitlang/core] bench builtin/array_locals_bench_test.mbt:146 ("bench ArrayView::each n=100000") ok
time (mean ± σ)         range (min … max) 
 172.18 µs ±  69.02 ns   172.09 µs … 172.34 µs  in 10 ×    581 runs
[moonbitlang/core] bench builtin/array_locals_bench_test.mbt:157 ("bench ArrayView::eachi n=100000") ok
time (mean ± σ)         range (min … max) 
 172.30 µs ±  58.51 ns   172.21 µs … 172.36 µs  in 10 ×    581 runs
[moonbitlang/core] bench builtin/array_locals_bench_test.mbt:168 ("bench ArrayView::rev_each n=100000") ok
time (mean ± σ)         range (min … max) 
 176.88 µs ± 154.17 ns   176.68 µs … 177.15 µs  in 10 ×    565 runs
[moonbitlang/core] bench builtin/array_locals_bench_test.mbt:179 ("bench ArrayView::rev_eachi n=100000") ok
time (mean ± σ)         range (min … max) 
 177.23 µs ±  85.50 ns   177.14 µs … 177.37 µs  in 10 ×    565 runs
[moonbitlang/core] bench builtin/array_locals_bench_test.mbt:190 ("bench ArrayView::all n=100000") ok
time (mean ± σ)         range (min … max) 
  59.65 µs ± 453.29 ns    59.17 µs …  60.28 µs  in 10 ×   1655 runs
[moonbitlang/core] bench builtin/array_locals_bench_test.mbt:197 ("bench ArrayView::any n=100000") ok
time (mean ± σ)         range (min … max) 
  56.91 µs ± 608.90 ns    55.75 µs …  57.46 µs  in 10 ×   1793 runs
[moonbitlang/core] bench builtin/array_locals_bench_test.mbt:204 ("bench ArrayView::search_by n=100000") ok
time (mean ± σ)         range (min … max) 
  64.46 µs ±   2.38 µs    61.74 µs …  66.77 µs  in 10 ×   1501 runs
[moonbitlang/core] bench builtin/array_locals_bench_test.mbt:213 ("bench ArrayView::fold n=100000") ok
time (mean ± σ)         range (min … max) 
  57.17 µs ±   1.44 µs    55.91 µs …  59.18 µs  in 10 ×   1707 runs
[moonbitlang/core] bench builtin/array_locals_bench_test.mbt:220 ("bench ArrayView::rev_fold n=100000") ok
time (mean ± σ)         range (min … max) 
  55.92 µs ± 236.80 ns    55.62 µs …  56.49 µs  in 10 ×   1796 runs
[moonbitlang/core] bench builtin/array_locals_bench_test.mbt:227 ("bench ArrayView::foldi n=100000") ok
time (mean ± σ)         range (min … max) 
  59.75 µs ± 243.86 ns    59.40 µs …  60.00 µs  in 10 ×   1681 runs
[moonbitlang/core] bench builtin/array_locals_bench_test.mbt:234 ("bench ArrayView::rev_foldi n=100000") ok
time (mean ± σ)         range (min … max) 
  67.88 µs ± 406.28 ns    67.17 µs …  68.39 µs  in 10 ×   1486 runs
[moonbitlang/core] bench builtin/array_locals_bench_test.mbt:241 ("bench ArrayView::map n=100000") ok
time (mean ± σ)         range (min … max) 
  85.10 µs ±  61.73 ns    85.00 µs …  85.17 µs  in 10 ×   1173 runs
[moonbitlang/core] bench builtin/array_locals_bench_test.mbt:248 ("bench ArrayView::mapi n=100000") ok
time (mean ± σ)         range (min … max) 
  86.85 µs ±  71.50 ns    86.74 µs …  86.95 µs  in 10 ×   1148 runs
[moonbitlang/core] bench builtin/array_locals_bench_test.mbt:255 ("bench ArrayView::filter n=100000") ok
time (mean ± σ)         range (min … max) 
 133.54 µs ± 320.91 ns   132.68 µs … 133.81 µs  in 10 ×    750 runs
[moonbitlang/core] bench builtin/array_locals_bench_test.mbt:262 ("bench ArrayView::filter_map n=100000") ok
time (mean ± σ)         range (min … max) 
 151.24 µs ± 129.10 ns   151.10 µs … 151.51 µs  in 10 ×    663 runs
[moonbitlang/core] bench bytes/find_bench_test.mbt:92 ("bench BytesView::find single byte hit end n=4096") ok
time (mean ± σ)         range (min … max) 
 310.90 ns ±   0.31 ns   310.45 ns … 311.49 ns  in 10 × 100000 runs
[moonbitlang/core] bench bytes/find_bench_test.mbt:99 ("bench BytesView::find single byte miss n=4096") ok
time (mean ± σ)         range (min … max) 
 307.17 ns ±   0.46 ns   306.64 ns … 307.92 ns  in 10 × 100000 runs
[moonbitlang/core] bench bytes/find_bench_test.mbt:106 ("bench BytesView::find substring rare hit end n=4096") ok
time (mean ± σ)         range (min … max) 
 405.39 ns ±   0.45 ns   404.37 ns … 405.82 ns  in 10 × 100000 runs
[moonbitlang/core] bench bytes/find_bench_test.mbt:113 ("bench BytesView::find substring dense miss n=4096") ok
time (mean ± σ)         range (min … max) 
 419.88 ns ±   0.18 ns   419.62 ns … 420.12 ns  in 10 × 100000 runs
[moonbitlang/core] bench bytes/find_bench_test.mbt:120 ("bench BytesView::find offset view rare hit end n=4096") ok
time (mean ± σ)         range (min … max) 
 405.33 ns ±   1.93 ns   404.03 ns … 410.33 ns  in 10 × 100000 runs
[moonbitlang/core] bench bytes/find_bench_test.mbt:127 ("bench BytesView::find long dense miss n=4096") ok
time (mean ± σ)         range (min … max) 
   4.70 µs ±   3.03 ns     4.69 µs …   4.70 µs  in 10 ×  21279 runs
[moonbitlang/core] bench bytes/find_bench_test.mbt:134 ("bench BytesView::find single byte miss n=32") ok
time (mean ± σ)         range (min … max) 
  18.51 ns ±   0.17 ns    18.39 ns …  18.84 ns  in 10 × 100000 runs
[moonbitlang/core] bench bytes/find_bench_test.mbt:141 ("bench BytesView::find substring miss n=32") ok
time (mean ± σ)         range (min … max) 
  28.90 ns ±   0.07 ns    28.82 ns …  29.01 ns  in 10 × 100000 runs
[moonbitlang/core] bench bytes/find_bench_test.mbt:148 ("bench BytesView::rev_find single byte hit start n=4096") ok
time (mean ± σ)         range (min … max) 
 295.54 ns ±   0.42 ns   295.04 ns … 296.22 ns  in 10 × 100000 runs
[moonbitlang/core] bench bytes/find_bench_test.mbt:155 ("bench BytesView::rev_find single byte miss n=4096") ok
time (mean ± σ)         range (min … max) 
 290.60 ns ±   0.51 ns   290.35 ns … 292.04 ns  in 10 × 100000 runs
[moonbitlang/core] bench bytes/find_bench_test.mbt:162 ("bench BytesView::rev_find substring rare hit start n=4096") ok
time (mean ± σ)         range (min … max) 
 408.16 ns ±   1.18 ns   405.39 ns … 409.33 ns  in 10 × 100000 runs
[moonbitlang/core] bench bytes/find_bench_test.mbt:169 ("bench BytesView::rev_find substring dense miss n=4096") ok
time (mean ± σ)         range (min … max) 
 402.27 ns ±   0.28 ns   401.81 ns … 402.73 ns  in 10 × 100000 runs
[moonbitlang/core] bench bytes/find_bench_test.mbt:176 ("bench BytesView::rev_find offset view rare hit start n=4096") ok
time (mean ± σ)         range (min … max) 
 404.76 ns ±   1.42 ns   403.29 ns … 407.59 ns  in 10 × 100000 runs
[moonbitlang/core] bench bytes/find_bench_test.mbt:185 ("bench BytesView::rev_find long dense miss n=4096") ok
time (mean ± σ)         range (min … max) 
 403.94 ns ±   0.53 ns   403.04 ns … 404.79 ns  in 10 × 100000 runs
[moonbitlang/core] bench debug/debug_inspect_bench_test.mbt:16 ("bench debug_inspect passing Int") ok
time (mean ± σ)         range (min … max) 
 264.92 ns ±   0.19 ns   264.69 ns … 265.27 ns  in 10 × 100000 runs
[moonbitlang/core] bench debug/debug_inspect_bench_test.mbt:21 ("bench debug_inspect passing Array") ok
time (mean ± σ)         range (min … max) 
   2.81 µs ±   6.06 ns     2.81 µs …   2.83 µs  in 10 ×  35532 runs
[moonbitlang/core] bench deque/deque_bench_test.mbt:22 ("bench Deque::to_array Int n=50000") ok
time (mean ± σ)         range (min … max) 
 141.42 µs ± 961.28 ns   140.71 µs … 142.81 µs  in 10 ×    702 runs
[moonbitlang/core] bench deque/deque_bench_test.mbt:28 ("bench Deque::to_array Ref n=50000") ok
time (mean ± σ)         range (min … max) 
 327.97 µs ±   1.94 µs   325.90 µs … 330.37 µs  in 10 ×    304 runs
[moonbitlang/core] bench deque/deque_bench_test.mbt:34 ("bench Deque steady-state pop_front/push_back x100000 len=1000") ok
time (mean ± σ)         range (min … max) 
 642.81 µs ± 308.92 ns   642.44 µs … 643.41 µs  in 10 ×    156 runs
[moonbitlang/core] bench deque/deque_bench_test.mbt:51 ("bench Deque steady-state push_front/pop_back x100000 len=1000") ok
time (mean ± σ)         range (min … max) 
 752.87 µs ±   4.62 µs   740.70 µs … 757.06 µs  in 10 ×    135 runs
[moonbitlang/core] bench deque/deque_bench_test.mbt:67 ("bench Deque::get x100000 len=1000") ok
time (mean ± σ)         range (min … max) 
 599.25 µs ± 358.12 ns   598.86 µs … 600.04 µs  in 10 ×    167 runs
[moonbitlang/core] bench encoding/ascii/ascii_bench_test.mbt:40 ("bench ASCII decode n=15") ok
time (mean ± σ)         range (min … max) 
  43.55 ns ±   0.07 ns    43.44 ns …  43.67 ns  in 10 × 100000 runs
[moonbitlang/core] bench encoding/ascii/ascii_bench_test.mbt:46 ("bench ASCII decode n=16") ok
time (mean ± σ)         range (min … max) 
  42.96 ns ±   0.08 ns    42.85 ns …  43.09 ns  in 10 × 100000 runs
[moonbitlang/core] bench encoding/ascii/ascii_bench_test.mbt:52 ("bench ASCII decode n=32") ok
time (mean ± σ)         range (min … max) 
  54.92 ns ±   0.10 ns    54.79 ns …  55.11 ns  in 10 × 100000 runs
[moonbitlang/core] bench encoding/ascii/ascii_bench_test.mbt:58 ("bench ASCII decode n=64") ok
time (mean ± σ)         range (min … max) 
  49.28 ns ±   0.22 ns    48.83 ns …  49.45 ns  in 10 × 100000 runs
[moonbitlang/core] bench encoding/ascii/ascii_bench_test.mbt:64 ("bench ASCII decode n=100000") ok
time (mean ± σ)         range (min … max) 
  16.72 µs ±  38.54 ns    16.66 µs …  16.77 µs  in 10 ×   4879 runs
[moonbitlang/core] bench encoding/ascii/ascii_bench_test.mbt:70 ("bench ASCII decode n=1000000") ok
time (mean ± σ)         range (min … max) 
 163.24 µs ± 751.76 ns   162.48 µs … 164.42 µs  in 10 ×    603 runs
[moonbitlang/core] bench encoding/base64/v128_bench_wbtest.mbt:38 ("bench encode scalar n=64") ok
time (mean ± σ)         range (min … max) 
 569.14 ns ±   0.27 ns   568.78 ns … 569.60 ns  in 10 × 100000 runs
[moonbitlang/core] bench encoding/base64/v128_bench_wbtest.mbt:43 ("bench encode v128 n=64") ok
time (mean ± σ)         range (min … max) 
 119.42 ns ±   0.39 ns   118.93 ns … 120.00 ns  in 10 × 100000 runs
[moonbitlang/core] bench encoding/base64/v128_bench_wbtest.mbt:48 ("bench encode scalar n=1024") ok
time (mean ± σ)         range (min … max) 
   7.22 µs ±   6.47 ns     7.21 µs …   7.23 µs  in 10 ×  13774 runs
[moonbitlang/core] bench encoding/base64/v128_bench_wbtest.mbt:53 ("bench encode v128 n=1024") ok
time (mean ± σ)         range (min … max) 
 756.80 ns ±   0.43 ns   756.19 ns … 757.53 ns  in 10 × 100000 runs
[moonbitlang/core] bench encoding/base64/v128_bench_wbtest.mbt:58 ("bench encode scalar n=65536") ok
time (mean ± σ)         range (min … max) 
 457.95 µs ±   4.06 µs   453.36 µs … 463.22 µs  in 10 ×    217 runs
[moonbitlang/core] bench encoding/base64/v128_bench_wbtest.mbt:63 ("bench encode v128 n=65536") ok
time (mean ± σ)         range (min … max) 
  50.62 µs ±  68.55 ns    50.53 µs …  50.76 µs  in 10 ×   2003 runs
[moonbitlang/core] bench encoding/base64/v128_bench_wbtest.mbt:68 ("bench decode scalar n=64") ok
time (mean ± σ)         range (min … max) 
 496.84 ns ±   2.49 ns   494.28 ns … 499.82 ns  in 10 × 100000 runs
[moonbitlang/core] bench encoding/base64/v128_bench_wbtest.mbt:75 ("bench decode v128 n=64") ok
time (mean ± σ)         range (min … max) 
 142.52 ns ±   0.21 ns   142.31 ns … 142.92 ns  in 10 × 100000 runs
[moonbitlang/core] bench encoding/base64/v128_bench_wbtest.mbt:80 ("bench decode scalar n=1024") ok
time (mean ± σ)         range (min … max) 
   7.01 µs ± 163.39 ns     6.90 µs …   7.32 µs  in 10 ×  13281 runs
[moonbitlang/core] bench encoding/base64/v128_bench_wbtest.mbt:87 ("bench decode v128 n=1024") ok
time (mean ± σ)         range (min … max) 
 508.15 ns ±   1.24 ns   506.14 ns … 509.89 ns  in 10 × 100000 runs
[moonbitlang/core] bench encoding/base64/v128_bench_wbtest.mbt:92 ("bench decode scalar n=65536") ok
time (mean ± σ)         range (min … max) 
 783.56 µs ± 659.64 ns   782.91 µs … 785.21 µs  in 10 ×    128 runs
[moonbitlang/core] bench encoding/base64/v128_bench_wbtest.mbt:99 ("bench decode v128 n=65536") ok
time (mean ± σ)         range (min … max) 
  24.65 µs ±  30.26 ns    24.62 µs …  24.70 µs  in 10 ×   4046 runs
[moonbitlang/core] bench encoding/hex/v128_bench_wbtest.mbt:34 ("bench encode scalar 4k") ok
time (mean ± σ)         range (min … max) 
  33.07 µs ± 162.78 ns    32.85 µs …  33.37 µs  in 10 ×   2957 runs
[moonbitlang/core] bench encoding/hex/v128_bench_wbtest.mbt:39 ("bench encode public 64") ok
time (mean ± σ)         range (min … max) 
  76.46 ns ±   0.14 ns    76.24 ns …  76.64 ns  in 10 × 100000 runs
[moonbitlang/core] bench encoding/hex/v128_bench_wbtest.mbt:44 ("bench encode public 4k") ok
time (mean ± σ)         range (min … max) 
 987.25 ns ±   7.07 ns   977.49 ns … 997.72 ns  in 10 × 100000 runs
[moonbitlang/core] bench encoding/hex/v128_bench_wbtest.mbt:49 ("bench encode public 64k") ok
time (mean ± σ)         range (min … max) 
  15.16 µs ±  21.73 ns    15.13 µs …  15.19 µs  in 10 ×   6628 runs
[moonbitlang/core] bench encoding/hex/v128_bench_wbtest.mbt:54 ("bench decode scalar 4k") ok
time (mean ± σ)         range (min … max) 
  21.27 µs ± 596.04 ns    20.36 µs …  22.11 µs  in 10 ×   4421 runs
[moonbitlang/core] bench encoding/hex/v128_bench_wbtest.mbt:62 ("bench decode public 4k") ok
time (mean ± σ)         range (min … max) 
   1.28 µs ±   0.58 ns     1.28 µs …   1.28 µs  in 10 ×  78175 runs
[moonbitlang/core] bench encoding/hex/v128_bench_wbtest.mbt:70 ("bench decode public 64k") ok
time (mean ± σ)         range (min … max) 
  19.76 µs ±  20.88 ns    19.73 µs …  19.78 µs  in 10 ×   5063 runs
[moonbitlang/core] bench encoding/utf16/utf16_v128_bench_test.mbt:57 ("bench utf16 encode ASCII LE n=100000") ok
time (mean ± σ)         range (min … max) 
 160.96 µs ± 680.78 ns   160.42 µs … 162.24 µs  in 10 ×    623 runs
[moonbitlang/core] bench encoding/utf16/utf16_v128_bench_test.mbt:63 ("bench utf16 encode ASCII BE n=100000") ok
time (mean ± σ)         range (min … max) 
 171.84 µs ±   1.69 µs   170.59 µs … 175.93 µs  in 10 ×    585 runs
[moonbitlang/core] bench encoding/utf16/utf16_v128_bench_test.mbt:69 ("bench utf16 encode mixed LE n=100000") ok
time (mean ± σ)         range (min … max) 
 160.75 µs ± 140.28 ns   160.50 µs … 160.99 µs  in 10 ×    623 runs
[moonbitlang/core] bench encoding/utf16/utf16_v128_bench_test.mbt:75 ("bench utf16 encode mixed BE n=100000") ok
time (mean ± σ)         range (min … max) 
 170.65 µs ±  90.23 ns   170.55 µs … 170.79 µs  in 10 ×    586 runs
[moonbitlang/core] bench encoding/utf16/utf16_v128_bench_test.mbt:81 ("bench utf16 decode ASCII LE n=100000") ok
time (mean ± σ)         range (min … max) 
  18.39 µs ±  69.35 ns    18.25 µs …  18.45 µs  in 10 ×   5432 runs
[moonbitlang/core] bench encoding/utf16/utf16_v128_bench_test.mbt:87 ("bench utf16 decode ASCII BE n=100000") ok
time (mean ± σ)         range (min … max) 
  32.47 µs ±  81.91 ns    32.36 µs …  32.61 µs  in 10 ×   3085 runs
[moonbitlang/core] bench encoding/utf16/utf16_v128_bench_test.mbt:95 ("bench utf16 decode mixed LE n=100000") ok
time (mean ± σ)         range (min … max) 
  18.26 µs ±  45.65 ns    18.22 µs …  18.38 µs  in 10 ×   5408 runs
[moonbitlang/core] bench encoding/utf16/utf16_v128_bench_test.mbt:101 ("bench utf16 decode mixed BE n=100000") ok
time (mean ± σ)         range (min … max) 
  32.42 µs ± 192.02 ns    32.25 µs …  32.93 µs  in 10 ×   3090 runs
[moonbitlang/core] bench encoding/utf16/utf16_v128_bench_test.mbt:109 ("bench utf16 decode emoji LE n=100000") ok
time (mean ± σ)         range (min … max) 
 538.18 µs ± 350.88 ns   537.81 µs … 538.73 µs  in 10 ×    187 runs
[moonbitlang/core] bench encoding/utf16/utf16_v128_bench_test.mbt:115 ("bench utf16 decode emoji BE n=100000") ok
time (mean ± σ)         range (min … max) 
 549.67 µs ± 208.47 ns   549.36 µs … 549.92 µs  in 10 ×    183 runs
[moonbitlang/core] bench hashmap/hashmap_bench_test.mbt:19 ("bench HashMap::set n=50000") ok
time (mean ± σ)         range (min … max) 
   2.96 ms ±   5.49 µs     2.96 ms …   2.97 ms  in 10 ×     34 runs
[moonbitlang/core] bench hashmap/hashmap_bench_test.mbt:30 ("bench HashMap::get n=50000") ok
time (mean ± σ)         range (min … max) 
 521.79 µs ±   1.67 µs   519.10 µs … 523.38 µs  in 10 ×    193 runs
[moonbitlang/core] bench hashmap/hashmap_bench_test.mbt:47 ("bench HashMap::get miss n=50000") ok
time (mean ± σ)         range (min … max) 
 655.86 µs ±   1.22 µs   654.06 µs … 657.70 µs  in 10 ×    154 runs
[moonbitlang/core] bench hashmap/hashmap_bench_test.mbt:67 ("bench HashMap::set+remove n=50000") ok
time (mean ± σ)         range (min … max) 
   3.35 ms ±   5.01 µs     3.34 ms …   3.36 ms  in 10 ×     30 runs
[moonbitlang/core] bench hashmap/hashmap_bench_test.mbt:87 ("bench HashMap::copy+remove n=50000") ok
time (mean ± σ)         range (min … max) 
   2.03 ms ± 533.62 ns     2.03 ms …   2.04 ms  in 10 ×     50 runs
[moonbitlang/core] bench hashmap/hashmap_bench_test.mbt:102 ("bench HashMap::copy n=50000") ok
time (mean ± σ)         range (min … max) 
   1.60 ms ±   1.04 µs     1.60 ms …   1.61 ms  in 10 ×     63 runs
[moonbitlang/core] bench hashmap/hashmap_bench_test.mbt:114 ("bench HashMap::to_array Int n=50000") ok
time (mean ± σ)         range (min … max) 
   1.10 ms ±   1.78 µs     1.09 ms …   1.10 ms  in 10 ×     92 runs
[moonbitlang/core] bench hashmap/hashmap_bench_test.mbt:123 ("bench HashMap::to_array Ref n=50000") ok
time (mean ± σ)         range (min … max) 
   1.21 ms ±   3.28 µs     1.21 ms …   1.22 ms  in 10 ×     82 runs
[moonbitlang/core] bench hashmap/hashmap_bench_test.mbt:141 ("bench HashMap::filter n=50000") ok
time (mean ± σ)         range (min … max) 
   1.56 ms ±   3.67 µs     1.55 ms …   1.56 ms  in 10 ×     65 runs
[moonbitlang/core] bench hashmap/hashmap_bench_test.mbt:147 ("bench HashMap comprehension filter n=50000") ok
time (mean ± σ)         range (min … max) 
   3.86 ms ±  11.80 µs     3.85 ms …   3.89 ms  in 10 ×     26 runs
[moonbitlang/core] bench hashset/set_algebra_bench_test.mbt:26 ("bench HashSet::union String 10k 50% overlap") ok
time (mean ± σ)         range (min … max) 
   1.00 ms ± 624.24 ns     1.00 ms …   1.00 ms  in 10 ×    101 runs
[moonbitlang/core] bench hashset/set_algebra_bench_test.mbt:33 ("bench HashSet::union Int 10k 50% overlap") ok
time (mean ± σ)         range (min … max) 
 872.10 µs ±   1.14 µs   871.08 µs … 874.33 µs  in 10 ×    115 runs
[moonbitlang/core] bench hashset/set_algebra_bench_test.mbt:40 ("bench HashSet::intersection String 10k 50% overlap") ok
time (mean ± σ)         range (min … max) 
 558.95 µs ± 813.72 ns   557.12 µs … 559.89 µs  in 10 ×    180 runs
[moonbitlang/core] bench hashset/set_algebra_bench_test.mbt:47 ("bench HashSet::difference String 10k 50% overlap") ok
time (mean ± σ)         range (min … max) 
 516.94 µs ±   1.09 µs   514.67 µs … 518.02 µs  in 10 ×    195 runs
[moonbitlang/core] bench hashset/set_algebra_bench_test.mbt:54 ("bench HashSet::is_subset String 10k true") ok
time (mean ± σ)         range (min … max) 
 188.95 µs ± 828.98 ns   187.68 µs … 190.18 µs  in 10 ×    532 runs
[moonbitlang/core] bench hashset/set_algebra_bench_test.mbt:61 ("bench HashSet == String 10k") ok
time (mean ± σ)         range (min … max) 
 188.53 µs ± 646.41 ns   188.07 µs … 189.75 µs  in 10 ×    529 runs
[moonbitlang/core] bench hashset/set_algebra_bench_test.mbt:68 ("bench HashSet == Int 10k") ok
time (mean ± σ)         range (min … max) 
 109.15 µs ± 312.67 ns   108.71 µs … 109.64 µs  in 10 ×    911 runs
[moonbitlang/core] bench hashset/hashset_bench_test.mbt:19 ("bench HashSet::add n=50000") ok
time (mean ± σ)         range (min … max) 
   3.00 ms ±   5.34 µs     2.99 ms …   3.01 ms  in 10 ×     34 runs
[moonbitlang/core] bench hashset/hashset_bench_test.mbt:30 ("bench HashSet::contains n=50000") ok
time (mean ± σ)         range (min … max) 
   1.12 ms ±   1.30 µs     1.11 ms …   1.12 ms  in 10 ×     90 runs
[moonbitlang/core] bench hashset/hashset_bench_test.mbt:56 ("bench HashSet::filter n=50000") ok
time (mean ± σ)         range (min … max) 
 764.35 µs ±   1.48 µs   761.05 µs … 765.80 µs  in 10 ×    131 runs
[moonbitlang/core] bench hashset/hashset_bench_test.mbt:62 ("bench HashSet comprehension filter n=50000") ok
time (mean ± σ)         range (min … max) 
   1.46 ms ±   2.43 µs     1.46 ms …   1.46 ms  in 10 ×     70 runs
[moonbitlang/core] bench immut/hashmap/update_bench_test.mbt:21 ("bench HashMap::remove absent x1000 n=100000") ok
time (mean ± σ)         range (min … max) 
  43.84 µs ± 117.10 ns    43.67 µs …  43.99 µs  in 10 ×   2279 runs
[moonbitlang/core] bench immut/hashmap/update_bench_test.mbt:32 ("bench HashMap::remove present x1000 n=100000") ok
time (mean ± σ)         range (min … max) 
 675.57 µs ± 341.07 ns   675.09 µs … 676.09 µs  in 10 ×    149 runs
[moonbitlang/core] bench immut/hashmap/update_bench_test.mbt:43 ("bench HashMap::union with a derived version n=100000") ok
time (mean ± σ)         range (min … max) 
   1.21 µs ±   1.57 ns     1.20 µs …   1.21 µs  in 10 ×  82837 runs
[moonbitlang/core] bench immut/hashmap/update_bench_test.mbt:49 ("bench HashMap::intersection with a derived version n=100000") ok
time (mean ± σ)         range (min … max) 
   1.55 µs ±  14.65 ns     1.53 µs …   1.57 µs  in 10 ×  63549 runs
[moonbitlang/core] bench immut/hashmap/hashmap_build_bench_test.mbt:37 ("bench HashMap constructor ordered n=10000") ok
time (mean ± σ)         range (min … max) 
   2.27 ms ±  12.22 µs     2.26 ms …   2.29 ms  in 10 ×     44 runs
[moonbitlang/core] bench immut/hashmap/hashmap_build_bench_test.mbt:43 ("bench HashMap constructor random n=10000") ok
time (mean ± σ)         range (min … max) 
   2.29 ms ±   1.59 µs     2.29 ms …   2.29 ms  in 10 ×     44 runs
[moonbitlang/core] bench immut/hashmap/hashmap_build_bench_test.mbt:49 ("bench HashMap::from_iter random n=10000") ok
time (mean ± σ)         range (min … max) 
   2.35 ms ±   1.40 µs     2.35 ms …   2.35 ms  in 10 ×     43 runs
[moonbitlang/core] bench immut/hashset/update_bench_test.mbt:21 ("bench HashSet::add existing x1000 n=100000") ok
time (mean ± σ)         range (min … max) 
  54.79 µs ± 272.36 ns    54.23 µs …  54.97 µs  in 10 ×   1848 runs
[moonbitlang/core] bench immut/hashset/update_bench_test.mbt:32 ("bench HashSet::remove absent x1000 n=100000") ok
time (mean ± σ)         range (min … max) 
  43.44 µs ± 155.76 ns    43.26 µs …  43.62 µs  in 10 ×   2310 runs
[moonbitlang/core] bench immut/hashset/update_bench_test.mbt:43 ("bench HashSet::add new x1000 n=100000") ok
time (mean ± σ)         range (min … max) 
 660.09 µs ± 359.19 ns   659.51 µs … 660.48 µs  in 10 ×    152 runs
[moonbitlang/core] bench immut/hashset/update_bench_test.mbt:54 ("bench HashSet::union with a derived version n=100000") ok
time (mean ± σ)         range (min … max) 
   1.21 µs ±   3.82 ns     1.20 µs …   1.21 µs  in 10 ×  83082 runs
[moonbitlang/core] bench immut/hashset/hashset_build_bench_test.mbt:34 ("bench HashSet constructor ordered n=10000") ok
time (mean ± σ)         range (min … max) 
   2.24 ms ±   6.65 µs     2.24 ms …   2.25 ms  in 10 ×     45 runs
[moonbitlang/core] bench immut/hashset/hashset_build_bench_test.mbt:40 ("bench HashSet constructor random n=10000") ok
time (mean ± σ)         range (min … max) 
   2.23 ms ±   1.44 µs     2.23 ms …   2.23 ms  in 10 ×     45 runs
[moonbitlang/core] bench immut/hashset/hashset_build_bench_test.mbt:46 ("bench HashSet::from_iter random n=10000") ok
time (mean ± σ)         range (min … max) 
   2.27 ms ±   1.17 µs     2.27 ms …   2.27 ms  in 10 ×     45 runs
[moonbitlang/core] bench immut/priority_queue/priority_queue_build_bench_test.mbt:38 ("bench PriorityQueue::from_array ordered n=10000") ok
time (mean ± σ)         range (min … max) 
 160.32 µs ± 377.25 ns   159.98 µs … 160.95 µs  in 10 ×    622 runs
[moonbitlang/core] bench immut/priority_queue/priority_queue_build_bench_test.mbt:44 ("bench PriorityQueue::from_array reverse n=10000") ok
time (mean ± σ)         range (min … max) 
 148.99 µs ± 257.94 ns   148.78 µs … 149.69 µs  in 10 ×    667 runs
[moonbitlang/core] bench immut/priority_queue/priority_queue_build_bench_test.mbt:50 ("bench PriorityQueue::from_array random n=10000") ok
time (mean ± σ)         range (min … max) 
 161.22 µs ± 114.54 ns   161.02 µs … 161.38 µs  in 10 ×    621 runs
[moonbitlang/core] bench immut/priority_queue/priority_queue_build_bench_test.mbt:56 ("bench PriorityQueue::from_iter random n=10000") ok
time (mean ± σ)         range (min … max) 
 216.55 µs ± 181.00 ns   216.29 µs … 216.77 µs  in 10 ×    462 runs
[moonbitlang/core] bench immut/sorted_map/sorted_map_build_bench_test.mbt:54 ("bench SortedMap constructor reverse n=10000") ok
time (mean ± σ)         range (min … max) 
 237.02 µs ± 112.56 ns   236.82 µs … 237.18 µs  in 10 ×    422 runs
[moonbitlang/core] bench immut/sorted_map/sorted_map_build_bench_test.mbt:60 ("bench SortedMap::from_iter ordered n=10000") ok
time (mean ± σ)         range (min … max) 
   6.32 ms ±  23.16 µs     6.30 ms …   6.38 ms  in 10 ×     17 runs
[moonbitlang/core] bench immut/sorted_map/sorted_map_build_bench_test.mbt:66 ("bench SortedMap::from_iter almost ordered n=10000") ok
time (mean ± σ)         range (min … max) 
   6.31 ms ±  13.20 µs     6.29 ms …   6.33 ms  in 10 ×     17 runs
[moonbitlang/core] bench immut/sorted_map/sorted_map_build_bench_test.mbt:72 ("bench SortedMap::from_iter random n=10000") ok
time (mean ± σ)         range (min … max) 
   4.07 ms ±   3.74 µs     4.07 ms …   4.08 ms  in 10 ×     25 runs
[moonbitlang/core] bench immut/sorted_map/sorted_map_build_bench_test.mbt:78 ("bench SortedMap constructor ordered n=10000") ok
time (mean ± σ)         range (min … max) 
 251.11 µs ± 365.23 ns   250.80 µs … 251.81 µs  in 10 ×    400 runs
[moonbitlang/core] bench immut/sorted_map/sorted_map_build_bench_test.mbt:84 ("bench SortedMap constructor almost ordered n=10000") ok
time (mean ± σ)         range (min … max) 
 599.18 µs ±   1.78 µs   594.89 µs … 600.30 µs  in 10 ×    167 runs
[moonbitlang/core] bench immut/sorted_map/sorted_map_build_bench_test.mbt:90 ("bench SortedMap constructor random n=10000") ok
time (mean ± σ)         range (min … max) 
   2.09 ms ±   1.22 µs     2.09 ms …   2.09 ms  in 10 ×     48 runs
[moonbitlang/core] bench immut/sorted_map/merge_bench_test.mbt:29 ("bench merge disjoint n=1000") ok
time (mean ± σ)         range (min … max) 
   8.02 µs ±   4.43 ns     8.01 µs …   8.03 µs  in 10 ×  12428 runs
[moonbitlang/core] bench immut/sorted_map/merge_bench_test.mbt:36 ("bench merge disjoint n=5000") ok
time (mean ± σ)         range (min … max) 
  12.14 µs ±  11.89 ns    12.12 µs …  12.16 µs  in 10 ×   8233 runs
[moonbitlang/core] bench immut/sorted_map/merge_bench_test.mbt:43 ("bench merge disjoint n=10000") ok
time (mean ± σ)         range (min … max) 
  14.17 µs ±  48.14 ns    14.13 µs …  14.26 µs  in 10 ×   7004 runs
[moonbitlang/core] bench immut/sorted_map/merge_bench_test.mbt:50 ("bench merge overlapping 50% n=1000") ok
time (mean ± σ)         range (min … max) 
  27.03 µs ± 319.95 ns    26.87 µs …  27.87 µs  in 10 ×   3697 runs
[moonbitlang/core] bench immut/sorted_map/merge_bench_test.mbt:57 ("bench merge overlapping 50% n=5000") ok
time (mean ± σ)         range (min … max) 
 133.42 µs ± 927.18 ns   131.85 µs … 134.04 µs  in 10 ×    749 runs
[moonbitlang/core] bench immut/sorted_map/merge_bench_test.mbt:64 ("bench merge overlapping 50% n=10000") ok
time (mean ± σ)         range (min … max) 
 227.89 µs ± 482.21 ns   227.57 µs … 229.10 µs  in 10 ×    435 runs
[moonbitlang/core] bench immut/sorted_map/merge_bench_test.mbt:71 ("bench merge identical n=1000") ok
time (mean ± σ)         range (min … max) 
  37.86 µs ± 164.04 ns    37.70 µs …  38.15 µs  in 10 ×   2620 runs
[moonbitlang/core] bench immut/sorted_map/merge_bench_test.mbt:78 ("bench merge identical n=5000") ok
time (mean ± σ)         range (min … max) 
 198.50 µs ± 123.92 ns   198.31 µs … 198.67 µs  in 10 ×    504 runs
[moonbitlang/core] bench immut/sorted_map/merge_bench_test.mbt:85 ("bench merge interleaved n=1000") ok
time (mean ± σ)         range (min … max) 
 141.04 µs ± 483.34 ns   140.63 µs … 142.13 µs  in 10 ×    703 runs
[moonbitlang/core] bench immut/sorted_map/merge_bench_test.mbt:92 ("bench merge interleaved n=5000") ok
time (mean ± σ)         range (min … max) 
 715.07 µs ± 659.96 ns   714.24 µs … 716.47 µs  in 10 ×    141 runs
[moonbitlang/core] bench immut/sorted_map/merge_bench_test.mbt:99 ("bench merge small into large n=100+10000") ok
time (mean ± σ)         range (min … max) 
  10.69 µs ±  36.42 ns    10.66 µs …  10.74 µs  in 10 ×   9282 runs
[moonbitlang/core] bench immut/sorted_set/sorted_set_build_bench_test.mbt:51 ("bench SortedSet constructor reverse n=10000") ok
time (mean ± σ)         range (min … max) 
 223.18 µs ± 468.06 ns   222.80 µs … 224.42 µs  in 10 ×    450 runs
[moonbitlang/core] bench immut/sorted_set/sorted_set_build_bench_test.mbt:57 ("bench SortedSet::from_iter ordered n=10000") ok
time (mean ± σ)         range (min … max) 
   6.17 ms ±   6.46 µs     6.16 ms …   6.18 ms  in 10 ×     17 runs
[moonbitlang/core] bench immut/sorted_set/sorted_set_build_bench_test.mbt:63 ("bench SortedSet::from_iter almost ordered n=10000") ok
time (mean ± σ)         range (min … max) 
   6.15 ms ±   9.50 µs     6.14 ms …   6.16 ms  in 10 ×     17 runs
[moonbitlang/core] bench immut/sorted_set/sorted_set_build_bench_test.mbt:69 ("bench SortedSet::from_iter rev almost ordered n=10000") ok
time (mean ± σ)         range (min … max) 
   6.88 ms ±  29.26 µs     6.82 ms …   6.92 ms  in 10 ×     15 runs
[moonbitlang/core] bench immut/sorted_set/sorted_set_build_bench_test.mbt:75 ("bench SortedSet::from_iter random n=10000") ok
time (mean ± σ)         range (min … max) 
   4.01 ms ±   5.82 µs     4.01 ms …   4.02 ms  in 10 ×     25 runs
[moonbitlang/core] bench immut/sorted_set/sorted_set_build_bench_test.mbt:81 ("bench SortedSet constructor ordered n=10000") ok
time (mean ± σ)         range (min … max) 
 236.47 µs ± 142.89 ns   236.23 µs … 236.71 µs  in 10 ×    424 runs
[moonbitlang/core] bench immut/sorted_set/sorted_set_build_bench_test.mbt:87 ("bench SortedSet constructor almost ordered n=10000") ok
time (mean ± σ)         range (min … max) 
 263.36 µs ± 575.66 ns   262.94 µs … 264.83 µs  in 10 ×    380 runs
[moonbitlang/core] bench immut/sorted_set/sorted_set_build_bench_test.mbt:93 ("bench SortedSet constructor random n=10000") ok
time (mean ± σ)         range (min … max) 
 574.32 µs ± 523.40 ns   573.76 µs … 575.63 µs  in 10 ×    172 runs
[moonbitlang/core] bench immut/vector/vector_iter_bench_test.mbt:24 ("bench Vector::iter fold n=100000") ok
time (mean ± σ)         range (min … max) 
 736.49 µs ±  14.68 µs   719.83 µs … 750.29 µs  in 10 ×    135 runs
[moonbitlang/core] bench immut/vector/vector_iter_bench_test.mbt:30 ("bench Vector::iter each n=100000") ok
time (mean ± σ)         range (min … max) 
 775.81 µs ± 546.44 ns   774.99 µs … 776.63 µs  in 10 ×    129 runs
[moonbitlang/core] bench immut/vector/vector_iter_bench_test.mbt:40 ("bench Vector::iter to_array n=100000") ok
time (mean ± σ)         range (min … max) 
 882.55 µs ±   8.56 µs   864.61 µs … 887.88 µs  in 10 ×    114 runs
[moonbitlang/core] bench immut/vector/vector_iter_bench_test.mbt:46 ("bench Vector::for-in n=100000") ok
time (mean ± σ)         range (min … max) 
 712.78 µs ±   2.93 µs   707.27 µs … 715.14 µs  in 10 ×    137 runs
[moonbitlang/core] bench immut/vector/vector_contains_bench_test.mbt:24 ("bench Vector::contains missing n=100000") ok
time (mean ± σ)         range (min … max) 
  56.38 µs ±  93.89 ns    56.32 µs …  56.63 µs  in 10 ×   1773 runs
[moonbitlang/core] bench immut/vector/vector_contains_bench_test.mbt:30 ("bench Vector::contains tree-end n=100000") ok
time (mean ± σ)         range (min … max) 
  56.36 µs ±  21.93 ns    56.32 µs …  56.39 µs  in 10 ×   1770 runs
[moonbitlang/core] bench immut/vector/vector_contains_bench_test.mbt:36 ("bench Vector::contains tail-end n=100000") ok
time (mean ± σ)         range (min … max) 
  56.34 µs ±  22.34 ns    56.31 µs …  56.37 µs  in 10 ×   1776 runs
[moonbitlang/core] bench internal/strconv/parse_double_bench_test.mbt:48 ("bench parse_double fast digits n=4096") ok
time (mean ± σ)         range (min … max) 
 430.63 µs ±   3.91 µs   424.76 µs … 434.66 µs  in 10 ×    234 runs
[moonbitlang/core] bench internal/strconv/parse_double_bench_test.mbt:55 ("bench parse_double underscores n=4096") ok
time (mean ± σ)         range (min … max) 
 544.82 µs ±   1.18 µs   543.06 µs … 546.87 µs  in 10 ×    184 runs
[moonbitlang/core] bench internal/strconv/parse_double_bench_test.mbt:62 ("bench parse_double long mantissa n=4096") ok
time (mean ± σ)         range (min … max) 
 610.18 µs ± 220.40 ns   609.95 µs … 610.66 µs  in 10 ×    163 runs
[moonbitlang/core] bench json/stringify_indent_bench_test.mbt:45 ("bench Json::stringify deep wide indent=2 n=10000") ok
time (mean ± σ)         range (min … max) 
 513.41 µs ±   1.15 µs   512.43 µs … 516.56 µs  in 10 ×    196 runs
[moonbitlang/core] bench json/stringify_indent_bench_test.mbt:54 ("bench Json::stringify compact n=10000") ok
time (mean ± σ)         range (min … max) 
 343.08 µs ± 128.32 ns   342.94 µs … 343.31 µs  in 10 ×    292 runs
[moonbitlang/core] bench json/stringify_indent_bench_test.mbt:60 ("bench Json::stringify shallow wide indent=2 n=500") ok
time (mean ± σ)         range (min … max) 
 339.17 µs ± 212.24 ns   338.86 µs … 339.50 µs  in 10 ×    297 runs
[moonbitlang/core] bench json/stringify_indent_bench_test.mbt:66 ("bench Json::stringify shallow wide compact n=500") ok
time (mean ± σ)         range (min … max) 
 282.18 µs ± 314.40 ns   281.70 µs … 282.70 µs  in 10 ×    338 runs
[moonbitlang/core] bench json/stringify_escape_bench_test.mbt:24 ("bench Json::stringify strings no escape n=2048") ok
time (mean ± σ)         range (min … max) 
  93.57 µs ±  48.76 ns    93.50 µs …  93.66 µs  in 10 ×   1067 runs
[moonbitlang/core] bench json/stringify_escape_bench_test.mbt:30 ("bench Json::stringify strings slash no escape n=2048") ok
time (mean ± σ)         range (min … max) 
  93.53 µs ±  76.34 ns    93.43 µs …  93.64 µs  in 10 ×   1066 runs
[moonbitlang/core] bench json/stringify_escape_bench_test.mbt:36 ("bench Json::stringify strings slash escaped n=2048") ok
time (mean ± σ)         range (min … max) 
 256.56 µs ± 612.84 ns   256.10 µs … 258.15 µs  in 10 ×    391 runs
[moonbitlang/core] bench json/stringify_escape_bench_test.mbt:42 ("bench Json::stringify strings quotes controls n=2048") ok
time (mean ± σ)         range (min … max) 
 226.51 µs ± 222.21 ns   226.25 µs … 226.85 µs  in 10 ×    441 runs
[moonbitlang/core] bench json/stringify_escape_bench_test.mbt:48 ("bench Json::stringify 2KB prose one newline n=64") ok
time (mean ± σ)         range (min … max) 
 250.32 µs ± 340.48 ns   249.92 µs … 250.92 µs  in 10 ×    400 runs
[moonbitlang/core] bench json/parse_bench_test.mbt:45 ("bench json parse mixed object array n=1000") ok
time (mean ± σ)         range (min … max) 
   1.96 ms ±   7.03 µs     1.95 ms …   1.97 ms  in 10 ×     51 runs
[moonbitlang/core] bench json/number_bench_test.mbt:64 ("bench json parse int array n=10000") ok
time (mean ± σ)         range (min … max) 
 920.40 µs ± 683.75 ns   919.69 µs … 921.85 µs  in 10 ×    109 runs
[moonbitlang/core] bench json/number_bench_test.mbt:70 ("bench json parse float array n=10000") ok
time (mean ± σ)         range (min … max) 
   1.27 ms ± 460.77 ns     1.26 ms …   1.27 ms  in 10 ×     80 runs
[moonbitlang/core] bench json/number_bench_test.mbt:76 ("bench json parse long mantissa array n=10000") ok
time (mean ± σ)         range (min … max) 
   2.03 ms ±   7.84 µs     2.03 ms …   2.05 ms  in 10 ×     49 runs
[moonbitlang/core] bench json/lex_string_bench_test.mbt:43 ("bench json parse object with short keys n=1000") ok
time (mean ± σ)         range (min … max) 
 253.77 µs ± 601.30 ns   253.35 µs … 255.39 µs  in 10 ×    394 runs
[moonbitlang/core] bench json/lex_string_bench_test.mbt:59 ("bench json parse strings len=20 n=1000") ok
time (mean ± σ)         range (min … max) 
 131.37 µs ±  63.61 ns   131.26 µs … 131.45 µs  in 10 ×    761 runs
[moonbitlang/core] bench json/lex_string_bench_test.mbt:66 ("bench json parse strings len=64 n=1000") ok
time (mean ± σ)         range (min … max) 
 233.08 µs ± 255.97 ns   232.55 µs … 233.34 µs  in 10 ×    430 runs
[moonbitlang/core] bench json/lex_string_bench_test.mbt:72 ("bench json parse strings len=1024 n=64") ok
time (mean ± σ)         range (min … max) 
 127.68 µs ±  42.32 ns   127.61 µs … 127.74 µs  in 10 ×    784 runs
[moonbitlang/core] bench json/lex_string_bench_test.mbt:78 ("bench json parse single string len=65536") ok
time (mean ± σ)         range (min … max) 
 117.28 µs ± 503.43 ns   116.74 µs … 117.90 µs  in 10 ×    853 runs
[moonbitlang/core] bench json/lex_string_bench_test.mbt:84 ("bench json parse strings len=1040 escape every 100 n=64") ok
time (mean ± σ)         range (min … max) 
 116.54 µs ± 260.16 ns   116.14 µs … 117.07 µs  in 10 ×    855 runs
[moonbitlang/core] bench json/lex_string_bench_test.mbt:99 ("bench json parse strings dense escapes n=1000") ok
time (mean ± σ)         range (min … max) 
 541.16 µs ±   1.08 µs   540.36 µs … 544.06 µs  in 10 ×    186 runs
[moonbitlang/core] bench json/lex_string_bench_test.mbt:114 ("bench json parse strings len=36 n=1000") ok
time (mean ± σ)         range (min … max) 
 178.43 µs ± 147.94 ns   178.23 µs … 178.70 µs  in 10 ×    561 runs
[moonbitlang/core] bench json/lex_string_bench_test.mbt:121 ("bench json parse strings len=128 n=1000") ok
time (mean ± σ)         range (min … max) 
 369.27 µs ± 601.92 ns   368.50 µs … 370.21 µs  in 10 ×    272 runs
[moonbitlang/core] bench json/lex_string_bench_test.mbt:127 ("bench json parse strings len=136 n=1000") ok
time (mean ± σ)         range (min … max) 
 386.28 µs ± 715.13 ns   384.96 µs … 386.82 µs  in 10 ×    260 runs
[moonbitlang/core] bench json/json_inspect_bench_test.mbt:16 ("bench json_inspect passing Int") ok
time (mean ± σ)         range (min … max) 
 273.66 ns ±   0.61 ns   273.00 ns … 274.86 ns  in 10 × 100000 runs
[moonbitlang/core] bench json/from_json_bench_test.mbt:31 ("bench from_json Array[Array[Int]] 500x50") ok
time (mean ± σ)         range (min … max) 
 176.14 µs ±   1.60 µs   174.03 µs … 178.46 µs  in 10 ×    561 runs
[moonbitlang/core] bench json/from_json_bench_test.mbt:41 ("bench from_json Array[Double] n=10000") ok
time (mean ± σ)         range (min … max) 
  51.44 µs ± 455.77 ns    50.80 µs …  52.10 µs  in 10 ×   1918 runs
[moonbitlang/core] bench json/from_json_bench_test.mbt:51 ("bench from_json Map[String, Int] n=1000") ok
time (mean ± σ)         range (min … max) 
  81.05 µs ± 725.07 ns    80.28 µs …  81.88 µs  in 10 ×   1249 runs
[moonbitlang/core] bench lazy_list/concat_bench_test.mbt:40 ("bench LazyList build and traverse n=2048") ok
time (mean ± σ)         range (min … max) 
 182.88 µs ± 578.39 ns   182.45 µs … 184.11 µs  in 10 ×    547 runs
[moonbitlang/core] bench lazy_list/concat_bench_test.mbt:49 ("bench LazyList re-traverse a forced list n=2048") ok
time (mean ± σ)         range (min … max) 
  50.02 µs ± 528.15 ns    49.27 µs …  50.45 µs  in 10 ×   1985 runs
[moonbitlang/core] bench lazy_list/concat_bench_test.mbt:57 ("bench LazyList left-nested concat, build only n=2048") ok
time (mean ± σ)         range (min … max) 
 393.51 µs ± 362.69 ns   392.73 µs … 393.91 µs  in 10 ×    256 runs
[moonbitlang/core] bench lazy_list/concat_bench_test.mbt:62 ("bench LazyList left-nested concat, build and traverse n=2048") ok
time (mean ± σ)         range (min … max) 
 695.28 µs ±   1.44 µs   692.46 µs … 696.74 µs  in 10 ×    146 runs
[moonbitlang/core] bench lazy_list/concat_bench_test.mbt:69 ("bench LazyList concat while consuming n=2048") ok
time (mean ± σ)         range (min … max) 
 682.55 µs ±   1.64 µs   680.78 µs … 686.02 µs  in 10 ×    147 runs
[moonbitlang/core] bench lexbuf/lexbuf_bench_test.mbt:47 ("bench Lexbuf retained token chunks=10000 size=1") ok
time (mean ± σ)         range (min … max) 
 608.50 µs ± 388.02 ns   608.03 µs … 609.21 µs  in 10 ×    162 runs
[moonbitlang/core] bench lexbuf/lexbuf_bench_test.mbt:52 ("bench Lexbuf retained token chunks=1250 size=8") ok
time (mean ± σ)         range (min … max) 
 131.49 µs ± 927.90 ns   130.64 µs … 133.07 µs  in 10 ×    748 runs
[moonbitlang/core] bench lexbuf/lexbuf_bench_test.mbt:57 ("bench Lexbuf retained token chunks=157 size=64") ok
time (mean ± σ)         range (min … max) 
  67.28 µs ± 564.10 ns    66.92 µs …  68.36 µs  in 10 ×   1465 runs
[moonbitlang/core] bench lexbuf/lexbuf_bench_test.mbt:62 ("bench Lexbuf retained token chunks=20 size=512") ok
time (mean ± σ)         range (min … max) 
  61.60 µs ± 137.38 ns    61.51 µs …  61.92 µs  in 10 ×   1595 runs
[moonbitlang/core] bench quickcheck/shrink_collection_bench_test.mbt:16 ("bench shrink Array first candidate size=10000") ok
time (mean ± σ)         range (min … max) 
 459.32 ns ±   2.37 ns   455.73 ns … 461.56 ns  in 10 × 100000 runs
[moonbitlang/core] bench quickcheck/shrink_collection_bench_test.mbt:22 ("bench shrink List first candidate size=10000") ok
time (mean ± σ)         range (min … max) 
 378.45 µs ±   3.05 µs   375.62 µs … 384.78 µs  in 10 ×    260 runs
[moonbitlang/core] bench quickcheck/generator_bench_test.mbt:16 ("bench Generator::zip_with n=1000000") ok
time (mean ± σ)         range (min … max) 
  23.53 ms ± 237.39 µs    23.23 ms …  23.82 ms  in 10 ×      5 runs
[moonbitlang/core] bench quickcheck/arbitrary_string_bench_test.mbt:16 ("bench Arbitrary String size=10000 count=100") ok
time (mean ± σ)         range (min … max) 
   6.07 ms ±   3.09 µs     6.07 ms …   6.08 ms  in 10 ×     17 runs
[moonbitlang/core] bench random/random_test.mbt:409 ("bench random") ok
time (mean ± σ)         range (min … max) 
  44.24 ms ±  22.12 µs    44.21 ms …  44.28 ms  in 10 ×      3 runs
[moonbitlang/core] bench set/set_algebra_bench_test.mbt:26 ("bench Set::union String 10k 50% overlap") ok
time (mean ± σ)         range (min … max) 
 938.65 µs ±   1.39 µs   936.51 µs … 941.40 µs  in 10 ×    107 runs
[moonbitlang/core] bench set/set_algebra_bench_test.mbt:33 ("bench Set::union Int 10k 50% overlap") ok
time (mean ± σ)         range (min … max) 
 786.19 µs ±   1.93 µs   783.77 µs … 789.08 µs  in 10 ×    128 runs
[moonbitlang/core] bench set/set_algebra_bench_test.mbt:40 ("bench Set::intersection String 10k 50% overlap") ok
time (mean ± σ)         range (min … max) 
 526.71 µs ±   2.31 µs   523.70 µs … 529.21 µs  in 10 ×    191 runs
[moonbitlang/core] bench set/set_algebra_bench_test.mbt:47 ("bench Set::difference String 10k 50% overlap") ok
time (mean ± σ)         range (min … max) 
 524.62 µs ±   1.11 µs   523.84 µs … 527.69 µs  in 10 ×    190 runs
[moonbitlang/core] bench set/set_algebra_bench_test.mbt:54 ("bench Set::is_subset String 10k true") ok
time (mean ± σ)         range (min … max) 
 204.97 µs ± 240.68 ns   204.66 µs … 205.32 µs  in 10 ×    490 runs
[moonbitlang/core] bench set/set_algebra_bench_test.mbt:61 ("bench Set == String 10k") ok
time (mean ± σ)         range (min … max) 
 205.40 µs ± 670.93 ns   204.37 µs … 206.09 µs  in 10 ×    486 runs
[moonbitlang/core] bench set/set_algebra_bench_test.mbt:68 ("bench Set == Int 10k") ok
time (mean ± σ)         range (min … max) 
 133.27 µs ± 330.30 ns   132.87 µs … 133.86 µs  in 10 ×    747 runs
[moonbitlang/core] bench set/linked_hash_set_bench_test.mbt:19 ("bench Set::add n=50000") ok
time (mean ± σ)         range (min … max) 
   3.64 ms ±   2.04 µs     3.64 ms …   3.65 ms  in 10 ×     28 runs
[moonbitlang/core] bench set/linked_hash_set_bench_test.mbt:30 ("bench Set::contains n=50000") ok
time (mean ± σ)         range (min … max) 
   1.13 ms ± 919.17 ns     1.13 ms …   1.13 ms  in 10 ×     88 runs
[moonbitlang/core] bench set/linked_hash_set_bench_test.mbt:47 ("bench Set::contains miss n=50000") ok
time (mean ± σ)         range (min … max) 
   1.23 ms ±   4.33 µs     1.23 ms …   1.24 ms  in 10 ×     82 runs
[moonbitlang/core] bench set/linked_hash_set_bench_test.mbt:67 ("bench Set::add+remove n=50000") ok
time (mean ± σ)         range (min … max) 
   5.12 ms ±   2.85 µs     5.12 ms …   5.13 ms  in 10 ×     20 runs
[moonbitlang/core] bench set/linked_hash_set_bench_test.mbt:86 ("bench Set::filter n=50000") ok
time (mean ± σ)         range (min … max) 
 668.45 µs ±   4.38 µs   664.91 µs … 675.37 µs  in 10 ×    150 runs
[moonbitlang/core] bench set/linked_hash_set_bench_test.mbt:92 ("bench Set comprehension filter n=50000") ok
time (mean ± σ)         range (min … max) 
   1.30 ms ±   1.50 µs     1.30 ms …   1.30 ms  in 10 ×     78 runs
[moonbitlang/core] bench sorted_set/sorted_set_bench_test.mbt:22 ("bench SortedSet::to_array Int n=50000") ok
time (mean ± σ)         range (min … max) 
 383.69 µs ± 831.76 ns   382.04 µs … 384.84 µs  in 10 ×    260 runs
[moonbitlang/core] bench sorted_set/sorted_set_bench_test.mbt:30 ("bench SortedSet::to_array Ref n=50000") ok
time (mean ± σ)         range (min … max) 
 538.57 µs ±   5.86 µs   531.86 µs … 546.84 µs  in 10 ×    184 runs
[moonbitlang/core] bench string/regex_bench_test.mbt:16 ("bench regex /aa?b/ on 1MB string") ok
time (mean ± σ)         range (min … max) 
   2.47 ms ±   3.68 µs     2.47 ms …   2.48 ms  in 10 ×     41 runs
[moonbitlang/core] bench string/regex_bench_test.mbt:23 ("bench regex phone lines") ok
time (mean ± σ)         range (min … max) 
   5.96 µs ±  10.74 ns     5.95 µs …   5.99 µs  in 10 ×  16560 runs
[moonbitlang/core] bench string/regex_bench_test.mbt:43 ("bench regex large pattern") ok
time (mean ± σ)         range (min … max) 
   2.90 ms ±   5.01 µs     2.89 ms …   2.90 ms  in 10 ×     36 runs
[moonbitlang/core] bench v128/v128_bench_test.mbt:32 ("bench V128 i64x2_add n=10000") ok
time (mean ± σ)         range (min … max) 
   5.46 µs ±   3.11 ns     5.46 µs …   5.47 µs  in 10 ×  18296 runs
[moonbitlang/core] bench v128/v128_bench_test.mbt:44 ("bench V128 i32x4_add n=10000") ok
time (mean ± σ)         range (min … max) 
   5.46 µs ±   2.50 ns     5.45 µs …   5.46 µs  in 10 ×  18297 runs
[moonbitlang/core] bench v128/v128_bench_test.mbt:56 ("bench V128 i8x16_add n=10000") ok
time (mean ± σ)         range (min … max) 
   5.46 µs ±  13.89 ns     5.45 µs …   5.50 µs  in 10 ×  18319 runs
[moonbitlang/core] bench v128/v128_bench_test.mbt:68 ("bench V128 i8x16_splat n=10000") ok
time (mean ± σ)         range (min … max) 
   5.41 µs ±   1.86 ns     5.41 µs …   5.41 µs  in 10 ×  18380 runs
[moonbitlang/core] bench v128/v128_bench_test.mbt:79 ("bench V128 i8x16_extract_lane_u n=10000") ok
time (mean ± σ)         range (min … max) 
   8.49 µs ±   5.11 ns     8.49 µs …   8.50 µs  in 10 ×  11766 runs
[moonbitlang/core] bench v128/v128_bench_test.mbt:93 ("bench V128 i8x16_replace_lane n=10000") ok
time (mean ± σ)         range (min … max) 
  39.55 µs ±  18.17 ns    39.52 µs …  39.58 µs  in 10 ×   2531 runs
[moonbitlang/core] bench v128/v128_bench_test.mbt:108 ("bench V128 i8x16_bitmask n=10000") ok
time (mean ± σ)         range (min … max) 
   7.99 µs ±   4.08 ns     7.99 µs …   8.00 µs  in 10 ×  12487 runs
[moonbitlang/core] bench v128/v128_bench_test.mbt:120 ("bench V128 load/store n=10000") ok
time (mean ± σ)         range (min … max) 
  32.55 µs ±  16.32 ns    32.54 µs …  32.59 µs  in 10 ×   3071 runs
[moonbitlang/core] bench v128/v128_bench_test.mbt:135 ("bench V128 load8x8_u n=10000") ok
time (mean ± σ)         range (min … max) 
   5.42 µs ±   1.87 ns     5.42 µs …   5.43 µs  in 10 ×  18421 runs
[moonbitlang/core] bench v128/v128_bench_test.mbt:147 ("bench V128 load8x8_s n=10000") ok
time (mean ± σ)         range (min … max) 
   5.42 µs ±   2.56 ns     5.42 µs …   5.43 µs  in 10 ×  18329 runs
[moonbitlang/core] bench v128/v128_bench_test.mbt:159 ("bench V128 load16x4_u n=10000") ok
time (mean ± σ)         range (min … max) 
   5.42 µs ±   4.17 ns     5.42 µs …   5.43 µs  in 10 ×  18417 runs
[moonbitlang/core] bench v128/v128_bench_test.mbt:171 ("bench V128 load16x4_s n=10000") ok
time (mean ± σ)         range (min … max) 
   5.43 µs ±   3.92 ns     5.42 µs …   5.43 µs  in 10 ×  18426 runs
[moonbitlang/core] bench v128/v128_bench_test.mbt:183 ("bench V128 load32x2_u n=10000") ok
time (mean ± σ)         range (min … max) 
   5.43 µs ±   2.48 ns     5.42 µs …   5.43 µs  in 10 ×  18404 runs
[moonbitlang/core] bench v128/v128_bench_test.mbt:195 ("bench V128 load32x2_s n=10000") ok
time (mean ± σ)         range (min … max) 
   5.43 µs ±   1.55 ns     5.42 µs …   5.43 µs  in 10 ×  18410 runs
[moonbitlang/core] bench v128/v128_bench_test.mbt:207 ("bench V128 load_splat n=10000") ok
time (mean ± σ)         range (min … max) 
  21.70 µs ±   7.13 ns    21.69 µs …  21.71 µs  in 10 ×   4606 runs
[moonbitlang/core] bench v128/v128_bench_test.mbt:223 ("bench V128 load8_lane n=10000") ok
time (mean ± σ)         range (min … max) 
  39.64 µs ±  45.64 ns    39.59 µs …  39.75 µs  in 10 ×   2525 runs
[moonbitlang/core] bench v128/v128_bench_test.mbt:235 ("bench V128 load16_lane n=10000") ok
time (mean ± σ)         range (min … max) 
  39.84 µs ±  20.12 ns    39.82 µs …  39.87 µs  in 10 ×   2521 runs
[moonbitlang/core] bench v128/v128_bench_test.mbt:247 ("bench V128 load32_lane n=10000") ok
time (mean ± σ)         range (min … max) 
  39.77 µs ±  25.55 ns    39.73 µs …  39.81 µs  in 10 ×   2513 runs
[moonbitlang/core] bench v128/v128_bench_test.mbt:259 ("bench V128 load64_lane n=10000") ok
time (mean ± σ)         range (min … max) 
  62.45 µs ±  79.78 ns    62.39 µs …  62.67 µs  in 10 ×   1602 runs
[moonbitlang/core] bench v128/v128_bench_test.mbt:271 ("bench V128 extend i8x16 to i16x8 n=10000") ok
time (mean ± σ)         range (min … max) 
  10.85 µs ±   9.23 ns    10.84 µs …  10.86 µs  in 10 ×   9201 runs
[moonbitlang/core] bench v128/v128_bench_test.mbt:285 ("bench V128 extend i16x8 to i32x4 n=10000") ok
time (mean ± σ)         range (min … max) 
  10.85 µs ±   4.65 ns    10.84 µs …  10.86 µs  in 10 ×   9198 runs
[moonbitlang/core] bench v128/v128_bench_test.mbt:299 ("bench V128 extend i32x4 to i64x2 n=10000") ok
time (mean ± σ)         range (min … max) 
  10.85 µs ±   7.49 ns    10.84 µs …  10.86 µs  in 10 ×   9203 runs
[moonbitlang/core] bench v128/v128_bench_test.mbt:313 ("bench V128 all_true n=10000") ok
time (mean ± σ)         range (min … max) 
  18.43 µs ± 391.49 ns    18.03 µs …  19.31 µs  in 10 ×   5435 runs
[moonbitlang/core] bench v128/v128_bench_test.mbt:337 ("bench V128 bitmask all widths n=10000") ok
time (mean ± σ)         range (min … max) 
  17.89 µs ±  21.94 ns    17.86 µs …  17.92 µs  in 10 ×   5598 runs
[moonbitlang/core] bench v128/v128_bench_test.mbt:353 ("bench V128 swizzle n=10000") ok
time (mean ± σ)         range (min … max) 
   5.46 µs ±   2.09 ns     5.46 µs …   5.47 µs  in 10 ×  18289 runs
[moonbitlang/core] bench v128/v128_bench_test.mbt:371 ("bench V128 shuffle n=10000") ok
time (mean ± σ)         range (min … max) 
  10.88 µs ±   6.54 ns    10.87 µs …  10.89 µs  in 10 ×   9180 runs
Total tests: 503, passed: 503, failed: 0.
