[moonbitlang/core] bench argparse/globals_bench_test.mbt:16 ("bench parse inherited globals with an override") ok
time (mean ± σ)         range (min … max) 
   4.11 µs ±  17.41 ns     4.09 µs …   4.15 µs  in 10 ×  23980 runs
[moonbitlang/core] bench bench/hash_bench_test.mbt:16 ("bench Hash for Bytes (small)") ok
time (mean ± σ)         range (min … max) 
  12.97 ns ±   0.39 ns    12.40 ns …  13.50 ns  in 10 × 100000 runs
[moonbitlang/core] bench bench/hash_bench_test.mbt:22 ("bench Hash for Bytes (medium)") ok
time (mean ± σ)         range (min … max) 
 137.63 ns ±   0.22 ns   137.18 ns … 137.84 ns  in 10 × 100000 runs
[moonbitlang/core] bench bench/hash_bench_test.mbt:28 ("bench Hash for Bytes (large)") ok
time (mean ± σ)         range (min … max) 
   2.29 µs ±   1.79 ns     2.28 µs …   2.29 µs  in 10 ×  43718 runs
[moonbitlang/core] bench bench/hash_bench_test.mbt:34 ("bench Hash for BytesView (small)") ok
time (mean ± σ)         range (min … max) 
  11.44 ns ±   0.18 ns    11.06 ns …  11.69 ns  in 10 × 100000 runs
[moonbitlang/core] bench bench/hash_bench_test.mbt:41 ("bench Hash for BytesView (medium)") ok
time (mean ± σ)         range (min … max) 
 127.17 ns ±   0.23 ns   126.74 ns … 127.45 ns  in 10 × 100000 runs
[moonbitlang/core] bench bench/hash_bench_test.mbt:48 ("bench Hash for BytesView (large)") ok
time (mean ± σ)         range (min … max) 
   2.26 µs ±   1.75 ns     2.26 µs …   2.27 µs  in 10 ×  44133 runs
[moonbitlang/core] bench bench/hash_bench_test.mbt:55 ("bench Hasher::combine_bytes (small)") ok
time (mean ± σ)         range (min … max) 
  11.01 ns ±   0.30 ns    10.54 ns …  11.44 ns  in 10 × 100000 runs
[moonbitlang/core] bench bench/hash_bench_test.mbt:65 ("bench Hasher::combine_bytes (medium)") ok
time (mean ± σ)         range (min … max) 
 112.14 ns ±   0.21 ns   111.80 ns … 112.53 ns  in 10 × 100000 runs
[moonbitlang/core] bench bench/hash_bench_test.mbt:75 ("bench Hasher::combine_bytes (large)") ok
time (mean ± σ)         range (min … max) 
   1.97 µs ±   1.33 ns     1.97 µs …   1.98 µs  in 10 ×  50647 runs
[moonbitlang/core] bench bigint/to_string_radix_bench_test.mbt:23 ("bench bigint to_string radix=7 (4000 bits)") ok
time (mean ± σ)         range (min … max) 
  15.14 µs ±  18.76 ns    15.12 µs …  15.17 µs  in 10 ×   6562 runs
[moonbitlang/core] bench bigint/to_string_radix_bench_test.mbt:29 ("bench bigint to_string radix=36 (4000 bits)") ok
time (mean ± σ)         range (min … max) 
  13.48 µs ±   6.56 ns    13.47 µs …  13.50 µs  in 10 ×   7405 runs
[moonbitlang/core] bench bigint/to_string_radix_bench_test.mbt:35 ("bench bigint to_string radix=10 reference (4000 bits)") ok
time (mean ± σ)         range (min … max) 
  11.88 µs ±  18.00 ns    11.85 µs …  11.90 µs  in 10 ×   8413 runs
[moonbitlang/core] bench bigint/to_string_bench_test.mbt:30 ("bench BigInt::to_string n=40 digits") ok
time (mean ± σ)         range (min … max) 
  86.64 ns ±   1.12 ns    85.63 ns …  89.12 ns  in 10 × 100000 runs
[moonbitlang/core] bench bigint/to_string_bench_test.mbt:36 ("bench BigInt::to_string n=400 digits") ok
time (mean ± σ)         range (min … max) 
   2.83 µs ±   3.82 ns     2.82 µs …   2.84 µs  in 10 ×  35345 runs
[moonbitlang/core] bench bigint/to_string_bench_test.mbt:42 ("bench BigInt::to_string n=4000 digits") ok
time (mean ± σ)         range (min … max) 
  61.45 µs ±  83.25 ns    61.35 µs …  61.59 µs  in 10 ×   1622 runs
[moonbitlang/core] bench bigint/to_string_bench_test.mbt:48 ("bench BigInt::to_string n=40000 digits") ok
time (mean ± σ)         range (min … max) 
   2.22 ms ±   1.79 µs     2.22 ms …   2.22 ms  in 10 ×     45 runs
[moonbitlang/core] bench bigint/to_string_bench_test.mbt:54 ("bench BigInt::to_string n=250000 digits") ok
time (mean ± σ)         range (min … max) 
  24.30 ms ±  26.35 µs    24.27 ms …  24.36 ms  in 10 ×      5 runs
[moonbitlang/core] bench bigint/from_octets_bench_test.mbt:21 ("bench BigInt::from_octets n=64") ok
time (mean ± σ)         range (min … max) 
   1.46 µs ±   1.10 ns     1.45 µs …   1.46 µs  in 10 ×  68676 runs
[moonbitlang/core] bench bigint/from_octets_bench_test.mbt:27 ("bench BigInt::from_octets n=1024") ok
time (mean ± σ)         range (min … max) 
  24.64 µs ± 159.60 ns    24.43 µs …  24.96 µs  in 10 ×   4014 runs
[moonbitlang/core] bench bigint/division_bench_test.mbt:66 ("bench BigInt balanced division n=4000 digits") ok
time (mean ± σ)         range (min … max) 
  27.37 ns ±   2.89 ns    26.11 ns …  35.47 ns  in 10 ×   4045 runs
[moonbitlang/core] bench bigint/division_bench_test.mbt:72 ("bench BigInt balanced division n=40000 digits") ok
time (mean ± σ)         range (min … max) 
   1.39 ms ± 759.97 ns     1.39 ms …   1.40 ms  in 10 ×     72 runs
[moonbitlang/core] bench bigint/division_bench_test.mbt:78 ("bench BigInt balanced division n=250000 digits") ok
time (mean ± σ)         range (min … max) 
  16.15 ms ±  10.31 µs    16.13 ms …  16.16 ms  in 10 ×      7 runs
[moonbitlang/core] bench bigint/division_bench_test.mbt:84 ("bench BigInt unbalanced division q=65536 d=64 limbs") ok
time (mean ± σ)         range (min … max) 
   6.74 ms ±   9.97 µs     6.73 ms …   6.76 ms  in 10 ×     15 runs
[moonbitlang/core] bench bigint/division_bench_test.mbt:90 ("bench BigInt narrow division q=9 d=64 limbs") ok
time (mean ± σ)         range (min … max) 
   5.01 ns ±   0.13 ns     4.73 ns …   5.21 ns  in 10 × 100000 runs
[moonbitlang/core] bench buffer/write_bench_test.mbt:30 ("bench Buffer::write_byte n=4096") ok
time (mean ± σ)         range (min … max) 
   4.98 µs ±   3.23 ns     4.98 µs …   4.99 µs  in 10 ×  20058 runs
[moonbitlang/core] bench buffer/write_bench_test.mbt:42 ("bench Buffer::write_uint16_be n=4096") ok
time (mean ± σ)         range (min … max) 
   4.39 µs ±  41.48 ns     4.33 µs …   4.43 µs  in 10 ×  22829 runs
[moonbitlang/core] bench buffer/write_bench_test.mbt:54 ("bench Buffer::write_uint_le n=4096") ok
time (mean ± σ)         range (min … max) 
   5.29 µs ±   7.17 ns     5.29 µs …   5.31 µs  in 10 ×  18904 runs
[moonbitlang/core] bench buffer/write_bench_test.mbt:66 ("bench Buffer::write_uint64_be n=4096") ok
time (mean ± σ)         range (min … max) 
 594.29 µs ±   7.34 µs   587.52 µs … 604.54 µs  in 10 ×    166 runs
[moonbitlang/core] bench buffer/write_bench_test.mbt:78 ("bench Buffer::write_char_utf8 ASCII n=4096") ok
time (mean ± σ)         range (min … max) 
  16.45 µs ±  32.39 ns    16.41 µs …  16.50 µs  in 10 ×   6102 runs
[moonbitlang/core] bench buffer/write_bench_test.mbt:90 ("bench Buffer::write_char_utf8 non-BMP n=4096") ok
time (mean ± σ)         range (min … max) 
  20.11 µs ±  24.26 ns    20.07 µs …  20.15 µs  in 10 ×   4965 runs
[moonbitlang/core] bench buffer/write_bench_test.mbt:103 ("bench Buffer::write_char_utf16le BMP n=4096") ok
time (mean ± σ)         range (min … max) 
   4.40 µs ±   9.42 ns     4.39 µs …   4.41 µs  in 10 ×  22742 runs
[moonbitlang/core] bench buffer/write_bench_test.mbt:115 ("bench Buffer::write_string_utf16le chunks n=4096") ok
time (mean ± σ)         range (min … max) 
  91.18 µs ± 137.83 ns    91.09 µs …  91.55 µs  in 10 ×   1096 runs
[moonbitlang/core] bench buffer/write_bench_test.mbt:130 ("bench @buffer.from_array n=4096") ok
time (mean ± σ)         range (min … max) 
   4.13 µs ±   9.26 ns     4.12 µs …   4.15 µs  in 10 ×  24369 runs
[moonbitlang/core] bench builtin/view_bench_test.mbt:34 ("bench ArrayView::at Int n=100000") ok
time (mean ± σ)         range (min … max) 
  81.40 µs ±  54.56 ns    81.37 µs …  81.52 µs  in 10 ×   1228 runs
[moonbitlang/core] bench builtin/view_bench_test.mbt:47 ("bench ArrayView::get Int n=100000") ok
time (mean ± σ)         range (min … max) 
  67.84 µs ±  39.18 ns    67.79 µs …  67.92 µs  in 10 ×   1472 runs
[moonbitlang/core] bench builtin/view_bench_test.mbt:62 ("bench ArrayView::unsafe_get Int n=100000") ok
time (mean ± σ)         range (min … max) 
  54.39 µs ± 167.24 ns    54.27 µs …  54.84 µs  in 10 ×   1838 runs
[moonbitlang/core] bench builtin/view_bench_test.mbt:75 ("bench ArrayView::rev_fold Int n=100000") ok
time (mean ± σ)         range (min … max) 
  54.50 µs ±  99.43 ns    54.39 µs …  54.70 µs  in 10 ×   1832 runs
[moonbitlang/core] bench builtin/view_bench_test.mbt:82 ("bench ArrayView::rev_foldi Int n=100000") ok
time (mean ± σ)         range (min … max) 
  54.52 µs ± 157.91 ns    54.40 µs …  54.89 µs  in 10 ×   1839 runs
[moonbitlang/core] bench builtin/view_bench_test.mbt:91 ("bench ArrayView::equal Int n=100000") ok
time (mean ± σ)         range (min … max) 
 109.67 µs ±   2.81 µs   108.43 µs … 117.28 µs  in 10 ×    818 runs
[moonbitlang/core] bench builtin/view_bench_test.mbt:99 ("bench ArrayView::compare Int n=100000") ok
time (mean ± σ)         range (min … max) 
 140.80 µs ±   3.85 µs   136.56 µs … 147.37 µs  in 10 ×    670 runs
[moonbitlang/core] bench builtin/view_bench_test.mbt:107 ("bench MutArrayView::at Int n=100000") ok
time (mean ± σ)         range (min … max) 
  94.99 µs ±  42.05 ns    94.94 µs …  95.10 µs  in 10 ×   1053 runs
[moonbitlang/core] bench builtin/view_bench_test.mbt:120 ("bench MutArrayView::unsafe_get Int n=100000") ok
time (mean ± σ)         range (min … max) 
  54.27 µs ±  47.87 ns    54.21 µs …  54.35 µs  in 10 ×   1843 runs
[moonbitlang/core] bench builtin/view_bench_test.mbt:133 ("bench MutArrayView::set Int n=100000") ok
time (mean ± σ)         range (min … max) 
 111.31 µs ± 395.48 ns   110.63 µs … 111.79 µs  in 10 ×    899 runs
[moonbitlang/core] bench builtin/view_bench_test.mbt:145 ("bench MutArrayView::unsafe_set Int n=100000") ok
time (mean ± σ)         range (min … max) 
  54.32 µs ± 122.84 ns    54.23 µs …  54.64 µs  in 10 ×   1843 runs
[moonbitlang/core] bench builtin/view_bench_test.mbt:157 ("bench BytesView::at n=100000") ok
time (mean ± σ)         range (min … max) 
  67.82 µs ±  40.48 ns    67.77 µs …  67.90 µs  in 10 ×   1476 runs
[moonbitlang/core] bench builtin/view_bench_test.mbt:170 ("bench BytesView::unsafe_get n=100000") ok
time (mean ± σ)         range (min … max) 
  40.69 µs ±  26.22 ns    40.66 µs …  40.74 µs  in 10 ×   2457 runs
[moonbitlang/core] bench builtin/stringbuilder_bench_test.mbt:28 ("bench StringBuilder::write_string chunks n=4096") ok
time (mean ± σ)         range (min … max) 
  11.30 µs ±  44.14 ns    11.22 µs …  11.35 µs  in 10 ×   8878 runs
[moonbitlang/core] bench builtin/stringbuilder_bench_test.mbt:41 ("bench StringBuilder::write_view chunks n=4096") ok
time (mean ± σ)         range (min … max) 
  16.54 µs ± 146.16 ns    16.31 µs …  16.71 µs  in 10 ×   6178 runs
[moonbitlang/core] bench builtin/stringbuilder_bench_test.mbt:54 ("bench StringBuilder::write_stringview chunks n=4096") ok
time (mean ± σ)         range (min … max) 
  16.81 µs ±  61.42 ns    16.72 µs …  16.90 µs  in 10 ×   6007 runs
[moonbitlang/core] bench builtin/stringbuilder_bench_test.mbt:67 ("bench StringBuilder::write_char ASCII n=4096") ok
time (mean ± σ)         range (min … max) 
  16.72 µs ± 144.41 ns    16.52 µs …  16.90 µs  in 10 ×   6019 runs
[moonbitlang/core] bench builtin/stringbuilder_bench_test.mbt:79 ("bench StringBuilder::write_char non-BMP n=4096") ok
time (mean ± σ)         range (min … max) 
  16.72 µs ±  57.08 ns    16.63 µs …  16.78 µs  in 10 ×   6030 runs
[moonbitlang/core] bench builtin/stringbuilder_bench_test.mbt:92 ("bench StringBuilder::reset reuse spare capacity n=4096") ok
time (mean ± σ)         range (min … max) 
  11.49 µs ±  54.77 ns    11.42 µs …  11.60 µs  in 10 ×   8629 runs
[moonbitlang/core] bench builtin/string_to_upper_bench_test.mbt:61 ("bench String::to_upper short") ok
time (mean ± σ)         range (min … max) 
 107.26 ns ±   1.04 ns   105.61 ns … 108.83 ns  in 10 × 100000 runs
[moonbitlang/core] bench builtin/string_to_upper_bench_test.mbt:66 ("bench String::to_upper long") ok
time (mean ± σ)         range (min … max) 
   5.49 µs ±  14.36 ns     5.46 µs …   5.50 µs  in 10 ×  18295 runs
[moonbitlang/core] bench builtin/string_to_upper_bench_test.mbt:71 ("bench String::to_upper sparse") ok
time (mean ± σ)         range (min … max) 
   4.23 µs ±  33.55 ns     4.17 µs …   4.26 µs  in 10 ×  23740 runs
[moonbitlang/core] bench builtin/string_to_upper_bench_test.mbt:76 ("bench String::to_upper late-lowercase") ok
time (mean ± σ)         range (min … max) 
   1.00 µs ±   1.88 ns     1.00 µs …   1.01 µs  in 10 ×  99729 runs
[moonbitlang/core] bench builtin/string_to_upper_bench_test.mbt:81 ("bench String::to_upper one-unit runs") ok
time (mean ± σ)         range (min … max) 
   4.33 µs ±   8.08 ns     4.32 µs …   4.35 µs  in 10 ×  23298 runs
[moonbitlang/core] bench builtin/string_to_upper_bench_test.mbt:86 ("bench String::to_upper all-lowercase") ok
time (mean ± σ)         range (min … max) 
   4.87 µs ±  15.72 ns     4.85 µs …   4.89 µs  in 10 ×  20738 runs
[moonbitlang/core] bench builtin/string_to_upper_bench_test.mbt:91 ("bench String::to_upper no-change short") ok
time (mean ± σ)         range (min … max) 
  20.28 ns ±   0.53 ns    19.84 ns …  21.06 ns  in 10 × 100000 runs
[moonbitlang/core] bench builtin/string_to_upper_bench_test.mbt:96 ("bench String::to_upper no-change long") ok
time (mean ± σ)         range (min … max) 
   1.58 µs ±  11.99 ns     1.57 µs …   1.61 µs  in 10 ×  62219 runs
[moonbitlang/core] bench builtin/string_to_upper_bench_test.mbt:101 ("bench StringView::to_upper short") ok
time (mean ± σ)         range (min … max) 
 104.81 ns ±   0.47 ns   104.04 ns … 105.68 ns  in 10 × 100000 runs
[moonbitlang/core] bench builtin/string_to_upper_bench_test.mbt:106 ("bench StringView::to_upper long") ok
time (mean ± σ)         range (min … max) 
   5.61 µs ±  21.74 ns     5.56 µs …   5.63 µs  in 10 ×  17972 runs
[moonbitlang/core] bench builtin/string_to_upper_bench_test.mbt:111 ("bench StringView::to_upper no-change long") ok
time (mean ± σ)         range (min … max) 
   1.78 µs ±  15.61 ns     1.77 µs …   1.82 µs  in 10 ×  55353 runs
[moonbitlang/core] bench builtin/string_to_lower_bench_test.mbt:61 ("bench String::to_lower short") ok
time (mean ± σ)         range (min … max) 
 108.60 ns ±   1.18 ns   106.96 ns … 110.23 ns  in 10 × 100000 runs
[moonbitlang/core] bench builtin/string_to_lower_bench_test.mbt:66 ("bench String::to_lower long") ok
time (mean ± σ)         range (min … max) 
   5.71 µs ±  20.82 ns     5.68 µs …   5.73 µs  in 10 ×  17625 runs
[moonbitlang/core] bench builtin/string_to_lower_bench_test.mbt:71 ("bench String::to_lower sparse") ok
time (mean ± σ)         range (min … max) 
   5.06 µs ±  55.45 ns     4.98 µs …   5.13 µs  in 10 ×  19711 runs
[moonbitlang/core] bench builtin/string_to_lower_bench_test.mbt:76 ("bench String::to_lower late-uppercase") ok
time (mean ± σ)         range (min … max) 
 995.87 ns ±   0.43 ns   995.22 ns … 996.62 ns  in 10 × 100000 runs
[moonbitlang/core] bench builtin/string_to_lower_bench_test.mbt:81 ("bench String::to_lower one-unit runs") ok
time (mean ± σ)         range (min … max) 
   4.35 µs ±   6.04 ns     4.34 µs …   4.36 µs  in 10 ×  23265 runs
[moonbitlang/core] bench builtin/string_to_lower_bench_test.mbt:86 ("bench String::to_lower all-uppercase") ok
time (mean ± σ)         range (min … max) 
   4.16 µs ±  14.96 ns     4.14 µs …   4.18 µs  in 10 ×  24482 runs
[moonbitlang/core] bench builtin/string_to_lower_bench_test.mbt:91 ("bench String::to_lower no-change short") ok
time (mean ± σ)         range (min … max) 
  20.65 ns ±   0.38 ns    20.34 ns …  21.21 ns  in 10 × 100000 runs
[moonbitlang/core] bench builtin/string_to_lower_bench_test.mbt:96 ("bench String::to_lower no-change long") ok
time (mean ± σ)         range (min … max) 
   1.71 µs ±  12.99 ns     1.70 µs …   1.74 µs  in 10 ×  57583 runs
[moonbitlang/core] bench builtin/string_to_lower_bench_test.mbt:101 ("bench StringView::to_lower short") ok
time (mean ± σ)         range (min … max) 
 107.14 ns ±   0.43 ns   106.67 ns … 108.09 ns  in 10 × 100000 runs
[moonbitlang/core] bench builtin/string_to_lower_bench_test.mbt:106 ("bench StringView::to_lower long") ok
time (mean ± σ)         range (min … max) 
   5.57 µs ±   6.39 ns     5.55 µs …   5.58 µs  in 10 ×  18067 runs
[moonbitlang/core] bench builtin/string_to_lower_bench_test.mbt:111 ("bench StringView::to_lower no-change long") ok
time (mean ± σ)         range (min … max) 
   1.93 µs ±  13.90 ns     1.92 µs …   1.97 µs  in 10 ×  51051 runs
[moonbitlang/core] bench builtin/string_to_array_bench_test.mbt:24 ("bench String::to_array ASCII 51 chars") ok
time (mean ± σ)         range (min … max) 
 161.18 ns ±   0.68 ns   159.93 ns … 162.01 ns  in 10 × 100000 runs
[moonbitlang/core] bench builtin/string_to_array_bench_test.mbt:29 ("bench String::to_array mixed 1KB") ok
time (mean ± σ)         range (min … max) 
   3.34 µs ±   3.45 ns     3.33 µs …   3.34 µs  in 10 ×  29902 runs
[moonbitlang/core] bench builtin/string_to_array_bench_test.mbt:34 ("bench StringView::to_array mixed 1KB") ok
time (mean ± σ)         range (min … max) 
   3.34 µs ±   6.59 ns     3.33 µs …   3.35 µs  in 10 ×  30031 runs
[moonbitlang/core] bench builtin/string_methods_bench_test.mbt:36 ("bench StringView::has_prefix match n=100000 needle=128") ok
time (mean ± σ)         range (min … max) 
 528.69 ns ±   0.76 ns   527.70 ns … 530.01 ns  in 10 × 100000 runs
[moonbitlang/core] bench builtin/string_methods_bench_test.mbt:45 ("bench StringView::has_prefix mismatch n=100000 needle=128") ok
time (mean ± σ)         range (min … max) 
   6.84 ns ±   0.35 ns     6.56 ns …   7.26 ns  in 10 × 100000 runs
[moonbitlang/core] bench builtin/string_methods_bench_test.mbt:54 ("bench StringView::has_suffix match n=100000 needle=128") ok
time (mean ± σ)         range (min … max) 
 528.29 ns ±   0.59 ns   527.43 ns … 529.02 ns  in 10 × 100000 runs
[moonbitlang/core] bench builtin/string_methods_bench_test.mbt:63 ("bench StringView::has_suffix mismatch n=100000 needle=128") ok
time (mean ± σ)         range (min … max) 
   7.24 ns ±   0.36 ns     6.85 ns …   7.63 ns  in 10 × 100000 runs
[moonbitlang/core] bench builtin/string_find_code_unit_bench_test.mbt:16 ("bench find one code unit absent n=4") ok
time (mean ± σ)         range (min … max) 
  10.19 ns ±   0.43 ns     9.81 ns …  10.80 ns  in 10 × 100000 runs
[moonbitlang/core] bench builtin/string_find_code_unit_bench_test.mbt:22 ("bench find one code unit absent n=8") ok
time (mean ± σ)         range (min … max) 
  13.76 ns ±   0.49 ns    13.35 ns …  14.53 ns  in 10 × 100000 runs
[moonbitlang/core] bench builtin/string_find_code_unit_bench_test.mbt:28 ("bench find one code unit present@0 n=8") ok
time (mean ± σ)         range (min … max) 
   6.06 ns ±   0.39 ns     5.55 ns …   6.59 ns  in 10 × 100000 runs
[moonbitlang/core] bench builtin/string_find_code_unit_bench_test.mbt:34 ("bench find one code unit absent n=64") ok
time (mean ± σ)         range (min … max) 
  78.10 ns ±   0.59 ns    77.47 ns …  78.84 ns  in 10 × 100000 runs
[moonbitlang/core] bench builtin/string_find_code_unit_bench_test.mbt:40 ("bench find one code unit absent n=256") ok
time (mean ± σ)         range (min … max) 
 286.73 ns ±   0.56 ns   285.90 ns … 287.75 ns  in 10 × 100000 runs
[moonbitlang/core] bench builtin/string_find_code_unit_bench_test.mbt:46 ("bench find one code unit present@end n=256") ok
time (mean ± σ)         range (min … max) 
 287.90 ns ±   0.44 ns   287.33 ns … 288.55 ns  in 10 × 100000 runs
[moonbitlang/core] bench builtin/string_find_code_unit_bench_test.mbt:52 ("bench rev_find one code unit absent n=256") ok
time (mean ± σ)         range (min … max) 
 287.65 ns ±   0.48 ns   286.88 ns … 288.21 ns  in 10 × 100000 runs
[moonbitlang/core] bench builtin/string_find_code_unit_bench_test.mbt:58 ("bench rev_find one code unit present@start n=256") ok
time (mean ± σ)         range (min … max) 
 288.30 ns ±   0.52 ns   287.77 ns … 289.08 ns  in 10 × 100000 runs
[moonbitlang/core] bench builtin/string_find_code_unit_bench_test.mbt:64 ("bench rev_find one code unit present@end n=8") ok
time (mean ± σ)         range (min … max) 
   5.93 ns ±   0.36 ns     5.57 ns …   6.46 ns  in 10 × 100000 runs
[moonbitlang/core] bench builtin/string_find_code_unit_bench_test.mbt:70 ("bench StringView find one code unit absent n=256") ok
time (mean ± σ)         range (min … max) 
 287.64 ns ±   2.13 ns   286.22 ns … 292.03 ns  in 10 × 100000 runs
[moonbitlang/core] bench builtin/string_find_code_unit_bench_test.mbt:77 ("bench StringView rev_find one code unit absent n=256") ok
time (mean ± σ)         range (min … max) 
 287.31 ns ±   0.45 ns   286.76 ns … 287.86 ns  in 10 × 100000 runs
[moonbitlang/core] bench builtin/string_find_code_unit_bench_test.mbt:84 ("bench find two anchors absent n=256") ok
time (mean ± σ)         range (min … max) 
 495.26 ns ±   0.39 ns   494.67 ns … 495.85 ns  in 10 × 100000 runs
[moonbitlang/core] bench builtin/string_find_code_unit_bench_test.mbt:90 ("bench find two anchors present@end n=256") ok
time (mean ± σ)         range (min … max) 
 495.55 ns ±   0.55 ns   494.93 ns … 496.32 ns  in 10 × 100000 runs
[moonbitlang/core] bench builtin/string_find_code_unit_bench_test.mbt:96 ("bench find two anchors dense false positives n=256") ok
time (mean ± σ)         range (min … max) 
   1.18 µs ±   0.60 ns     1.18 µs …   1.18 µs  in 10 ×  84940 runs
[moonbitlang/core] bench builtin/string_find_code_unit_bench_test.mbt:102 ("bench find two anchors long absent n=256") ok
time (mean ± σ)         range (min … max) 
 272.66 ns ±   0.56 ns   271.98 ns … 273.56 ns  in 10 × 100000 runs
[moonbitlang/core] bench builtin/string_find_code_unit_bench_test.mbt:108 ("bench rev_find two anchors absent n=256") ok
time (mean ± σ)         range (min … max) 
 288.41 ns ±   0.90 ns   287.37 ns … 290.26 ns  in 10 × 100000 runs
[moonbitlang/core] bench builtin/string_find_code_unit_bench_test.mbt:114 ("bench rev_find two anchors present@start n=256") ok
time (mean ± σ)         range (min … max) 
 357.93 ns ±   0.41 ns   357.33 ns … 358.60 ns  in 10 × 100000 runs
[moonbitlang/core] bench builtin/string_find_code_unit_bench_test.mbt:120 ("bench rev_find two anchors dense false positives n=256") ok
time (mean ± σ)         range (min … max) 
   1.31 µs ±   0.71 ns     1.31 µs …   1.32 µs  in 10 ×  76046 runs
[moonbitlang/core] bench builtin/string_find_code_unit_bench_test.mbt:126 ("bench StringView find two anchors absent n=256") ok
time (mean ± σ)         range (min … max) 
 497.06 ns ±   0.52 ns   496.27 ns … 497.54 ns  in 10 × 100000 runs
[moonbitlang/core] bench builtin/string_find_adversary_bench_test.mbt:26 ("bench find adversary m=64 n=4096") ok
time (mean ± σ)         range (min … max) 
  28.08 µs ±   8.33 µs    22.93 µs …  42.81 µs  in 10 ×   2336 runs
[moonbitlang/core] bench builtin/string_find_adversary_bench_test.mbt:33 ("bench rev_find adversary m=64 n=4096") ok
time (mean ± σ)         range (min … max) 
  29.66 µs ±   8.89 µs    24.04 µs …  44.99 µs  in 10 ×   2233 runs
[moonbitlang/core] bench builtin/string_find_adversary_bench_test.mbt:40 ("bench find adversary m=512 n=65536") ok
time (mean ± σ)         range (min … max) 
 682.74 µs ±  13.48 µs   673.86 µs … 704.01 µs  in 10 ×    138 runs
[moonbitlang/core] bench builtin/string_find_adversary_bench_test.mbt:47 ("bench find dense miss fast path n=4096") ok
time (mean ± σ)         range (min … max) 
  16.85 µs ±  76.88 ns    16.75 µs …  16.93 µs  in 10 ×   5946 runs
[moonbitlang/core] bench builtin/string_find_adversary_bench_test.mbt:53 ("bench find rare hit end fast path n=4096") ok
time (mean ± σ)         range (min … max) 
  10.01 µs ±   2.28 ns    10.01 µs …  10.02 µs  in 10 ×   9987 runs
[moonbitlang/core] bench builtin/string_escape_bench_test.mbt:61 ("bench String::escape short plain") ok
time (mean ± σ)         range (min … max) 
  47.33 ns ±   0.63 ns    46.54 ns …  48.35 ns  in 10 × 100000 runs
[moonbitlang/core] bench builtin/string_escape_bench_test.mbt:66 ("bench String::escape short escaped") ok
time (mean ± σ)         range (min … max) 
 119.60 ns ±   1.48 ns   118.05 ns … 123.01 ns  in 10 × 100000 runs
[moonbitlang/core] bench builtin/string_escape_bench_test.mbt:71 ("bench String::escape threshold plain") ok
time (mean ± σ)         range (min … max) 
  54.37 ns ±   0.79 ns    53.22 ns …  55.35 ns  in 10 × 100000 runs
[moonbitlang/core] bench builtin/string_escape_bench_test.mbt:76 ("bench String::escape prose") ok
time (mean ± σ)         range (min … max) 
 256.22 ns ±   0.39 ns   255.45 ns … 256.68 ns  in 10 × 100000 runs
[moonbitlang/core] bench builtin/string_escape_bench_test.mbt:81 ("bench String::escape escape-first") ok
time (mean ± σ)         range (min … max) 
 342.39 ns ±   0.36 ns   341.86 ns … 343.06 ns  in 10 × 100000 runs
[moonbitlang/core] bench builtin/string_escape_bench_test.mbt:86 ("bench String::escape long plain") ok
time (mean ± σ)         range (min … max) 
  11.18 µs ±  77.28 ns    11.14 µs …  11.39 µs  in 10 ×   8843 runs
[moonbitlang/core] bench builtin/string_escape_bench_test.mbt:91 ("bench String::escape long dense") ok
time (mean ± σ)         range (min … max) 
  41.01 µs ±  69.01 ns    40.89 µs …  41.08 µs  in 10 ×   2451 runs
[moonbitlang/core] bench builtin/string_escape_bench_test.mbt:96 ("bench String::escape long all-escaped") ok
time (mean ± σ)         range (min … max) 
  26.59 µs ± 125.44 ns    26.32 µs …  26.70 µs  in 10 ×   3843 runs
[moonbitlang/core] bench builtin/string_escape_bench_test.mbt:101 ("bench String::escape long unicode") ok
time (mean ± σ)         range (min … max) 
  12.61 µs ± 143.53 ns    12.53 µs …  12.94 µs  in 10 ×   7950 runs
[moonbitlang/core] bench builtin/string_escape_bench_test.mbt:106 ("bench StringView::escape long plain view") ok
time (mean ± σ)         range (min … max) 
  10.94 µs ±  87.40 ns    10.89 µs …  11.16 µs  in 10 ×   9062 runs
[moonbitlang/core] bench builtin/string_escape_bench_test.mbt:112 ("bench debug to_string short plain") ok
time (mean ± σ)         range (min … max) 
  84.67 ns ±   1.47 ns    82.82 ns …  86.69 ns  in 10 × 100000 runs
[moonbitlang/core] bench builtin/string_escape_bench_test.mbt:117 ("bench debug to_string prose") ok
time (mean ± σ)         range (min … max) 
 290.50 ns ±   0.53 ns   289.87 ns … 291.26 ns  in 10 × 100000 runs
[moonbitlang/core] bench builtin/string_escape_bench_test.mbt:122 ("bench debug to_string long plain") ok
time (mean ± σ)         range (min … max) 
  11.19 µs ±   8.79 ns    11.18 µs …  11.21 µs  in 10 ×   8723 runs
[moonbitlang/core] bench builtin/string_equal_bench_test.mbt:28 ("bench StringView::equal n=100000 equal") ok
time (mean ± σ)         range (min … max) 
   3.15 µs ±  22.16 ns     3.15 µs …   3.22 µs  in 10 ×  31050 runs
[moonbitlang/core] bench builtin/string_equal_bench_test.mbt:35 ("bench StringView::equal n=100000 mismatch at end") ok
time (mean ± σ)         range (min … max) 
 410.14 µs ± 223.57 ns   409.88 µs … 410.46 µs  in 10 ×    244 runs
[moonbitlang/core] bench builtin/string_equal_bench_test.mbt:44 ("bench StringView::equal_to_string n=100000 equal") ok
time (mean ± σ)         range (min … max) 
   3.22 µs ±  82.96 ns     3.16 µs …   3.37 µs  in 10 ×  30438 runs
[moonbitlang/core] bench builtin/string_char_set_bench_test.mbt:43 ("bench StringView::contains_any ASCII miss n=100000") ok
time (mean ± σ)         range (min … max) 
 298.82 µs ± 736.37 ns   298.32 µs … 300.68 µs  in 10 ×    335 runs
[moonbitlang/core] bench builtin/string_char_set_bench_test.mbt:54 ("bench StringView::contains_any ASCII match at end n=100000") ok
time (mean ± σ)         range (min … max) 
 298.68 µs ± 321.07 ns   298.28 µs … 299.38 µs  in 10 ×    335 runs
[moonbitlang/core] bench builtin/string_char_set_bench_test.mbt:67 ("bench StringView::trim_start ASCII n=100000") ok
time (mean ± σ)         range (min … max) 
 298.69 µs ± 462.41 ns   298.22 µs … 299.77 µs  in 10 ×    335 runs
[moonbitlang/core] bench builtin/string_char_set_bench_test.mbt:74 ("bench StringView::trim_end ASCII n=100000") ok
time (mean ± σ)         range (min … max) 
 298.67 µs ± 320.89 ns   298.34 µs … 299.47 µs  in 10 ×    335 runs
[moonbitlang/core] bench builtin/string_char_set_bench_test.mbt:79 ("bench StringView::trim ASCII n=100000") ok
time (mean ± σ)         range (min … max) 
 597.20 µs ± 364.27 ns   596.82 µs … 597.80 µs  in 10 ×    168 runs
[moonbitlang/core] bench builtin/string_char_set_bench_test.mbt:96 ("bench StringView::trim short inputs") ok
time (mean ± σ)         range (min … max) 
 140.52 ns ±   0.62 ns   139.62 ns … 141.31 ns  in 10 × 100000 runs
[moonbitlang/core] bench builtin/string_char_set_bench_test.mbt:107 ("bench StringView::contains_any short inputs") ok
time (mean ± σ)         range (min … max) 
 108.97 ns ±   0.49 ns   108.37 ns … 109.74 ns  in 10 × 100000 runs
[moonbitlang/core] bench builtin/string_char_length_bench_test.mbt:51 ("bench char_length ascii 8") ok
time (mean ± σ)         range (min … max) 
  12.86 ns ±   0.40 ns    12.52 ns …  13.36 ns  in 10 × 100000 runs
[moonbitlang/core] bench builtin/string_char_length_bench_test.mbt:56 ("bench char_length ascii 16") ok
time (mean ± σ)         range (min … max) 
  21.64 ns ±   0.52 ns    21.16 ns …  22.31 ns  in 10 × 100000 runs
[moonbitlang/core] bench builtin/string_char_length_bench_test.mbt:61 ("bench char_length ascii 100") ok
time (mean ± σ)         range (min … max) 
 196.37 ns ±   4.72 ns   192.31 ns … 202.70 ns  in 10 × 100000 runs
[moonbitlang/core] bench builtin/string_char_length_bench_test.mbt:66 ("bench char_length ascii 4k") ok
time (mean ± σ)         range (min … max) 
   8.91 µs ±  35.56 ns     8.90 µs …   9.01 µs  in 10 ×  11246 runs
[moonbitlang/core] bench builtin/string_char_length_bench_test.mbt:71 ("bench char_length ascii 64k") ok
time (mean ± σ)         range (min … max) 
 152.93 µs ±   9.22 µs   142.19 µs … 160.21 µs  in 10 ×    625 runs
[moonbitlang/core] bench builtin/string_char_length_bench_test.mbt:76 ("bench char_length cjk 4k") ok
time (mean ± σ)         range (min … max) 
   8.91 µs ±  35.89 ns     8.90 µs …   9.01 µs  in 10 ×  11244 runs
[moonbitlang/core] bench builtin/string_char_length_bench_test.mbt:81 ("bench char_length emoji 4k") ok
time (mean ± σ)         range (min … max) 
   8.19 µs ± 490.74 ns     6.79 µs …   8.35 µs  in 10 ×  11992 runs
[moonbitlang/core] bench builtin/string_char_length_bench_test.mbt:86 ("bench char_length mixed 4k") ok
time (mean ± σ)         range (min … max) 
  10.53 µs ±   6.22 ns    10.52 µs …  10.54 µs  in 10 ×   9502 runs
[moonbitlang/core] bench builtin/string_char_length_bench_test.mbt:91 ("bench StringView::char_length ascii 4k unaligned") ok
time (mean ± σ)         range (min … max) 
   8.95 µs ±  84.80 ns     8.89 µs …   9.11 µs  in 10 ×  11213 runs
[moonbitlang/core] bench builtin/string_char_length_bench_test.mbt:97 ("bench char_length_eq ascii 16") ok
time (mean ± σ)         range (min … max) 
  21.91 ns ±   0.50 ns    21.46 ns …  22.60 ns  in 10 × 100000 runs
[moonbitlang/core] bench builtin/string_char_length_bench_test.mbt:102 ("bench char_length_eq ascii 4k") ok
time (mean ± σ)         range (min … max) 
   8.92 µs ±  33.15 ns     8.90 µs …   9.01 µs  in 10 ×  11238 runs
[moonbitlang/core] bench builtin/string_char_length_bench_test.mbt:107 ("bench char_length_eq emoji 4k") ok
time (mean ± σ)         range (min … max) 
   8.19 µs ± 503.51 ns     6.76 µs …   8.36 µs  in 10 ×  11994 runs
[moonbitlang/core] bench builtin/string_char_length_bench_test.mbt:112 ("bench char_length_eq mixed 4k") ok
time (mean ± σ)         range (min … max) 
  10.54 µs ±  13.92 ns    10.53 µs …  10.57 µs  in 10 ×   9498 runs
[moonbitlang/core] bench builtin/string_char_length_bench_test.mbt:119 ("bench char_length_ge ascii 4k len 3") ok
time (mean ± σ)         range (min … max) 
  10.86 ns ±   0.47 ns    10.47 ns …  11.47 ns  in 10 × 100000 runs
[moonbitlang/core] bench builtin/string_char_length_bench_test.mbt:124 ("bench char_length_ge ascii 4k len 2000") ok
time (mean ± σ)         range (min … max) 
   4.38 µs ±  48.33 ns     4.35 µs …   4.48 µs  in 10 ×  22962 runs
[moonbitlang/core] bench builtin/string_char_length_bench_test.mbt:129 ("bench char_length_ge cjk 4k len 4096") ok
time (mean ± σ)         range (min … max) 
   8.92 µs ±  49.49 ns     8.89 µs …   9.05 µs  in 10 ×  11234 runs
[moonbitlang/core] bench builtin/string_char_length_bench_test.mbt:134 ("bench char_length_ge emoji 4k len 2048") ok
time (mean ± σ)         range (min … max) 
   8.19 µs ± 504.44 ns     6.75 µs …   8.35 µs  in 10 ×  11989 runs
[moonbitlang/core] bench builtin/sort_bench_test.mbt:21 ("bench Array::sort n=1000") ok
time (mean ± σ)         range (min … max) 
  19.81 µs ± 592.10 ns    19.36 µs …  20.95 µs  in 10 ×   4894 runs
[moonbitlang/core] bench builtin/sort_bench_test.mbt:31 ("bench Array::sort n=100000") ok
time (mean ± σ)         range (min … max) 
   6.21 ms ± 162.20 µs     6.07 ms …   6.66 ms  in 10 ×     17 runs
[moonbitlang/core] bench builtin/sort_bench_test.mbt:41 ("bench Array::sort_by n=10000") ok
time (mean ± σ)         range (min … max) 
 492.26 µs ± 750.23 ns   491.43 µs … 493.45 µs  in 10 ×    204 runs
[moonbitlang/core] bench builtin/range_equal_bench_test.mbt:56 ("bench range_equal StringView== n=4 equal") ok
time (mean ± σ)         range (min … max) 
   6.64 ns ±   0.37 ns     6.21 ns …   7.24 ns  in 10 × 100000 runs
[moonbitlang/core] bench builtin/range_equal_bench_test.mbt:61 ("bench range_equal StringView== n=8 equal") ok
time (mean ± σ)         range (min … max) 
   6.73 ns ±   0.34 ns     6.44 ns …   7.14 ns  in 10 × 100000 runs
[moonbitlang/core] bench builtin/range_equal_bench_test.mbt:66 ("bench range_equal StringView== n=8 mismatch at end") ok
time (mean ± σ)         range (min … max) 
  21.31 ns ±   0.46 ns    20.91 ns …  21.87 ns  in 10 × 100000 runs
[moonbitlang/core] bench builtin/range_equal_bench_test.mbt:71 ("bench range_equal StringView== n=16 equal") ok
time (mean ± σ)         range (min … max) 
   6.86 ns ±   0.35 ns     6.56 ns …   7.28 ns  in 10 × 100000 runs
[moonbitlang/core] bench builtin/range_equal_bench_test.mbt:76 ("bench range_equal StringView== n=16 mismatch at end") ok
time (mean ± σ)         range (min … max) 
  36.80 ns ±   0.50 ns    36.34 ns …  37.52 ns  in 10 × 100000 runs
[moonbitlang/core] bench builtin/range_equal_bench_test.mbt:81 ("bench range_equal StringView== n=15 equal") ok
time (mean ± σ)         range (min … max) 
   6.92 ns ±   0.37 ns     6.59 ns …   7.37 ns  in 10 × 100000 runs
[moonbitlang/core] bench builtin/range_equal_bench_test.mbt:86 ("bench range_equal StringView== n=64 equal") ok
time (mean ± σ)         range (min … max) 
   8.32 ns ±   0.40 ns     7.88 ns …   8.87 ns  in 10 × 100000 runs
[moonbitlang/core] bench builtin/range_equal_bench_test.mbt:91 ("bench range_equal StringView== n=64 mismatch at end") ok
time (mean ± σ)         range (min … max) 
 133.81 ns ±   0.57 ns   133.22 ns … 134.52 ns  in 10 × 100000 runs
[moonbitlang/core] bench builtin/range_equal_bench_test.mbt:96 ("bench range_equal StringView== n=1024 equal") ok
time (mean ± σ)         range (min … max) 
  32.54 ns ±   0.48 ns    32.13 ns …  33.18 ns  in 10 × 100000 runs
[moonbitlang/core] bench builtin/range_equal_bench_test.mbt:101 ("bench range_equal StringView== n=1024 mismatch at end") ok
time (mean ± σ)         range (min … max) 
   2.71 µs ±   1.04 µs     1.98 µs …   4.21 µs  in 10 ×  23602 runs
[moonbitlang/core] bench builtin/range_equal_bench_test.mbt:106 ("bench range_equal StringView== n=1024 mismatch at 0") ok
time (mean ± σ)         range (min … max) 
   7.79 ns ±   0.38 ns     7.47 ns …   8.27 ns  in 10 × 100000 runs
[moonbitlang/core] bench builtin/range_equal_bench_test.mbt:111 ("bench range_equal StringView== n=65536 equal") ok
time (mean ± σ)         range (min … max) 
   1.73 µs ±  15.98 ns     1.72 µs …   1.77 µs  in 10 ×  56097 runs
[moonbitlang/core] bench builtin/range_equal_bench_test.mbt:116 ("bench range_equal StringView== n=65536 mismatch at end") ok
time (mean ± σ)         range (min … max) 
 268.69 µs ± 384.91 ns   268.30 µs … 269.52 µs  in 10 ×    373 runs
[moonbitlang/core] bench builtin/range_equal_bench_test.mbt:121 ("bench range_equal BytesView== n=4 equal") ok
time (mean ± σ)         range (min … max) 
   7.40 ns ±   0.35 ns     7.07 ns …   7.81 ns  in 10 × 100000 runs
[moonbitlang/core] bench builtin/range_equal_bench_test.mbt:126 ("bench range_equal BytesView== n=8 equal") ok
time (mean ± σ)         range (min … max) 
  10.32 ns ±   0.48 ns     9.88 ns …  11.05 ns  in 10 × 100000 runs
[moonbitlang/core] bench builtin/range_equal_bench_test.mbt:131 ("bench range_equal BytesView== n=8 mismatch at end") ok
time (mean ± σ)         range (min … max) 
   9.57 ns ±   0.42 ns     9.23 ns …  10.10 ns  in 10 × 100000 runs
[moonbitlang/core] bench builtin/range_equal_bench_test.mbt:136 ("bench range_equal BytesView== n=16 equal") ok
time (mean ± σ)         range (min … max) 
  14.36 ns ±   0.62 ns    13.88 ns …  15.45 ns  in 10 × 100000 runs
[moonbitlang/core] bench builtin/range_equal_bench_test.mbt:141 ("bench range_equal BytesView== n=16 mismatch at end") ok
time (mean ± σ)         range (min … max) 
  13.98 ns ±   0.38 ns    13.61 ns …  14.40 ns  in 10 × 100000 runs
[moonbitlang/core] bench builtin/range_equal_bench_test.mbt:146 ("bench range_equal BytesView== n=31 equal") ok
time (mean ± σ)         range (min … max) 
  24.29 ns ±   0.44 ns    23.91 ns …  24.84 ns  in 10 × 100000 runs
[moonbitlang/core] bench builtin/range_equal_bench_test.mbt:151 ("bench range_equal BytesView== n=64 equal") ok
time (mean ± σ)         range (min … max) 
  38.03 ns ±   0.44 ns    37.48 ns …  38.60 ns  in 10 × 100000 runs
[moonbitlang/core] bench builtin/range_equal_bench_test.mbt:156 ("bench range_equal BytesView== n=64 mismatch at end") ok
time (mean ± σ)         range (min … max) 
  37.68 ns ±   0.49 ns    37.23 ns …  38.36 ns  in 10 × 100000 runs
[moonbitlang/core] bench builtin/range_equal_bench_test.mbt:161 ("bench range_equal BytesView== n=1024 equal") ok
time (mean ± σ)         range (min … max) 
 566.87 ns ±   0.67 ns   566.06 ns … 567.57 ns  in 10 × 100000 runs
[moonbitlang/core] bench builtin/range_equal_bench_test.mbt:166 ("bench range_equal BytesView== n=1024 mismatch at end") ok
time (mean ± σ)         range (min … max) 
 566.49 ns ±   0.42 ns   565.88 ns … 567.20 ns  in 10 × 100000 runs
[moonbitlang/core] bench builtin/range_equal_bench_test.mbt:171 ("bench range_equal BytesView== n=1024 mismatch at 0") ok
time (mean ± σ)         range (min … max) 
   4.89 ns ±   0.39 ns     4.46 ns …   5.32 ns  in 10 × 100000 runs
[moonbitlang/core] bench builtin/range_equal_bench_test.mbt:176 ("bench range_equal BytesView== n=65536 equal") ok
time (mean ± σ)         range (min … max) 
  35.57 µs ±  18.70 ns    35.55 µs …  35.60 µs  in 10 ×   2811 runs
[moonbitlang/core] bench builtin/range_equal_bench_test.mbt:181 ("bench range_equal BytesView== n=65536 mismatch at end") ok
time (mean ± σ)         range (min … max) 
  35.58 µs ±  24.61 ns    35.55 µs …  35.63 µs  in 10 ×   2810 runs
[moonbitlang/core] bench builtin/range_equal_bench_test.mbt:186 ("bench range_equal StringView::has_prefix prefix=32 hit") ok
time (mean ± σ)         range (min … max) 
  94.59 ns ±   0.50 ns    94.00 ns …  95.30 ns  in 10 × 100000 runs
[moonbitlang/core] bench builtin/range_equal_bench_test.mbt:193 ("bench range_equal StringView::has_prefix prefix=32 miss at end") ok
time (mean ± σ)         range (min … max) 
  96.22 ns ±   0.48 ns    95.50 ns …  96.84 ns  in 10 × 100000 runs
[moonbitlang/core] bench builtin/linked_hash_map_bench_test.mbt:19 ("bench Map::set n=50000") ok
time (mean ± σ)         range (min … max) 
   3.13 ms ± 178.81 µs     2.92 ms …   3.39 ms  in 10 ×     34 runs
[moonbitlang/core] bench builtin/linked_hash_map_bench_test.mbt:30 ("bench Map::get n=50000") ok
time (mean ± σ)         range (min … max) 
 902.04 µs ±  10.26 µs   896.25 µs … 930.96 µs  in 10 ×    105 runs
[moonbitlang/core] bench builtin/linked_hash_map_bench_test.mbt:47 ("bench Map::get miss n=50000") ok
time (mean ± σ)         range (min … max) 
   1.04 ms ±   9.46 µs     1.03 ms …   1.06 ms  in 10 ×     94 runs
[moonbitlang/core] bench builtin/linked_hash_map_bench_test.mbt:67 ("bench Map::set+remove n=50000") ok
time (mean ± σ)         range (min … max) 
   4.38 ms ± 138.27 µs     4.29 ms …   4.76 ms  in 10 ×     22 runs
[moonbitlang/core] bench builtin/linked_hash_map_bench_test.mbt:83 ("bench Map::each n=50000") ok
time (mean ± σ)         range (min … max) 
  62.37 µs ±  52.75 ns    62.27 µs …  62.42 µs  in 10 ×   1608 runs
[moonbitlang/core] bench builtin/linked_hash_map_bench_test.mbt:101 ("bench Map::filter n=50000") ok
time (mean ± σ)         range (min … max) 
   1.07 ms ±  69.52 µs     1.03 ms …   1.20 ms  in 10 ×     96 runs
[moonbitlang/core] bench builtin/linked_hash_map_bench_test.mbt:107 ("bench Map comprehension filter n=50000") ok
time (mean ± σ)         range (min … max) 
   3.11 ms ±  14.06 µs     3.09 ms …   3.13 ms  in 10 ×     29 runs
[moonbitlang/core] bench builtin/lexical_compare_bench_test.mbt:42 ("bench lexical_compare equal n=256") ok
time (mean ± σ)         range (min … max) 
 202.03 ns ±   0.57 ns   201.36 ns … 203.27 ns  in 10 × 100000 runs
[moonbitlang/core] bench builtin/lexical_compare_bench_test.mbt:47 ("bench lexical_compare common-prefix n=256") ok
time (mean ± σ)         range (min … max) 
 185.79 ns ±   0.77 ns   184.88 ns … 187.15 ns  in 10 × 100000 runs
[moonbitlang/core] bench builtin/lexical_compare_bench_test.mbt:52 ("bench lexical_compare early-diff n=256") ok
time (mean ± σ)         range (min … max) 
   6.56 ns ±   0.37 ns     6.19 ns …   7.14 ns  in 10 × 100000 runs
[moonbitlang/core] bench builtin/lexical_compare_bench_test.mbt:89 ("bench String::lexical_compare equal n=256") ok
time (mean ± σ)         range (min … max) 
   1.05 µs ±   7.28 ns     1.05 µs …   1.07 µs  in 10 ×  93601 runs
[moonbitlang/core] bench builtin/lexical_compare_bench_test.mbt:94 ("bench String::lexical_compare common-prefix n=256") ok
time (mean ± σ)         range (min … max) 
   1.12 µs ±   7.72 ns     1.12 µs …   1.14 µs  in 10 ×  87845 runs
[moonbitlang/core] bench builtin/lexical_compare_bench_test.mbt:99 ("bench String::lexical_compare early-diff n=256") ok
time (mean ± σ)         range (min … max) 
  12.28 ns ±   0.35 ns    11.98 ns …  12.70 ns  in 10 × 100000 runs
[moonbitlang/core] bench builtin/lexical_compare_bench_test.mbt:104 ("bench StringView::lexical_compare equal n=256") ok
time (mean ± σ)         range (min … max) 
   1.05 µs ±   7.22 ns     1.05 µs …   1.07 µs  in 10 ×  93261 runs
[moonbitlang/core] bench builtin/lexical_compare_bench_test.mbt:109 ("bench StringView::lexical_compare common-prefix n=256") ok
time (mean ± σ)         range (min … max) 
   1.12 µs ±   9.12 ns     1.12 µs …   1.15 µs  in 10 ×  87855 runs
[moonbitlang/core] bench builtin/lexical_compare_bench_test.mbt:114 ("bench StringView::lexical_compare early-diff n=256") ok
time (mean ± σ)         range (min … max) 
  12.30 ns ±   0.35 ns    11.98 ns …  12.76 ns  in 10 × 100000 runs
[moonbitlang/core] bench builtin/lexical_compare_bench_test.mbt:121 ("bench String::compare equal-length common-prefix n=256") ok
time (mean ± σ)         range (min … max) 
   1.05 µs ±   7.33 ns     1.05 µs …   1.07 µs  in 10 ×  93504 runs
[moonbitlang/core] bench builtin/lexical_compare_bench_test.mbt:128 ("bench StringView::compare equal-length common-prefix n=256") ok
time (mean ± σ)         range (min … max) 
   1.06 µs ±   7.22 ns     1.06 µs …   1.08 µs  in 10 ×  92822 runs
[moonbitlang/core] bench builtin/lexical_compare_bench_test.mbt:135 ("bench StringView::compare_ignore_ascii_case common-prefix n=256") ok
time (mean ± σ)         range (min … max) 
   1.05 µs ±   7.10 ns     1.05 µs …   1.07 µs  in 10 ×  93569 runs
[moonbitlang/core] bench builtin/contains_code_unit_bench_test.mbt:19 ("bench contains_code_unit absent n=4") ok
time (mean ± σ)         range (min … max) 
   9.49 ns ±   0.39 ns     9.14 ns …  10.00 ns  in 10 × 100000 runs
[moonbitlang/core] bench builtin/contains_code_unit_bench_test.mbt:25 ("bench contains_code_unit absent n=8") ok
time (mean ± σ)         range (min … max) 
  13.16 ns ±   0.41 ns    12.79 ns …  13.73 ns  in 10 × 100000 runs
[moonbitlang/core] bench builtin/contains_code_unit_bench_test.mbt:31 ("bench contains_code_unit present@0 n=8") ok
time (mean ± σ)         range (min … max) 
   5.05 ns ±   0.36 ns     4.69 ns …   5.41 ns  in 10 × 100000 runs
[moonbitlang/core] bench builtin/contains_code_unit_bench_test.mbt:37 ("bench contains_code_unit absent n=16") ok
time (mean ± σ)         range (min … max) 
  21.85 ns ±   0.48 ns    21.44 ns …  22.48 ns  in 10 × 100000 runs
[moonbitlang/core] bench builtin/contains_code_unit_bench_test.mbt:43 ("bench contains_code_unit absent n=64") ok
time (mean ± σ)         range (min … max) 
  77.18 ns ±   0.62 ns    76.56 ns …  78.03 ns  in 10 × 100000 runs
[moonbitlang/core] bench builtin/contains_code_unit_bench_test.mbt:49 ("bench contains_code_unit absent n=256") ok
time (mean ± σ)         range (min … max) 
 285.72 ns ±   0.59 ns   285.01 ns … 286.35 ns  in 10 × 100000 runs
[moonbitlang/core] bench builtin/contains_code_unit_bench_test.mbt:55 ("bench contains_code_unit present@end n=256") ok
time (mean ± σ)         range (min … max) 
 286.74 ns ±   0.69 ns   286.12 ns … 287.97 ns  in 10 × 100000 runs
[moonbitlang/core] bench builtin/contains_code_unit_bench_test.mbt:61 ("bench contains_code_unit present@0 n=256") ok
time (mean ± σ)         range (min … max) 
   5.20 ns ±   0.38 ns     4.70 ns …   5.75 ns  in 10 × 100000 runs
[moonbitlang/core] bench builtin/contains_code_unit_bench_test.mbt:67 ("bench StringView contains_code_unit absent n=256") ok
time (mean ± σ)         range (min … max) 
 287.02 ns ±   0.43 ns   286.48 ns … 287.63 ns  in 10 × 100000 runs
[moonbitlang/core] bench builtin/bytesview_compare_bench_test.mbt:16 ("bench BytesView Compare equal n=1000000") ok
time (mean ± σ)         range (min … max) 
   1.34 ms ± 259.06 µs     1.11 ms …   1.63 ms  in 10 ×     62 runs
[moonbitlang/core] bench builtin/bytesview_compare_bench_test.mbt:23 ("bench BytesView Compare last-diff n=1000000") ok
time (mean ± σ)         range (min … max) 
 686.80 µs ±   1.51 µs   683.89 µs … 688.30 µs  in 10 ×    146 runs
[moonbitlang/core] bench builtin/bytes_unsafe_bench_test.mbt:31 ("bench Bytes::unsafe_read_uint16_le n=4096") ok
time (mean ± σ)         range (min … max) 
   2.53 µs ±  29.48 ns     2.51 µs …   2.60 µs  in 10 ×  39632 runs
[moonbitlang/core] bench builtin/bytes_unsafe_bench_test.mbt:43 ("bench Bytes::unsafe_read_uint32_le n=4096") ok
time (mean ± σ)         range (min … max) 
   3.76 µs ±  80.64 ns     3.62 µs …   3.86 µs  in 10 ×  26524 runs
[moonbitlang/core] bench builtin/bytes_unsafe_bench_test.mbt:55 ("bench Bytes::unsafe_read_uint64_le n=4096") ok
time (mean ± σ)         range (min … max) 
 297.04 µs ±   1.68 µs   294.19 µs … 298.86 µs  in 10 ×    336 runs
[moonbitlang/core] bench builtin/bytes_unsafe_bench_test.mbt:67 ("bench FixedArray::unsafe_write_uint16_le n=4096") ok
time (mean ± σ)         range (min … max) 
   2.26 µs ±  25.92 ns     2.25 µs …   2.32 µs  in 10 ×  44389 runs
[moonbitlang/core] bench builtin/bytes_unsafe_bench_test.mbt:78 ("bench FixedArray::unsafe_write_uint32_le n=4096") ok
time (mean ± σ)         range (min … max) 
   3.43 µs ±  38.50 ns     3.41 µs …   3.51 µs  in 10 ×  29370 runs
[moonbitlang/core] bench builtin/bytes_unsafe_bench_test.mbt:89 ("bench FixedArray::unsafe_write_uint64_le n=4096") ok
time (mean ± σ)         range (min … max) 
 552.80 µs ±   2.13 µs   550.22 µs … 555.84 µs  in 10 ×    180 runs
[moonbitlang/core] bench builtin/bytes_output_bench_test.mbt:19 ("bench Bytes Show binary n=100000") ok
time (mean ± σ)         range (min … max) 
   4.80 ms ± 739.00 µs     4.18 ms …   6.22 ms  in 10 ×     16 runs
[moonbitlang/core] bench builtin/bytes_output_bench_test.mbt:24 ("bench Bytes ToJson binary n=100000") ok
time (mean ± σ)         range (min … max) 
   4.84 ms ± 990.93 µs     4.05 ms …   6.52 ms  in 10 ×     16 runs
[moonbitlang/core] bench builtin/bytes_hash_bench_test.mbt:54 ("bench Hash::hash(Bytes) n=32") ok
time (mean ± σ)         range (min … max) 
  19.15 ns ±   0.44 ns    18.67 ns …  19.74 ns  in 10 × 100000 runs
[moonbitlang/core] bench builtin/bytes_hash_bench_test.mbt:60 ("bench Hash::hash(Bytes) n=8192") ok
time (mean ± σ)         range (min … max) 
   4.61 µs ±  50.97 ns     4.58 µs …   4.72 µs  in 10 ×  21838 runs
[moonbitlang/core] bench builtin/bytes_hash_bench_test.mbt:66 ("bench Map::at Bytes n=1024 key_bytes=32") ok
time (mean ± σ)         range (min … max) 
  62.38 µs ± 140.81 ns    62.27 µs …  62.71 µs  in 10 ×   1541 runs
[moonbitlang/core] bench builtin/bytes_from_array_bench_test.mbt:30 ("bench Bytes::from_array n=262144 full") ok
time (mean ± σ)         range (min … max) 
 545.29 µs ±  15.52 µs   538.78 µs … 589.41 µs  in 10 ×    160 runs
[moonbitlang/core] bench builtin/bytes_from_array_bench_test.mbt:41 ("bench Bytes::from_array n=262144 sliced") ok
time (mean ± σ)         range (min … max) 
 548.57 µs ±  11.74 µs   540.75 µs … 581.33 µs  in 10 ×    180 runs
[moonbitlang/core] bench builtin/bytes_from_array_bench_test.mbt:48 ("bench Bytes::makei from ArrayView n=262144 full") ok
time (mean ± σ)         range (min … max) 
 523.47 µs ±  13.94 µs   512.92 µs … 560.53 µs  in 10 ×    187 runs
[moonbitlang/core] bench builtin/bytes_from_array_bench_test.mbt:59 ("bench Bytes::makei from ArrayView n=262144 sliced") ok
time (mean ± σ)         range (min … max) 
 529.97 µs ±  12.11 µs   519.67 µs … 563.07 µs  in 10 ×    187 runs
[moonbitlang/core] bench builtin/bytes_equal_bench_test.mbt:37 ("bench Bytes::equal n=100000 equal") ok
time (mean ± σ)         range (min … max) 
  54.41 µs ± 142.76 ns    54.33 µs …  54.79 µs  in 10 ×   1466 runs
[moonbitlang/core] bench builtin/bytes_equal_bench_test.mbt:44 ("bench Bytes::equal n=100000 aliased object") ok
time (mean ± σ)         range (min … max) 
  81.37 µs ±  42.82 ns    81.33 µs …  81.48 µs  in 10 ×   1226 runs
[moonbitlang/core] bench builtin/bytes_equal_bench_test.mbt:54 ("bench Bytes::equal n=100000 mismatch at end") ok
time (mean ± σ)         range (min … max) 
  54.38 µs ±  60.80 ns    54.33 µs …  54.54 µs  in 10 ×   1464 runs
[moonbitlang/core] bench builtin/bytes_add_bench_test.mbt:16 ("bench Bytes add total=1000000") ok
time (mean ± σ)         range (min … max) 
   2.20 ms ± 137.32 µs     2.06 ms …   2.35 ms  in 10 ×     42 runs
[moonbitlang/core] bench builtin/bitstring_uint_aligned_bench_test.mbt:24 ("bench Bytes::unsafe_extract_uint_le_aligned n=8192") ok
time (mean ± σ)         range (min … max) 
   2.10 µs ±  29.27 ns     2.08 µs …   2.16 µs  in 10 ×  47589 runs
[moonbitlang/core] bench builtin/bitstring_uint64_aligned_bench_test.mbt:24 ("bench Bytes::unsafe_extract_uint64_le_aligned n=8192") ok
time (mean ± σ)         range (min … max) 
  74.59 µs ± 580.46 ns    73.68 µs …  75.57 µs  in 10 ×   1355 runs
[moonbitlang/core] bench builtin/bitstring_extract_bench_test.mbt:35 ("bench BytesView uint_le aligned len=32") ok
time (mean ± σ)         range (min … max) 
   2.36 µs ±  26.16 ns     2.35 µs …   2.42 µs  in 10 ×  42544 runs
[moonbitlang/core] bench builtin/bitstring_extract_bench_test.mbt:48 ("bench BytesView uint_be aligned len=32") ok
time (mean ± σ)         range (min … max) 
   2.43 µs ±  27.58 ns     2.41 µs …   2.49 µs  in 10 ×  41334 runs
[moonbitlang/core] bench builtin/bitstring_extract_bench_test.mbt:61 ("bench ArrayView uint_le aligned len=32") ok
time (mean ± σ)         range (min … max) 
   3.87 µs ±  35.65 ns     3.83 µs …   3.95 µs  in 10 ×  25893 runs
[moonbitlang/core] bench builtin/bitstring_extract_bench_test.mbt:75 ("bench ArrayView uint_be aligned len=32") ok
time (mean ± σ)         range (min … max) 
   3.96 µs ±  40.82 ns     3.92 µs …   4.04 µs  in 10 ×  25438 runs
[moonbitlang/core] bench builtin/bitstring_extract_bench_test.mbt:89 ("bench BytesView uint64_le aligned len=64") ok
time (mean ± σ)         range (min … max) 
  77.14 µs ± 897.23 ns    76.13 µs …  78.56 µs  in 10 ×   1306 runs
[moonbitlang/core] bench builtin/bitstring_extract_bench_test.mbt:102 ("bench BytesView uint64_be aligned len=64") ok
time (mean ± σ)         range (min … max) 
  77.59 µs ± 333.89 ns    77.15 µs …  78.09 µs  in 10 ×   1279 runs
[moonbitlang/core] bench builtin/bitstring_extract_bench_test.mbt:115 ("bench ArrayView uint64_le aligned len=64") ok
time (mean ± σ)         range (min … max) 
  80.70 µs ± 615.19 ns    79.73 µs …  81.52 µs  in 10 ×   1228 runs
[moonbitlang/core] bench builtin/bitstring_extract_bench_test.mbt:129 ("bench ArrayView uint64_be aligned len=64") ok
time (mean ± σ)         range (min … max) 
  81.08 µs ± 420.33 ns    80.67 µs …  81.97 µs  in 10 ×   1233 runs
[moonbitlang/core] bench builtin/bitstring_extract_bench_test.mbt:143 ("bench BytesView uint_le unaligned len=32") ok
time (mean ± σ)         range (min … max) 
  27.04 µs ± 140.20 ns    26.88 µs …  27.27 µs  in 10 ×   3707 runs
[moonbitlang/core] bench builtin/bitstring_extract_bench_test.mbt:156 ("bench BytesView uint64_le unaligned len=64") ok
time (mean ± σ)         range (min … max) 
 100.44 µs ± 606.58 ns    99.72 µs … 101.54 µs  in 10 ×   1001 runs
[moonbitlang/core] bench builtin/bitstring_extract_bench_test.mbt:169 ("bench BytesView uint_le aligned len=16") ok
time (mean ± σ)         range (min … max) 
   3.73 µs ±  41.67 ns     3.71 µs …   3.83 µs  in 10 ×  26928 runs
[moonbitlang/core] bench builtin/bitstring_extract_bench_test.mbt:182 ("bench BytesView uint_le aligned len=24") ok
time (mean ± σ)         range (min … max) 
  22.05 µs ± 152.26 ns    21.85 µs …  22.22 µs  in 10 ×   4552 runs
[moonbitlang/core] bench builtin/array_retain_bench_test.mbt:29 ("bench Array::retain all keep Int n=100000") ok
time (mean ± σ)         range (min … max) 
  68.41 µs ± 211.58 ns    68.13 µs …  68.87 µs  in 10 ×   1445 runs
[moonbitlang/core] bench builtin/array_retain_bench_test.mbt:42 ("bench Array::retain all keep Ref n=100000") ok
time (mean ± σ)         range (min … max) 
  83.74 µs ± 715.22 ns    82.54 µs …  84.39 µs  in 10 ×   1203 runs
[moonbitlang/core] bench builtin/array_retain_bench_test.mbt:55 ("bench Array::retain drop tail n=100000") ok
time (mean ± σ)         range (min … max) 
 217.84 µs ±  44.03 µs   189.33 µs … 282.44 µs  in 10 ×    529 runs
[moonbitlang/core] bench builtin/array_retain_bench_test.mbt:66 ("bench Array::retain late sparse drop n=100000") ok
time (mean ± σ)         range (min … max) 
 222.54 µs ±   1.78 µs   220.15 µs … 225.49 µs  in 10 ×    446 runs
[moonbitlang/core] bench builtin/array_retain_bench_test.mbt:77 ("bench Array::retain drop first n=100000") ok
time (mean ± σ)         range (min … max) 
 230.47 µs ±   2.46 µs   228.09 µs … 234.73 µs  in 10 ×    426 runs
[moonbitlang/core] bench builtin/array_make_blit_bench_test.mbt:32 ("bench FixedArray::copy Ref n=1000000") ok
time (mean ± σ)         range (min … max) 
   1.36 ms ±  86.34 µs     1.22 ms …   1.42 ms  in 10 ×     77 runs
[moonbitlang/core] bench builtin/array_make_blit_bench_test.mbt:38 ("bench Array::from_fixed_array Ref n=1000000") ok
time (mean ± σ)         range (min … max) 
   3.78 ms ± 284.55 µs     3.49 ms …   4.09 ms  in 10 ×     26 runs
[moonbitlang/core] bench builtin/array_make_blit_bench_test.mbt:44 ("bench Array::add Ref n=500000+500000") ok
time (mean ± σ)         range (min … max) 
   3.70 ms ± 217.17 µs     3.39 ms …   3.86 ms  in 10 ×     30 runs
[moonbitlang/core] bench builtin/array_make_blit_bench_test.mbt:51 ("bench ArrayView::add Ref n=500000+500000") ok
time (mean ± σ)         range (min … max) 
   3.68 ms ± 213.83 µs     3.37 ms …   3.87 ms  in 10 ×     30 runs
[moonbitlang/core] bench builtin/array_make_blit_bench_test.mbt:60 ("bench Array::blit_to Ref n=1000000 overwrite") ok
time (mean ± σ)         range (min … max) 
   2.08 ms ±   2.51 µs     2.08 ms …   2.09 ms  in 10 ×     49 runs
[moonbitlang/core] bench builtin/array_make_blit_bench_test.mbt:70 ("bench Array::blit_to Ref n=1000000 grow") ok
time (mean ± σ)         range (min … max) 
   3.70 ms ± 212.20 µs     3.39 ms …   3.86 ms  in 10 ×     30 runs
[moonbitlang/core] bench builtin/array_make_blit_bench_test.mbt:80 ("bench ArrayView::blit_to Ref n=1000000 overwrite") ok
time (mean ± σ)         range (min … max) 
   2.05 ms ±   5.30 µs     2.04 ms …   2.06 ms  in 10 ×     49 runs
[moonbitlang/core] bench builtin/array_make_blit_bench_test.mbt:90 ("bench ArrayView::blit_to Ref n=1000000 grow") ok
time (mean ± σ)         range (min … max) 
   3.71 ms ± 214.18 µs     3.40 ms …   3.87 ms  in 10 ×     30 runs
[moonbitlang/core] bench builtin/array_make_blit_bench_test.mbt:100 ("bench Array::append Ref n=1000000 grow") ok
time (mean ± σ)         range (min … max) 
   9.20 ms ± 598.74 µs     8.57 ms …  10.07 ms  in 10 ×     12 runs
[moonbitlang/core] bench builtin/array_make_blit_bench_test.mbt:110 ("bench Array::push Ref n=1000000 resize") ok
time (mean ± σ)         range (min … max) 
   9.36 ms ± 721.27 µs     8.57 ms …  10.24 ms  in 10 ×     11 runs
[moonbitlang/core] bench builtin/array_make_blit_bench_test.mbt:129 ("bench Array::copy Int n=1000000") ok
time (mean ± σ)         range (min … max) 
   1.18 ms ±  45.94 µs     1.08 ms …   1.23 ms  in 10 ×     87 runs
[moonbitlang/core] bench builtin/array_make_blit_bench_test.mbt:135 ("bench Array::copy Ref n=1000000") ok
time (mean ± σ)         range (min … max) 
   1.33 ms ±  96.66 µs     1.19 ms …   1.42 ms  in 10 ×     74 runs
[moonbitlang/core] bench builtin/array_locals_bench_test.mbt:29 ("bench Array::retain_map n=100000") ok
time (mean ± σ)         range (min … max) 
 106.69 µs ±   2.19 µs   104.48 µs … 109.56 µs  in 10 ×    957 runs
[moonbitlang/core] bench builtin/array_locals_bench_test.mbt:38 ("bench Array::shuffle_in_place n=100000") ok
time (mean ± σ)         range (min … max) 
 205.30 µs ± 100.22 ns   205.15 µs … 205.51 µs  in 10 ×    488 runs
[moonbitlang/core] bench builtin/array_locals_bench_test.mbt:50 ("bench Array::filter_map n=100000") ok
time (mean ± σ)         range (min … max) 
 243.51 µs ±   5.86 µs   240.90 µs … 259.91 µs  in 10 ×    415 runs
[moonbitlang/core] bench builtin/array_locals_bench_test.mbt:58 ("bench FixedArray::each n=100000") ok
time (mean ± σ)         range (min … max) 
  52.14 µs ±   1.28 µs    50.93 µs …  53.84 µs  in 10 ×   1858 runs
[moonbitlang/core] bench builtin/array_locals_bench_test.mbt:68 ("bench FixedArray::eachi n=100000") ok
time (mean ± σ)         range (min … max) 
  56.37 µs ±   1.87 µs    54.23 µs …  58.48 µs  in 10 ×   1719 runs
[moonbitlang/core] bench builtin/array_locals_bench_test.mbt:78 ("bench FixedArray::rev_each n=100000") ok
time (mean ± σ)         range (min … max) 
 515.35 µs ± 155.46 ns   515.14 µs … 515.66 µs  in 10 ×    195 runs
[moonbitlang/core] bench builtin/array_locals_bench_test.mbt:88 ("bench FixedArray::rev_eachi n=100000") ok
time (mean ± σ)         range (min … max) 
  71.74 µs ± 185.09 ns    71.55 µs …  72.21 µs  in 10 ×   1397 runs
[moonbitlang/core] bench builtin/array_locals_bench_test.mbt:98 ("bench FixedArray::map n=100000") ok
time (mean ± σ)         range (min … max) 
 240.43 µs ±  10.25 µs   234.16 µs … 261.73 µs  in 10 ×    425 runs
[moonbitlang/core] bench builtin/array_locals_bench_test.mbt:104 ("bench FixedArray::mapi n=100000") ok
time (mean ± σ)         range (min … max) 
 241.96 µs ±  12.80 µs   234.44 µs … 266.34 µs  in 10 ×    426 runs
[moonbitlang/core] bench builtin/array_locals_bench_test.mbt:110 ("bench FixedArray::makei n=100000") ok
time (mean ± σ)         range (min … max) 
 257.25 µs ±   9.88 µs   252.27 µs … 279.34 µs  in 10 ×    403 runs
[moonbitlang/core] bench builtin/array_locals_bench_test.mbt:115 ("bench FixedArray::fold n=100000") ok
time (mean ± σ)         range (min … max) 
  52.30 µs ±   1.40 µs    50.88 µs …  53.90 µs  in 10 ×   1859 runs
[moonbitlang/core] bench builtin/array_locals_bench_test.mbt:121 ("bench FixedArray::rev_fold n=100000") ok
time (mean ± σ)         range (min … max) 
 515.42 µs ± 218.73 ns   515.06 µs … 515.77 µs  in 10 ×    195 runs
[moonbitlang/core] bench builtin/array_locals_bench_test.mbt:127 ("bench FixedArray::foldi n=100000") ok
time (mean ± σ)         range (min … max) 
  56.67 µs ±   1.37 µs    55.18 µs …  58.29 µs  in 10 ×   1721 runs
[moonbitlang/core] bench builtin/array_locals_bench_test.mbt:133 ("bench FixedArray::rev_foldi n=100000") ok
time (mean ± σ)         range (min … max) 
  62.48 µs ±  91.07 ns    62.28 µs …  62.60 µs  in 10 ×   1602 runs
[moonbitlang/core] bench builtin/array_locals_bench_test.mbt:139 ("bench ArrayView::chunk_by n=100000") ok
time (mean ± σ)         range (min … max) 
 101.84 µs ±  70.58 ns   101.75 µs … 101.97 µs  in 10 ×    983 runs
[moonbitlang/core] bench builtin/array_locals_bench_test.mbt:146 ("bench ArrayView::each n=100000") ok
time (mean ± σ)         range (min … max) 
  58.43 µs ± 808.59 ns    57.79 µs …  59.76 µs  in 10 ×   1669 runs
[moonbitlang/core] bench builtin/array_locals_bench_test.mbt:157 ("bench ArrayView::eachi n=100000") ok
time (mean ± σ)         range (min … max) 
  61.07 µs ±  38.45 ns    61.02 µs …  61.16 µs  in 10 ×   1636 runs
[moonbitlang/core] bench builtin/array_locals_bench_test.mbt:168 ("bench ArrayView::rev_each n=100000") ok
time (mean ± σ)         range (min … max) 
  64.21 µs ± 727.63 ns    63.77 µs …  65.76 µs  in 10 ×   1511 runs
[moonbitlang/core] bench builtin/array_locals_bench_test.mbt:179 ("bench ArrayView::rev_eachi n=100000") ok
time (mean ± σ)         range (min … max) 
  69.86 µs ±  97.95 ns    69.76 µs …  70.05 µs  in 10 ×   1420 runs
[moonbitlang/core] bench builtin/array_locals_bench_test.mbt:190 ("bench ArrayView::all n=100000") ok
time (mean ± σ)         range (min … max) 
  81.44 µs ±  74.78 ns    81.37 µs …  81.60 µs  in 10 ×   1229 runs
[moonbitlang/core] bench builtin/array_locals_bench_test.mbt:197 ("bench ArrayView::any n=100000") ok
time (mean ± σ)         range (min … max) 
  81.36 µs ± 100.10 ns    81.25 µs …  81.55 µs  in 10 ×   1229 runs
[moonbitlang/core] bench builtin/array_locals_bench_test.mbt:204 ("bench ArrayView::search_by n=100000") ok
time (mean ± σ)         range (min … max) 
  81.41 µs ±  52.33 ns    81.35 µs …  81.53 µs  in 10 ×   1229 runs
[moonbitlang/core] bench builtin/array_locals_bench_test.mbt:213 ("bench ArrayView::fold n=100000") ok
time (mean ± σ)         range (min … max) 
  59.45 µs ± 373.72 ns    58.80 µs …  59.91 µs  in 10 ×   1693 runs
[moonbitlang/core] bench builtin/array_locals_bench_test.mbt:220 ("bench ArrayView::rev_fold n=100000") ok
time (mean ± σ)         range (min … max) 
 516.05 µs ±   1.35 µs   514.95 µs … 519.09 µs  in 10 ×    194 runs
[moonbitlang/core] bench builtin/array_locals_bench_test.mbt:227 ("bench ArrayView::foldi n=100000") ok
time (mean ± σ)         range (min … max) 
  61.07 µs ±  63.67 ns    61.00 µs …  61.19 µs  in 10 ×   1637 runs
[moonbitlang/core] bench builtin/array_locals_bench_test.mbt:234 ("bench ArrayView::rev_foldi n=100000") ok
time (mean ± σ)         range (min … max) 
  72.92 µs ±  78.08 ns    72.81 µs …  73.02 µs  in 10 ×   1372 runs
[moonbitlang/core] bench builtin/array_locals_bench_test.mbt:241 ("bench ArrayView::map n=100000") ok
time (mean ± σ)         range (min … max) 
 186.76 µs ±  10.91 µs   179.53 µs … 203.17 µs  in 10 ×    557 runs
[moonbitlang/core] bench builtin/array_locals_bench_test.mbt:248 ("bench ArrayView::mapi n=100000") ok
time (mean ± σ)         range (min … max) 
 186.83 µs ±  10.96 µs   179.61 µs … 203.30 µs  in 10 ×    555 runs
[moonbitlang/core] bench builtin/array_locals_bench_test.mbt:255 ("bench ArrayView::filter n=100000") ok
time (mean ± σ)         range (min … max) 
 239.00 µs ±   5.25 µs   237.10 µs … 253.92 µs  in 10 ×    422 runs
[moonbitlang/core] bench builtin/array_locals_bench_test.mbt:262 ("bench ArrayView::filter_map n=100000") ok
time (mean ± σ)         range (min … max) 
 244.31 µs ±   5.79 µs   241.84 µs … 260.61 µs  in 10 ×    413 runs
[moonbitlang/core] bench bytes/find_bench_test.mbt:92 ("bench BytesView::find single byte hit end n=4096") ok
time (mean ± σ)         range (min … max) 
   2.23 µs ±   2.20 ns     2.23 µs …   2.24 µs  in 10 ×  44745 runs
[moonbitlang/core] bench bytes/find_bench_test.mbt:99 ("bench BytesView::find single byte miss n=4096") ok
time (mean ± σ)         range (min … max) 
   2.23 µs ±   1.73 ns     2.23 µs …   2.24 µs  in 10 ×  44752 runs
[moonbitlang/core] bench bytes/find_bench_test.mbt:106 ("bench BytesView::find substring rare hit end n=4096") ok
time (mean ± σ)         range (min … max) 
   2.23 µs ±   1.69 ns     2.23 µs …   2.24 µs  in 10 ×  44709 runs
[moonbitlang/core] bench bytes/find_bench_test.mbt:113 ("bench BytesView::find substring dense miss n=4096") ok
time (mean ± σ)         range (min … max) 
   2.23 µs ±   2.32 ns     2.23 µs …   2.24 µs  in 10 ×  44789 runs
[moonbitlang/core] bench bytes/find_bench_test.mbt:120 ("bench BytesView::find offset view rare hit end n=4096") ok
time (mean ± σ)         range (min … max) 
   2.23 µs ±   1.89 ns     2.23 µs …   2.24 µs  in 10 ×  44710 runs
[moonbitlang/core] bench bytes/find_bench_test.mbt:127 ("bench BytesView::find long dense miss n=4096") ok
time (mean ± σ)         range (min … max) 
   4.68 µs ±  21.30 ns     4.65 µs …   4.72 µs  in 10 ×  21520 runs
[moonbitlang/core] bench bytes/find_bench_test.mbt:134 ("bench BytesView::find single byte miss n=32") ok
time (mean ± σ)         range (min … max) 
  22.29 ns ±   0.23 ns    21.92 ns …  22.51 ns  in 10 × 100000 runs
[moonbitlang/core] bench bytes/find_bench_test.mbt:141 ("bench BytesView::find substring miss n=32") ok
time (mean ± σ)         range (min … max) 
  20.63 ns ±   0.22 ns    20.30 ns …  20.86 ns  in 10 × 100000 runs
[moonbitlang/core] bench bytes/find_bench_test.mbt:148 ("bench BytesView::rev_find single byte hit start n=4096") ok
time (mean ± σ)         range (min … max) 
   2.23 µs ±   1.51 ns     2.23 µs …   2.23 µs  in 10 ×  44783 runs
[moonbitlang/core] bench bytes/find_bench_test.mbt:155 ("bench BytesView::rev_find single byte miss n=4096") ok
time (mean ± σ)         range (min … max) 
   2.23 µs ±   2.87 ns     2.23 µs …   2.24 µs  in 10 ×  44750 runs
[moonbitlang/core] bench bytes/find_bench_test.mbt:162 ("bench BytesView::rev_find substring rare hit start n=4096") ok
time (mean ± σ)         range (min … max) 
   2.24 µs ±   1.40 ns     2.23 µs …   2.24 µs  in 10 ×  44716 runs
[moonbitlang/core] bench bytes/find_bench_test.mbt:169 ("bench BytesView::rev_find substring dense miss n=4096") ok
time (mean ± σ)         range (min … max) 
   3.34 µs ±   2.90 ns     3.34 µs …   3.35 µs  in 10 ×  29918 runs
[moonbitlang/core] bench bytes/find_bench_test.mbt:176 ("bench BytesView::rev_find offset view rare hit start n=4096") ok
time (mean ± σ)         range (min … max) 
   2.24 µs ±   4.54 ns     2.24 µs …   2.25 µs  in 10 ×  44673 runs
[moonbitlang/core] bench bytes/find_bench_test.mbt:185 ("bench BytesView::rev_find long dense miss n=4096") ok
time (mean ± σ)         range (min … max) 
   3.31 µs ±   4.17 ns     3.31 µs …   3.32 µs  in 10 ×  30102 runs
[moonbitlang/core] bench debug/debug_inspect_bench_test.mbt:16 ("bench debug_inspect passing Int") ok
time (mean ± σ)         range (min … max) 
  44.46 ns ±   0.39 ns    43.96 ns …  45.09 ns  in 10 × 100000 runs
[moonbitlang/core] bench debug/debug_inspect_bench_test.mbt:21 ("bench debug_inspect passing Array") ok
time (mean ± σ)         range (min … max) 
 817.08 ns ±   3.94 ns   811.16 ns … 821.41 ns  in 10 × 100000 runs
[moonbitlang/core] bench deque/deque_bench_test.mbt:22 ("bench Deque::to_array Int n=50000") ok
time (mean ± σ)         range (min … max) 
 128.70 µs ±   5.06 µs   125.97 µs … 140.55 µs  in 10 ×    690 runs
[moonbitlang/core] bench deque/deque_bench_test.mbt:28 ("bench Deque::to_array Ref n=50000") ok
time (mean ± σ)         range (min … max) 
 136.49 µs ±   4.13 µs   133.62 µs … 145.69 µs  in 10 ×    669 runs
[moonbitlang/core] bench deque/deque_bench_test.mbt:34 ("bench Deque steady-state pop_front/push_back x100000 len=1000") ok
time (mean ± σ)         range (min … max) 
 515.52 µs ± 402.53 ns   515.17 µs … 516.59 µs  in 10 ×    204 runs
[moonbitlang/core] bench deque/deque_bench_test.mbt:51 ("bench Deque steady-state push_front/pop_back x100000 len=1000") ok
time (mean ± σ)         range (min … max) 
 516.02 µs ±   1.14 µs   515.23 µs … 518.49 µs  in 10 ×    238 runs
[moonbitlang/core] bench deque/deque_bench_test.mbt:67 ("bench Deque::get x100000 len=1000") ok
time (mean ± σ)         range (min … max) 
 629.84 µs ± 203.36 ns   629.49 µs … 630.16 µs  in 10 ×    159 runs
[moonbitlang/core] bench encoding/ascii/ascii_bench_test.mbt:40 ("bench ASCII decode n=15") ok
time (mean ± σ)         range (min … max) 
 119.41 ns ±   0.47 ns   118.81 ns … 120.10 ns  in 10 × 100000 runs
[moonbitlang/core] bench encoding/ascii/ascii_bench_test.mbt:46 ("bench ASCII decode n=16") ok
time (mean ± σ)         range (min … max) 
 122.94 ns ±   0.59 ns   122.17 ns … 123.81 ns  in 10 × 100000 runs
[moonbitlang/core] bench encoding/ascii/ascii_bench_test.mbt:52 ("bench ASCII decode n=32") ok
time (mean ± σ)         range (min … max) 
 202.07 ns ±   0.36 ns   201.54 ns … 202.73 ns  in 10 × 100000 runs
[moonbitlang/core] bench encoding/ascii/ascii_bench_test.mbt:58 ("bench ASCII decode n=64") ok
time (mean ± σ)         range (min … max) 
 372.23 ns ±   1.76 ns   369.13 ns … 374.50 ns  in 10 × 100000 runs
[moonbitlang/core] bench encoding/ascii/ascii_bench_test.mbt:64 ("bench ASCII decode n=100000") ok
time (mean ± σ)         range (min … max) 
 590.68 µs ±   7.85 µs   582.33 µs … 599.03 µs  in 10 ×    171 runs
[moonbitlang/core] bench encoding/ascii/ascii_bench_test.mbt:70 ("bench ASCII decode n=1000000") ok
time (mean ± σ)         range (min … max) 
   6.40 ms ±  43.60 µs     6.35 ms …   6.47 ms  in 10 ×     16 runs
[moonbitlang/core] bench encoding/base64/v128_bench_wbtest.mbt:38 ("bench encode scalar n=64") ok
time (mean ± σ)         range (min … max) 
 488.05 ns ±   4.40 ns   480.15 ns … 491.43 ns  in 10 × 100000 runs
[moonbitlang/core] bench encoding/base64/v128_bench_wbtest.mbt:43 ("bench encode v128 n=64") ok
time (mean ± σ)         range (min … max) 
 486.22 ns ±   2.88 ns   479.92 ns … 489.65 ns  in 10 × 100000 runs
[moonbitlang/core] bench encoding/base64/v128_bench_wbtest.mbt:48 ("bench encode scalar n=1024") ok
time (mean ± σ)         range (min … max) 
   6.93 µs ±  43.48 ns     6.87 µs …   6.99 µs  in 10 ×  14682 runs
[moonbitlang/core] bench encoding/base64/v128_bench_wbtest.mbt:53 ("bench encode v128 n=1024") ok
time (mean ± σ)         range (min … max) 
   6.94 µs ±  47.02 ns     6.86 µs …   7.00 µs  in 10 ×  14454 runs
[moonbitlang/core] bench encoding/base64/v128_bench_wbtest.mbt:58 ("bench encode scalar n=65536") ok
time (mean ± σ)         range (min … max) 
 581.42 µs ±   1.87 µs   577.92 µs … 583.07 µs  in 10 ×    174 runs
[moonbitlang/core] bench encoding/base64/v128_bench_wbtest.mbt:63 ("bench encode v128 n=65536") ok
time (mean ± σ)         range (min … max) 
 580.55 µs ± 372.79 ns   579.95 µs … 581.26 µs  in 10 ×    175 runs
[moonbitlang/core] bench encoding/base64/v128_bench_wbtest.mbt:68 ("bench decode scalar n=64") ok
time (mean ± σ)         range (min … max) 
 622.65 ns ±   0.47 ns   621.99 ns … 623.57 ns  in 10 × 100000 runs
[moonbitlang/core] bench encoding/base64/v128_bench_wbtest.mbt:75 ("bench decode v128 n=64") ok
time (mean ± σ)         range (min … max) 
 621.98 ns ±   0.69 ns   621.02 ns … 623.01 ns  in 10 × 100000 runs
[moonbitlang/core] bench encoding/base64/v128_bench_wbtest.mbt:80 ("bench decode scalar n=1024") ok
time (mean ± σ)         range (min … max) 
   9.35 µs ± 209.24 ns     9.25 µs …   9.90 µs  in 10 ×  10216 runs
[moonbitlang/core] bench encoding/base64/v128_bench_wbtest.mbt:87 ("bench decode v128 n=1024") ok
time (mean ± σ)         range (min … max) 
   9.28 µs ± 178.01 ns     9.20 µs …   9.76 µs  in 10 ×  10293 runs
[moonbitlang/core] bench encoding/base64/v128_bench_wbtest.mbt:92 ("bench decode scalar n=65536") ok
time (mean ± σ)         range (min … max) 
 757.70 µs ±  10.46 µs   747.51 µs … 770.21 µs  in 10 ×    117 runs
[moonbitlang/core] bench encoding/base64/v128_bench_wbtest.mbt:99 ("bench decode v128 n=65536") ok
time (mean ± σ)         range (min … max) 
 756.82 µs ±  10.57 µs   747.03 µs … 769.79 µs  in 10 ×    117 runs
[moonbitlang/core] bench encoding/hex/v128_bench_wbtest.mbt:34 ("bench encode scalar 4k") ok
time (mean ± σ)         range (min … max) 
  39.60 µs ± 174.80 ns    39.31 µs …  39.82 µs  in 10 ×   2583 runs
[moonbitlang/core] bench encoding/hex/v128_bench_wbtest.mbt:39 ("bench encode public 64") ok
time (mean ± σ)         range (min … max) 
 652.52 ns ±   1.72 ns   649.92 ns … 655.04 ns  in 10 × 100000 runs
[moonbitlang/core] bench encoding/hex/v128_bench_wbtest.mbt:44 ("bench encode public 4k") ok
time (mean ± σ)         range (min … max) 
  39.54 µs ±  96.09 ns    39.36 µs …  39.63 µs  in 10 ×   2588 runs
[moonbitlang/core] bench encoding/hex/v128_bench_wbtest.mbt:49 ("bench encode public 64k") ok
time (mean ± σ)         range (min … max) 
   1.05 ms ±   2.17 µs     1.05 ms …   1.05 ms  in 10 ×     96 runs
[moonbitlang/core] bench encoding/hex/v128_bench_wbtest.mbt:54 ("bench decode scalar 4k") ok
time (mean ± σ)         range (min … max) 
  41.63 µs ± 576.79 ns    41.00 µs …  42.94 µs  in 10 ×   2386 runs
[moonbitlang/core] bench encoding/hex/v128_bench_wbtest.mbt:62 ("bench decode public 4k") ok
time (mean ± σ)         range (min … max) 
  42.63 µs ± 721.16 ns    41.69 µs …  43.96 µs  in 10 ×   2395 runs
[moonbitlang/core] bench encoding/hex/v128_bench_wbtest.mbt:70 ("bench decode public 64k") ok
time (mean ± σ)         range (min … max) 
 592.61 µs ± 684.64 ns   591.69 µs … 593.71 µs  in 10 ×    150 runs
[moonbitlang/core] bench encoding/utf16/utf16_v128_bench_test.mbt:57 ("bench utf16 encode ASCII LE n=100000") ok
time (mean ± σ)         range (min … max) 
 171.93 µs ±   8.88 µs   167.92 µs … 195.29 µs  in 10 ×    423 runs
[moonbitlang/core] bench encoding/utf16/utf16_v128_bench_test.mbt:63 ("bench utf16 encode ASCII BE n=100000") ok
time (mean ± σ)         range (min … max) 
 222.45 µs ± 591.20 ns   221.69 µs … 223.82 µs  in 10 ×    452 runs
[moonbitlang/core] bench encoding/utf16/utf16_v128_bench_test.mbt:69 ("bench utf16 encode mixed LE n=100000") ok
time (mean ± σ)         range (min … max) 
 172.01 µs ±   9.05 µs   167.88 µs … 195.70 µs  in 10 ×    418 runs
[moonbitlang/core] bench encoding/utf16/utf16_v128_bench_test.mbt:75 ("bench utf16 encode mixed BE n=100000") ok
time (mean ± σ)         range (min … max) 
 222.34 µs ± 212.45 ns   222.15 µs … 222.74 µs  in 10 ×    453 runs
[moonbitlang/core] bench encoding/utf16/utf16_v128_bench_test.mbt:81 ("bench utf16 decode ASCII LE n=100000") ok
time (mean ± σ)         range (min … max) 
 765.89 µs ±   1.01 µs   764.14 µs … 767.14 µs  in 10 ×    131 runs
[moonbitlang/core] bench encoding/utf16/utf16_v128_bench_test.mbt:87 ("bench utf16 decode ASCII BE n=100000") ok
time (mean ± σ)         range (min … max) 
 797.10 µs ±   2.04 µs   791.32 µs … 798.10 µs  in 10 ×    126 runs
[moonbitlang/core] bench encoding/utf16/utf16_v128_bench_test.mbt:95 ("bench utf16 decode mixed LE n=100000") ok
time (mean ± σ)         range (min … max) 
 799.41 µs ±   4.25 µs   793.00 µs … 804.40 µs  in 10 ×    125 runs
[moonbitlang/core] bench encoding/utf16/utf16_v128_bench_test.mbt:101 ("bench utf16 decode mixed BE n=100000") ok
time (mean ± σ)         range (min … max) 
 828.78 µs ±   4.02 µs   825.82 µs … 834.82 µs  in 10 ×    121 runs
[moonbitlang/core] bench encoding/utf16/utf16_v128_bench_test.mbt:109 ("bench utf16 decode emoji LE n=100000") ok
time (mean ± σ)         range (min … max) 
 690.07 µs ± 569.02 ns   688.94 µs … 690.88 µs  in 10 ×    146 runs
[moonbitlang/core] bench encoding/utf16/utf16_v128_bench_test.mbt:115 ("bench utf16 decode emoji BE n=100000") ok
time (mean ± σ)         range (min … max) 
 754.82 µs ± 509.59 ns   754.19 µs … 755.62 µs  in 10 ×    126 runs
[moonbitlang/core] bench hashmap/hashmap_bench_test.mbt:19 ("bench HashMap::set n=50000") ok
time (mean ± σ)         range (min … max) 
   2.04 ms ±  31.98 µs     2.00 ms …   2.09 ms  in 10 ×     50 runs
[moonbitlang/core] bench hashmap/hashmap_bench_test.mbt:30 ("bench HashMap::get n=50000") ok
time (mean ± σ)         range (min … max) 
 368.61 µs ±   4.62 µs   362.82 µs … 374.07 µs  in 10 ×    267 runs
[moonbitlang/core] bench hashmap/hashmap_bench_test.mbt:47 ("bench HashMap::get miss n=50000") ok
time (mean ± σ)         range (min … max) 
 533.81 µs ±  10.19 µs   522.02 µs … 547.79 µs  in 10 ×    184 runs
[moonbitlang/core] bench hashmap/hashmap_bench_test.mbt:67 ("bench HashMap::set+remove n=50000") ok
time (mean ± σ)         range (min … max) 
   3.01 ms ±  58.37 µs     2.95 ms …   3.09 ms  in 10 ×     34 runs
[moonbitlang/core] bench hashmap/hashmap_bench_test.mbt:87 ("bench HashMap::copy+remove n=50000") ok
time (mean ± σ)         range (min … max) 
   1.48 ms ±  25.92 µs     1.45 ms …   1.52 ms  in 10 ×     69 runs
[moonbitlang/core] bench hashmap/hashmap_bench_test.mbt:102 ("bench HashMap::copy n=50000") ok
time (mean ± σ)         range (min … max) 
 984.55 µs ±  36.13 µs   941.26 µs …   1.05 ms  in 10 ×     96 runs
[moonbitlang/core] bench hashmap/hashmap_bench_test.mbt:114 ("bench HashMap::to_array Int n=50000") ok
time (mean ± σ)         range (min … max) 
 856.77 µs ±  22.40 µs   821.46 µs … 884.18 µs  in 10 ×    121 runs
[moonbitlang/core] bench hashmap/hashmap_bench_test.mbt:123 ("bench HashMap::to_array Ref n=50000") ok
time (mean ± σ)         range (min … max) 
 870.75 µs ±  29.14 µs   828.90 µs … 913.94 µs  in 10 ×    117 runs
[moonbitlang/core] bench hashmap/hashmap_bench_test.mbt:141 ("bench HashMap::filter n=50000") ok
time (mean ± σ)         range (min … max) 
   1.05 ms ±   1.30 µs     1.05 ms …   1.05 ms  in 10 ×     95 runs
[moonbitlang/core] bench hashmap/hashmap_bench_test.mbt:147 ("bench HashMap comprehension filter n=50000") ok
time (mean ± σ)         range (min … max) 
   3.53 ms ±  96.42 µs     3.37 ms …   3.66 ms  in 10 ×     28 runs
[moonbitlang/core] bench hashset/set_algebra_bench_test.mbt:26 ("bench HashSet::union String 10k 50% overlap") ok
time (mean ± σ)         range (min … max) 
 573.82 µs ±   5.28 µs   568.80 µs … 581.95 µs  in 10 ×    173 runs
[moonbitlang/core] bench hashset/set_algebra_bench_test.mbt:33 ("bench HashSet::union Int 10k 50% overlap") ok
time (mean ± σ)         range (min … max) 
 499.55 µs ±   5.58 µs   492.78 µs … 507.70 µs  in 10 ×    201 runs
[moonbitlang/core] bench hashset/set_algebra_bench_test.mbt:40 ("bench HashSet::intersection String 10k 50% overlap") ok
time (mean ± σ)         range (min … max) 
 311.28 µs ±  15.03 µs   297.27 µs … 335.31 µs  in 10 ×    291 runs
[moonbitlang/core] bench hashset/set_algebra_bench_test.mbt:47 ("bench HashSet::difference String 10k 50% overlap") ok
time (mean ± σ)         range (min … max) 
 298.13 µs ±   7.93 µs   292.90 µs … 318.69 µs  in 10 ×    296 runs
[moonbitlang/core] bench hashset/set_algebra_bench_test.mbt:54 ("bench HashSet::is_subset String 10k true") ok
time (mean ± σ)         range (min … max) 
 198.18 µs ±   3.06 µs   195.68 µs … 203.31 µs  in 10 ×    503 runs
[moonbitlang/core] bench hashset/set_algebra_bench_test.mbt:61 ("bench HashSet == String 10k") ok
time (mean ± σ)         range (min … max) 
 190.62 µs ±   3.57 µs   187.94 µs … 197.78 µs  in 10 ×    526 runs
[moonbitlang/core] bench hashset/set_algebra_bench_test.mbt:68 ("bench HashSet == Int 10k") ok
time (mean ± σ)         range (min … max) 
  74.70 µs ±  14.38 µs    64.79 µs …  99.60 µs  in 10 ×   1039 runs
[moonbitlang/core] bench hashset/hashset_bench_test.mbt:19 ("bench HashSet::add n=50000") ok
time (mean ± σ)         range (min … max) 
   2.23 ms ±  37.69 µs     2.19 ms …   2.28 ms  in 10 ×     45 runs
[moonbitlang/core] bench hashset/hashset_bench_test.mbt:30 ("bench HashSet::contains n=50000") ok
time (mean ± σ)         range (min … max) 
 982.83 µs ±  13.71 µs   969.42 µs …   1.01 ms  in 10 ×     97 runs
[moonbitlang/core] bench hashset/hashset_bench_test.mbt:56 ("bench HashSet::filter n=50000") ok
time (mean ± σ)         range (min … max) 
 433.12 µs ±   1.60 µs   429.86 µs … 435.51 µs  in 10 ×    229 runs
[moonbitlang/core] bench hashset/hashset_bench_test.mbt:62 ("bench HashSet comprehension filter n=50000") ok
time (mean ± σ)         range (min … max) 
   1.31 ms ±   1.90 µs     1.31 ms …   1.32 ms  in 10 ×     77 runs
[moonbitlang/core] bench immut/hashmap/update_bench_test.mbt:21 ("bench HashMap::remove absent x1000 n=100000") ok
time (mean ± σ)         range (min … max) 
  41.73 µs ± 166.63 ns    41.52 µs …  41.95 µs  in 10 ×   2400 runs
[moonbitlang/core] bench immut/hashmap/update_bench_test.mbt:32 ("bench HashMap::remove present x1000 n=100000") ok
time (mean ± σ)         range (min … max) 
 197.57 µs ± 445.40 ns   196.84 µs … 198.40 µs  in 10 ×    506 runs
[moonbitlang/core] bench immut/hashmap/update_bench_test.mbt:43 ("bench HashMap::union with a derived version n=100000") ok
time (mean ± σ)         range (min … max) 
 936.22 ns ±   2.01 ns   933.59 ns … 939.45 ns  in 10 × 100000 runs
[moonbitlang/core] bench immut/hashmap/update_bench_test.mbt:49 ("bench HashMap::intersection with a derived version n=100000") ok
time (mean ± σ)         range (min … max) 
 912.28 ns ±   2.66 ns   907.62 ns … 915.26 ns  in 10 × 100000 runs
[moonbitlang/core] bench immut/hashmap/hashmap_build_bench_test.mbt:37 ("bench HashMap constructor ordered n=10000") ok
time (mean ± σ)         range (min … max) 
   1.30 ms ±   6.86 µs     1.29 ms …   1.31 ms  in 10 ×     78 runs
[moonbitlang/core] bench immut/hashmap/hashmap_build_bench_test.mbt:43 ("bench HashMap constructor random n=10000") ok
time (mean ± σ)         range (min … max) 
   1.25 ms ±   7.68 µs     1.24 ms …   1.27 ms  in 10 ×     80 runs
[moonbitlang/core] bench immut/hashmap/hashmap_build_bench_test.mbt:49 ("bench HashMap::from_iter random n=10000") ok
time (mean ± σ)         range (min … max) 
   1.31 ms ±  10.58 µs     1.30 ms …   1.34 ms  in 10 ×     77 runs
[moonbitlang/core] bench immut/hashset/update_bench_test.mbt:21 ("bench HashSet::add existing x1000 n=100000") ok
time (mean ± σ)         range (min … max) 
  51.22 µs ±  54.93 ns    51.15 µs …  51.33 µs  in 10 ×   1954 runs
[moonbitlang/core] bench immut/hashset/update_bench_test.mbt:32 ("bench HashSet::remove absent x1000 n=100000") ok
time (mean ± σ)         range (min … max) 
  41.68 µs ± 117.45 ns    41.46 µs …  41.77 µs  in 10 ×   2419 runs
[moonbitlang/core] bench immut/hashset/update_bench_test.mbt:43 ("bench HashSet::add new x1000 n=100000") ok
time (mean ± σ)         range (min … max) 
 195.81 µs ±   4.56 µs   190.94 µs … 204.42 µs  in 10 ×    519 runs
[moonbitlang/core] bench immut/hashset/update_bench_test.mbt:54 ("bench HashSet::union with a derived version n=100000") ok
time (mean ± σ)         range (min … max) 
 752.31 ns ±   6.92 ns   739.21 ns … 756.86 ns  in 10 × 100000 runs
[moonbitlang/core] bench immut/hashset/hashset_build_bench_test.mbt:34 ("bench HashSet constructor ordered n=10000") ok
time (mean ± σ)         range (min … max) 
   1.23 ms ±   9.41 µs     1.23 ms …   1.26 ms  in 10 ×     81 runs
[moonbitlang/core] bench immut/hashset/hashset_build_bench_test.mbt:40 ("bench HashSet constructor random n=10000") ok
time (mean ± σ)         range (min … max) 
   1.25 ms ±  14.54 µs     1.24 ms …   1.29 ms  in 10 ×     80 runs
[moonbitlang/core] bench immut/hashset/hashset_build_bench_test.mbt:46 ("bench HashSet::from_iter random n=10000") ok
time (mean ± σ)         range (min … max) 
   1.27 ms ±   3.09 µs     1.27 ms …   1.28 ms  in 10 ×     79 runs
[moonbitlang/core] bench immut/priority_queue/priority_queue_build_bench_test.mbt:38 ("bench PriorityQueue::from_array ordered n=10000") ok
time (mean ± σ)         range (min … max) 
  95.23 µs ±   1.49 µs    94.39 µs …  99.38 µs  in 10 ×    975 runs
[moonbitlang/core] bench immut/priority_queue/priority_queue_build_bench_test.mbt:44 ("bench PriorityQueue::from_array reverse n=10000") ok
time (mean ± σ)         range (min … max) 
  76.38 µs ± 304.15 ns    76.11 µs …  76.94 µs  in 10 ×   1239 runs
[moonbitlang/core] bench immut/priority_queue/priority_queue_build_bench_test.mbt:50 ("bench PriorityQueue::from_array random n=10000") ok
time (mean ± σ)         range (min … max) 
  92.71 µs ±   1.66 µs    91.61 µs …  97.23 µs  in 10 ×   1000 runs
[moonbitlang/core] bench immut/priority_queue/priority_queue_build_bench_test.mbt:56 ("bench PriorityQueue::from_iter random n=10000") ok
time (mean ± σ)         range (min … max) 
 105.46 µs ± 735.52 ns   104.72 µs … 107.12 µs  in 10 ×    916 runs
[moonbitlang/core] bench immut/sorted_map/sorted_map_build_bench_test.mbt:54 ("bench SortedMap constructor reverse n=10000") ok
time (mean ± σ)         range (min … max) 
 126.47 µs ± 489.60 ns   125.50 µs … 126.98 µs  in 10 ×    785 runs
[moonbitlang/core] bench immut/sorted_map/sorted_map_build_bench_test.mbt:60 ("bench SortedMap::from_iter ordered n=10000") ok
time (mean ± σ)         range (min … max) 
   3.80 ms ±  25.94 µs     3.76 ms …   3.84 ms  in 10 ×     27 runs
[moonbitlang/core] bench immut/sorted_map/sorted_map_build_bench_test.mbt:66 ("bench SortedMap::from_iter almost ordered n=10000") ok
time (mean ± σ)         range (min … max) 
   3.83 ms ±  25.80 µs     3.80 ms …   3.87 ms  in 10 ×     27 runs
[moonbitlang/core] bench immut/sorted_map/sorted_map_build_bench_test.mbt:72 ("bench SortedMap::from_iter random n=10000") ok
time (mean ± σ)         range (min … max) 
   1.83 ms ±  15.49 µs     1.81 ms …   1.85 ms  in 10 ×     55 runs
[moonbitlang/core] bench immut/sorted_map/sorted_map_build_bench_test.mbt:78 ("bench SortedMap constructor ordered n=10000") ok
time (mean ± σ)         range (min … max) 
 128.88 µs ± 903.42 ns   127.62 µs … 129.84 µs  in 10 ×    766 runs
[moonbitlang/core] bench immut/sorted_map/sorted_map_build_bench_test.mbt:84 ("bench SortedMap constructor almost ordered n=10000") ok
time (mean ± σ)         range (min … max) 
 253.67 µs ± 808.29 ns   252.58 µs … 255.04 µs  in 10 ×    394 runs
[moonbitlang/core] bench immut/sorted_map/sorted_map_build_bench_test.mbt:90 ("bench SortedMap constructor random n=10000") ok
time (mean ± σ)         range (min … max) 
 833.48 µs ±   4.21 µs   828.29 µs … 840.07 µs  in 10 ×    119 runs
[moonbitlang/core] bench immut/sorted_map/merge_bench_test.mbt:29 ("bench merge disjoint n=1000") ok
time (mean ± σ)         range (min … max) 
   3.59 µs ±  15.85 ns     3.57 µs …   3.61 µs  in 10 ×  27632 runs
[moonbitlang/core] bench immut/sorted_map/merge_bench_test.mbt:36 ("bench merge disjoint n=5000") ok
time (mean ± σ)         range (min … max) 
   5.38 µs ±  56.70 ns     5.32 µs …   5.49 µs  in 10 ×  18641 runs
[moonbitlang/core] bench immut/sorted_map/merge_bench_test.mbt:43 ("bench merge disjoint n=10000") ok
time (mean ± σ)         range (min … max) 
   6.38 µs ±  44.27 ns     6.33 µs …   6.47 µs  in 10 ×  15651 runs
[moonbitlang/core] bench immut/sorted_map/merge_bench_test.mbt:50 ("bench merge overlapping 50% n=1000") ok
time (mean ± σ)         range (min … max) 
  10.28 µs ±  46.53 ns    10.20 µs …  10.35 µs  in 10 ×   9664 runs
[moonbitlang/core] bench immut/sorted_map/merge_bench_test.mbt:57 ("bench merge overlapping 50% n=5000") ok
time (mean ± σ)         range (min … max) 
  48.00 µs ±  80.21 ns    47.87 µs …  48.10 µs  in 10 ×   2077 runs
[moonbitlang/core] bench immut/sorted_map/merge_bench_test.mbt:64 ("bench merge overlapping 50% n=10000") ok
time (mean ± σ)         range (min … max) 
  83.96 µs ± 403.47 ns    83.43 µs …  84.63 µs  in 10 ×   1192 runs
[moonbitlang/core] bench immut/sorted_map/merge_bench_test.mbt:71 ("bench merge identical n=1000") ok
time (mean ± σ)         range (min … max) 
  10.68 µs ±  22.54 ns    10.66 µs …  10.71 µs  in 10 ×   9345 runs
[moonbitlang/core] bench immut/sorted_map/merge_bench_test.mbt:78 ("bench merge identical n=5000") ok
time (mean ± σ)         range (min … max) 
  52.32 µs ± 294.51 ns    51.93 µs …  52.73 µs  in 10 ×   1921 runs
[moonbitlang/core] bench immut/sorted_map/merge_bench_test.mbt:85 ("bench merge interleaved n=1000") ok
time (mean ± σ)         range (min … max) 
  52.24 µs ± 571.87 ns    51.90 µs …  53.56 µs  in 10 ×   1914 runs
[moonbitlang/core] bench immut/sorted_map/merge_bench_test.mbt:92 ("bench merge interleaved n=5000") ok
time (mean ± σ)         range (min … max) 
 291.97 µs ± 894.77 ns   290.30 µs … 293.09 µs  in 10 ×    343 runs
[moonbitlang/core] bench immut/sorted_map/merge_bench_test.mbt:99 ("bench merge small into large n=100+10000") ok
time (mean ± σ)         range (min … max) 
   4.79 µs ±  36.07 ns     4.74 µs …   4.85 µs  in 10 ×  20904 runs
[moonbitlang/core] bench immut/sorted_set/sorted_set_build_bench_test.mbt:51 ("bench SortedSet constructor reverse n=10000") ok
time (mean ± σ)         range (min … max) 
 111.37 µs ± 816.66 ns   110.39 µs … 112.53 µs  in 10 ×    896 runs
[moonbitlang/core] bench immut/sorted_set/sorted_set_build_bench_test.mbt:57 ("bench SortedSet::from_iter ordered n=10000") ok
time (mean ± σ)         range (min … max) 
   2.91 ms ±  21.61 µs     2.88 ms …   2.93 ms  in 10 ×     35 runs
[moonbitlang/core] bench immut/sorted_set/sorted_set_build_bench_test.mbt:63 ("bench SortedSet::from_iter almost ordered n=10000") ok
time (mean ± σ)         range (min … max) 
   2.89 ms ±  20.26 µs     2.87 ms …   2.93 ms  in 10 ×     35 runs
[moonbitlang/core] bench immut/sorted_set/sorted_set_build_bench_test.mbt:69 ("bench SortedSet::from_iter rev almost ordered n=10000") ok
time (mean ± σ)         range (min … max) 
   3.19 ms ±  27.29 µs     3.16 ms …   3.24 ms  in 10 ×     32 runs
[moonbitlang/core] bench immut/sorted_set/sorted_set_build_bench_test.mbt:75 ("bench SortedSet::from_iter random n=10000") ok
time (mean ± σ)         range (min … max) 
   1.68 ms ±  10.48 µs     1.67 ms …   1.70 ms  in 10 ×     60 runs
[moonbitlang/core] bench immut/sorted_set/sorted_set_build_bench_test.mbt:81 ("bench SortedSet constructor ordered n=10000") ok
time (mean ± σ)         range (min … max) 
 113.35 µs ± 534.56 ns   112.81 µs … 114.50 µs  in 10 ×    869 runs
[moonbitlang/core] bench immut/sorted_set/sorted_set_build_bench_test.mbt:87 ("bench SortedSet constructor almost ordered n=10000") ok
time (mean ± σ)         range (min … max) 
 172.35 µs ± 974.07 ns   171.14 µs … 173.51 µs  in 10 ×    578 runs
[moonbitlang/core] bench immut/sorted_set/sorted_set_build_bench_test.mbt:93 ("bench SortedSet constructor random n=10000") ok
time (mean ± σ)         range (min … max) 
 494.66 µs ± 476.86 ns   493.86 µs … 495.28 µs  in 10 ×    198 runs
[moonbitlang/core] bench immut/vector/vector_iter_bench_test.mbt:24 ("bench Vector::iter fold n=100000") ok
time (mean ± σ)         range (min … max) 
 617.21 µs ±   5.76 µs   607.90 µs … 625.43 µs  in 10 ×    162 runs
[moonbitlang/core] bench immut/vector/vector_iter_bench_test.mbt:30 ("bench Vector::iter each n=100000") ok
time (mean ± σ)         range (min … max) 
 620.13 µs ±   5.84 µs   608.25 µs … 625.34 µs  in 10 ×    162 runs
[moonbitlang/core] bench immut/vector/vector_iter_bench_test.mbt:40 ("bench Vector::iter to_array n=100000") ok
time (mean ± σ)         range (min … max) 
   1.28 ms ± 177.62 µs     1.09 ms …   1.45 ms  in 10 ×     94 runs
[moonbitlang/core] bench immut/vector/vector_iter_bench_test.mbt:46 ("bench Vector::for-in n=100000") ok
time (mean ± σ)         range (min … max) 
 618.93 µs ±   2.07 µs   615.53 µs … 622.37 µs  in 10 ×    158 runs
[moonbitlang/core] bench immut/vector/vector_contains_bench_test.mbt:24 ("bench Vector::contains missing n=100000") ok
time (mean ± σ)         range (min … max) 
  83.80 µs ± 446.93 ns    83.51 µs …  84.80 µs  in 10 ×   1185 runs
[moonbitlang/core] bench immut/vector/vector_contains_bench_test.mbt:30 ("bench Vector::contains tree-end n=100000") ok
time (mean ± σ)         range (min … max) 
  84.13 µs ±  73.19 ns    84.04 µs …  84.27 µs  in 10 ×   1188 runs
[moonbitlang/core] bench immut/vector/vector_contains_bench_test.mbt:36 ("bench Vector::contains tail-end n=100000") ok
time (mean ± σ)         range (min … max) 
  83.42 µs ±  89.97 ns    83.24 µs …  83.57 µs  in 10 ×   1201 runs
[moonbitlang/core] bench internal/strconv/parse_double_bench_test.mbt:48 ("bench parse_double fast digits n=4096") ok
time (mean ± σ)         range (min … max) 
 620.51 µs ±   4.41 µs   612.61 µs … 626.46 µs  in 10 ×    157 runs
[moonbitlang/core] bench internal/strconv/parse_double_bench_test.mbt:55 ("bench parse_double underscores n=4096") ok
time (mean ± σ)         range (min … max) 
 925.85 µs ±   4.68 µs   919.22 µs … 935.65 µs  in 10 ×    101 runs
[moonbitlang/core] bench internal/strconv/parse_double_bench_test.mbt:62 ("bench parse_double long mantissa n=4096") ok
time (mean ± σ)         range (min … max) 
   2.42 ms ±   3.91 µs     2.41 ms …   2.42 ms  in 10 ×     41 runs
[moonbitlang/core] bench json/stringify_indent_bench_test.mbt:45 ("bench Json::stringify deep wide indent=2 n=10000") ok
time (mean ± σ)         range (min … max) 
 245.74 µs ± 565.78 ns   244.71 µs … 246.32 µs  in 10 ×    409 runs
[moonbitlang/core] bench json/stringify_indent_bench_test.mbt:54 ("bench Json::stringify compact n=10000") ok
time (mean ± σ)         range (min … max) 
 178.37 µs ± 237.42 ns   178.00 µs … 178.66 µs  in 10 ×    564 runs
[moonbitlang/core] bench json/stringify_indent_bench_test.mbt:60 ("bench Json::stringify shallow wide indent=2 n=500") ok
time (mean ± σ)         range (min … max) 
 252.80 µs ±   1.77 µs   250.26 µs … 254.93 µs  in 10 ×    392 runs
[moonbitlang/core] bench json/stringify_indent_bench_test.mbt:66 ("bench Json::stringify shallow wide compact n=500") ok
time (mean ± σ)         range (min … max) 
 198.88 µs ± 309.35 ns   198.23 µs … 199.23 µs  in 10 ×    505 runs
[moonbitlang/core] bench json/stringify_escape_bench_test.mbt:24 ("bench Json::stringify strings no escape n=2048") ok
time (mean ± σ)         range (min … max) 
 158.06 µs ± 447.90 ns   157.67 µs … 159.15 µs  in 10 ×    630 runs
[moonbitlang/core] bench json/stringify_escape_bench_test.mbt:30 ("bench Json::stringify strings slash no escape n=2048") ok
time (mean ± σ)         range (min … max) 
 157.75 µs ± 378.14 ns   157.48 µs … 158.70 µs  in 10 ×    629 runs
[moonbitlang/core] bench json/stringify_escape_bench_test.mbt:36 ("bench Json::stringify strings slash escaped n=2048") ok
time (mean ± σ)         range (min … max) 
 418.78 µs ±   2.57 µs   413.87 µs … 420.73 µs  in 10 ×    240 runs
[moonbitlang/core] bench json/stringify_escape_bench_test.mbt:42 ("bench Json::stringify strings quotes controls n=2048") ok
time (mean ± σ)         range (min … max) 
 354.23 µs ± 298.09 ns   353.93 µs … 355.00 µs  in 10 ×    283 runs
[moonbitlang/core] bench json/stringify_escape_bench_test.mbt:48 ("bench Json::stringify 2KB prose one newline n=64") ok
time (mean ± σ)         range (min … max) 
 285.53 µs ± 166.62 ns   285.35 µs … 285.77 µs  in 10 ×    350 runs
[moonbitlang/core] bench json/parse_bench_test.mbt:45 ("bench json parse mixed object array n=1000") ok
time (mean ± σ)         range (min … max) 
   1.55 ms ±   5.48 µs     1.54 ms …   1.56 ms  in 10 ×     65 runs
[moonbitlang/core] bench json/number_bench_test.mbt:64 ("bench json parse int array n=10000") ok
time (mean ± σ)         range (min … max) 
   1.08 ms ±  15.87 µs     1.06 ms …   1.12 ms  in 10 ×     93 runs
[moonbitlang/core] bench json/number_bench_test.mbt:70 ("bench json parse float array n=10000") ok
time (mean ± σ)         range (min … max) 
   1.98 ms ±  68.49 µs     1.93 ms …   2.10 ms  in 10 ×     52 runs
[moonbitlang/core] bench json/number_bench_test.mbt:76 ("bench json parse long mantissa array n=10000") ok
time (mean ± σ)         range (min … max) 
   6.90 ms ± 245.56 µs     6.72 ms …   7.44 ms  in 10 ×     15 runs
[moonbitlang/core] bench json/lex_string_bench_test.mbt:43 ("bench json parse object with short keys n=1000") ok
time (mean ± σ)         range (min … max) 
 118.71 µs ± 518.50 ns   118.16 µs … 119.51 µs  in 10 ×    840 runs
[moonbitlang/core] bench json/lex_string_bench_test.mbt:59 ("bench json parse strings len=20 n=1000") ok
time (mean ± σ)         range (min … max) 
  57.87 µs ± 121.89 ns    57.73 µs …  58.07 µs  in 10 ×   1695 runs
[moonbitlang/core] bench json/lex_string_bench_test.mbt:66 ("bench json parse strings len=64 n=1000") ok
time (mean ± σ)         range (min … max) 
 130.15 µs ± 474.42 ns   129.86 µs … 131.34 µs  in 10 ×    763 runs
[moonbitlang/core] bench json/lex_string_bench_test.mbt:72 ("bench json parse strings len=1024 n=64") ok
time (mean ± σ)         range (min … max) 
 108.55 µs ± 281.48 ns   108.33 µs … 109.07 µs  in 10 ×    921 runs
[moonbitlang/core] bench json/lex_string_bench_test.mbt:78 ("bench json parse single string len=65536") ok
time (mean ± σ)         range (min … max) 
 106.83 µs ± 253.47 ns   106.63 µs … 107.47 µs  in 10 ×    631 runs
[moonbitlang/core] bench json/lex_string_bench_test.mbt:84 ("bench json parse strings len=1040 escape every 100 n=64") ok
time (mean ± σ)         range (min … max) 
 145.81 µs ± 486.90 ns   145.27 µs … 146.60 µs  in 10 ×    685 runs
[moonbitlang/core] bench json/lex_string_bench_test.mbt:99 ("bench json parse strings dense escapes n=1000") ok
time (mean ± σ)         range (min … max) 
 545.45 µs ±   2.87 µs   539.60 µs … 548.36 µs  in 10 ×    184 runs
[moonbitlang/core] bench json/lex_string_bench_test.mbt:114 ("bench json parse strings len=36 n=1000") ok
time (mean ± σ)         range (min … max) 
  84.54 µs ±  68.48 ns    84.44 µs …  84.65 µs  in 10 ×   1168 runs
[moonbitlang/core] bench json/lex_string_bench_test.mbt:121 ("bench json parse strings len=128 n=1000") ok
time (mean ± σ)         range (min … max) 
 234.53 µs ± 908.02 ns   233.63 µs … 236.45 µs  in 10 ×    425 runs
[moonbitlang/core] bench json/lex_string_bench_test.mbt:127 ("bench json parse strings len=136 n=1000") ok
time (mean ± σ)         range (min … max) 
 247.54 µs ± 799.96 ns   246.86 µs … 249.42 µs  in 10 ×    403 runs
[moonbitlang/core] bench json/json_inspect_bench_test.mbt:16 ("bench json_inspect passing Int") ok
time (mean ± σ)         range (min … max) 
  24.17 ns ±   0.33 ns    23.72 ns …  24.74 ns  in 10 × 100000 runs
[moonbitlang/core] bench json/from_json_bench_test.mbt:31 ("bench from_json Array[Array[Int]] 500x50") ok
time (mean ± σ)         range (min … max) 
 232.16 µs ± 579.02 ns   231.48 µs … 233.28 µs  in 10 ×    432 runs
[moonbitlang/core] bench json/from_json_bench_test.mbt:41 ("bench from_json Array[Double] n=10000") ok
time (mean ± σ)         range (min … max) 
  36.51 µs ±  68.25 ns    36.41 µs …  36.65 µs  in 10 ×   2733 runs
[moonbitlang/core] bench json/from_json_bench_test.mbt:51 ("bench from_json Map[String, Int] n=1000") ok
time (mean ± σ)         range (min … max) 
  52.99 µs ±  95.37 ns    52.89 µs …  53.21 µs  in 10 ×   1841 runs
[moonbitlang/core] bench lazy_list/concat_bench_test.mbt:40 ("bench LazyList build and traverse n=2048") ok
time (mean ± σ)         range (min … max) 
  64.42 µs ± 633.09 ns    63.35 µs …  65.15 µs  in 10 ×   1577 runs
[moonbitlang/core] bench lazy_list/concat_bench_test.mbt:49 ("bench LazyList re-traverse a forced list n=2048") ok
time (mean ± σ)         range (min … max) 
  32.43 µs ±  28.34 ns    32.37 µs …  32.46 µs  in 10 ×   3072 runs
[moonbitlang/core] bench lazy_list/concat_bench_test.mbt:57 ("bench LazyList left-nested concat, build only n=2048") ok
time (mean ± σ)         range (min … max) 
  74.28 µs ± 187.94 ns    74.09 µs …  74.67 µs  in 10 ×   1342 runs
[moonbitlang/core] bench lazy_list/concat_bench_test.mbt:62 ("bench LazyList left-nested concat, build and traverse n=2048") ok
time (mean ± σ)         range (min … max) 
 262.02 µs ± 860.60 ns   260.88 µs … 263.39 µs  in 10 ×    381 runs
[moonbitlang/core] bench lazy_list/concat_bench_test.mbt:69 ("bench LazyList concat while consuming n=2048") ok
time (mean ± σ)         range (min … max) 
 161.06 µs ± 496.89 ns   160.44 µs … 161.89 µs  in 10 ×    620 runs
[moonbitlang/core] bench lexbuf/lexbuf_bench_test.mbt:47 ("bench Lexbuf retained token chunks=10000 size=1") ok
time (mean ± σ)         range (min … max) 
 521.04 µs ±   2.48 µs   515.47 µs … 524.22 µs  in 10 ×    192 runs
[moonbitlang/core] bench lexbuf/lexbuf_bench_test.mbt:52 ("bench Lexbuf retained token chunks=1250 size=8") ok
time (mean ± σ)         range (min … max) 
  97.03 µs ± 654.58 ns    96.14 µs …  97.95 µs  in 10 ×    994 runs
[moonbitlang/core] bench lexbuf/lexbuf_bench_test.mbt:57 ("bench Lexbuf retained token chunks=157 size=64") ok
time (mean ± σ)         range (min … max) 
  59.26 µs ± 271.28 ns    58.85 µs …  59.58 µs  in 10 ×   1684 runs
[moonbitlang/core] bench lexbuf/lexbuf_bench_test.mbt:62 ("bench Lexbuf retained token chunks=20 size=512") ok
time (mean ± σ)         range (min … max) 
  49.30 µs ± 127.97 ns    49.09 µs …  49.44 µs  in 10 ×   2073 runs
[moonbitlang/core] bench quickcheck/shrink_collection_bench_test.mbt:16 ("bench shrink Array first candidate size=10000") ok
time (mean ± σ)         range (min … max) 
 140.65 ns ±   0.32 ns   139.98 ns … 141.14 ns  in 10 × 100000 runs
[moonbitlang/core] bench quickcheck/shrink_collection_bench_test.mbt:22 ("bench shrink List first candidate size=10000") ok
time (mean ± σ)         range (min … max) 
  75.34 µs ± 199.78 ns    75.08 µs …  75.74 µs  in 10 ×   1320 runs
[moonbitlang/core] bench quickcheck/generator_bench_test.mbt:16 ("bench Generator::zip_with n=1000000") ok
time (mean ± σ)         range (min … max) 
 257.57 ms ± 969.06 µs   255.59 ms … 258.27 ms  in 10 ×      1 runs
[moonbitlang/core] bench quickcheck/arbitrary_string_bench_test.mbt:16 ("bench Arbitrary String size=10000 count=100") ok
time (mean ± σ)         range (min … max) 
  59.81 ms ±  69.25 µs    59.71 ms …  59.90 ms  in 10 ×      2 runs
[moonbitlang/core] bench random/random_test.mbt:409 ("bench random") ok
time (mean ± σ)         range (min … max) 
 236.15 ms ± 245.07 µs   235.89 ms … 236.61 ms  in 10 ×      1 runs
[moonbitlang/core] bench set/set_algebra_bench_test.mbt:26 ("bench Set::union String 10k 50% overlap") ok
time (mean ± σ)         range (min … max) 
 675.21 µs ±   7.53 µs   667.56 µs … 688.25 µs  in 10 ×    149 runs
[moonbitlang/core] bench set/set_algebra_bench_test.mbt:33 ("bench Set::union Int 10k 50% overlap") ok
time (mean ± σ)         range (min … max) 
 641.56 µs ±   7.20 µs   630.88 µs … 653.81 µs  in 10 ×    159 runs
[moonbitlang/core] bench set/set_algebra_bench_test.mbt:40 ("bench Set::intersection String 10k 50% overlap") ok
time (mean ± σ)         range (min … max) 
 317.07 µs ±   1.83 µs   314.41 µs … 319.35 µs  in 10 ×    308 runs
[moonbitlang/core] bench set/set_algebra_bench_test.mbt:47 ("bench Set::difference String 10k 50% overlap") ok
time (mean ± σ)         range (min … max) 
 313.87 µs ±   7.78 µs   309.10 µs … 333.84 µs  in 10 ×    289 runs
[moonbitlang/core] bench set/set_algebra_bench_test.mbt:54 ("bench Set::is_subset String 10k true") ok
time (mean ± σ)         range (min … max) 
 156.04 µs ±   4.07 µs   151.22 µs … 159.78 µs  in 10 ×    624 runs
[moonbitlang/core] bench set/set_algebra_bench_test.mbt:61 ("bench Set == String 10k") ok
time (mean ± σ)         range (min … max) 
 161.39 µs ±   1.41 µs   160.13 µs … 164.30 µs  in 10 ×    601 runs
[moonbitlang/core] bench set/set_algebra_bench_test.mbt:68 ("bench Set == Int 10k") ok
time (mean ± σ)         range (min … max) 
 101.00 µs ±   1.76 µs    96.88 µs … 103.60 µs  in 10 ×   1076 runs
[moonbitlang/core] bench set/linked_hash_set_bench_test.mbt:19 ("bench Set::add n=50000") ok
time (mean ± σ)         range (min … max) 
   3.12 ms ±  66.58 µs     3.04 ms …   3.22 ms  in 10 ×     32 runs
[moonbitlang/core] bench set/linked_hash_set_bench_test.mbt:30 ("bench Set::contains n=50000") ok
time (mean ± σ)         range (min … max) 
   1.01 ms ±   6.32 µs   998.54 µs …   1.02 ms  in 10 ×     98 runs
[moonbitlang/core] bench set/linked_hash_set_bench_test.mbt:47 ("bench Set::contains miss n=50000") ok
time (mean ± σ)         range (min … max) 
   1.02 ms ±  13.73 µs     1.00 ms …   1.03 ms  in 10 ×     98 runs
[moonbitlang/core] bench set/linked_hash_set_bench_test.mbt:67 ("bench Set::add+remove n=50000") ok
time (mean ± σ)         range (min … max) 
   4.07 ms ±  26.55 µs     4.04 ms …   4.12 ms  in 10 ×     25 runs
[moonbitlang/core] bench set/linked_hash_set_bench_test.mbt:86 ("bench Set::filter n=50000") ok
time (mean ± σ)         range (min … max) 
 444.73 µs ±   2.89 µs   442.06 µs … 449.11 µs  in 10 ×    226 runs
[moonbitlang/core] bench set/linked_hash_set_bench_test.mbt:92 ("bench Set comprehension filter n=50000") ok
time (mean ± σ)         range (min … max) 
   1.25 ms ± 724.25 ns     1.25 ms …   1.25 ms  in 10 ×     81 runs
[moonbitlang/core] bench sorted_set/sorted_set_bench_test.mbt:22 ("bench SortedSet::to_array Int n=50000") ok
time (mean ± σ)         range (min … max) 
 367.56 µs ±   1.34 µs   366.45 µs … 370.75 µs  in 10 ×    273 runs
[moonbitlang/core] bench sorted_set/sorted_set_bench_test.mbt:30 ("bench SortedSet::to_array Ref n=50000") ok
time (mean ± σ)         range (min … max) 
 357.33 µs ±   2.02 µs   354.21 µs … 359.24 µs  in 10 ×    279 runs
[moonbitlang/core] bench string/regex_bench_test.mbt:16 ("bench regex /aa?b/ on 1MB string") ok
time (mean ± σ)         range (min … max) 
   5.66 ms ±   8.87 µs     5.64 ms …   5.67 ms  in 10 ×     18 runs
[moonbitlang/core] bench string/regex_bench_test.mbt:23 ("bench regex phone lines") ok
time (mean ± σ)         range (min … max) 
   4.10 µs ±   2.54 ns     4.10 µs …   4.10 µs  in 10 ×  24430 runs
[moonbitlang/core] bench string/regex_bench_test.mbt:43 ("bench regex large pattern") ok
time (mean ± σ)         range (min … max) 
   3.65 ms ±  22.45 µs     3.61 ms …   3.67 ms  in 10 ×     28 runs
[moonbitlang/core] bench v128/v128_bench_test.mbt:32 ("bench V128 i64x2_add n=10000") ok
time (mean ± σ)         range (min … max) 
 418.72 µs ±   1.99 µs   413.43 µs … 420.15 µs  in 10 ×    239 runs
[moonbitlang/core] bench v128/v128_bench_test.mbt:44 ("bench V128 i32x4_add n=10000") ok
time (mean ± σ)         range (min … max) 
   2.54 ms ±   1.68 µs     2.54 ms …   2.55 ms  in 10 ×     40 runs
[moonbitlang/core] bench v128/v128_bench_test.mbt:56 ("bench V128 i8x16_add n=10000") ok
time (mean ± σ)         range (min … max) 
  12.00 ms ±  43.91 µs    11.88 ms …  12.03 ms  in 10 ×      9 runs
[moonbitlang/core] bench v128/v128_bench_test.mbt:68 ("bench V128 i8x16_splat n=10000") ok
time (mean ± σ)         range (min … max) 
  13.63 ms ± 250.55 µs    13.42 ms …  14.15 ms  in 10 ×      7 runs
[moonbitlang/core] bench v128/v128_bench_test.mbt:79 ("bench V128 i8x16_extract_lane_u n=10000") ok
time (mean ± σ)         range (min … max) 
 249.25 µs ±   7.33 µs   241.94 µs … 263.46 µs  in 10 ×    372 runs
[moonbitlang/core] bench v128/v128_bench_test.mbt:93 ("bench V128 i8x16_replace_lane n=10000") ok
time (mean ± σ)         range (min … max) 
 674.25 µs ±   9.90 µs   665.15 µs … 688.97 µs  in 10 ×    145 runs
[moonbitlang/core] bench v128/v128_bench_test.mbt:108 ("bench V128 i8x16_bitmask n=10000") ok
time (mean ± σ)         range (min … max) 
   4.20 ms ±   9.01 µs     4.19 ms …   4.23 ms  in 10 ×     24 runs
[moonbitlang/core] bench v128/v128_bench_test.mbt:120 ("bench V128 load/store n=10000") ok
time (mean ± σ)         range (min … max) 
   5.32 ms ±  61.02 µs     5.18 ms …   5.40 ms  in 10 ×     19 runs
[moonbitlang/core] bench v128/v128_bench_test.mbt:135 ("bench V128 load8x8_u n=10000") ok
time (mean ± σ)         range (min … max) 
   2.30 ms ±  45.19 µs     2.25 ms …   2.35 ms  in 10 ×     43 runs
[moonbitlang/core] bench v128/v128_bench_test.mbt:147 ("bench V128 load8x8_s n=10000") ok
time (mean ± σ)         range (min … max) 
   2.36 ms ±  57.02 µs     2.31 ms …   2.44 ms  in 10 ×     42 runs
[moonbitlang/core] bench v128/v128_bench_test.mbt:159 ("bench V128 load16x4_u n=10000") ok
time (mean ± σ)         range (min … max) 
   1.83 ms ±  35.42 µs     1.79 ms …   1.86 ms  in 10 ×     54 runs
[moonbitlang/core] bench v128/v128_bench_test.mbt:171 ("bench V128 load16x4_s n=10000") ok
time (mean ± σ)         range (min … max) 
   1.86 ms ±  41.06 µs     1.82 ms …   1.91 ms  in 10 ×     53 runs
[moonbitlang/core] bench v128/v128_bench_test.mbt:183 ("bench V128 load32x2_u n=10000") ok
time (mean ± σ)         range (min … max) 
   1.61 ms ±  31.34 µs     1.57 ms …   1.64 ms  in 10 ×     62 runs
[moonbitlang/core] bench v128/v128_bench_test.mbt:195 ("bench V128 load32x2_s n=10000") ok
time (mean ± σ)         range (min … max) 
   1.64 ms ±  33.88 µs     1.60 ms …   1.68 ms  in 10 ×     60 runs
[moonbitlang/core] bench v128/v128_bench_test.mbt:207 ("bench V128 load_splat n=10000") ok
time (mean ± σ)         range (min … max) 
   7.54 ms ± 162.85 µs     7.29 ms …   7.67 ms  in 10 ×     14 runs
[moonbitlang/core] bench v128/v128_bench_test.mbt:223 ("bench V128 load8_lane n=10000") ok
time (mean ± σ)         range (min … max) 
 685.23 µs ±  10.84 µs   676.82 µs … 703.14 µs  in 10 ×    141 runs
[moonbitlang/core] bench v128/v128_bench_test.mbt:235 ("bench V128 load16_lane n=10000") ok
time (mean ± σ)         range (min … max) 
 687.49 µs ±  10.10 µs   680.11 µs … 702.41 µs  in 10 ×    144 runs
[moonbitlang/core] bench v128/v128_bench_test.mbt:247 ("bench V128 load32_lane n=10000") ok
time (mean ± σ)         range (min … max) 
 691.99 µs ±  12.26 µs   674.73 µs … 706.80 µs  in 10 ×    142 runs
[moonbitlang/core] bench v128/v128_bench_test.mbt:259 ("bench V128 load64_lane n=10000") ok
time (mean ± σ)         range (min … max) 
   1.11 ms ±  26.89 µs     1.09 ms …   1.15 ms  in 10 ×     89 runs
[moonbitlang/core] bench v128/v128_bench_test.mbt:271 ("bench V128 extend i8x16 to i16x8 n=10000") ok
time (mean ± σ)         range (min … max) 
   9.48 ms ±  66.52 µs     9.36 ms …   9.54 ms  in 10 ×     11 runs
[moonbitlang/core] bench v128/v128_bench_test.mbt:285 ("bench V128 extend i16x8 to i32x4 n=10000") ok
time (mean ± σ)         range (min … max) 
   3.88 ms ±  27.25 µs     3.84 ms …   3.91 ms  in 10 ×     26 runs
[moonbitlang/core] bench v128/v128_bench_test.mbt:299 ("bench V128 extend i32x4 to i64x2 n=10000") ok
time (mean ± σ)         range (min … max) 
   2.34 ms ±   4.02 µs     2.34 ms …   2.35 ms  in 10 ×     43 runs
[moonbitlang/core] bench v128/v128_bench_test.mbt:313 ("bench V128 all_true n=10000") ok
time (mean ± σ)         range (min … max) 
 747.03 µs ±  15.92 µs   730.36 µs … 772.47 µs  in 10 ×    135 runs
[moonbitlang/core] bench v128/v128_bench_test.mbt:337 ("bench V128 bitmask all widths n=10000") ok
time (mean ± σ)         range (min … max) 
   7.76 ms ±  21.45 µs     7.73 ms …   7.80 ms  in 10 ×     13 runs
[moonbitlang/core] bench v128/v128_bench_test.mbt:353 ("bench V128 swizzle n=10000") ok
time (mean ± σ)         range (min … max) 
  22.93 ms ± 108.31 µs    22.70 ms …  23.06 ms  in 10 ×      5 runs
[moonbitlang/core] bench v128/v128_bench_test.mbt:371 ("bench V128 shuffle n=10000") ok
time (mean ± σ)         range (min … max) 
  17.96 ms ±  19.31 µs    17.91 ms …  17.98 ms  in 10 ×      6 runs
Total tests: 503, passed: 503, failed: 0.
