[moonbitlang/core] bench argparse/globals_bench_test.mbt:16 ("bench parse inherited globals with an override") ok
time (mean ± σ)         range (min … max) 
   2.46 µs ±  15.05 ns     2.44 µs …   2.49 µs  in 10 ×  40340 runs
[moonbitlang/core] bench bench/hash_bench_test.mbt:16 ("bench Hash for Bytes (small)") ok
time (mean ± σ)         range (min … max) 
  12.92 ns ±   0.13 ns    12.78 ns …  13.19 ns  in 10 × 100000 runs
[moonbitlang/core] bench bench/hash_bench_test.mbt:22 ("bench Hash for Bytes (medium)") ok
time (mean ± σ)         range (min … max) 
 137.25 ns ±   0.12 ns   137.10 ns … 137.45 ns  in 10 × 100000 runs
[moonbitlang/core] bench bench/hash_bench_test.mbt:28 ("bench Hash for Bytes (large)") ok
time (mean ± σ)         range (min … max) 
   2.29 µs ±   1.73 ns     2.29 µs …   2.29 µs  in 10 ×  43559 runs
[moonbitlang/core] bench bench/hash_bench_test.mbt:34 ("bench Hash for BytesView (small)") ok
time (mean ± σ)         range (min … max) 
  16.06 ns ±   0.33 ns    15.51 ns …  16.59 ns  in 10 × 100000 runs
[moonbitlang/core] bench bench/hash_bench_test.mbt:41 ("bench Hash for BytesView (medium)") ok
time (mean ± σ)         range (min … max) 
 140.32 ns ±   0.19 ns   140.08 ns … 140.62 ns  in 10 × 100000 runs
[moonbitlang/core] bench bench/hash_bench_test.mbt:48 ("bench Hash for BytesView (large)") ok
time (mean ± σ)         range (min … max) 
   2.30 µs ±   1.91 ns     2.30 µs …   2.31 µs  in 10 ×  43333 runs
[moonbitlang/core] bench bench/hash_bench_test.mbt:55 ("bench Hasher::combine_bytes (small)") ok
time (mean ± σ)         range (min … max) 
  15.19 ns ±   0.29 ns    14.89 ns …  15.68 ns  in 10 × 100000 runs
[moonbitlang/core] bench bench/hash_bench_test.mbt:65 ("bench Hasher::combine_bytes (medium)") ok
time (mean ± σ)         range (min … max) 
 124.71 ns ±   0.36 ns   124.24 ns … 125.31 ns  in 10 × 100000 runs
[moonbitlang/core] bench bench/hash_bench_test.mbt:75 ("bench Hasher::combine_bytes (large)") ok
time (mean ± σ)         range (min … max) 
   2.03 µs ±   3.88 ns     2.02 µs …   2.04 µs  in 10 ×  49364 runs
[moonbitlang/core] bench bigint/to_string_radix_bench_test.mbt:23 ("bench bigint to_string radix=7 (4000 bits)") ok
time (mean ± σ)         range (min … max) 
  31.99 µs ±  90.77 ns    31.92 µs …  32.20 µs  in 10 ×   3089 runs
[moonbitlang/core] bench bigint/to_string_radix_bench_test.mbt:29 ("bench bigint to_string radix=36 (4000 bits)") ok
time (mean ± σ)         range (min … max) 
  36.15 µs ± 101.22 ns    36.06 µs …  36.34 µs  in 10 ×   2757 runs
[moonbitlang/core] bench bigint/to_string_radix_bench_test.mbt:35 ("bench bigint to_string radix=10 reference (4000 bits)") ok
time (mean ± σ)         range (min … max) 
  29.87 µs ±  94.90 ns    29.81 µs …  30.13 µs  in 10 ×   3302 runs
[moonbitlang/core] bench bigint/to_string_bench_test.mbt:30 ("bench BigInt::to_string n=40 digits") ok
time (mean ± σ)         range (min … max) 
 206.91 ns ±   0.27 ns   206.53 ns … 207.35 ns  in 10 × 100000 runs
[moonbitlang/core] bench bigint/to_string_bench_test.mbt:36 ("bench BigInt::to_string n=400 digits") ok
time (mean ± σ)         range (min … max) 
   4.06 µs ±  21.12 ns     4.04 µs …   4.09 µs  in 10 ×  24261 runs
[moonbitlang/core] bench bigint/to_string_bench_test.mbt:42 ("bench BigInt::to_string n=4000 digits") ok
time (mean ± σ)         range (min … max) 
 307.60 µs ± 365.13 ns   307.34 µs … 308.57 µs  in 10 ×    325 runs
[moonbitlang/core] bench bigint/to_string_bench_test.mbt:48 ("bench BigInt::to_string n=40000 digits") ok
time (mean ± σ)         range (min … max) 
  29.22 ms ±  44.72 µs    29.19 ms …  29.34 ms  in 10 ×      4 runs
[moonbitlang/core] bench bigint/to_string_bench_test.mbt:54 ("bench BigInt::to_string n=250000 digits") ok
time (mean ± σ)         range (min … max) 
   1.14 s ± 728.56 µs     1.14 s …   1.14 s  in 10 ×      1 runs
[moonbitlang/core] bench bigint/from_octets_bench_test.mbt:21 ("bench BigInt::from_octets n=64") ok
time (mean ± σ)         range (min … max) 
  62.47 ns ±   4.13 ns    59.06 ns …  67.91 ns  in 10 × 100000 runs
[moonbitlang/core] bench bigint/from_octets_bench_test.mbt:27 ("bench BigInt::from_octets n=1024") ok
time (mean ± σ)         range (min … max) 
 741.13 ns ±  25.19 ns   723.48 ns … 788.43 ns  in 10 × 100000 runs
[moonbitlang/core] bench bigint/division_bench_test.mbt:66 ("bench BigInt balanced division n=4000 digits") ok
time (mean ± σ)         range (min … max) 
 211.31 µs ± 157.73 ns   211.07 µs … 211.58 µs  in 10 ×    474 runs
[moonbitlang/core] bench bigint/division_bench_test.mbt:72 ("bench BigInt balanced division n=40000 digits") ok
time (mean ± σ)         range (min … max) 
  20.47 ms ±  14.98 µs    20.45 ms …  20.49 ms  in 10 ×      5 runs
[moonbitlang/core] bench bigint/division_bench_test.mbt:78 ("bench BigInt balanced division n=250000 digits") ok
time (mean ± σ)         range (min … max) 
 797.75 ms ± 574.44 µs   797.17 ms … 798.65 ms  in 10 ×      1 runs
[moonbitlang/core] bench bigint/division_bench_test.mbt:84 ("bench BigInt unbalanced division q=65536 d=64 limbs") ok
time (mean ± σ)         range (min … max) 
  21.24 ms ±  58.29 µs    21.17 ms …  21.34 ms  in 10 ×      5 runs
[moonbitlang/core] bench bigint/division_bench_test.mbt:90 ("bench BigInt narrow division q=9 d=64 limbs") ok
time (mean ± σ)         range (min … max) 
 861.26 ns ±   1.22 ns   859.43 ns … 862.89 ns  in 10 × 100000 runs
[moonbitlang/core] bench buffer/write_bench_test.mbt:30 ("bench Buffer::write_byte n=4096") ok
time (mean ± σ)         range (min … max) 
   8.02 µs ± 131.94 ns     7.93 µs …   8.21 µs  in 10 ×  12624 runs
[moonbitlang/core] bench buffer/write_bench_test.mbt:42 ("bench Buffer::write_uint16_be n=4096") ok
time (mean ± σ)         range (min … max) 
   8.55 µs ±  33.71 ns     8.50 µs …   8.58 µs  in 10 ×  11647 runs
[moonbitlang/core] bench buffer/write_bench_test.mbt:54 ("bench Buffer::write_uint_le n=4096") ok
time (mean ± σ)         range (min … max) 
  10.27 µs ±  16.20 ns    10.23 µs …  10.28 µs  in 10 ×   9786 runs
[moonbitlang/core] bench buffer/write_bench_test.mbt:66 ("bench Buffer::write_uint64_be n=4096") ok
time (mean ± σ)         range (min … max) 
  14.03 µs ±  99.09 ns    13.91 µs …  14.14 µs  in 10 ×   7088 runs
[moonbitlang/core] bench buffer/write_bench_test.mbt:78 ("bench Buffer::write_char_utf8 ASCII n=4096") ok
time (mean ± σ)         range (min … max) 
   8.13 µs ±  60.71 ns     8.03 µs …   8.22 µs  in 10 ×  12134 runs
[moonbitlang/core] bench buffer/write_bench_test.mbt:90 ("bench Buffer::write_char_utf8 non-BMP n=4096") ok
time (mean ± σ)         range (min … max) 
  12.82 µs ± 130.00 ns    12.62 µs …  12.93 µs  in 10 ×   7960 runs
[moonbitlang/core] bench buffer/write_bench_test.mbt:103 ("bench Buffer::write_char_utf16le BMP n=4096") ok
time (mean ± σ)         range (min … max) 
   8.71 µs ±  42.50 ns     8.66 µs …   8.79 µs  in 10 ×  11475 runs
[moonbitlang/core] bench buffer/write_bench_test.mbt:115 ("bench Buffer::write_string_utf16le chunks n=4096") ok
time (mean ± σ)         range (min … max) 
  72.78 µs ± 500.76 ns    72.45 µs …  73.60 µs  in 10 ×   1381 runs
[moonbitlang/core] bench buffer/write_bench_test.mbt:130 ("bench @buffer.from_array n=4096") ok
time (mean ± σ)         range (min … max) 
   2.62 µs ±  10.76 ns     2.61 µs …   2.64 µs  in 10 ×  37882 runs
[moonbitlang/core] bench builtin/view_bench_test.mbt:34 ("bench ArrayView::at Int n=100000") ok
time (mean ± σ)         range (min … max) 
  81.47 µs ± 157.53 ns    81.37 µs …  81.90 µs  in 10 ×   1230 runs
[moonbitlang/core] bench builtin/view_bench_test.mbt:47 ("bench ArrayView::get Int n=100000") ok
time (mean ± σ)         range (min … max) 
  68.15 µs ± 211.26 ns    67.97 µs …  68.53 µs  in 10 ×   1471 runs
[moonbitlang/core] bench builtin/view_bench_test.mbt:62 ("bench ArrayView::unsafe_get Int n=100000") ok
time (mean ± σ)         range (min … max) 
  58.62 µs ±  96.35 ns    58.49 µs …  58.74 µs  in 10 ×   1706 runs
[moonbitlang/core] bench builtin/view_bench_test.mbt:75 ("bench ArrayView::rev_fold Int n=100000") ok
time (mean ± σ)         range (min … max) 
  56.87 µs ±  50.45 ns    56.80 µs …  56.94 µs  in 10 ×   1762 runs
[moonbitlang/core] bench builtin/view_bench_test.mbt:82 ("bench ArrayView::rev_foldi Int n=100000") ok
time (mean ± σ)         range (min … max) 
  56.84 µs ±  26.01 ns    56.78 µs …  56.87 µs  in 10 ×   1760 runs
[moonbitlang/core] bench builtin/view_bench_test.mbt:91 ("bench ArrayView::equal Int n=100000") ok
time (mean ± σ)         range (min … max) 
  76.34 µs ±  90.51 ns    76.20 µs …  76.54 µs  in 10 ×   1312 runs
[moonbitlang/core] bench builtin/view_bench_test.mbt:99 ("bench ArrayView::compare Int n=100000") ok
time (mean ± σ)         range (min … max) 
  98.35 µs ± 142.68 ns    98.22 µs …  98.72 µs  in 10 ×   1017 runs
[moonbitlang/core] bench builtin/view_bench_test.mbt:107 ("bench MutArrayView::at Int n=100000") ok
time (mean ± σ)         range (min … max) 
  81.43 µs ±  51.54 ns    81.37 µs …  81.50 µs  in 10 ×   1230 runs
[moonbitlang/core] bench builtin/view_bench_test.mbt:120 ("bench MutArrayView::unsafe_get Int n=100000") ok
time (mean ± σ)         range (min … max) 
  58.65 µs ±  69.25 ns    58.55 µs …  58.74 µs  in 10 ×   1706 runs
[moonbitlang/core] bench builtin/view_bench_test.mbt:133 ("bench MutArrayView::set Int n=100000") ok
time (mean ± σ)         range (min … max) 
 108.51 µs ±  50.03 ns   108.44 µs … 108.60 µs  in 10 ×    923 runs
[moonbitlang/core] bench builtin/view_bench_test.mbt:145 ("bench MutArrayView::unsafe_set Int n=100000") ok
time (mean ± σ)         range (min … max) 
  57.75 µs ± 128.54 ns    57.57 µs …  57.95 µs  in 10 ×   1739 runs
[moonbitlang/core] bench builtin/view_bench_test.mbt:157 ("bench BytesView::at n=100000") ok
time (mean ± σ)         range (min … max) 
  81.40 µs ±  52.21 ns    81.33 µs …  81.49 µs  in 10 ×   1230 runs
[moonbitlang/core] bench builtin/view_bench_test.mbt:170 ("bench BytesView::unsafe_get n=100000") ok
time (mean ± σ)         range (min … max) 
  53.00 µs ±  81.63 ns    52.86 µs …  53.10 µs  in 10 ×   1890 runs
[moonbitlang/core] bench builtin/stringbuilder_bench_test.mbt:28 ("bench StringBuilder::write_string chunks n=4096") ok
time (mean ± σ)         range (min … max) 
  82.91 µs ±   2.78 µs    78.28 µs …  84.76 µs  in 10 ×   1283 runs
[moonbitlang/core] bench builtin/stringbuilder_bench_test.mbt:41 ("bench StringBuilder::write_view chunks n=4096") ok
time (mean ± σ)         range (min … max) 
  78.66 µs ± 540.18 ns    78.23 µs …  79.78 µs  in 10 ×   1273 runs
[moonbitlang/core] bench builtin/stringbuilder_bench_test.mbt:54 ("bench StringBuilder::write_stringview chunks n=4096") ok
time (mean ± σ)         range (min … max) 
  78.41 µs ± 216.56 ns    78.17 µs …  78.77 µs  in 10 ×   1270 runs
[moonbitlang/core] bench builtin/stringbuilder_bench_test.mbt:67 ("bench StringBuilder::write_char ASCII n=4096") ok
time (mean ± σ)         range (min … max) 
   8.68 µs ± 430.40 ns     8.36 µs …   9.31 µs  in 10 ×  11916 runs
[moonbitlang/core] bench builtin/stringbuilder_bench_test.mbt:79 ("bench StringBuilder::write_char non-BMP n=4096") ok
time (mean ± σ)         range (min … max) 
  10.91 µs ± 313.52 ns    10.79 µs …  11.80 µs  in 10 ×   9271 runs
[moonbitlang/core] bench builtin/stringbuilder_bench_test.mbt:92 ("bench StringBuilder::reset reuse spare capacity n=4096") ok
time (mean ± σ)         range (min … max) 
 131.10 µs ±   1.19 µs   129.80 µs … 132.42 µs  in 10 ×    758 runs
[moonbitlang/core] bench builtin/string_to_upper_bench_test.mbt:61 ("bench String::to_upper short") ok
time (mean ± σ)         range (min … max) 
  30.29 ns ±   0.52 ns    29.73 ns …  31.51 ns  in 10 × 100000 runs
[moonbitlang/core] bench builtin/string_to_upper_bench_test.mbt:66 ("bench String::to_upper long") ok
time (mean ± σ)         range (min … max) 
   1.13 µs ±   4.22 ns     1.13 µs …   1.14 µs  in 10 ×  85431 runs
[moonbitlang/core] bench builtin/string_to_upper_bench_test.mbt:71 ("bench String::to_upper sparse") ok
time (mean ± σ)         range (min … max) 
   1.11 µs ±   5.23 ns     1.10 µs …   1.11 µs  in 10 ×  89955 runs
[moonbitlang/core] bench builtin/string_to_upper_bench_test.mbt:76 ("bench String::to_upper late-lowercase") ok
time (mean ± σ)         range (min … max) 
   1.02 µs ±   3.45 ns     1.01 µs …   1.02 µs  in 10 ×  97660 runs
[moonbitlang/core] bench builtin/string_to_upper_bench_test.mbt:81 ("bench String::to_upper one-unit runs") ok
time (mean ± σ)         range (min … max) 
   1.06 µs ±   2.60 ns     1.06 µs …   1.07 µs  in 10 ×  94123 runs
[moonbitlang/core] bench builtin/string_to_upper_bench_test.mbt:86 ("bench String::to_upper all-lowercase") ok
time (mean ± σ)         range (min … max) 
   1.20 µs ±   2.45 ns     1.20 µs …   1.20 µs  in 10 ×  83261 runs
[moonbitlang/core] bench builtin/string_to_upper_bench_test.mbt:91 ("bench String::to_upper no-change short") ok
time (mean ± σ)         range (min … max) 
  13.22 ns ±   0.47 ns    12.74 ns …  14.01 ns  in 10 × 100000 runs
[moonbitlang/core] bench builtin/string_to_upper_bench_test.mbt:96 ("bench String::to_upper no-change long") ok
time (mean ± σ)         range (min … max) 
 493.08 ns ±   0.38 ns   492.49 ns … 493.69 ns  in 10 × 100000 runs
[moonbitlang/core] bench builtin/string_to_upper_bench_test.mbt:101 ("bench StringView::to_upper short") ok
time (mean ± σ)         range (min … max) 
  31.01 ns ±   0.36 ns    30.45 ns …  31.51 ns  in 10 × 100000 runs
[moonbitlang/core] bench builtin/string_to_upper_bench_test.mbt:106 ("bench StringView::to_upper long") ok
time (mean ± σ)         range (min … max) 
   1.13 µs ±   5.41 ns     1.12 µs …   1.14 µs  in 10 ×  88290 runs
[moonbitlang/core] bench builtin/string_to_upper_bench_test.mbt:111 ("bench StringView::to_upper no-change long") ok
time (mean ± σ)         range (min … max) 
 494.84 ns ±   2.45 ns   493.05 ns … 500.32 ns  in 10 × 100000 runs
[moonbitlang/core] bench builtin/string_to_lower_bench_test.mbt:61 ("bench String::to_lower short") ok
time (mean ± σ)         range (min … max) 
  29.57 ns ±   0.28 ns    29.14 ns …  29.95 ns  in 10 × 100000 runs
[moonbitlang/core] bench builtin/string_to_lower_bench_test.mbt:66 ("bench String::to_lower long") ok
time (mean ± σ)         range (min … max) 
   1.13 µs ±   5.03 ns     1.12 µs …   1.13 µs  in 10 ×  88575 runs
[moonbitlang/core] bench builtin/string_to_lower_bench_test.mbt:71 ("bench String::to_lower sparse") ok
time (mean ± σ)         range (min … max) 
   1.04 µs ±   5.70 ns     1.03 µs …   1.05 µs  in 10 ×  96722 runs
[moonbitlang/core] bench builtin/string_to_lower_bench_test.mbt:76 ("bench String::to_lower late-uppercase") ok
time (mean ± σ)         range (min … max) 
   1.04 µs ±   6.60 ns     1.03 µs …   1.05 µs  in 10 ×  96536 runs
[moonbitlang/core] bench builtin/string_to_lower_bench_test.mbt:81 ("bench String::to_lower one-unit runs") ok
time (mean ± σ)         range (min … max) 
   1.12 µs ±  29.35 ns     1.10 µs …   1.19 µs  in 10 ×  90895 runs
[moonbitlang/core] bench builtin/string_to_lower_bench_test.mbt:86 ("bench String::to_lower all-uppercase") ok
time (mean ± σ)         range (min … max) 
   1.20 µs ±   4.49 ns     1.20 µs …   1.21 µs  in 10 ×  83259 runs
[moonbitlang/core] bench builtin/string_to_lower_bench_test.mbt:91 ("bench String::to_lower no-change short") ok
time (mean ± σ)         range (min … max) 
  13.49 ns ±   0.10 ns    13.35 ns …  13.67 ns  in 10 × 100000 runs
[moonbitlang/core] bench builtin/string_to_lower_bench_test.mbt:96 ("bench String::to_lower no-change long") ok
time (mean ± σ)         range (min … max) 
 501.94 ns ±   0.30 ns   501.45 ns … 502.42 ns  in 10 × 100000 runs
[moonbitlang/core] bench builtin/string_to_lower_bench_test.mbt:101 ("bench StringView::to_lower short") ok
time (mean ± σ)         range (min … max) 
  30.68 ns ±   0.30 ns    30.24 ns …  31.15 ns  in 10 × 100000 runs
[moonbitlang/core] bench builtin/string_to_lower_bench_test.mbt:106 ("bench StringView::to_lower long") ok
time (mean ± σ)         range (min … max) 
   1.14 µs ±   5.10 ns     1.14 µs …   1.15 µs  in 10 ×  87131 runs
[moonbitlang/core] bench builtin/string_to_lower_bench_test.mbt:111 ("bench StringView::to_lower no-change long") ok
time (mean ± σ)         range (min … max) 
 502.72 ns ±   0.35 ns   502.06 ns … 503.14 ns  in 10 × 100000 runs
[moonbitlang/core] bench builtin/string_to_array_bench_test.mbt:24 ("bench String::to_array ASCII 51 chars") ok
time (mean ± σ)         range (min … max) 
 104.12 ns ±   0.13 ns   103.83 ns … 104.32 ns  in 10 × 100000 runs
[moonbitlang/core] bench builtin/string_to_array_bench_test.mbt:29 ("bench String::to_array mixed 1KB") ok
time (mean ± σ)         range (min … max) 
   1.84 µs ±   4.40 ns     1.83 µs …   1.85 µs  in 10 ×  53742 runs
[moonbitlang/core] bench builtin/string_to_array_bench_test.mbt:34 ("bench StringView::to_array mixed 1KB") ok
time (mean ± σ)         range (min … max) 
   1.86 µs ±   9.63 ns     1.84 µs …   1.87 µs  in 10 ×  53329 runs
[moonbitlang/core] bench builtin/string_methods_bench_test.mbt:36 ("bench StringView::has_prefix match n=100000 needle=128") ok
time (mean ± σ)         range (min … max) 
 103.90 ns ±   0.24 ns   103.58 ns … 104.17 ns  in 10 × 100000 runs
[moonbitlang/core] bench builtin/string_methods_bench_test.mbt:45 ("bench StringView::has_prefix mismatch n=100000 needle=128") ok
time (mean ± σ)         range (min … max) 
   9.96 ns ±   0.23 ns     9.62 ns …  10.32 ns  in 10 × 100000 runs
[moonbitlang/core] bench builtin/string_methods_bench_test.mbt:54 ("bench StringView::has_suffix match n=100000 needle=128") ok
time (mean ± σ)         range (min … max) 
 104.08 ns ±   0.19 ns   103.80 ns … 104.41 ns  in 10 × 100000 runs
[moonbitlang/core] bench builtin/string_methods_bench_test.mbt:63 ("bench StringView::has_suffix mismatch n=100000 needle=128") ok
time (mean ± σ)         range (min … max) 
  10.04 ns ±   0.25 ns     9.54 ns …  10.30 ns  in 10 × 100000 runs
[moonbitlang/core] bench builtin/string_find_code_unit_bench_test.mbt:16 ("bench find one code unit absent n=4") ok
time (mean ± σ)         range (min … max) 
  12.09 ns ±   0.17 ns    11.85 ns …  12.33 ns  in 10 × 100000 runs
[moonbitlang/core] bench builtin/string_find_code_unit_bench_test.mbt:22 ("bench find one code unit absent n=8") ok
time (mean ± σ)         range (min … max) 
  13.22 ns ±   0.37 ns    12.76 ns …  13.93 ns  in 10 × 100000 runs
[moonbitlang/core] bench builtin/string_find_code_unit_bench_test.mbt:28 ("bench find one code unit present@0 n=8") ok
time (mean ± σ)         range (min … max) 
  10.29 ns ±   0.32 ns     9.82 ns …  10.61 ns  in 10 × 100000 runs
[moonbitlang/core] bench builtin/string_find_code_unit_bench_test.mbt:34 ("bench find one code unit absent n=64") ok
time (mean ± σ)         range (min … max) 
  43.46 ns ±   0.15 ns    43.25 ns …  43.69 ns  in 10 × 100000 runs
[moonbitlang/core] bench builtin/string_find_code_unit_bench_test.mbt:40 ("bench find one code unit absent n=256") ok
time (mean ± σ)         range (min … max) 
 153.03 ns ±   0.87 ns   152.07 ns … 154.85 ns  in 10 × 100000 runs
[moonbitlang/core] bench builtin/string_find_code_unit_bench_test.mbt:46 ("bench find one code unit present@end n=256") ok
time (mean ± σ)         range (min … max) 
 148.48 ns ±   0.29 ns   148.15 ns … 148.87 ns  in 10 × 100000 runs
[moonbitlang/core] bench builtin/string_find_code_unit_bench_test.mbt:52 ("bench rev_find one code unit absent n=256") ok
time (mean ± σ)         range (min … max) 
 154.47 ns ±   1.19 ns   153.62 ns … 157.27 ns  in 10 × 100000 runs
[moonbitlang/core] bench builtin/string_find_code_unit_bench_test.mbt:58 ("bench rev_find one code unit present@start n=256") ok
time (mean ± σ)         range (min … max) 
 148.89 ns ±   0.27 ns   148.58 ns … 149.39 ns  in 10 × 100000 runs
[moonbitlang/core] bench builtin/string_find_code_unit_bench_test.mbt:64 ("bench rev_find one code unit present@end n=8") ok
time (mean ± σ)         range (min … max) 
  10.19 ns ±   0.21 ns     9.89 ns …  10.50 ns  in 10 × 100000 runs
[moonbitlang/core] bench builtin/string_find_code_unit_bench_test.mbt:70 ("bench StringView find one code unit absent n=256") ok
time (mean ± σ)         range (min … max) 
 137.19 ns ±   0.38 ns   136.73 ns … 137.67 ns  in 10 × 100000 runs
[moonbitlang/core] bench builtin/string_find_code_unit_bench_test.mbt:77 ("bench StringView rev_find one code unit absent n=256") ok
time (mean ± σ)         range (min … max) 
 142.98 ns ±   0.95 ns   141.98 ns … 144.28 ns  in 10 × 100000 runs
[moonbitlang/core] bench builtin/string_find_code_unit_bench_test.mbt:84 ("bench find two anchors absent n=256") ok
time (mean ± σ)         range (min … max) 
 228.19 ns ±   0.51 ns   227.50 ns … 229.10 ns  in 10 × 100000 runs
[moonbitlang/core] bench builtin/string_find_code_unit_bench_test.mbt:90 ("bench find two anchors present@end n=256") ok
time (mean ± σ)         range (min … max) 
 252.77 ns ±   0.34 ns   252.42 ns … 253.39 ns  in 10 × 100000 runs
[moonbitlang/core] bench builtin/string_find_code_unit_bench_test.mbt:96 ("bench find two anchors dense false positives n=256") ok
time (mean ± σ)         range (min … max) 
 666.38 ns ±   0.61 ns   665.58 ns … 667.24 ns  in 10 × 100000 runs
[moonbitlang/core] bench builtin/string_find_code_unit_bench_test.mbt:102 ("bench find two anchors long absent n=256") ok
time (mean ± σ)         range (min … max) 
 204.62 ns ±   0.33 ns   204.22 ns … 205.09 ns  in 10 × 100000 runs
[moonbitlang/core] bench builtin/string_find_code_unit_bench_test.mbt:108 ("bench rev_find two anchors absent n=256") ok
time (mean ± σ)         range (min … max) 
 217.11 ns ±   0.21 ns   216.88 ns … 217.50 ns  in 10 × 100000 runs
[moonbitlang/core] bench builtin/string_find_code_unit_bench_test.mbt:114 ("bench rev_find two anchors present@start n=256") ok
time (mean ± σ)         range (min … max) 
 224.98 ns ±   0.37 ns   224.42 ns … 225.64 ns  in 10 × 100000 runs
[moonbitlang/core] bench builtin/string_find_code_unit_bench_test.mbt:120 ("bench rev_find two anchors dense false positives n=256") ok
time (mean ± σ)         range (min … max) 
 684.93 ns ±   0.43 ns   684.04 ns … 685.62 ns  in 10 × 100000 runs
[moonbitlang/core] bench builtin/string_find_code_unit_bench_test.mbt:126 ("bench StringView find two anchors absent n=256") ok
time (mean ± σ)         range (min … max) 
 244.34 ns ±   0.32 ns   243.96 ns … 244.96 ns  in 10 × 100000 runs
[moonbitlang/core] bench builtin/string_find_adversary_bench_test.mbt:26 ("bench find adversary m=64 n=4096") ok
time (mean ± σ)         range (min … max) 
  10.56 µs ±   1.24 µs     9.47 µs …  12.21 µs  in 10 ×   8827 runs
[moonbitlang/core] bench builtin/string_find_adversary_bench_test.mbt:33 ("bench rev_find adversary m=64 n=4096") ok
time (mean ± σ)         range (min … max) 
  10.57 µs ±  12.44 ns    10.55 µs …  10.59 µs  in 10 ×   9474 runs
[moonbitlang/core] bench builtin/string_find_adversary_bench_test.mbt:40 ("bench find adversary m=512 n=65536") ok
time (mean ± σ)         range (min … max) 
 157.39 µs ±   9.18 µs   147.41 µs … 166.53 µs  in 10 ×    607 runs
[moonbitlang/core] bench builtin/string_find_adversary_bench_test.mbt:47 ("bench find dense miss fast path n=4096") ok
time (mean ± σ)         range (min … max) 
   3.48 µs ± 224.10 ns     3.37 µs …   3.91 µs  in 10 ×  25467 runs
[moonbitlang/core] bench builtin/string_find_adversary_bench_test.mbt:53 ("bench find rare hit end fast path n=4096") ok
time (mean ± σ)         range (min … max) 
   3.34 µs ±   2.33 ns     3.34 µs …   3.35 µs  in 10 ×  29876 runs
[moonbitlang/core] bench builtin/string_escape_bench_test.mbt:61 ("bench String::escape short plain") ok
time (mean ± σ)         range (min … max) 
  71.28 ns ±   0.77 ns    70.27 ns …  72.15 ns  in 10 × 100000 runs
[moonbitlang/core] bench builtin/string_escape_bench_test.mbt:66 ("bench String::escape short escaped") ok
time (mean ± σ)         range (min … max) 
  84.51 ns ±   0.46 ns    83.96 ns …  85.27 ns  in 10 × 100000 runs
[moonbitlang/core] bench builtin/string_escape_bench_test.mbt:71 ("bench String::escape threshold plain") ok
time (mean ± σ)         range (min … max) 
  81.35 ns ±   0.79 ns    80.08 ns …  82.30 ns  in 10 × 100000 runs
[moonbitlang/core] bench builtin/string_escape_bench_test.mbt:76 ("bench String::escape prose") ok
time (mean ± σ)         range (min … max) 
 256.22 ns ±   0.44 ns   255.70 ns … 257.25 ns  in 10 × 100000 runs
[moonbitlang/core] bench builtin/string_escape_bench_test.mbt:81 ("bench String::escape escape-first") ok
time (mean ± σ)         range (min … max) 
 273.15 ns ±   1.47 ns   270.63 ns … 274.71 ns  in 10 × 100000 runs
[moonbitlang/core] bench builtin/string_escape_bench_test.mbt:86 ("bench String::escape long plain") ok
time (mean ± σ)         range (min … max) 
   9.38 µs ±  43.32 ns     9.32 µs …   9.46 µs  in 10 ×  10568 runs
[moonbitlang/core] bench builtin/string_escape_bench_test.mbt:91 ("bench String::escape long dense") ok
time (mean ± σ)         range (min … max) 
  16.93 µs ± 161.14 ns    16.72 µs …  17.22 µs  in 10 ×   5981 runs
[moonbitlang/core] bench builtin/string_escape_bench_test.mbt:96 ("bench String::escape long all-escaped") ok
time (mean ± σ)         range (min … max) 
  18.78 µs ± 161.69 ns    18.56 µs …  19.12 µs  in 10 ×   5379 runs
[moonbitlang/core] bench builtin/string_escape_bench_test.mbt:101 ("bench String::escape long unicode") ok
time (mean ± σ)         range (min … max) 
   9.90 µs ±  45.22 ns     9.86 µs …  10.01 µs  in 10 ×   9699 runs
[moonbitlang/core] bench builtin/string_escape_bench_test.mbt:106 ("bench StringView::escape long plain view") ok
time (mean ± σ)         range (min … max) 
   8.63 µs ±  27.64 ns     8.59 µs …   8.69 µs  in 10 ×  11353 runs
[moonbitlang/core] bench builtin/string_escape_bench_test.mbt:112 ("bench debug to_string short plain") ok
time (mean ± σ)         range (min … max) 
 118.44 ns ±   0.29 ns   118.13 ns … 118.89 ns  in 10 × 100000 runs
[moonbitlang/core] bench builtin/string_escape_bench_test.mbt:117 ("bench debug to_string prose") ok
time (mean ± σ)         range (min … max) 
 369.02 ns ±   0.74 ns   368.14 ns … 370.14 ns  in 10 × 100000 runs
[moonbitlang/core] bench builtin/string_escape_bench_test.mbt:122 ("bench debug to_string long plain") ok
time (mean ± σ)         range (min … max) 
  12.39 µs ±  23.59 ns    12.35 µs …  12.43 µs  in 10 ×   7786 runs
[moonbitlang/core] bench builtin/string_equal_bench_test.mbt:28 ("bench StringView::equal n=100000 equal") ok
time (mean ± σ)         range (min … max) 
  75.30 µs ±  56.59 ns    75.22 µs …  75.39 µs  in 10 ×   1330 runs
[moonbitlang/core] bench builtin/string_equal_bench_test.mbt:35 ("bench StringView::equal n=100000 mismatch at end") ok
time (mean ± σ)         range (min … max) 
  75.33 µs ± 132.00 ns    75.25 µs …  75.69 µs  in 10 ×   1330 runs
[moonbitlang/core] bench builtin/string_equal_bench_test.mbt:44 ("bench StringView::equal_to_string n=100000 equal") ok
time (mean ± σ)         range (min … max) 
  74.32 µs ±  72.82 ns    74.21 µs …  74.42 µs  in 10 ×   1348 runs
[moonbitlang/core] bench builtin/string_char_set_bench_test.mbt:43 ("bench StringView::contains_any ASCII miss n=100000") ok
time (mean ± σ)         range (min … max) 
 135.79 µs ± 328.23 ns   135.58 µs … 136.70 µs  in 10 ×    738 runs
[moonbitlang/core] bench builtin/string_char_set_bench_test.mbt:54 ("bench StringView::contains_any ASCII match at end n=100000") ok
time (mean ± σ)         range (min … max) 
 135.62 µs ±  45.02 ns   135.55 µs … 135.69 µs  in 10 ×    738 runs
[moonbitlang/core] bench builtin/string_char_set_bench_test.mbt:67 ("bench StringView::trim_start ASCII n=100000") ok
time (mean ± σ)         range (min … max) 
 135.65 µs ±  59.76 ns   135.57 µs … 135.75 µs  in 10 ×    738 runs
[moonbitlang/core] bench builtin/string_char_set_bench_test.mbt:74 ("bench StringView::trim_end ASCII n=100000") ok
time (mean ± σ)         range (min … max) 
 135.68 µs ±  63.05 ns   135.58 µs … 135.75 µs  in 10 ×    738 runs
[moonbitlang/core] bench builtin/string_char_set_bench_test.mbt:79 ("bench StringView::trim ASCII n=100000") ok
time (mean ± σ)         range (min … max) 
 271.42 µs ± 581.32 ns   271.02 µs … 273.00 µs  in 10 ×    369 runs
[moonbitlang/core] bench builtin/string_char_set_bench_test.mbt:96 ("bench StringView::trim short inputs") ok
time (mean ± σ)         range (min … max) 
 130.90 ns ±   0.29 ns   130.44 ns … 131.23 ns  in 10 × 100000 runs
[moonbitlang/core] bench builtin/string_char_set_bench_test.mbt:107 ("bench StringView::contains_any short inputs") ok
time (mean ± σ)         range (min … max) 
  81.14 ns ±   0.28 ns    80.83 ns …  81.51 ns  in 10 × 100000 runs
[moonbitlang/core] bench builtin/string_char_length_bench_test.mbt:51 ("bench char_length ascii 8") ok
time (mean ± σ)         range (min … max) 
  14.59 ns ±   0.18 ns    14.38 ns …  14.89 ns  in 10 × 100000 runs
[moonbitlang/core] bench builtin/string_char_length_bench_test.mbt:56 ("bench char_length ascii 16") ok
time (mean ± σ)         range (min … max) 
  23.14 ns ±   0.13 ns    22.96 ns …  23.28 ns  in 10 × 100000 runs
[moonbitlang/core] bench builtin/string_char_length_bench_test.mbt:61 ("bench char_length ascii 100") ok
time (mean ± σ)         range (min … max) 
 114.39 ns ±   0.17 ns   114.18 ns … 114.69 ns  in 10 × 100000 runs
[moonbitlang/core] bench builtin/string_char_length_bench_test.mbt:66 ("bench char_length ascii 4k") ok
time (mean ± σ)         range (min … max) 
   4.45 µs ±   3.61 ns     4.45 µs …   4.46 µs  in 10 ×  22425 runs
[moonbitlang/core] bench builtin/string_char_length_bench_test.mbt:71 ("bench char_length ascii 64k") ok
time (mean ± σ)         range (min … max) 
  71.11 µs ±  29.17 ns    71.06 µs …  71.16 µs  in 10 ×   1407 runs
[moonbitlang/core] bench builtin/string_char_length_bench_test.mbt:76 ("bench char_length cjk 4k") ok
time (mean ± σ)         range (min … max) 
   4.45 µs ±   3.93 ns     4.45 µs …   4.46 µs  in 10 ×  22435 runs
[moonbitlang/core] bench builtin/string_char_length_bench_test.mbt:81 ("bench char_length emoji 4k") ok
time (mean ± σ)         range (min … max) 
   3.34 µs ±   2.76 ns     3.34 µs …   3.35 µs  in 10 ×  29861 runs
[moonbitlang/core] bench builtin/string_char_length_bench_test.mbt:86 ("bench char_length mixed 4k") ok
time (mean ± σ)         range (min … max) 
   4.38 µs ±  10.15 ns     4.37 µs …   4.41 µs  in 10 ×  22772 runs
[moonbitlang/core] bench builtin/string_char_length_bench_test.mbt:91 ("bench StringView::char_length ascii 4k unaligned") ok
time (mean ± σ)         range (min … max) 
   4.44 µs ±   4.74 ns     4.44 µs …   4.45 µs  in 10 ×  22451 runs
[moonbitlang/core] bench builtin/string_char_length_bench_test.mbt:97 ("bench char_length_eq ascii 16") ok
time (mean ± σ)         range (min … max) 
  27.52 ns ±   0.13 ns    27.38 ns …  27.74 ns  in 10 × 100000 runs
[moonbitlang/core] bench builtin/string_char_length_bench_test.mbt:102 ("bench char_length_eq ascii 4k") ok
time (mean ± σ)         range (min … max) 
   5.56 µs ±   4.85 ns     5.56 µs …   5.57 µs  in 10 ×  17962 runs
[moonbitlang/core] bench builtin/string_char_length_bench_test.mbt:107 ("bench char_length_eq emoji 4k") ok
time (mean ± σ)         range (min … max) 
   3.90 µs ±   3.57 ns     3.90 µs …   3.91 µs  in 10 ×  25590 runs
[moonbitlang/core] bench builtin/string_char_length_bench_test.mbt:112 ("bench char_length_eq mixed 4k") ok
time (mean ± σ)         range (min … max) 
   5.43 µs ±   5.77 ns     5.42 µs …   5.44 µs  in 10 ×  18409 runs
[moonbitlang/core] bench builtin/string_char_length_bench_test.mbt:119 ("bench char_length_ge ascii 4k len 3") ok
time (mean ± σ)         range (min … max) 
  10.70 ns ±   0.31 ns    10.38 ns …  11.27 ns  in 10 × 100000 runs
[moonbitlang/core] bench builtin/string_char_length_bench_test.mbt:124 ("bench char_length_ge ascii 4k len 2000") ok
time (mean ± σ)         range (min … max) 
   2.72 µs ±   6.47 ns     2.72 µs …   2.74 µs  in 10 ×  36744 runs
[moonbitlang/core] bench builtin/string_char_length_bench_test.mbt:129 ("bench char_length_ge cjk 4k len 4096") ok
time (mean ± σ)         range (min … max) 
   5.56 µs ±   3.82 ns     5.56 µs …   5.57 µs  in 10 ×  17939 runs
[moonbitlang/core] bench builtin/string_char_length_bench_test.mbt:134 ("bench char_length_ge emoji 4k len 2048") ok
time (mean ± σ)         range (min … max) 
   3.90 µs ±   2.89 ns     3.90 µs …   3.91 µs  in 10 ×  25605 runs
[moonbitlang/core] bench builtin/sort_bench_test.mbt:21 ("bench Array::sort n=1000") ok
time (mean ± σ)         range (min … max) 
  14.83 µs ± 487.62 ns    14.52 µs …  16.14 µs  in 10 ×   6684 runs
[moonbitlang/core] bench builtin/sort_bench_test.mbt:31 ("bench Array::sort n=100000") ok
time (mean ± σ)         range (min … max) 
   5.49 ms ±  23.55 µs     5.47 ms …   5.54 ms  in 10 ×     19 runs
[moonbitlang/core] bench builtin/sort_bench_test.mbt:41 ("bench Array::sort_by n=10000") ok
time (mean ± σ)         range (min … max) 
 432.68 µs ±   2.63 µs   430.28 µs … 437.24 µs  in 10 ×    231 runs
[moonbitlang/core] bench builtin/range_equal_bench_test.mbt:56 ("bench range_equal StringView== n=4 equal") ok
time (mean ± σ)         range (min … max) 
   9.53 ns ±   0.41 ns     9.10 ns …  10.08 ns  in 10 × 100000 runs
[moonbitlang/core] bench builtin/range_equal_bench_test.mbt:61 ("bench range_equal StringView== n=8 equal") ok
time (mean ± σ)         range (min … max) 
  12.26 ns ±   0.19 ns    12.05 ns …  12.57 ns  in 10 × 100000 runs
[moonbitlang/core] bench builtin/range_equal_bench_test.mbt:66 ("bench range_equal StringView== n=8 mismatch at end") ok
time (mean ± σ)         range (min … max) 
  12.05 ns ±   0.22 ns    11.80 ns …  12.49 ns  in 10 × 100000 runs
[moonbitlang/core] bench builtin/range_equal_bench_test.mbt:71 ("bench range_equal StringView== n=16 equal") ok
time (mean ± σ)         range (min … max) 
  17.43 ns ±   0.13 ns    17.30 ns …  17.66 ns  in 10 × 100000 runs
[moonbitlang/core] bench builtin/range_equal_bench_test.mbt:76 ("bench range_equal StringView== n=16 mismatch at end") ok
time (mean ± σ)         range (min … max) 
  17.58 ns ±   0.18 ns    17.32 ns …  17.80 ns  in 10 × 100000 runs
[moonbitlang/core] bench builtin/range_equal_bench_test.mbt:81 ("bench range_equal StringView== n=15 equal") ok
time (mean ± σ)         range (min … max) 
  16.80 ns ±   0.13 ns    16.68 ns …  17.01 ns  in 10 × 100000 runs
[moonbitlang/core] bench builtin/range_equal_bench_test.mbt:86 ("bench range_equal StringView== n=64 equal") ok
time (mean ± σ)         range (min … max) 
  51.17 ns ±   0.14 ns    51.02 ns …  51.40 ns  in 10 × 100000 runs
[moonbitlang/core] bench builtin/range_equal_bench_test.mbt:91 ("bench range_equal StringView== n=64 mismatch at end") ok
time (mean ± σ)         range (min … max) 
  51.17 ns ±   0.15 ns    51.01 ns …  51.37 ns  in 10 × 100000 runs
[moonbitlang/core] bench builtin/range_equal_bench_test.mbt:96 ("bench range_equal StringView== n=1024 equal") ok
time (mean ± σ)         range (min … max) 
 769.85 ns ±   1.70 ns   767.85 ns … 773.44 ns  in 10 × 100000 runs
[moonbitlang/core] bench builtin/range_equal_bench_test.mbt:101 ("bench range_equal StringView== n=1024 mismatch at end") ok
time (mean ± σ)         range (min … max) 
 774.85 ns ±   7.86 ns   770.95 ns … 797.05 ns  in 10 × 100000 runs
[moonbitlang/core] bench builtin/range_equal_bench_test.mbt:106 ("bench range_equal StringView== n=1024 mismatch at 0") ok
time (mean ± σ)         range (min … max) 
   7.45 ns ±   0.25 ns     7.09 ns …   7.82 ns  in 10 × 100000 runs
[moonbitlang/core] bench builtin/range_equal_bench_test.mbt:111 ("bench range_equal StringView== n=65536 equal") ok
time (mean ± σ)         range (min … max) 
  49.32 µs ±  94.64 ns    49.23 µs …  49.46 µs  in 10 ×   2031 runs
[moonbitlang/core] bench builtin/range_equal_bench_test.mbt:116 ("bench range_equal StringView== n=65536 mismatch at end") ok
time (mean ± σ)         range (min … max) 
  49.51 µs ±  25.43 ns    49.46 µs …  49.55 µs  in 10 ×   2019 runs
[moonbitlang/core] bench builtin/range_equal_bench_test.mbt:121 ("bench range_equal BytesView== n=4 equal") ok
time (mean ± σ)         range (min … max) 
   7.94 ns ±   0.13 ns     7.78 ns …   8.13 ns  in 10 × 100000 runs
[moonbitlang/core] bench builtin/range_equal_bench_test.mbt:126 ("bench range_equal BytesView== n=8 equal") ok
time (mean ± σ)         range (min … max) 
  10.63 ns ±   0.09 ns    10.54 ns …  10.81 ns  in 10 × 100000 runs
[moonbitlang/core] bench builtin/range_equal_bench_test.mbt:131 ("bench range_equal BytesView== n=8 mismatch at end") ok
time (mean ± σ)         range (min … max) 
  10.69 ns ±   0.32 ns    10.32 ns …  11.19 ns  in 10 × 100000 runs
[moonbitlang/core] bench builtin/range_equal_bench_test.mbt:136 ("bench range_equal BytesView== n=16 equal") ok
time (mean ± σ)         range (min … max) 
  15.43 ns ±   0.13 ns    15.26 ns …  15.62 ns  in 10 × 100000 runs
[moonbitlang/core] bench builtin/range_equal_bench_test.mbt:141 ("bench range_equal BytesView== n=16 mismatch at end") ok
time (mean ± σ)         range (min … max) 
  15.39 ns ±   0.15 ns    15.22 ns …  15.64 ns  in 10 × 100000 runs
[moonbitlang/core] bench builtin/range_equal_bench_test.mbt:146 ("bench range_equal BytesView== n=31 equal") ok
time (mean ± σ)         range (min … max) 
  25.03 ns ±   0.11 ns    24.86 ns …  25.16 ns  in 10 × 100000 runs
[moonbitlang/core] bench builtin/range_equal_bench_test.mbt:151 ("bench range_equal BytesView== n=64 equal") ok
time (mean ± σ)         range (min … max) 
  47.36 ns ±   0.17 ns    47.17 ns …  47.70 ns  in 10 × 100000 runs
[moonbitlang/core] bench builtin/range_equal_bench_test.mbt:156 ("bench range_equal BytesView== n=64 mismatch at end") ok
time (mean ± σ)         range (min … max) 
  47.06 ns ±   0.23 ns    46.81 ns …  47.40 ns  in 10 × 100000 runs
[moonbitlang/core] bench builtin/range_equal_bench_test.mbt:161 ("bench range_equal BytesView== n=1024 equal") ok
time (mean ± σ)         range (min … max) 
 734.62 ns ±   5.02 ns   727.65 ns … 739.98 ns  in 10 × 100000 runs
[moonbitlang/core] bench builtin/range_equal_bench_test.mbt:166 ("bench range_equal BytesView== n=1024 mismatch at end") ok
time (mean ± σ)         range (min … max) 
 734.85 ns ±   1.10 ns   733.42 ns … 736.86 ns  in 10 × 100000 runs
[moonbitlang/core] bench builtin/range_equal_bench_test.mbt:171 ("bench range_equal BytesView== n=1024 mismatch at 0") ok
time (mean ± σ)         range (min … max) 
   6.22 ns ±   0.23 ns     5.91 ns …   6.56 ns  in 10 × 100000 runs
[moonbitlang/core] bench builtin/range_equal_bench_test.mbt:176 ("bench range_equal BytesView== n=65536 equal") ok
time (mean ± σ)         range (min … max) 
  46.73 µs ±  25.87 ns    46.69 µs …  46.77 µs  in 10 ×   2142 runs
[moonbitlang/core] bench builtin/range_equal_bench_test.mbt:181 ("bench range_equal BytesView== n=65536 mismatch at end") ok
time (mean ± σ)         range (min … max) 
  46.75 µs ±  24.23 ns    46.71 µs …  46.80 µs  in 10 ×   2139 runs
[moonbitlang/core] bench builtin/range_equal_bench_test.mbt:186 ("bench range_equal StringView::has_prefix prefix=32 hit") ok
time (mean ± σ)         range (min … max) 
  30.97 ns ±   0.12 ns    30.71 ns …  31.10 ns  in 10 × 100000 runs
[moonbitlang/core] bench builtin/range_equal_bench_test.mbt:193 ("bench range_equal StringView::has_prefix prefix=32 miss at end") ok
time (mean ± σ)         range (min … max) 
  30.58 ns ±   0.14 ns    30.41 ns …  30.93 ns  in 10 × 100000 runs
[moonbitlang/core] bench builtin/linked_hash_map_bench_test.mbt:19 ("bench Map::set n=50000") ok
time (mean ± σ)         range (min … max) 
   2.34 ms ±  42.87 µs     2.28 ms …   2.41 ms  in 10 ×     43 runs
[moonbitlang/core] bench builtin/linked_hash_map_bench_test.mbt:30 ("bench Map::get n=50000") ok
time (mean ± σ)         range (min … max) 
   1.14 ms ±   1.30 µs     1.14 ms …   1.14 ms  in 10 ×     88 runs
[moonbitlang/core] bench builtin/linked_hash_map_bench_test.mbt:47 ("bench Map::get miss n=50000") ok
time (mean ± σ)         range (min … max) 
   1.10 ms ±   2.89 µs     1.10 ms …   1.11 ms  in 10 ×     91 runs
[moonbitlang/core] bench builtin/linked_hash_map_bench_test.mbt:67 ("bench Map::set+remove n=50000") ok
time (mean ± σ)         range (min … max) 
   3.37 ms ±  17.21 µs     3.36 ms …   3.41 ms  in 10 ×     30 runs
[moonbitlang/core] bench builtin/linked_hash_map_bench_test.mbt:83 ("bench Map::each n=50000") ok
time (mean ± σ)         range (min … max) 
 222.41 µs ±   2.19 µs   218.25 µs … 223.57 µs  in 10 ×    459 runs
[moonbitlang/core] bench builtin/linked_hash_map_bench_test.mbt:101 ("bench Map::filter n=50000") ok
time (mean ± σ)         range (min … max) 
 784.47 µs ±  19.28 µs   753.88 µs … 805.81 µs  in 10 ×    130 runs
[moonbitlang/core] bench builtin/linked_hash_map_bench_test.mbt:107 ("bench Map comprehension filter n=50000") ok
time (mean ± σ)         range (min … max) 
   2.76 ms ±  32.58 µs     2.70 ms …   2.80 ms  in 10 ×     37 runs
[moonbitlang/core] bench builtin/lexical_compare_bench_test.mbt:42 ("bench lexical_compare equal n=256") ok
time (mean ± σ)         range (min … max) 
 208.38 ns ±   0.33 ns   207.92 ns … 208.90 ns  in 10 × 100000 runs
[moonbitlang/core] bench builtin/lexical_compare_bench_test.mbt:47 ("bench lexical_compare common-prefix n=256") ok
time (mean ± σ)         range (min … max) 
 198.55 ns ±   0.70 ns   197.76 ns … 199.61 ns  in 10 × 100000 runs
[moonbitlang/core] bench builtin/lexical_compare_bench_test.mbt:52 ("bench lexical_compare early-diff n=256") ok
time (mean ± σ)         range (min … max) 
  10.69 ns ±   0.38 ns    10.17 ns …  11.11 ns  in 10 × 100000 runs
[moonbitlang/core] bench builtin/lexical_compare_bench_test.mbt:89 ("bench String::lexical_compare equal n=256") ok
time (mean ± σ)         range (min … max) 
 204.50 ns ±   0.31 ns   204.07 ns … 204.93 ns  in 10 × 100000 runs
[moonbitlang/core] bench builtin/lexical_compare_bench_test.mbt:94 ("bench String::lexical_compare common-prefix n=256") ok
time (mean ± σ)         range (min … max) 
 205.75 ns ±   0.28 ns   205.31 ns … 206.08 ns  in 10 × 100000 runs
[moonbitlang/core] bench builtin/lexical_compare_bench_test.mbt:99 ("bench String::lexical_compare early-diff n=256") ok
time (mean ± σ)         range (min … max) 
  10.81 ns ±   0.24 ns    10.53 ns …  11.28 ns  in 10 × 100000 runs
[moonbitlang/core] bench builtin/lexical_compare_bench_test.mbt:104 ("bench StringView::lexical_compare equal n=256") ok
time (mean ± σ)         range (min … max) 
 203.91 ns ±   0.36 ns   203.58 ns … 204.60 ns  in 10 × 100000 runs
[moonbitlang/core] bench builtin/lexical_compare_bench_test.mbt:109 ("bench StringView::lexical_compare common-prefix n=256") ok
time (mean ± σ)         range (min … max) 
 206.72 ns ±   0.35 ns   206.17 ns … 207.30 ns  in 10 × 100000 runs
[moonbitlang/core] bench builtin/lexical_compare_bench_test.mbt:114 ("bench StringView::lexical_compare early-diff n=256") ok
time (mean ± σ)         range (min … max) 
  10.89 ns ±   0.34 ns    10.31 ns …  11.32 ns  in 10 × 100000 runs
[moonbitlang/core] bench builtin/lexical_compare_bench_test.mbt:121 ("bench String::compare equal-length common-prefix n=256") ok
time (mean ± σ)         range (min … max) 
 169.17 ns ±   0.26 ns   168.77 ns … 169.58 ns  in 10 × 100000 runs
[moonbitlang/core] bench builtin/lexical_compare_bench_test.mbt:128 ("bench StringView::compare equal-length common-prefix n=256") ok
time (mean ± σ)         range (min … max) 
 207.00 ns ±   0.38 ns   206.48 ns … 207.46 ns  in 10 × 100000 runs
[moonbitlang/core] bench builtin/lexical_compare_bench_test.mbt:135 ("bench StringView::compare_ignore_ascii_case common-prefix n=256") ok
time (mean ± σ)         range (min … max) 
 422.39 ns ±   0.31 ns   422.01 ns … 422.81 ns  in 10 × 100000 runs
[moonbitlang/core] bench builtin/contains_code_unit_bench_test.mbt:19 ("bench contains_code_unit absent n=4") ok
time (mean ± σ)         range (min … max) 
   6.89 ns ±   0.28 ns     6.45 ns …   7.20 ns  in 10 × 100000 runs
[moonbitlang/core] bench builtin/contains_code_unit_bench_test.mbt:25 ("bench contains_code_unit absent n=8") ok
time (mean ± σ)         range (min … max) 
   8.41 ns ±   0.28 ns     8.07 ns …   8.86 ns  in 10 × 100000 runs
[moonbitlang/core] bench builtin/contains_code_unit_bench_test.mbt:31 ("bench contains_code_unit present@0 n=8") ok
time (mean ± σ)         range (min … max) 
   5.49 ns ±   0.23 ns     5.17 ns …   5.81 ns  in 10 × 100000 runs
[moonbitlang/core] bench builtin/contains_code_unit_bench_test.mbt:37 ("bench contains_code_unit absent n=16") ok
time (mean ± σ)         range (min … max) 
  11.77 ns ±   0.15 ns    11.63 ns …  12.04 ns  in 10 × 100000 runs
[moonbitlang/core] bench builtin/contains_code_unit_bench_test.mbt:43 ("bench contains_code_unit absent n=64") ok
time (mean ± σ)         range (min … max) 
  34.41 ns ±   0.21 ns    34.16 ns …  34.77 ns  in 10 × 100000 runs
[moonbitlang/core] bench builtin/contains_code_unit_bench_test.mbt:49 ("bench contains_code_unit absent n=256") ok
time (mean ± σ)         range (min … max) 
 132.02 ns ±   0.43 ns   131.39 ns … 132.64 ns  in 10 × 100000 runs
[moonbitlang/core] bench builtin/contains_code_unit_bench_test.mbt:55 ("bench contains_code_unit present@end n=256") ok
time (mean ± σ)         range (min … max) 
 133.27 ns ±   0.28 ns   132.95 ns … 133.65 ns  in 10 × 100000 runs
[moonbitlang/core] bench builtin/contains_code_unit_bench_test.mbt:61 ("bench contains_code_unit present@0 n=256") ok
time (mean ± σ)         range (min … max) 
   5.42 ns ±   0.10 ns     5.28 ns …   5.57 ns  in 10 × 100000 runs
[moonbitlang/core] bench builtin/contains_code_unit_bench_test.mbt:67 ("bench StringView contains_code_unit absent n=256") ok
time (mean ± σ)         range (min … max) 
 149.94 ns ±   1.57 ns   148.08 ns … 152.25 ns  in 10 × 100000 runs
[moonbitlang/core] bench builtin/bytesview_compare_bench_test.mbt:16 ("bench BytesView Compare equal n=1000000") ok
time (mean ± σ)         range (min … max) 
 713.59 µs ±   2.04 µs   710.43 µs … 716.08 µs  in 10 ×    140 runs
[moonbitlang/core] bench builtin/bytesview_compare_bench_test.mbt:23 ("bench BytesView Compare last-diff n=1000000") ok
time (mean ± σ)         range (min … max) 
 715.88 µs ±   2.61 µs   711.88 µs … 719.55 µs  in 10 ×    140 runs
[moonbitlang/core] bench builtin/bytes_unsafe_bench_test.mbt:31 ("bench Bytes::unsafe_read_uint16_le n=4096") ok
time (mean ± σ)         range (min … max) 
   2.78 µs ± 122.23 ns     2.62 µs …   2.89 µs  in 10 ×  36298 runs
[moonbitlang/core] bench builtin/bytes_unsafe_bench_test.mbt:43 ("bench Bytes::unsafe_read_uint32_le n=4096") ok
time (mean ± σ)         range (min … max) 
   5.05 µs ±   8.08 ns     5.04 µs …   5.07 µs  in 10 ×  19826 runs
[moonbitlang/core] bench builtin/bytes_unsafe_bench_test.mbt:55 ("bench Bytes::unsafe_read_uint64_le n=4096") ok
time (mean ± σ)         range (min … max) 
  10.22 µs ±   1.53 µs     9.48 µs …  13.14 µs  in 10 ×  10547 runs
[moonbitlang/core] bench builtin/bytes_unsafe_bench_test.mbt:67 ("bench FixedArray::unsafe_write_uint16_le n=4096") ok
time (mean ± σ)         range (min … max) 
   2.09 µs ±   0.51 ns     2.09 µs …   2.09 µs  in 10 ×  47267 runs
[moonbitlang/core] bench builtin/bytes_unsafe_bench_test.mbt:78 ("bench FixedArray::unsafe_write_uint32_le n=4096") ok
time (mean ± σ)         range (min … max) 
   4.59 µs ±   4.43 ns     4.59 µs …   4.60 µs  in 10 ×  21771 runs
[moonbitlang/core] bench builtin/bytes_unsafe_bench_test.mbt:89 ("bench FixedArray::unsafe_write_uint64_le n=4096") ok
time (mean ± σ)         range (min … max) 
  11.35 µs ±  27.15 ns    11.33 µs …  11.42 µs  in 10 ×   8827 runs
[moonbitlang/core] bench builtin/bytes_output_bench_test.mbt:19 ("bench Bytes Show binary n=100000") ok
time (mean ± σ)         range (min … max) 
   1.06 ms ± 164.25 µs   923.14 µs …   1.26 ms  in 10 ×     80 runs
[moonbitlang/core] bench builtin/bytes_output_bench_test.mbt:24 ("bench Bytes ToJson binary n=100000") ok
time (mean ± σ)         range (min … max) 
 943.01 µs ± 172.00 µs   805.22 µs …   1.15 ms  in 10 ×     87 runs
[moonbitlang/core] bench builtin/bytes_hash_bench_test.mbt:54 ("bench Hash::hash(Bytes) n=32") ok
time (mean ± σ)         range (min … max) 
  18.72 ns ±   0.17 ns    18.57 ns …  19.09 ns  in 10 × 100000 runs
[moonbitlang/core] bench builtin/bytes_hash_bench_test.mbt:60 ("bench Hash::hash(Bytes) n=8192") ok
time (mean ± σ)         range (min … max) 
   4.60 µs ±  10.59 ns     4.58 µs …   4.61 µs  in 10 ×  21742 runs
[moonbitlang/core] bench builtin/bytes_hash_bench_test.mbt:66 ("bench Map::at Bytes n=1024 key_bytes=32") ok
time (mean ± σ)         range (min … max) 
  51.48 µs ±  24.25 ns    51.44 µs …  51.51 µs  in 10 ×   1943 runs
[moonbitlang/core] bench builtin/bytes_from_array_bench_test.mbt:30 ("bench Bytes::from_array n=262144 full") ok
time (mean ± σ)         range (min … max) 
  96.99 µs ± 698.63 ns    95.69 µs …  97.90 µs  in 10 ×   1046 runs
[moonbitlang/core] bench builtin/bytes_from_array_bench_test.mbt:41 ("bench Bytes::from_array n=262144 sliced") ok
time (mean ± σ)         range (min … max) 
  96.89 µs ± 759.15 ns    95.53 µs …  97.79 µs  in 10 ×   1043 runs
[moonbitlang/core] bench builtin/bytes_from_array_bench_test.mbt:48 ("bench Bytes::makei from ArrayView n=262144 full") ok
time (mean ± σ)         range (min … max) 
 394.34 µs ±   1.49 µs   390.67 µs … 395.74 µs  in 10 ×    262 runs
[moonbitlang/core] bench builtin/bytes_from_array_bench_test.mbt:59 ("bench Bytes::makei from ArrayView n=262144 sliced") ok
time (mean ± σ)         range (min … max) 
 416.91 µs ±   5.23 µs   409.29 µs … 423.10 µs  in 10 ×    248 runs
[moonbitlang/core] bench builtin/bytes_equal_bench_test.mbt:37 ("bench Bytes::equal n=100000 equal") ok
time (mean ± σ)         range (min … max) 
  61.92 µs ± 104.10 ns    61.84 µs …  62.18 µs  in 10 ×   1618 runs
[moonbitlang/core] bench builtin/bytes_equal_bench_test.mbt:44 ("bench Bytes::equal n=100000 aliased object") ok
time (mean ± σ)         range (min … max) 
  61.02 µs ±  53.61 ns    60.96 µs …  61.11 µs  in 10 ×   1640 runs
[moonbitlang/core] bench builtin/bytes_equal_bench_test.mbt:54 ("bench Bytes::equal n=100000 mismatch at end") ok
time (mean ± σ)         range (min … max) 
  61.88 µs ±  28.83 ns    61.85 µs …  61.94 µs  in 10 ×   1618 runs
[moonbitlang/core] bench builtin/bytes_add_bench_test.mbt:16 ("bench Bytes add total=1000000") ok
time (mean ± σ)         range (min … max) 
 353.98 µs ±   1.05 µs   352.27 µs … 355.02 µs  in 10 ×    284 runs
[moonbitlang/core] bench builtin/bitstring_uint_aligned_bench_test.mbt:24 ("bench Bytes::unsafe_extract_uint_le_aligned n=8192") ok
time (mean ± σ)         range (min … max) 
   2.74 µs ±   2.26 ns     2.73 µs …   2.74 µs  in 10 ×  36447 runs
[moonbitlang/core] bench builtin/bitstring_uint64_aligned_bench_test.mbt:24 ("bench Bytes::unsafe_extract_uint64_le_aligned n=8192") ok
time (mean ± σ)         range (min … max) 
   3.12 µs ±   3.23 ns     3.12 µs …   3.13 µs  in 10 ×  39190 runs
[moonbitlang/core] bench builtin/bitstring_extract_bench_test.mbt:35 ("bench BytesView uint_le aligned len=32") ok
time (mean ± σ)         range (min … max) 
   4.59 µs ±  92.81 ns     4.46 µs …   4.68 µs  in 10 ×  22400 runs
[moonbitlang/core] bench builtin/bitstring_extract_bench_test.mbt:48 ("bench BytesView uint_be aligned len=32") ok
time (mean ± σ)         range (min … max) 
   4.65 µs ±  76.98 ns     4.52 µs …   4.70 µs  in 10 ×  22141 runs
[moonbitlang/core] bench builtin/bitstring_extract_bench_test.mbt:61 ("bench ArrayView uint_le aligned len=32") ok
time (mean ± σ)         range (min … max) 
   4.64 µs ±  80.21 ns     4.50 µs …   4.70 µs  in 10 ×  22361 runs
[moonbitlang/core] bench builtin/bitstring_extract_bench_test.mbt:75 ("bench ArrayView uint_be aligned len=32") ok
time (mean ± σ)         range (min … max) 
   4.63 µs ±  70.19 ns     4.53 µs …   4.70 µs  in 10 ×  22156 runs
[moonbitlang/core] bench builtin/bitstring_extract_bench_test.mbt:89 ("bench BytesView uint64_le aligned len=64") ok
time (mean ± σ)         range (min … max) 
   3.43 µs ±  24.95 ns     3.41 µs …   3.48 µs  in 10 ×  29069 runs
[moonbitlang/core] bench builtin/bitstring_extract_bench_test.mbt:102 ("bench BytesView uint64_be aligned len=64") ok
time (mean ± σ)         range (min … max) 
   3.49 µs ±  15.20 ns     3.45 µs …   3.50 µs  in 10 ×  29135 runs
[moonbitlang/core] bench builtin/bitstring_extract_bench_test.mbt:115 ("bench ArrayView uint64_le aligned len=64") ok
time (mean ± σ)         range (min … max) 
   3.49 µs ±  14.62 ns     3.47 µs …   3.51 µs  in 10 ×  28879 runs
[moonbitlang/core] bench builtin/bitstring_extract_bench_test.mbt:129 ("bench ArrayView uint64_be aligned len=64") ok
time (mean ± σ)         range (min … max) 
   3.49 µs ±   9.73 ns     3.46 µs …   3.49 µs  in 10 ×  28912 runs
[moonbitlang/core] bench builtin/bitstring_extract_bench_test.mbt:143 ("bench BytesView uint_le unaligned len=32") ok
time (mean ± σ)         range (min … max) 
  17.86 µs ±  29.22 ns    17.81 µs …  17.91 µs  in 10 ×   5589 runs
[moonbitlang/core] bench builtin/bitstring_extract_bench_test.mbt:156 ("bench BytesView uint64_le unaligned len=64") ok
time (mean ± σ)         range (min … max) 
  15.43 µs ±  26.44 ns    15.41 µs …  15.50 µs  in 10 ×   6485 runs
[moonbitlang/core] bench builtin/bitstring_extract_bench_test.mbt:169 ("bench BytesView uint_le aligned len=16") ok
time (mean ± σ)         range (min … max) 
   6.67 µs ±   1.80 µs     4.05 µs …   7.87 µs  in 10 ×  12952 runs
[moonbitlang/core] bench builtin/bitstring_extract_bench_test.mbt:182 ("bench BytesView uint_le aligned len=24") ok
time (mean ± σ)         range (min … max) 
  13.31 µs ±  36.58 ns    13.25 µs …  13.39 µs  in 10 ×   7514 runs
[moonbitlang/core] bench builtin/array_retain_bench_test.mbt:29 ("bench Array::retain all keep Int n=100000") ok
time (mean ± σ)         range (min … max) 
  61.06 µs ±  23.62 ns    61.03 µs …  61.10 µs  in 10 ×   1640 runs
[moonbitlang/core] bench builtin/array_retain_bench_test.mbt:42 ("bench Array::retain all keep Ref n=100000") ok
time (mean ± σ)         range (min … max) 
  72.13 µs ± 281.42 ns    71.75 µs …  72.74 µs  in 10 ×   1382 runs
[moonbitlang/core] bench builtin/array_retain_bench_test.mbt:55 ("bench Array::retain drop tail n=100000") ok
time (mean ± σ)         range (min … max) 
 129.68 µs ±   1.20 µs   128.28 µs … 131.88 µs  in 10 ×    766 runs
[moonbitlang/core] bench builtin/array_retain_bench_test.mbt:66 ("bench Array::retain late sparse drop n=100000") ok
time (mean ± σ)         range (min … max) 
 177.37 µs ± 387.63 ns   176.80 µs … 177.89 µs  in 10 ×    559 runs
[moonbitlang/core] bench builtin/array_retain_bench_test.mbt:77 ("bench Array::retain drop first n=100000") ok
time (mean ± σ)         range (min … max) 
 145.84 µs ± 569.90 ns   145.18 µs … 146.79 µs  in 10 ×    681 runs
[moonbitlang/core] bench builtin/array_make_blit_bench_test.mbt:32 ("bench FixedArray::copy Ref n=1000000") ok
time (mean ± σ)         range (min … max) 
   2.30 ms ±  52.38 µs     2.16 ms …   2.33 ms  in 10 ×     43 runs
[moonbitlang/core] bench builtin/array_make_blit_bench_test.mbt:38 ("bench Array::from_fixed_array Ref n=1000000") ok
time (mean ± σ)         range (min … max) 
   2.30 ms ±  52.88 µs     2.16 ms …   2.33 ms  in 10 ×     43 runs
[moonbitlang/core] bench builtin/array_make_blit_bench_test.mbt:44 ("bench Array::add Ref n=500000+500000") ok
time (mean ± σ)         range (min … max) 
   2.18 ms ±  94.19 µs     2.13 ms …   2.37 ms  in 10 ×     46 runs
[moonbitlang/core] bench builtin/array_make_blit_bench_test.mbt:51 ("bench ArrayView::add Ref n=500000+500000") ok
time (mean ± σ)         range (min … max) 
   2.17 ms ±  45.84 µs     2.15 ms …   2.30 ms  in 10 ×     45 runs
[moonbitlang/core] bench builtin/array_make_blit_bench_test.mbt:60 ("bench Array::blit_to Ref n=1000000 overwrite") ok
time (mean ± σ)         range (min … max) 
 154.48 µs ± 724.11 ns   153.81 µs … 155.48 µs  in 10 ×    649 runs
[moonbitlang/core] bench builtin/array_make_blit_bench_test.mbt:70 ("bench Array::blit_to Ref n=1000000 grow") ok
time (mean ± σ)         range (min … max) 
   3.44 ms ± 144.75 µs     3.35 ms …   3.71 ms  in 10 ×     31 runs
[moonbitlang/core] bench builtin/array_make_blit_bench_test.mbt:80 ("bench ArrayView::blit_to Ref n=1000000 overwrite") ok
time (mean ± σ)         range (min … max) 
 140.00 µs ± 252.96 ns   139.69 µs … 140.31 µs  in 10 ×    715 runs
[moonbitlang/core] bench builtin/array_make_blit_bench_test.mbt:90 ("bench ArrayView::blit_to Ref n=1000000 grow") ok
time (mean ± σ)         range (min … max) 
   3.43 ms ± 141.96 µs     3.34 ms …   3.70 ms  in 10 ×     31 runs
[moonbitlang/core] bench builtin/array_make_blit_bench_test.mbt:100 ("bench Array::append Ref n=1000000 grow") ok
time (mean ± σ)         range (min … max) 
   3.43 ms ± 141.70 µs     3.34 ms …   3.71 ms  in 10 ×     31 runs
[moonbitlang/core] bench builtin/array_make_blit_bench_test.mbt:110 ("bench Array::push Ref n=1000000 resize") ok
time (mean ± σ)         range (min … max) 
   5.03 ms ±  91.60 µs     4.86 ms …   5.18 ms  in 10 ×     21 runs
[moonbitlang/core] bench builtin/array_make_blit_bench_test.mbt:129 ("bench Array::copy Int n=1000000") ok
time (mean ± σ)         range (min … max) 
 574.99 µs ±   2.15 µs   572.15 µs … 578.62 µs  in 10 ×    172 runs
[moonbitlang/core] bench builtin/array_make_blit_bench_test.mbt:135 ("bench Array::copy Ref n=1000000") ok
time (mean ± σ)         range (min … max) 
   2.18 ms ±  91.36 µs     2.14 ms …   2.36 ms  in 10 ×     46 runs
[moonbitlang/core] bench builtin/array_locals_bench_test.mbt:29 ("bench Array::retain_map n=100000") ok
time (mean ± σ)         range (min … max) 
  64.47 µs ±  27.73 ns    64.44 µs …  64.52 µs  in 10 ×   1553 runs
[moonbitlang/core] bench builtin/array_locals_bench_test.mbt:38 ("bench Array::shuffle_in_place n=100000") ok
time (mean ± σ)         range (min … max) 
 150.01 µs ± 108.39 ns   149.80 µs … 150.13 µs  in 10 ×    667 runs
[moonbitlang/core] bench builtin/array_locals_bench_test.mbt:50 ("bench Array::filter_map n=100000") ok
time (mean ± σ)         range (min … max) 
 152.57 µs ± 822.59 ns   151.93 µs … 154.16 µs  in 10 ×    648 runs
[moonbitlang/core] bench builtin/array_locals_bench_test.mbt:58 ("bench FixedArray::each n=100000") ok
time (mean ± σ)         range (min … max) 
  44.39 µs ±  98.95 ns    44.28 µs …  44.52 µs  in 10 ×   2254 runs
[moonbitlang/core] bench builtin/array_locals_bench_test.mbt:68 ("bench FixedArray::eachi n=100000") ok
time (mean ± σ)         range (min … max) 
  59.47 µs ±  99.05 ns    59.27 µs …  59.59 µs  in 10 ×   1685 runs
[moonbitlang/core] bench builtin/array_locals_bench_test.mbt:78 ("bench FixedArray::rev_each n=100000") ok
time (mean ± σ)         range (min … max) 
  49.62 µs ±  66.17 ns    49.55 µs …  49.77 µs  in 10 ×   2020 runs
[moonbitlang/core] bench builtin/array_locals_bench_test.mbt:88 ("bench FixedArray::rev_eachi n=100000") ok
time (mean ± σ)         range (min … max) 
  70.20 µs ±  34.74 ns    70.14 µs …  70.25 µs  in 10 ×   1426 runs
[moonbitlang/core] bench builtin/array_locals_bench_test.mbt:98 ("bench FixedArray::map n=100000") ok
time (mean ± σ)         range (min … max) 
  84.95 µs ± 374.65 ns    84.36 µs …  85.39 µs  in 10 ×   1181 runs
[moonbitlang/core] bench builtin/array_locals_bench_test.mbt:104 ("bench FixedArray::mapi n=100000") ok
time (mean ± σ)         range (min … max) 
  83.49 µs ± 323.52 ns    83.12 µs …  83.96 µs  in 10 ×   1192 runs
[moonbitlang/core] bench builtin/array_locals_bench_test.mbt:110 ("bench FixedArray::makei n=100000") ok
time (mean ± σ)         range (min … max) 
  82.72 µs ± 442.89 ns    82.13 µs …  83.37 µs  in 10 ×   1255 runs
[moonbitlang/core] bench builtin/array_locals_bench_test.mbt:115 ("bench FixedArray::fold n=100000") ok
time (mean ± σ)         range (min … max) 
  51.75 µs ±  23.08 ns    51.71 µs …  51.78 µs  in 10 ×   1937 runs
[moonbitlang/core] bench builtin/array_locals_bench_test.mbt:121 ("bench FixedArray::rev_fold n=100000") ok
time (mean ± σ)         range (min … max) 
  50.95 µs ±  35.58 ns    50.90 µs …  51.01 µs  in 10 ×   1968 runs
[moonbitlang/core] bench builtin/array_locals_bench_test.mbt:127 ("bench FixedArray::foldi n=100000") ok
time (mean ± σ)         range (min … max) 
  54.43 µs ±  21.59 ns    54.39 µs …  54.46 µs  in 10 ×   1840 runs
[moonbitlang/core] bench builtin/array_locals_bench_test.mbt:133 ("bench FixedArray::rev_foldi n=100000") ok
time (mean ± σ)         range (min … max) 
  59.74 µs ±  46.15 ns    59.70 µs …  59.86 µs  in 10 ×   1676 runs
[moonbitlang/core] bench builtin/array_locals_bench_test.mbt:139 ("bench ArrayView::chunk_by n=100000") ok
time (mean ± σ)         range (min … max) 
  88.68 µs ± 222.19 ns    88.42 µs …  89.20 µs  in 10 ×   1129 runs
[moonbitlang/core] bench builtin/array_locals_bench_test.mbt:146 ("bench ArrayView::each n=100000") ok
time (mean ± σ)         range (min … max) 
  58.73 µs ±  47.83 ns    58.67 µs …  58.78 µs  in 10 ×   1704 runs
[moonbitlang/core] bench builtin/array_locals_bench_test.mbt:157 ("bench ArrayView::eachi n=100000") ok
time (mean ± σ)         range (min … max) 
  66.45 µs ±  62.83 ns    66.33 µs …  66.56 µs  in 10 ×   1505 runs
[moonbitlang/core] bench builtin/array_locals_bench_test.mbt:168 ("bench ArrayView::rev_each n=100000") ok
time (mean ± σ)         range (min … max) 
  64.44 µs ±  72.90 ns    64.30 µs …  64.51 µs  in 10 ×   1552 runs
[moonbitlang/core] bench builtin/array_locals_bench_test.mbt:179 ("bench ArrayView::rev_eachi n=100000") ok
time (mean ± σ)         range (min … max) 
  72.35 µs ±  68.03 ns    72.27 µs …  72.43 µs  in 10 ×   1383 runs
[moonbitlang/core] bench builtin/array_locals_bench_test.mbt:190 ("bench ArrayView::all n=100000") ok
time (mean ± σ)         range (min … max) 
  59.13 µs ± 145.99 ns    58.94 µs …  59.37 µs  in 10 ×   1687 runs
[moonbitlang/core] bench builtin/array_locals_bench_test.mbt:197 ("bench ArrayView::any n=100000") ok
time (mean ± σ)         range (min … max) 
  58.55 µs ± 157.45 ns    58.35 µs …  58.91 µs  in 10 ×   1708 runs
[moonbitlang/core] bench builtin/array_locals_bench_test.mbt:204 ("bench ArrayView::search_by n=100000") ok
time (mean ± σ)         range (min … max) 
  58.66 µs ±  81.89 ns    58.56 µs …  58.82 µs  in 10 ×   1705 runs
[moonbitlang/core] bench builtin/array_locals_bench_test.mbt:213 ("bench ArrayView::fold n=100000") ok
time (mean ± σ)         range (min … max) 
  58.49 µs ±  70.29 ns    58.36 µs …  58.58 µs  in 10 ×   1711 runs
[moonbitlang/core] bench builtin/array_locals_bench_test.mbt:220 ("bench ArrayView::rev_fold n=100000") ok
time (mean ± σ)         range (min … max) 
  56.93 µs ±  49.51 ns    56.86 µs …  57.00 µs  in 10 ×   1757 runs
[moonbitlang/core] bench builtin/array_locals_bench_test.mbt:227 ("bench ArrayView::foldi n=100000") ok
time (mean ± σ)         range (min … max) 
  65.43 µs ±  37.00 ns    65.37 µs …  65.50 µs  in 10 ×   1532 runs
[moonbitlang/core] bench builtin/array_locals_bench_test.mbt:234 ("bench ArrayView::rev_foldi n=100000") ok
time (mean ± σ)         range (min … max) 
  72.13 µs ±  38.08 ns    72.09 µs …  72.21 µs  in 10 ×   1388 runs
[moonbitlang/core] bench builtin/array_locals_bench_test.mbt:241 ("bench ArrayView::map n=100000") ok
time (mean ± σ)         range (min … max) 
 130.80 µs ± 573.61 ns   130.08 µs … 131.80 µs  in 10 ×    761 runs
[moonbitlang/core] bench builtin/array_locals_bench_test.mbt:248 ("bench ArrayView::mapi n=100000") ok
time (mean ± σ)         range (min … max) 
 133.20 µs ± 467.13 ns   132.83 µs … 134.21 µs  in 10 ×    744 runs
[moonbitlang/core] bench builtin/array_locals_bench_test.mbt:255 ("bench ArrayView::filter n=100000") ok
time (mean ± σ)         range (min … max) 
 139.85 µs ± 680.17 ns   139.20 µs … 141.06 µs  in 10 ×    709 runs
[moonbitlang/core] bench builtin/array_locals_bench_test.mbt:262 ("bench ArrayView::filter_map n=100000") ok
time (mean ± σ)         range (min … max) 
 152.60 µs ± 664.35 ns   151.88 µs … 153.76 µs  in 10 ×    652 runs
[moonbitlang/core] bench bytes/find_bench_test.mbt:92 ("bench BytesView::find single byte hit end n=4096") ok
time (mean ± σ)         range (min … max) 
   2.11 µs ±   5.49 ns     2.10 µs …   2.12 µs  in 10 ×  49512 runs
[moonbitlang/core] bench bytes/find_bench_test.mbt:99 ("bench BytesView::find single byte miss n=4096") ok
time (mean ± σ)         range (min … max) 
   2.13 µs ±   7.25 ns     2.12 µs …   2.14 µs  in 10 ×  48969 runs
[moonbitlang/core] bench bytes/find_bench_test.mbt:106 ("bench BytesView::find substring rare hit end n=4096") ok
time (mean ± σ)         range (min … max) 
   2.23 µs ±   3.38 ns     2.23 µs …   2.24 µs  in 10 ×  44909 runs
[moonbitlang/core] bench bytes/find_bench_test.mbt:113 ("bench BytesView::find substring dense miss n=4096") ok
time (mean ± σ)         range (min … max) 
   2.27 µs ±  24.15 ns     2.24 µs …   2.30 µs  in 10 ×  43190 runs
[moonbitlang/core] bench bytes/find_bench_test.mbt:120 ("bench BytesView::find offset view rare hit end n=4096") ok
time (mean ± σ)         range (min … max) 
   2.20 µs ±   2.48 ns     2.20 µs …   2.20 µs  in 10 ×  44710 runs
[moonbitlang/core] bench bytes/find_bench_test.mbt:127 ("bench BytesView::find long dense miss n=4096") ok
time (mean ± σ)         range (min … max) 
   4.71 µs ±   4.40 ns     4.71 µs …   4.72 µs  in 10 ×  21208 runs
[moonbitlang/core] bench bytes/find_bench_test.mbt:134 ("bench BytesView::find single byte miss n=32") ok
time (mean ± σ)         range (min … max) 
  22.84 ns ±   0.30 ns    22.43 ns …  23.18 ns  in 10 × 100000 runs
[moonbitlang/core] bench bytes/find_bench_test.mbt:141 ("bench BytesView::find substring miss n=32") ok
time (mean ± σ)         range (min … max) 
  24.31 ns ±   0.12 ns    24.11 ns …  24.50 ns  in 10 × 100000 runs
[moonbitlang/core] bench bytes/find_bench_test.mbt:148 ("bench BytesView::rev_find single byte hit start n=4096") ok
time (mean ± σ)         range (min … max) 
   2.06 µs ±  74.14 ns     2.01 µs …   2.21 µs  in 10 ×  50141 runs
[moonbitlang/core] bench bytes/find_bench_test.mbt:155 ("bench BytesView::rev_find single byte miss n=4096") ok
time (mean ± σ)         range (min … max) 
   2.06 µs ±  12.21 ns     2.04 µs …   2.07 µs  in 10 ×  48752 runs
[moonbitlang/core] bench bytes/find_bench_test.mbt:162 ("bench BytesView::rev_find substring rare hit start n=4096") ok
time (mean ± σ)         range (min … max) 
   3.35 µs ±   5.75 ns     3.34 µs …   3.36 µs  in 10 ×  29888 runs
[moonbitlang/core] bench bytes/find_bench_test.mbt:169 ("bench BytesView::rev_find substring dense miss n=4096") ok
time (mean ± σ)         range (min … max) 
   3.50 µs ±  12.22 ns     3.49 µs …   3.53 µs  in 10 ×  28465 runs
[moonbitlang/core] bench bytes/find_bench_test.mbt:176 ("bench BytesView::rev_find offset view rare hit start n=4096") ok
time (mean ± σ)         range (min … max) 
   3.34 µs ±   1.40 ns     3.34 µs …   3.34 µs  in 10 ×  29920 runs
[moonbitlang/core] bench bytes/find_bench_test.mbt:185 ("bench BytesView::rev_find long dense miss n=4096") ok
time (mean ± σ)         range (min … max) 
   3.47 µs ±   5.33 ns     3.47 µs …   3.49 µs  in 10 ×  28707 runs
[moonbitlang/core] bench debug/debug_inspect_bench_test.mbt:16 ("bench debug_inspect passing Int") ok
time (mean ± σ)         range (min … max) 
  61.72 ns ±   0.27 ns    61.33 ns …  62.22 ns  in 10 × 100000 runs
[moonbitlang/core] bench debug/debug_inspect_bench_test.mbt:21 ("bench debug_inspect passing Array") ok
time (mean ± σ)         range (min … max) 
 786.99 ns ±   3.62 ns   777.11 ns … 789.45 ns  in 10 × 100000 runs
[moonbitlang/core] bench deque/deque_bench_test.mbt:22 ("bench Deque::to_array Int n=50000") ok
time (mean ± σ)         range (min … max) 
  99.14 µs ± 816.18 ns    98.09 µs … 100.16 µs  in 10 ×   1011 runs
[moonbitlang/core] bench deque/deque_bench_test.mbt:28 ("bench Deque::to_array Ref n=50000") ok
time (mean ± σ)         range (min … max) 
 124.65 µs ±   1.23 µs   123.03 µs … 126.35 µs  in 10 ×    797 runs
[moonbitlang/core] bench deque/deque_bench_test.mbt:34 ("bench Deque steady-state pop_front/push_back x100000 len=1000") ok
time (mean ± σ)         range (min … max) 
 365.52 µs ± 934.28 ns   364.68 µs … 367.06 µs  in 10 ×    275 runs
[moonbitlang/core] bench deque/deque_bench_test.mbt:51 ("bench Deque steady-state push_front/pop_back x100000 len=1000") ok
time (mean ± σ)         range (min … max) 
 364.76 µs ± 295.73 ns   364.31 µs … 365.10 µs  in 10 ×    275 runs
[moonbitlang/core] bench deque/deque_bench_test.mbt:67 ("bench Deque::get x100000 len=1000") ok
time (mean ± σ)         range (min … max) 
 637.63 µs ± 309.18 ns   637.19 µs … 638.13 µs  in 10 ×    157 runs
[moonbitlang/core] bench encoding/ascii/ascii_bench_test.mbt:40 ("bench ASCII decode n=15") ok
time (mean ± σ)         range (min … max) 
  53.69 ns ±   1.24 ns    52.07 ns …  54.97 ns  in 10 × 100000 runs
[moonbitlang/core] bench encoding/ascii/ascii_bench_test.mbt:46 ("bench ASCII decode n=16") ok
time (mean ± σ)         range (min … max) 
  54.50 ns ±   0.47 ns    53.93 ns …  55.09 ns  in 10 × 100000 runs
[moonbitlang/core] bench encoding/ascii/ascii_bench_test.mbt:52 ("bench ASCII decode n=32") ok
time (mean ± σ)         range (min … max) 
  96.37 ns ±   2.14 ns    93.91 ns …  98.89 ns  in 10 × 100000 runs
[moonbitlang/core] bench encoding/ascii/ascii_bench_test.mbt:58 ("bench ASCII decode n=64") ok
time (mean ± σ)         range (min … max) 
 137.02 ns ±   0.75 ns   135.72 ns … 137.84 ns  in 10 × 100000 runs
[moonbitlang/core] bench encoding/ascii/ascii_bench_test.mbt:64 ("bench ASCII decode n=100000") ok
time (mean ± σ)         range (min … max) 
 225.81 µs ± 609.68 ns   224.92 µs … 226.55 µs  in 10 ×    437 runs
[moonbitlang/core] bench encoding/ascii/ascii_bench_test.mbt:70 ("bench ASCII decode n=1000000") ok
time (mean ± σ)         range (min … max) 
   2.18 ms ±  12.22 µs     2.16 ms …   2.20 ms  in 10 ×     46 runs
[moonbitlang/core] bench encoding/base64/v128_bench_wbtest.mbt:38 ("bench encode scalar n=64") ok
time (mean ± σ)         range (min … max) 
   1.62 µs ±   4.77 ns     1.61 µs …   1.63 µs  in 10 ×  59832 runs
[moonbitlang/core] bench encoding/base64/v128_bench_wbtest.mbt:43 ("bench encode v128 n=64") ok
time (mean ± σ)         range (min … max) 
   1.63 µs ±  11.62 ns     1.61 µs …   1.65 µs  in 10 ×  57986 runs
[moonbitlang/core] bench encoding/base64/v128_bench_wbtest.mbt:48 ("bench encode scalar n=1024") ok
time (mean ± σ)         range (min … max) 
  24.99 µs ± 229.94 ns    24.72 µs …  25.43 µs  in 10 ×   3905 runs
[moonbitlang/core] bench encoding/base64/v128_bench_wbtest.mbt:53 ("bench encode v128 n=1024") ok
time (mean ± σ)         range (min … max) 
  25.07 µs ± 334.62 ns    24.75 µs …  25.73 µs  in 10 ×   3908 runs
[moonbitlang/core] bench encoding/base64/v128_bench_wbtest.mbt:58 ("bench encode scalar n=65536") ok
time (mean ± σ)         range (min … max) 
   1.62 ms ±   3.80 µs     1.61 ms …   1.63 ms  in 10 ×     62 runs
[moonbitlang/core] bench encoding/base64/v128_bench_wbtest.mbt:63 ("bench encode v128 n=65536") ok
time (mean ± σ)         range (min … max) 
   1.62 ms ±   5.61 µs     1.61 ms …   1.63 ms  in 10 ×     62 runs
[moonbitlang/core] bench encoding/base64/v128_bench_wbtest.mbt:68 ("bench decode scalar n=64") ok
time (mean ± σ)         range (min … max) 
 257.34 ns ±   1.48 ns   254.79 ns … 258.66 ns  in 10 × 100000 runs
[moonbitlang/core] bench encoding/base64/v128_bench_wbtest.mbt:75 ("bench decode v128 n=64") ok
time (mean ± σ)         range (min … max) 
 262.96 ns ±   1.28 ns   261.15 ns … 264.60 ns  in 10 × 100000 runs
[moonbitlang/core] bench encoding/base64/v128_bench_wbtest.mbt:80 ("bench decode scalar n=1024") ok
time (mean ± σ)         range (min … max) 
   3.66 µs ±  26.38 ns     3.64 µs …   3.71 µs  in 10 ×  25882 runs
[moonbitlang/core] bench encoding/base64/v128_bench_wbtest.mbt:87 ("bench decode v128 n=1024") ok
time (mean ± σ)         range (min … max) 
   3.67 µs ±  13.34 ns     3.65 µs …   3.69 µs  in 10 ×  25778 runs
[moonbitlang/core] bench encoding/base64/v128_bench_wbtest.mbt:92 ("bench decode scalar n=65536") ok
time (mean ± σ)         range (min … max) 
 582.70 µs ±   1.05 µs   580.93 µs … 584.10 µs  in 10 ×    172 runs
[moonbitlang/core] bench encoding/base64/v128_bench_wbtest.mbt:99 ("bench decode v128 n=65536") ok
time (mean ± σ)         range (min … max) 
 581.61 µs ±   1.15 µs   580.76 µs … 583.84 µs  in 10 ×    173 runs
[moonbitlang/core] bench encoding/hex/v128_bench_wbtest.mbt:34 ("bench encode scalar 4k") ok
time (mean ± σ)         range (min … max) 
 144.34 µs ± 461.63 ns   143.91 µs … 145.08 µs  in 10 ×    694 runs
[moonbitlang/core] bench encoding/hex/v128_bench_wbtest.mbt:39 ("bench encode public 64") ok
time (mean ± σ)         range (min … max) 
   2.27 µs ±  13.31 ns     2.24 µs …   2.29 µs  in 10 ×  43238 runs
[moonbitlang/core] bench encoding/hex/v128_bench_wbtest.mbt:44 ("bench encode public 4k") ok
time (mean ± σ)         range (min … max) 
 144.38 µs ± 657.32 ns   143.50 µs … 145.23 µs  in 10 ×    693 runs
[moonbitlang/core] bench encoding/hex/v128_bench_wbtest.mbt:49 ("bench encode public 64k") ok
time (mean ± σ)         range (min … max) 
   2.31 ms ±   9.16 µs     2.30 ms …   2.32 ms  in 10 ×     44 runs
[moonbitlang/core] bench encoding/hex/v128_bench_wbtest.mbt:54 ("bench decode scalar 4k") ok
time (mean ± σ)         range (min … max) 
  27.81 µs ± 503.44 ns    26.98 µs …  28.32 µs  in 10 ×   3524 runs
[moonbitlang/core] bench encoding/hex/v128_bench_wbtest.mbt:62 ("bench decode public 4k") ok
time (mean ± σ)         range (min … max) 
  21.78 µs ±   1.17 µs    20.21 µs …  22.82 µs  in 10 ×   4477 runs
[moonbitlang/core] bench encoding/hex/v128_bench_wbtest.mbt:70 ("bench decode public 64k") ok
time (mean ± σ)         range (min … max) 
 562.17 µs ± 691.28 ns   561.54 µs … 563.72 µs  in 10 ×    178 runs
[moonbitlang/core] bench encoding/utf16/utf16_v128_bench_test.mbt:57 ("bench utf16 encode ASCII LE n=100000") ok
time (mean ± σ)         range (min … max) 
 104.66 µs ± 533.65 ns   104.08 µs … 105.67 µs  in 10 ×    955 runs
[moonbitlang/core] bench encoding/utf16/utf16_v128_bench_test.mbt:63 ("bench utf16 encode ASCII BE n=100000") ok
time (mean ± σ)         range (min … max) 
 111.45 µs ± 809.79 ns   110.25 µs … 112.22 µs  in 10 ×    903 runs
[moonbitlang/core] bench encoding/utf16/utf16_v128_bench_test.mbt:69 ("bench utf16 encode mixed LE n=100000") ok
time (mean ± σ)         range (min … max) 
 104.73 µs ± 672.86 ns   104.05 µs … 105.85 µs  in 10 ×    956 runs
[moonbitlang/core] bench encoding/utf16/utf16_v128_bench_test.mbt:75 ("bench utf16 encode mixed BE n=100000") ok
time (mean ± σ)         range (min … max) 
 110.73 µs ± 807.19 ns   110.00 µs … 112.02 µs  in 10 ×    905 runs
[moonbitlang/core] bench encoding/utf16/utf16_v128_bench_test.mbt:81 ("bench utf16 decode ASCII LE n=100000") ok
time (mean ± σ)         range (min … max) 
 193.45 µs ± 813.47 ns   191.24 µs … 194.13 µs  in 10 ×    541 runs
[moonbitlang/core] bench encoding/utf16/utf16_v128_bench_test.mbt:87 ("bench utf16 decode ASCII BE n=100000") ok
time (mean ± σ)         range (min … max) 
 325.93 µs ± 960.22 ns   323.95 µs … 327.06 µs  in 10 ×    308 runs
[moonbitlang/core] bench encoding/utf16/utf16_v128_bench_test.mbt:95 ("bench utf16 decode mixed LE n=100000") ok
time (mean ± σ)         range (min … max) 
 193.33 µs ± 736.44 ns   191.44 µs … 194.13 µs  in 10 ×    538 runs
[moonbitlang/core] bench encoding/utf16/utf16_v128_bench_test.mbt:101 ("bench utf16 decode mixed BE n=100000") ok
time (mean ± σ)         range (min … max) 
 324.77 µs ±   1.44 µs   322.97 µs … 326.59 µs  in 10 ×    308 runs
[moonbitlang/core] bench encoding/utf16/utf16_v128_bench_test.mbt:109 ("bench utf16 decode emoji LE n=100000") ok
time (mean ± σ)         range (min … max) 
 282.94 µs ±   2.32 µs   280.15 µs … 286.50 µs  in 10 ×    350 runs
[moonbitlang/core] bench encoding/utf16/utf16_v128_bench_test.mbt:115 ("bench utf16 decode emoji BE n=100000") ok
time (mean ± σ)         range (min … max) 
 334.13 µs ±   1.46 µs   332.92 µs … 336.90 µs  in 10 ×    298 runs
[moonbitlang/core] bench hashmap/hashmap_bench_test.mbt:19 ("bench HashMap::set n=50000") ok
time (mean ± σ)         range (min … max) 
   1.63 ms ±  13.51 µs     1.61 ms …   1.65 ms  in 10 ×     61 runs
[moonbitlang/core] bench hashmap/hashmap_bench_test.mbt:30 ("bench HashMap::get n=50000") ok
time (mean ± σ)         range (min … max) 
 479.02 µs ± 208.03 ns   478.77 µs … 479.34 µs  in 10 ×    209 runs
[moonbitlang/core] bench hashmap/hashmap_bench_test.mbt:47 ("bench HashMap::get miss n=50000") ok
time (mean ± σ)         range (min … max) 
 589.96 µs ± 569.31 ns   589.30 µs … 590.87 µs  in 10 ×    170 runs
[moonbitlang/core] bench hashmap/hashmap_bench_test.mbt:67 ("bench HashMap::set+remove n=50000") ok
time (mean ± σ)         range (min … max) 
   2.30 ms ±  18.02 µs     2.28 ms …   2.33 ms  in 10 ×     44 runs
[moonbitlang/core] bench hashmap/hashmap_bench_test.mbt:87 ("bench HashMap::copy+remove n=50000") ok
time (mean ± σ)         range (min … max) 
   1.26 ms ±  20.57 µs     1.24 ms …   1.28 ms  in 10 ×     81 runs
[moonbitlang/core] bench hashmap/hashmap_bench_test.mbt:102 ("bench HashMap::copy n=50000") ok
time (mean ± σ)         range (min … max) 
 617.49 µs ±   7.05 µs   605.81 µs … 623.40 µs  in 10 ×    162 runs
[moonbitlang/core] bench hashmap/hashmap_bench_test.mbt:114 ("bench HashMap::to_array Int n=50000") ok
time (mean ± σ)         range (min … max) 
 596.23 µs ±  12.50 µs   574.46 µs … 616.44 µs  in 10 ×    168 runs
[moonbitlang/core] bench hashmap/hashmap_bench_test.mbt:123 ("bench HashMap::to_array Ref n=50000") ok
time (mean ± σ)         range (min … max) 
 726.25 µs ±  15.03 µs   690.68 µs … 738.91 µs  in 10 ×    126 runs
[moonbitlang/core] bench hashmap/hashmap_bench_test.mbt:141 ("bench HashMap::filter n=50000") ok
time (mean ± σ)         range (min … max) 
 793.52 µs ±  12.18 µs   772.51 µs … 804.08 µs  in 10 ×    130 runs
[moonbitlang/core] bench hashmap/hashmap_bench_test.mbt:147 ("bench HashMap comprehension filter n=50000") ok
time (mean ± σ)         range (min … max) 
   2.47 ms ±  37.61 µs     2.43 ms …   2.52 ms  in 10 ×     40 runs
[moonbitlang/core] bench hashset/set_algebra_bench_test.mbt:26 ("bench HashSet::union String 10k 50% overlap") ok
time (mean ± σ)         range (min … max) 
 536.30 µs ±   2.58 µs   533.17 µs … 540.95 µs  in 10 ×    186 runs
[moonbitlang/core] bench hashset/set_algebra_bench_test.mbt:33 ("bench HashSet::union Int 10k 50% overlap") ok
time (mean ± σ)         range (min … max) 
 435.36 µs ±   2.31 µs   431.90 µs … 438.43 µs  in 10 ×    225 runs
[moonbitlang/core] bench hashset/set_algebra_bench_test.mbt:40 ("bench HashSet::intersection String 10k 50% overlap") ok
time (mean ± σ)         range (min … max) 
 346.18 µs ±   5.03 µs   340.24 µs … 354.25 µs  in 10 ×    285 runs
[moonbitlang/core] bench hashset/set_algebra_bench_test.mbt:47 ("bench HashSet::difference String 10k 50% overlap") ok
time (mean ± σ)         range (min … max) 
 332.02 µs ±   2.34 µs   329.18 µs … 336.32 µs  in 10 ×    298 runs
[moonbitlang/core] bench hashset/set_algebra_bench_test.mbt:54 ("bench HashSet::is_subset String 10k true") ok
time (mean ± σ)         range (min … max) 
 280.99 µs ± 142.74 ns   280.76 µs … 281.17 µs  in 10 ×    356 runs
[moonbitlang/core] bench hashset/set_algebra_bench_test.mbt:61 ("bench HashSet == String 10k") ok
time (mean ± σ)         range (min … max) 
 279.01 µs ±   1.63 µs   277.71 µs … 282.24 µs  in 10 ×    359 runs
[moonbitlang/core] bench hashset/set_algebra_bench_test.mbt:68 ("bench HashSet == Int 10k") ok
time (mean ± σ)         range (min … max) 
  59.58 µs ±   1.16 µs    58.57 µs …  61.98 µs  in 10 ×   1558 runs
[moonbitlang/core] bench hashset/hashset_bench_test.mbt:19 ("bench HashSet::add n=50000") ok
time (mean ± σ)         range (min … max) 
   2.03 ms ±  32.22 µs     1.99 ms …   2.08 ms  in 10 ×     49 runs
[moonbitlang/core] bench hashset/hashset_bench_test.mbt:30 ("bench HashSet::contains n=50000") ok
time (mean ± σ)         range (min … max) 
   1.08 ms ±   1.19 µs     1.08 ms …   1.08 ms  in 10 ×     93 runs
[moonbitlang/core] bench hashset/hashset_bench_test.mbt:56 ("bench HashSet::filter n=50000") ok
time (mean ± σ)         range (min … max) 
 362.21 µs ±   3.85 µs   356.24 µs … 367.53 µs  in 10 ×    290 runs
[moonbitlang/core] bench hashset/hashset_bench_test.mbt:62 ("bench HashSet comprehension filter n=50000") ok
time (mean ± σ)         range (min … max) 
 941.51 µs ±   9.67 µs   930.88 µs … 955.77 µs  in 10 ×    104 runs
[moonbitlang/core] bench immut/hashmap/update_bench_test.mbt:21 ("bench HashMap::remove absent x1000 n=100000") ok
time (mean ± σ)         range (min … max) 
  25.63 µs ± 159.99 ns    25.40 µs …  25.87 µs  in 10 ×   3940 runs
[moonbitlang/core] bench immut/hashmap/update_bench_test.mbt:32 ("bench HashMap::remove present x1000 n=100000") ok
time (mean ± σ)         range (min … max) 
 186.54 µs ± 499.09 ns   185.97 µs … 187.39 µs  in 10 ×    529 runs
[moonbitlang/core] bench immut/hashmap/update_bench_test.mbt:43 ("bench HashMap::union with a derived version n=100000") ok
time (mean ± σ)         range (min … max) 
 465.54 ns ±   1.27 ns   462.59 ns … 467.04 ns  in 10 × 100000 runs
[moonbitlang/core] bench immut/hashmap/update_bench_test.mbt:49 ("bench HashMap::intersection with a derived version n=100000") ok
time (mean ± σ)         range (min … max) 
 446.84 ns ±   1.78 ns   443.39 ns … 448.24 ns  in 10 × 100000 runs
[moonbitlang/core] bench immut/hashmap/hashmap_build_bench_test.mbt:37 ("bench HashMap constructor ordered n=10000") ok
time (mean ± σ)         range (min … max) 
 569.86 µs ±   1.32 µs   568.44 µs … 572.23 µs  in 10 ×    176 runs
[moonbitlang/core] bench immut/hashmap/hashmap_build_bench_test.mbt:43 ("bench HashMap constructor random n=10000") ok
time (mean ± σ)         range (min … max) 
 572.74 µs ± 981.84 ns   571.49 µs … 574.68 µs  in 10 ×    175 runs
[moonbitlang/core] bench immut/hashmap/hashmap_build_bench_test.mbt:49 ("bench HashMap::from_iter random n=10000") ok
time (mean ± σ)         range (min … max) 
 606.24 µs ±   2.40 µs   602.67 µs … 609.95 µs  in 10 ×    166 runs
[moonbitlang/core] bench immut/hashset/update_bench_test.mbt:21 ("bench HashSet::add existing x1000 n=100000") ok
time (mean ± σ)         range (min … max) 
  31.79 µs ± 310.95 ns    31.59 µs …  32.41 µs  in 10 ×   3165 runs
[moonbitlang/core] bench immut/hashset/update_bench_test.mbt:32 ("bench HashSet::remove absent x1000 n=100000") ok
time (mean ± σ)         range (min … max) 
  25.76 µs ± 112.09 ns    25.64 µs …  25.95 µs  in 10 ×   3915 runs
[moonbitlang/core] bench immut/hashset/update_bench_test.mbt:43 ("bench HashSet::add new x1000 n=100000") ok
time (mean ± σ)         range (min … max) 
 182.94 µs ± 450.30 ns   182.33 µs … 183.48 µs  in 10 ×    547 runs
[moonbitlang/core] bench immut/hashset/update_bench_test.mbt:54 ("bench HashSet::union with a derived version n=100000") ok
time (mean ± σ)         range (min … max) 
 465.34 ns ±   0.60 ns   464.24 ns … 466.16 ns  in 10 × 100000 runs
[moonbitlang/core] bench immut/hashset/hashset_build_bench_test.mbt:34 ("bench HashSet constructor ordered n=10000") ok
time (mean ± σ)         range (min … max) 
 605.82 µs ±   3.31 µs   600.88 µs … 609.22 µs  in 10 ×    166 runs
[moonbitlang/core] bench immut/hashset/hashset_build_bench_test.mbt:40 ("bench HashSet constructor random n=10000") ok
time (mean ± σ)         range (min … max) 
 606.77 µs ±   2.78 µs   603.44 µs … 611.13 µs  in 10 ×    165 runs
[moonbitlang/core] bench immut/hashset/hashset_build_bench_test.mbt:46 ("bench HashSet::from_iter random n=10000") ok
time (mean ± σ)         range (min … max) 
 634.31 µs ±   3.56 µs   629.00 µs … 639.99 µs  in 10 ×    158 runs
[moonbitlang/core] bench immut/priority_queue/priority_queue_build_bench_test.mbt:38 ("bench PriorityQueue::from_array ordered n=10000") ok
time (mean ± σ)         range (min … max) 
  51.25 µs ±   1.08 µs    50.26 µs …  52.50 µs  in 10 ×   1891 runs
[moonbitlang/core] bench immut/priority_queue/priority_queue_build_bench_test.mbt:44 ("bench PriorityQueue::from_array reverse n=10000") ok
time (mean ± σ)         range (min … max) 
  41.03 µs ± 751.29 ns    40.49 µs …  42.53 µs  in 10 ×   2325 runs
[moonbitlang/core] bench immut/priority_queue/priority_queue_build_bench_test.mbt:50 ("bench PriorityQueue::from_array random n=10000") ok
time (mean ± σ)         range (min … max) 
  52.26 µs ±   1.26 µs    51.02 µs …  53.91 µs  in 10 ×   1843 runs
[moonbitlang/core] bench immut/priority_queue/priority_queue_build_bench_test.mbt:56 ("bench PriorityQueue::from_iter random n=10000") ok
time (mean ± σ)         range (min … max) 
  86.93 µs ± 491.61 ns    86.48 µs …  87.87 µs  in 10 ×   1151 runs
[moonbitlang/core] bench immut/sorted_map/sorted_map_build_bench_test.mbt:54 ("bench SortedMap constructor reverse n=10000") ok
time (mean ± σ)         range (min … max) 
  82.00 µs ± 103.83 ns    81.84 µs …  82.16 µs  in 10 ×   1221 runs
[moonbitlang/core] bench immut/sorted_map/sorted_map_build_bench_test.mbt:60 ("bench SortedMap::from_iter ordered n=10000") ok
time (mean ± σ)         range (min … max) 
   1.79 ms ±   8.79 µs     1.78 ms …   1.81 ms  in 10 ×     56 runs
[moonbitlang/core] bench immut/sorted_map/sorted_map_build_bench_test.mbt:66 ("bench SortedMap::from_iter almost ordered n=10000") ok
time (mean ± σ)         range (min … max) 
   1.79 ms ±  13.09 µs     1.78 ms …   1.82 ms  in 10 ×     56 runs
[moonbitlang/core] bench immut/sorted_map/sorted_map_build_bench_test.mbt:72 ("bench SortedMap::from_iter random n=10000") ok
time (mean ± σ)         range (min … max) 
   1.10 ms ±   4.12 µs     1.09 ms …   1.11 ms  in 10 ×     92 runs
[moonbitlang/core] bench immut/sorted_map/sorted_map_build_bench_test.mbt:78 ("bench SortedMap constructor ordered n=10000") ok
time (mean ± σ)         range (min … max) 
  83.64 µs ± 213.44 ns    83.26 µs …  83.84 µs  in 10 ×   1197 runs
[moonbitlang/core] bench immut/sorted_map/sorted_map_build_bench_test.mbt:84 ("bench SortedMap constructor almost ordered n=10000") ok
time (mean ± σ)         range (min … max) 
 178.45 µs ± 374.38 ns   177.71 µs … 178.86 µs  in 10 ×    558 runs
[moonbitlang/core] bench immut/sorted_map/sorted_map_build_bench_test.mbt:90 ("bench SortedMap constructor random n=10000") ok
time (mean ± σ)         range (min … max) 
 699.25 µs ±   1.86 µs   697.34 µs … 703.14 µs  in 10 ×    143 runs
[moonbitlang/core] bench immut/sorted_map/merge_bench_test.mbt:29 ("bench merge disjoint n=1000") ok
time (mean ± σ)         range (min … max) 
   2.20 µs ±   6.44 ns     2.19 µs …   2.21 µs  in 10 ×  44509 runs
[moonbitlang/core] bench immut/sorted_map/merge_bench_test.mbt:36 ("bench merge disjoint n=5000") ok
time (mean ± σ)         range (min … max) 
   3.41 µs ±  14.39 ns     3.39 µs …   3.44 µs  in 10 ×  29133 runs
[moonbitlang/core] bench immut/sorted_map/merge_bench_test.mbt:43 ("bench merge disjoint n=10000") ok
time (mean ± σ)         range (min … max) 
   4.00 µs ±  28.56 ns     3.97 µs …   4.05 µs  in 10 ×  24713 runs
[moonbitlang/core] bench immut/sorted_map/merge_bench_test.mbt:50 ("bench merge overlapping 50% n=1000") ok
time (mean ± σ)         range (min … max) 
   6.81 µs ±  43.51 ns     6.76 µs …   6.89 µs  in 10 ×  14605 runs
[moonbitlang/core] bench immut/sorted_map/merge_bench_test.mbt:57 ("bench merge overlapping 50% n=5000") ok
time (mean ± σ)         range (min … max) 
  33.55 µs ±  82.43 ns    33.44 µs …  33.65 µs  in 10 ×   2977 runs
[moonbitlang/core] bench immut/sorted_map/merge_bench_test.mbt:64 ("bench merge overlapping 50% n=10000") ok
time (mean ± σ)         range (min … max) 
  59.92 µs ± 401.08 ns    59.47 µs …  60.75 µs  in 10 ×   1680 runs
[moonbitlang/core] bench immut/sorted_map/merge_bench_test.mbt:71 ("bench merge identical n=1000") ok
time (mean ± σ)         range (min … max) 
   9.54 µs ±  11.40 ns     9.53 µs …   9.57 µs  in 10 ×  10453 runs
[moonbitlang/core] bench immut/sorted_map/merge_bench_test.mbt:78 ("bench merge identical n=5000") ok
time (mean ± σ)         range (min … max) 
  51.33 µs ± 240.88 ns    51.00 µs …  51.62 µs  in 10 ×   1943 runs
[moonbitlang/core] bench immut/sorted_map/merge_bench_test.mbt:85 ("bench merge interleaved n=1000") ok
time (mean ± σ)         range (min … max) 
  37.12 µs ± 156.78 ns    36.87 µs …  37.31 µs  in 10 ×   2710 runs
[moonbitlang/core] bench immut/sorted_map/merge_bench_test.mbt:92 ("bench merge interleaved n=5000") ok
time (mean ± σ)         range (min … max) 
 203.81 µs ± 477.88 ns   203.21 µs … 204.64 µs  in 10 ×    482 runs
[moonbitlang/core] bench immut/sorted_map/merge_bench_test.mbt:99 ("bench merge small into large n=100+10000") ok
time (mean ± σ)         range (min … max) 
   2.95 µs ±  25.19 ns     2.91 µs …   2.98 µs  in 10 ×  34288 runs
[moonbitlang/core] bench immut/sorted_set/sorted_set_build_bench_test.mbt:51 ("bench SortedSet constructor reverse n=10000") ok
time (mean ± σ)         range (min … max) 
  76.05 µs ± 214.27 ns    75.66 µs …  76.29 µs  in 10 ×   1315 runs
[moonbitlang/core] bench immut/sorted_set/sorted_set_build_bench_test.mbt:57 ("bench SortedSet::from_iter ordered n=10000") ok
time (mean ± σ)         range (min … max) 
   1.79 ms ±   6.65 µs     1.78 ms …   1.80 ms  in 10 ×     56 runs
[moonbitlang/core] bench immut/sorted_set/sorted_set_build_bench_test.mbt:63 ("bench SortedSet::from_iter almost ordered n=10000") ok
time (mean ± σ)         range (min … max) 
   1.80 ms ±   9.51 µs     1.78 ms …   1.81 ms  in 10 ×     56 runs
[moonbitlang/core] bench immut/sorted_set/sorted_set_build_bench_test.mbt:69 ("bench SortedSet::from_iter rev almost ordered n=10000") ok
time (mean ± σ)         range (min … max) 
   1.79 ms ±   5.49 µs     1.78 ms …   1.80 ms  in 10 ×     56 runs
[moonbitlang/core] bench immut/sorted_set/sorted_set_build_bench_test.mbt:75 ("bench SortedSet::from_iter random n=10000") ok
time (mean ± σ)         range (min … max) 
   1.09 ms ±   5.77 µs     1.09 ms …   1.10 ms  in 10 ×     92 runs
[moonbitlang/core] bench immut/sorted_set/sorted_set_build_bench_test.mbt:81 ("bench SortedSet constructor ordered n=10000") ok
time (mean ± σ)         range (min … max) 
  78.93 µs ± 125.49 ns    78.69 µs …  79.10 µs  in 10 ×   1268 runs
[moonbitlang/core] bench immut/sorted_set/sorted_set_build_bench_test.mbt:87 ("bench SortedSet constructor almost ordered n=10000") ok
time (mean ± σ)         range (min … max) 
 106.31 µs ±   1.32 µs   105.04 µs … 108.15 µs  in 10 ×    925 runs
[moonbitlang/core] bench immut/sorted_set/sorted_set_build_bench_test.mbt:93 ("bench SortedSet constructor random n=10000") ok
time (mean ± σ)         range (min … max) 
 287.43 µs ± 448.04 ns   286.91 µs … 288.11 µs  in 10 ×    347 runs
[moonbitlang/core] bench immut/vector/vector_iter_bench_test.mbt:24 ("bench Vector::iter fold n=100000") ok
time (mean ± σ)         range (min … max) 
 489.09 µs ±   3.02 µs   482.40 µs … 492.65 µs  in 10 ×    205 runs
[moonbitlang/core] bench immut/vector/vector_iter_bench_test.mbt:30 ("bench Vector::iter each n=100000") ok
time (mean ± σ)         range (min … max) 
 506.59 µs ±   1.66 µs   504.04 µs … 508.45 µs  in 10 ×    198 runs
[moonbitlang/core] bench immut/vector/vector_iter_bench_test.mbt:40 ("bench Vector::iter to_array n=100000") ok
time (mean ± σ)         range (min … max) 
 621.77 µs ±   7.67 µs   609.39 µs … 629.89 µs  in 10 ×    165 runs
[moonbitlang/core] bench immut/vector/vector_iter_bench_test.mbt:46 ("bench Vector::for-in n=100000") ok
time (mean ± σ)         range (min … max) 
 490.46 µs ±   1.69 µs   487.80 µs … 492.67 µs  in 10 ×    203 runs
[moonbitlang/core] bench immut/vector/vector_contains_bench_test.mbt:24 ("bench Vector::contains missing n=100000") ok
time (mean ± σ)         range (min … max) 
  52.66 µs ±  43.79 ns    52.61 µs …  52.75 µs  in 10 ×   1898 runs
[moonbitlang/core] bench immut/vector/vector_contains_bench_test.mbt:30 ("bench Vector::contains tree-end n=100000") ok
time (mean ± σ)         range (min … max) 
  52.63 µs ±  62.68 ns    52.57 µs …  52.79 µs  in 10 ×   1900 runs
[moonbitlang/core] bench immut/vector/vector_contains_bench_test.mbt:36 ("bench Vector::contains tail-end n=100000") ok
time (mean ± σ)         range (min … max) 
  52.77 µs ±  61.51 ns    52.63 µs …  52.84 µs  in 10 ×   1905 runs
[moonbitlang/core] bench internal/strconv/parse_double_bench_test.mbt:48 ("bench parse_double fast digits n=4096") ok
time (mean ± σ)         range (min … max) 
 351.32 µs ±  11.56 µs   337.28 µs … 360.82 µs  in 10 ×    275 runs
[moonbitlang/core] bench internal/strconv/parse_double_bench_test.mbt:55 ("bench parse_double underscores n=4096") ok
time (mean ± σ)         range (min … max) 
 629.53 µs ±  14.80 µs   617.71 µs … 658.90 µs  in 10 ×    161 runs
[moonbitlang/core] bench internal/strconv/parse_double_bench_test.mbt:62 ("bench parse_double long mantissa n=4096") ok
time (mean ± σ)         range (min … max) 
 503.02 µs ±   6.14 µs   493.11 µs … 518.27 µs  in 10 ×    200 runs
[moonbitlang/core] bench json/stringify_indent_bench_test.mbt:45 ("bench Json::stringify deep wide indent=2 n=10000") ok
time (mean ± σ)         range (min … max) 
 400.63 µs ±   1.97 µs   398.73 µs … 405.06 µs  in 10 ×    211 runs
[moonbitlang/core] bench json/stringify_indent_bench_test.mbt:54 ("bench Json::stringify compact n=10000") ok
time (mean ± σ)         range (min … max) 
 193.29 µs ± 505.79 ns   192.39 µs … 194.24 µs  in 10 ×    499 runs
[moonbitlang/core] bench json/stringify_indent_bench_test.mbt:60 ("bench Json::stringify shallow wide indent=2 n=500") ok
time (mean ± σ)         range (min … max) 
 172.64 µs ± 224.49 ns   172.24 µs … 172.92 µs  in 10 ×    571 runs
[moonbitlang/core] bench json/stringify_indent_bench_test.mbt:66 ("bench Json::stringify shallow wide compact n=500") ok
time (mean ± σ)         range (min … max) 
 118.64 µs ± 509.12 ns   118.17 µs … 119.94 µs  in 10 ×    842 runs
[moonbitlang/core] bench json/stringify_escape_bench_test.mbt:24 ("bench Json::stringify strings no escape n=2048") ok
time (mean ± σ)         range (min … max) 
 129.15 µs ± 838.34 ns   128.49 µs … 131.33 µs  in 10 ×    685 runs
[moonbitlang/core] bench json/stringify_escape_bench_test.mbt:30 ("bench Json::stringify strings slash no escape n=2048") ok
time (mean ± σ)         range (min … max) 
 129.18 µs ± 803.23 ns   128.74 µs … 131.43 µs  in 10 ×    685 runs
[moonbitlang/core] bench json/stringify_escape_bench_test.mbt:36 ("bench Json::stringify strings slash escaped n=2048") ok
time (mean ± σ)         range (min … max) 
 238.39 µs ± 744.38 ns   237.88 µs … 240.41 µs  in 10 ×    400 runs
[moonbitlang/core] bench json/stringify_escape_bench_test.mbt:42 ("bench Json::stringify strings quotes controls n=2048") ok
time (mean ± σ)         range (min … max) 
 218.86 µs ±   1.12 µs   217.76 µs … 220.76 µs  in 10 ×    437 runs
[moonbitlang/core] bench json/stringify_escape_bench_test.mbt:48 ("bench Json::stringify 2KB prose one newline n=64") ok
time (mean ± σ)         range (min … max) 
 311.83 µs ±  27.03 µs   298.29 µs … 377.29 µs  in 10 ×    250 runs
[moonbitlang/core] bench json/parse_bench_test.mbt:45 ("bench json parse mixed object array n=1000") ok
time (mean ± σ)         range (min … max) 
   1.12 ms ±   4.41 µs     1.11 ms …   1.12 ms  in 10 ×     90 runs
[moonbitlang/core] bench json/number_bench_test.mbt:64 ("bench json parse int array n=10000") ok
time (mean ± σ)         range (min … max) 
 747.13 µs ±  12.01 µs   731.05 µs … 764.88 µs  in 10 ×    137 runs
[moonbitlang/core] bench json/number_bench_test.mbt:70 ("bench json parse float array n=10000") ok
time (mean ± σ)         range (min … max) 
   1.11 ms ±   9.75 µs     1.10 ms …   1.13 ms  in 10 ×     91 runs
[moonbitlang/core] bench json/number_bench_test.mbt:76 ("bench json parse long mantissa array n=10000") ok
time (mean ± σ)         range (min … max) 
   1.73 ms ±  16.09 µs     1.71 ms …   1.76 ms  in 10 ×     57 runs
[moonbitlang/core] bench json/lex_string_bench_test.mbt:43 ("bench json parse object with short keys n=1000") ok
time (mean ± σ)         range (min … max) 
 126.23 µs ± 132.90 ns   126.02 µs … 126.49 µs  in 10 ×    793 runs
[moonbitlang/core] bench json/lex_string_bench_test.mbt:59 ("bench json parse strings len=20 n=1000") ok
time (mean ± σ)         range (min … max) 
  77.23 µs ±  75.64 ns    77.14 µs …  77.36 µs  in 10 ×   1294 runs
[moonbitlang/core] bench json/lex_string_bench_test.mbt:66 ("bench json parse strings len=64 n=1000") ok
time (mean ± σ)         range (min … max) 
 190.16 µs ± 273.12 ns   189.66 µs … 190.59 µs  in 10 ×    527 runs
[moonbitlang/core] bench json/lex_string_bench_test.mbt:72 ("bench json parse strings len=1024 n=64") ok
time (mean ± σ)         range (min … max) 
 184.33 µs ± 148.29 ns   184.00 µs … 184.51 µs  in 10 ×    541 runs
[moonbitlang/core] bench json/lex_string_bench_test.mbt:78 ("bench json parse single string len=65536") ok
time (mean ± σ)         range (min … max) 
 236.86 µs ± 923.93 ns   235.88 µs … 239.03 µs  in 10 ×    422 runs
[moonbitlang/core] bench json/lex_string_bench_test.mbt:84 ("bench json parse strings len=1040 escape every 100 n=64") ok
time (mean ± σ)         range (min … max) 
 127.23 µs ± 285.84 ns   126.75 µs … 127.56 µs  in 10 ×    786 runs
[moonbitlang/core] bench json/lex_string_bench_test.mbt:99 ("bench json parse strings dense escapes n=1000") ok
time (mean ± σ)         range (min … max) 
 288.09 µs ± 278.36 ns   287.73 µs … 288.74 µs  in 10 ×    347 runs
[moonbitlang/core] bench json/lex_string_bench_test.mbt:114 ("bench json parse strings len=36 n=1000") ok
time (mean ± σ)         range (min … max) 
 115.59 µs ± 228.10 ns   115.34 µs … 116.00 µs  in 10 ×    857 runs
[moonbitlang/core] bench json/lex_string_bench_test.mbt:121 ("bench json parse strings len=128 n=1000") ok
time (mean ± σ)         range (min … max) 
 368.60 µs ± 311.32 ns   368.02 µs … 368.95 µs  in 10 ×    272 runs
[moonbitlang/core] bench json/lex_string_bench_test.mbt:127 ("bench json parse strings len=136 n=1000") ok
time (mean ± σ)         range (min … max) 
 389.77 µs ± 475.84 ns   389.08 µs … 390.67 µs  in 10 ×    254 runs
[moonbitlang/core] bench json/json_inspect_bench_test.mbt:16 ("bench json_inspect passing Int") ok
time (mean ± σ)         range (min … max) 
  58.33 ns ±   0.38 ns    57.93 ns …  59.03 ns  in 10 × 100000 runs
[moonbitlang/core] bench json/from_json_bench_test.mbt:31 ("bench from_json Array[Array[Int]] 500x50") ok
time (mean ± σ)         range (min … max) 
 126.00 µs ± 504.47 ns   125.40 µs … 127.01 µs  in 10 ×    790 runs
[moonbitlang/core] bench json/from_json_bench_test.mbt:41 ("bench from_json Array[Double] n=10000") ok
time (mean ± σ)         range (min … max) 
  34.91 µs ±  70.38 ns    34.79 µs …  35.01 µs  in 10 ×   2852 runs
[moonbitlang/core] bench json/from_json_bench_test.mbt:51 ("bench from_json Map[String, Int] n=1000") ok
time (mean ± σ)         range (min … max) 
  26.47 µs ± 162.21 ns    26.33 µs …  26.68 µs  in 10 ×   3656 runs
[moonbitlang/core] bench lazy_list/concat_bench_test.mbt:40 ("bench LazyList build and traverse n=2048") ok
time (mean ± σ)         range (min … max) 
  33.14 µs ± 438.40 ns    32.04 µs …  33.61 µs  in 10 ×   2977 runs
[moonbitlang/core] bench lazy_list/concat_bench_test.mbt:49 ("bench LazyList re-traverse a forced list n=2048") ok
time (mean ± σ)         range (min … max) 
  14.98 µs ± 116.76 ns    14.90 µs …  15.24 µs  in 10 ×   6567 runs
[moonbitlang/core] bench lazy_list/concat_bench_test.mbt:57 ("bench LazyList left-nested concat, build only n=2048") ok
time (mean ± σ)         range (min … max) 
  74.06 µs ± 535.84 ns    73.10 µs …  74.49 µs  in 10 ×   1349 runs
[moonbitlang/core] bench lazy_list/concat_bench_test.mbt:62 ("bench LazyList left-nested concat, build and traverse n=2048") ok
time (mean ± σ)         range (min … max) 
 142.73 µs ± 207.42 ns   142.31 µs … 142.99 µs  in 10 ×    701 runs
[moonbitlang/core] bench lazy_list/concat_bench_test.mbt:69 ("bench LazyList concat while consuming n=2048") ok
time (mean ± σ)         range (min … max) 
 110.48 µs ± 198.97 ns   110.24 µs … 110.75 µs  in 10 ×    905 runs
[moonbitlang/core] bench lexbuf/lexbuf_bench_test.mbt:47 ("bench Lexbuf retained token chunks=10000 size=1") ok
time (mean ± σ)         range (min … max) 
 308.68 µs ± 533.79 ns   307.94 µs … 309.91 µs  in 10 ×    327 runs
[moonbitlang/core] bench lexbuf/lexbuf_bench_test.mbt:52 ("bench Lexbuf retained token chunks=1250 size=8") ok
time (mean ± σ)         range (min … max) 
  91.23 µs ± 302.11 ns    90.77 µs …  91.78 µs  in 10 ×   1091 runs
[moonbitlang/core] bench lexbuf/lexbuf_bench_test.mbt:57 ("bench Lexbuf retained token chunks=157 size=64") ok
time (mean ± σ)         range (min … max) 
  45.16 µs ±  41.71 ns    45.11 µs …  45.24 µs  in 10 ×   2206 runs
[moonbitlang/core] bench lexbuf/lexbuf_bench_test.mbt:62 ("bench Lexbuf retained token chunks=20 size=512") ok
time (mean ± σ)         range (min … max) 
  41.50 µs ± 126.91 ns    41.38 µs …  41.78 µs  in 10 ×   2398 runs
[moonbitlang/core] bench quickcheck/shrink_collection_bench_test.mbt:16 ("bench shrink Array first candidate size=10000") ok
time (mean ± σ)         range (min … max) 
 127.08 ns ±   1.45 ns   124.26 ns … 128.86 ns  in 10 × 100000 runs
[moonbitlang/core] bench quickcheck/shrink_collection_bench_test.mbt:22 ("bench shrink List first candidate size=10000") ok
time (mean ± σ)         range (min … max) 
  74.08 µs ± 146.89 ns    73.88 µs …  74.24 µs  in 10 ×   1345 runs
[moonbitlang/core] bench quickcheck/generator_bench_test.mbt:16 ("bench Generator::zip_with n=1000000") ok
time (mean ± σ)         range (min … max) 
  11.95 ms ±  83.76 µs    11.79 ms …  12.07 ms  in 10 ×      9 runs
[moonbitlang/core] bench quickcheck/arbitrary_string_bench_test.mbt:16 ("bench Arbitrary String size=10000 count=100") ok
time (mean ± σ)         range (min … max) 
   5.12 ms ±  44.81 µs     5.05 ms …   5.16 ms  in 10 ×     19 runs
[moonbitlang/core] bench random/random_test.mbt:409 ("bench random") ok
time (mean ± σ)         range (min … max) 
  30.40 ms ± 843.93 µs    29.17 ms …  31.24 ms  in 10 ×      4 runs
[moonbitlang/core] bench set/set_algebra_bench_test.mbt:26 ("bench Set::union String 10k 50% overlap") ok
time (mean ± σ)         range (min … max) 
 577.49 µs ±   6.38 µs   569.91 µs … 587.15 µs  in 10 ×    175 runs
[moonbitlang/core] bench set/set_algebra_bench_test.mbt:33 ("bench Set::union Int 10k 50% overlap") ok
time (mean ± σ)         range (min … max) 
 465.35 µs ±   4.59 µs   461.18 µs … 474.09 µs  in 10 ×    211 runs
[moonbitlang/core] bench set/set_algebra_bench_test.mbt:40 ("bench Set::intersection String 10k 50% overlap") ok
time (mean ± σ)         range (min … max) 
 352.47 µs ±   1.92 µs   350.03 µs … 356.25 µs  in 10 ×    280 runs
[moonbitlang/core] bench set/set_algebra_bench_test.mbt:47 ("bench Set::difference String 10k 50% overlap") ok
time (mean ± σ)         range (min … max) 
 360.32 µs ±   2.14 µs   357.36 µs … 364.31 µs  in 10 ×    274 runs
[moonbitlang/core] bench set/set_algebra_bench_test.mbt:54 ("bench Set::is_subset String 10k true") ok
time (mean ± σ)         range (min … max) 
 283.25 µs ± 384.12 ns   282.26 µs … 283.55 µs  in 10 ×    356 runs
[moonbitlang/core] bench set/set_algebra_bench_test.mbt:61 ("bench Set == String 10k") ok
time (mean ± σ)         range (min … max) 
 284.29 µs ± 194.44 ns   284.01 µs … 284.55 µs  in 10 ×    352 runs
[moonbitlang/core] bench set/set_algebra_bench_test.mbt:68 ("bench Set == Int 10k") ok
time (mean ± σ)         range (min … max) 
  97.66 µs ± 188.78 ns    97.38 µs …  97.86 µs  in 10 ×   1018 runs
[moonbitlang/core] bench set/linked_hash_set_bench_test.mbt:19 ("bench Set::add n=50000") ok
time (mean ± σ)         range (min … max) 
   2.20 ms ±  24.16 µs     2.17 ms …   2.24 ms  in 10 ×     47 runs
[moonbitlang/core] bench set/linked_hash_set_bench_test.mbt:30 ("bench Set::contains n=50000") ok
time (mean ± σ)         range (min … max) 
   1.07 ms ±   4.36 µs     1.06 ms …   1.07 ms  in 10 ×     94 runs
[moonbitlang/core] bench set/linked_hash_set_bench_test.mbt:47 ("bench Set::contains miss n=50000") ok
time (mean ± σ)         range (min … max) 
   1.11 ms ±   2.08 µs     1.11 ms …   1.11 ms  in 10 ×     90 runs
[moonbitlang/core] bench set/linked_hash_set_bench_test.mbt:67 ("bench Set::add+remove n=50000") ok
time (mean ± σ)         range (min … max) 
   3.32 ms ±  23.77 µs     3.30 ms …   3.36 ms  in 10 ×     30 runs
[moonbitlang/core] bench set/linked_hash_set_bench_test.mbt:86 ("bench Set::filter n=50000") ok
time (mean ± σ)         range (min … max) 
 444.29 µs ±   4.70 µs   433.17 µs … 448.57 µs  in 10 ×    231 runs
[moonbitlang/core] bench set/linked_hash_set_bench_test.mbt:92 ("bench Set comprehension filter n=50000") ok
time (mean ± σ)         range (min … max) 
 968.44 µs ±   5.94 µs   962.14 µs … 977.69 µs  in 10 ×    103 runs
[moonbitlang/core] bench sorted_set/sorted_set_bench_test.mbt:22 ("bench SortedSet::to_array Int n=50000") ok
time (mean ± σ)         range (min … max) 
 158.27 µs ± 789.04 ns   157.44 µs … 159.69 µs  in 10 ×    633 runs
[moonbitlang/core] bench sorted_set/sorted_set_bench_test.mbt:30 ("bench SortedSet::to_array Ref n=50000") ok
time (mean ± σ)         range (min … max) 
 169.49 µs ±   1.21 µs   168.28 µs … 172.32 µs  in 10 ×    594 runs
[moonbitlang/core] bench string/regex_bench_test.mbt:16 ("bench regex /aa?b/ on 1MB string") ok
time (mean ± σ)         range (min … max) 
   2.48 ms ± 949.51 ns     2.48 ms …   2.48 ms  in 10 ×     41 runs
[moonbitlang/core] bench string/regex_bench_test.mbt:23 ("bench regex phone lines") ok
time (mean ± σ)         range (min … max) 
   2.39 µs ±   5.75 ns     2.37 µs …   2.39 µs  in 10 ×  42445 runs
[moonbitlang/core] bench string/regex_bench_test.mbt:43 ("bench regex large pattern") ok
time (mean ± σ)         range (min … max) 
   1.84 ms ± 767.33 ns     1.84 ms …   1.84 ms  in 10 ×     55 runs
[moonbitlang/core] bench v128/v128_bench_test.mbt:32 ("bench V128 i64x2_add n=10000") ok
time (mean ± σ)         range (min … max) 
   5.44 µs ±   6.21 ns     5.43 µs …   5.45 µs  in 10 ×  18384 runs
[moonbitlang/core] bench v128/v128_bench_test.mbt:44 ("bench V128 i32x4_add n=10000") ok
time (mean ± σ)         range (min … max) 
   5.44 µs ±   5.57 ns     5.43 µs …   5.44 µs  in 10 ×  18311 runs
[moonbitlang/core] bench v128/v128_bench_test.mbt:56 ("bench V128 i8x16_add n=10000") ok
time (mean ± σ)         range (min … max) 
   5.44 µs ±   5.54 ns     5.43 µs …   5.45 µs  in 10 ×  18370 runs
[moonbitlang/core] bench v128/v128_bench_test.mbt:68 ("bench V128 i8x16_splat n=10000") ok
time (mean ± σ)         range (min … max) 
   5.40 µs ±   2.53 ns     5.40 µs …   5.40 µs  in 10 ×  18526 runs
[moonbitlang/core] bench v128/v128_bench_test.mbt:79 ("bench V128 i8x16_extract_lane_u n=10000") ok
time (mean ± σ)         range (min … max) 
   8.31 µs ± 172.07 ns     8.14 µs …   8.60 µs  in 10 ×  11942 runs
[moonbitlang/core] bench v128/v128_bench_test.mbt:93 ("bench V128 i8x16_replace_lane n=10000") ok
time (mean ± σ)         range (min … max) 
  39.32 µs ±  23.87 ns    39.29 µs …  39.36 µs  in 10 ×   2545 runs
[moonbitlang/core] bench v128/v128_bench_test.mbt:108 ("bench V128 i8x16_bitmask n=10000") ok
time (mean ± σ)         range (min … max) 
   7.66 µs ±   9.33 ns     7.64 µs …   7.67 µs  in 10 ×  13032 runs
[moonbitlang/core] bench v128/v128_bench_test.mbt:120 ("bench V128 load/store n=10000") ok
time (mean ± σ)         range (min … max) 
 126.90 µs ± 946.43 ns   124.72 µs … 127.80 µs  in 10 ×    788 runs
[moonbitlang/core] bench v128/v128_bench_test.mbt:135 ("bench V128 load8x8_u n=10000") ok
time (mean ± σ)         range (min … max) 
  41.89 µs ± 246.40 ns    41.44 µs …  42.12 µs  in 10 ×   2404 runs
[moonbitlang/core] bench v128/v128_bench_test.mbt:147 ("bench V128 load8x8_s n=10000") ok
time (mean ± σ)         range (min … max) 
  46.39 µs ±  71.28 ns    46.32 µs …  46.48 µs  in 10 ×   2152 runs
[moonbitlang/core] bench v128/v128_bench_test.mbt:159 ("bench V128 load16x4_u n=10000") ok
time (mean ± σ)         range (min … max) 
  35.95 µs ± 180.73 ns    35.57 µs …  36.15 µs  in 10 ×   2769 runs
[moonbitlang/core] bench v128/v128_bench_test.mbt:171 ("bench V128 load16x4_s n=10000") ok
time (mean ± σ)         range (min … max) 
  40.71 µs ± 393.92 ns    40.13 µs …  41.08 µs  in 10 ×   2470 runs
[moonbitlang/core] bench v128/v128_bench_test.mbt:183 ("bench V128 load32x2_u n=10000") ok
time (mean ± σ)         range (min … max) 
  34.03 µs ± 409.22 ns    33.50 µs …  34.62 µs  in 10 ×   2923 runs
[moonbitlang/core] bench v128/v128_bench_test.mbt:195 ("bench V128 load32x2_s n=10000") ok
time (mean ± σ)         range (min … max) 
  35.87 µs ±  83.94 ns    35.78 µs …  36.06 µs  in 10 ×   2793 runs
[moonbitlang/core] bench v128/v128_bench_test.mbt:207 ("bench V128 load_splat n=10000") ok
time (mean ± σ)         range (min … max) 
  50.28 µs ± 615.26 ns    49.40 µs …  50.95 µs  in 10 ×   1978 runs
[moonbitlang/core] bench v128/v128_bench_test.mbt:223 ("bench V128 load8_lane n=10000") ok
time (mean ± σ)         range (min … max) 
  39.37 µs ±  30.97 ns    39.34 µs …  39.45 µs  in 10 ×   2540 runs
[moonbitlang/core] bench v128/v128_bench_test.mbt:235 ("bench V128 load16_lane n=10000") ok
time (mean ± σ)         range (min … max) 
  39.58 µs ±  28.37 ns    39.55 µs …  39.64 µs  in 10 ×   2529 runs
[moonbitlang/core] bench v128/v128_bench_test.mbt:247 ("bench V128 load32_lane n=10000") ok
time (mean ± σ)         range (min … max) 
  39.88 µs ±  29.10 ns    39.85 µs …  39.93 µs  in 10 ×   2510 runs
[moonbitlang/core] bench v128/v128_bench_test.mbt:259 ("bench V128 load64_lane n=10000") ok
time (mean ± σ)         range (min … max) 
  62.39 µs ±  30.72 ns    62.35 µs …  62.45 µs  in 10 ×   1604 runs
[moonbitlang/core] bench v128/v128_bench_test.mbt:271 ("bench V128 extend i8x16 to i16x8 n=10000") ok
time (mean ± σ)         range (min … max) 
  10.86 µs ±  20.18 ns    10.84 µs …  10.91 µs  in 10 ×   9206 runs
[moonbitlang/core] bench v128/v128_bench_test.mbt:285 ("bench V128 extend i16x8 to i32x4 n=10000") ok
time (mean ± σ)         range (min … max) 
  10.85 µs ±  12.35 ns    10.84 µs …  10.89 µs  in 10 ×   9211 runs
[moonbitlang/core] bench v128/v128_bench_test.mbt:299 ("bench V128 extend i32x4 to i64x2 n=10000") ok
time (mean ± σ)         range (min … max) 
  10.86 µs ±  14.50 ns    10.84 µs …  10.89 µs  in 10 ×   9208 runs
[moonbitlang/core] bench v128/v128_bench_test.mbt:313 ("bench V128 all_true n=10000") ok
time (mean ± σ)         range (min … max) 
  14.29 µs ±  14.67 ns    14.26 µs …  14.31 µs  in 10 ×   7021 runs
[moonbitlang/core] bench v128/v128_bench_test.mbt:337 ("bench V128 bitmask all widths n=10000") ok
time (mean ± σ)         range (min … max) 
  16.30 µs ±  26.94 ns    16.27 µs …  16.34 µs  in 10 ×   6128 runs
[moonbitlang/core] bench v128/v128_bench_test.mbt:353 ("bench V128 swizzle n=10000") ok
time (mean ± σ)         range (min … max) 
   5.44 µs ±   6.24 ns     5.44 µs …   5.45 µs  in 10 ×  18360 runs
[moonbitlang/core] bench v128/v128_bench_test.mbt:371 ("bench V128 shuffle n=10000") ok
time (mean ± σ)         range (min … max) 
  10.91 µs ±  63.11 ns    10.87 µs …  11.06 µs  in 10 ×   9187 runs
Total tests: 503, passed: 503, failed: 0.
