[moonbitlang/core] bench argparse/globals_bench_test.mbt:16 ("bench parse inherited globals with an override") ok
time (mean ± σ)         range (min … max) 
   2.57 µs ±   7.98 ns     2.56 µs …   2.59 µs  in 10 ×  39031 runs
[moonbitlang/core] bench bench/hash_bench_test.mbt:16 ("bench Hash for Bytes (small)") ok
time (mean ± σ)         range (min … max) 
  13.29 ns ±   0.38 ns    12.88 ns …  13.76 ns  in 10 × 100000 runs
[moonbitlang/core] bench bench/hash_bench_test.mbt:22 ("bench Hash for Bytes (medium)") ok
time (mean ± σ)         range (min … max) 
 136.64 ns ±   0.19 ns   136.34 ns … 136.97 ns  in 10 × 100000 runs
[moonbitlang/core] bench bench/hash_bench_test.mbt:28 ("bench Hash for Bytes (large)") ok
time (mean ± σ)         range (min … max) 
   2.29 µs ±   1.93 ns     2.29 µs …   2.29 µs  in 10 ×  43557 runs
[moonbitlang/core] bench bench/hash_bench_test.mbt:34 ("bench Hash for BytesView (small)") ok
time (mean ± σ)         range (min … max) 
  16.56 ns ±   0.24 ns    16.11 ns …  16.88 ns  in 10 × 100000 runs
[moonbitlang/core] bench bench/hash_bench_test.mbt:41 ("bench Hash for BytesView (medium)") ok
time (mean ± σ)         range (min … max) 
 143.72 ns ±   0.28 ns   143.24 ns … 144.13 ns  in 10 × 100000 runs
[moonbitlang/core] bench bench/hash_bench_test.mbt:48 ("bench Hash for BytesView (large)") ok
time (mean ± σ)         range (min … max) 
   2.33 µs ±  16.84 ns     2.30 µs …   2.34 µs  in 10 ×  42558 runs
[moonbitlang/core] bench bench/hash_bench_test.mbt:55 ("bench Hasher::combine_bytes (small)") ok
time (mean ± σ)         range (min … max) 
  15.39 ns ±   0.14 ns    15.16 ns …  15.64 ns  in 10 × 100000 runs
[moonbitlang/core] bench bench/hash_bench_test.mbt:65 ("bench Hasher::combine_bytes (medium)") ok
time (mean ± σ)         range (min … max) 
 129.00 ns ±   0.41 ns   128.37 ns … 129.69 ns  in 10 × 100000 runs
[moonbitlang/core] bench bench/hash_bench_test.mbt:75 ("bench Hasher::combine_bytes (large)") ok
time (mean ± σ)         range (min … max) 
   2.05 µs ±  15.66 ns     2.02 µs …   2.07 µs  in 10 ×  48025 runs
[moonbitlang/core] bench bigint/to_string_radix_bench_test.mbt:23 ("bench bigint to_string radix=7 (4000 bits)") ok
time (mean ± σ)         range (min … max) 
  31.91 µs ±  86.59 ns    31.83 µs …  32.11 µs  in 10 ×   3099 runs
[moonbitlang/core] bench bigint/to_string_radix_bench_test.mbt:29 ("bench bigint to_string radix=36 (4000 bits)") ok
time (mean ± σ)         range (min … max) 
  36.57 µs ± 447.82 ns    36.19 µs …  37.74 µs  in 10 ×   2742 runs
[moonbitlang/core] bench bigint/to_string_radix_bench_test.mbt:35 ("bench bigint to_string radix=10 reference (4000 bits)") ok
time (mean ± σ)         range (min … max) 
  29.87 µs ± 104.47 ns    29.79 µs …  30.15 µs  in 10 ×   3314 runs
[moonbitlang/core] bench bigint/to_string_bench_test.mbt:30 ("bench BigInt::to_string n=40 digits") ok
time (mean ± σ)         range (min … max) 
 207.06 ns ±   1.08 ns   205.12 ns … 208.55 ns  in 10 × 100000 runs
[moonbitlang/core] bench bigint/to_string_bench_test.mbt:36 ("bench BigInt::to_string n=400 digits") ok
time (mean ± σ)         range (min … max) 
   4.08 µs ±  25.50 ns     4.06 µs …   4.13 µs  in 10 ×  24264 runs
[moonbitlang/core] bench bigint/to_string_bench_test.mbt:42 ("bench BigInt::to_string n=4000 digits") ok
time (mean ± σ)         range (min … max) 
 307.51 µs ± 546.60 ns   307.12 µs … 309.01 µs  in 10 ×    325 runs
[moonbitlang/core] bench bigint/to_string_bench_test.mbt:48 ("bench BigInt::to_string n=40000 digits") ok
time (mean ± σ)         range (min … max) 
  29.19 ms ±  24.48 µs    29.16 ms …  29.24 ms  in 10 ×      4 runs
[moonbitlang/core] bench bigint/to_string_bench_test.mbt:54 ("bench BigInt::to_string n=250000 digits") ok
time (mean ± σ)         range (min … max) 
   1.14 s ±   2.83 ms     1.14 s …   1.15 s  in 10 ×      1 runs
[moonbitlang/core] bench bigint/from_octets_bench_test.mbt:21 ("bench BigInt::from_octets n=64") ok
time (mean ± σ)         range (min … max) 
  62.37 ns ±   2.58 ns    59.88 ns …  65.63 ns  in 10 × 100000 runs
[moonbitlang/core] bench bigint/from_octets_bench_test.mbt:27 ("bench BigInt::from_octets n=1024") ok
time (mean ± σ)         range (min … max) 
 773.63 ns ±  23.17 ns   752.67 ns … 816.31 ns  in 10 × 100000 runs
[moonbitlang/core] bench bigint/division_bench_test.mbt:66 ("bench BigInt balanced division n=4000 digits") ok
time (mean ± σ)         range (min … max) 
 211.56 µs ± 163.61 ns   211.33 µs … 211.82 µs  in 10 ×    474 runs
[moonbitlang/core] bench bigint/division_bench_test.mbt:72 ("bench BigInt balanced division n=40000 digits") ok
time (mean ± σ)         range (min … max) 
  20.58 ms ±  45.77 µs    20.53 ms …  20.69 ms  in 10 ×      5 runs
[moonbitlang/core] bench bigint/division_bench_test.mbt:78 ("bench BigInt balanced division n=250000 digits") ok
time (mean ± σ)         range (min … max) 
 804.73 ms ±   6.09 ms   797.10 ms … 811.39 ms  in 10 ×      1 runs
[moonbitlang/core] bench bigint/division_bench_test.mbt:84 ("bench BigInt unbalanced division q=65536 d=64 limbs") ok
time (mean ± σ)         range (min … max) 
  21.23 ms ±  58.50 µs    21.17 ms …  21.33 ms  in 10 ×      5 runs
[moonbitlang/core] bench bigint/division_bench_test.mbt:90 ("bench BigInt narrow division q=9 d=64 limbs") ok
time (mean ± σ)         range (min … max) 
 900.33 ns ±  15.44 ns   883.17 ns … 922.83 ns  in 10 ×  80020 runs
[moonbitlang/core] bench buffer/write_bench_test.mbt:30 ("bench Buffer::write_byte n=4096") ok
time (mean ± σ)         range (min … max) 
   8.02 µs ± 135.87 ns     7.93 µs …   8.22 µs  in 10 ×  12647 runs
[moonbitlang/core] bench buffer/write_bench_test.mbt:42 ("bench Buffer::write_uint16_be n=4096") ok
time (mean ± σ)         range (min … max) 
   8.55 µs ±  28.58 ns     8.50 µs …   8.58 µs  in 10 ×  11654 runs
[moonbitlang/core] bench buffer/write_bench_test.mbt:54 ("bench Buffer::write_uint_le n=4096") ok
time (mean ± σ)         range (min … max) 
  10.83 µs ±  13.04 ns    10.79 µs …  10.84 µs  in 10 ×   9213 runs
[moonbitlang/core] bench buffer/write_bench_test.mbt:66 ("bench Buffer::write_uint64_be n=4096") ok
time (mean ± σ)         range (min … max) 
  14.66 µs ± 111.95 ns    14.48 µs …  14.79 µs  in 10 ×   6849 runs
[moonbitlang/core] bench buffer/write_bench_test.mbt:78 ("bench Buffer::write_char_utf8 ASCII n=4096") ok
time (mean ± σ)         range (min … max) 
   8.42 µs ±  37.75 ns     8.34 µs …   8.47 µs  in 10 ×  11681 runs
[moonbitlang/core] bench buffer/write_bench_test.mbt:90 ("bench Buffer::write_char_utf8 non-BMP n=4096") ok
time (mean ± σ)         range (min … max) 
  13.34 µs ± 102.13 ns    13.19 µs …  13.44 µs  in 10 ×   7492 runs
[moonbitlang/core] bench buffer/write_bench_test.mbt:103 ("bench Buffer::write_char_utf16le BMP n=4096") ok
time (mean ± σ)         range (min … max) 
   9.04 µs ±   4.07 ns     9.04 µs …   9.05 µs  in 10 ×  11038 runs
[moonbitlang/core] bench buffer/write_bench_test.mbt:115 ("bench Buffer::write_string_utf16le chunks n=4096") ok
time (mean ± σ)         range (min … max) 
  76.87 µs ± 860.81 ns    75.98 µs …  78.50 µs  in 10 ×    834 runs
[moonbitlang/core] bench buffer/write_bench_test.mbt:130 ("bench @buffer.from_array n=4096") ok
time (mean ± σ)         range (min … max) 
   2.68 µs ±  14.71 ns     2.66 µs …   2.71 µs  in 10 ×  37529 runs
[moonbitlang/core] bench builtin/view_bench_test.mbt:34 ("bench ArrayView::at Int n=100000") ok
time (mean ± σ)         range (min … max) 
  81.40 µs ±  70.38 ns    81.33 µs …  81.56 µs  in 10 ×   1230 runs
[moonbitlang/core] bench builtin/view_bench_test.mbt:47 ("bench ArrayView::get Int n=100000") ok
time (mean ± σ)         range (min … max) 
  71.77 µs ± 812.45 ns    70.77 µs …  72.44 µs  in 10 ×   1414 runs
[moonbitlang/core] bench builtin/view_bench_test.mbt:62 ("bench ArrayView::unsafe_get Int n=100000") ok
time (mean ± σ)         range (min … max) 
  58.72 µs ± 146.53 ns    58.55 µs …  58.94 µs  in 10 ×   1708 runs
[moonbitlang/core] bench builtin/view_bench_test.mbt:75 ("bench ArrayView::rev_fold Int n=100000") ok
time (mean ± σ)         range (min … max) 
  56.86 µs ± 174.63 ns    56.71 µs …  57.33 µs  in 10 ×   1763 runs
[moonbitlang/core] bench builtin/view_bench_test.mbt:82 ("bench ArrayView::rev_foldi Int n=100000") ok
time (mean ± σ)         range (min … max) 
  56.86 µs ±  38.85 ns    56.81 µs …  56.91 µs  in 10 ×   1759 runs
[moonbitlang/core] bench builtin/view_bench_test.mbt:91 ("bench ArrayView::equal Int n=100000") ok
time (mean ± σ)         range (min … max) 
  76.45 µs ± 184.75 ns    76.22 µs …  76.78 µs  in 10 ×   1308 runs
[moonbitlang/core] bench builtin/view_bench_test.mbt:99 ("bench ArrayView::compare Int n=100000") ok
time (mean ± σ)         range (min … max) 
  99.86 µs ± 547.23 ns    98.91 µs … 100.65 µs  in 10 ×    963 runs
[moonbitlang/core] bench builtin/view_bench_test.mbt:107 ("bench MutArrayView::at Int n=100000") ok
time (mean ± σ)         range (min … max) 
  81.42 µs ±  69.93 ns    81.36 µs …  81.56 µs  in 10 ×   1230 runs
[moonbitlang/core] bench builtin/view_bench_test.mbt:120 ("bench MutArrayView::unsafe_get Int n=100000") ok
time (mean ± σ)         range (min … max) 
  58.62 µs ±  88.21 ns    58.49 µs …  58.71 µs  in 10 ×   1706 runs
[moonbitlang/core] bench builtin/view_bench_test.mbt:133 ("bench MutArrayView::set Int n=100000") ok
time (mean ± σ)         range (min … max) 
 111.87 µs ± 227.18 ns   111.28 µs … 112.11 µs  in 10 ×    892 runs
[moonbitlang/core] bench builtin/view_bench_test.mbt:145 ("bench MutArrayView::unsafe_set Int n=100000") ok
time (mean ± σ)         range (min … max) 
  59.89 µs ±  96.82 ns    59.72 µs …  60.04 µs  in 10 ×   1669 runs
[moonbitlang/core] bench builtin/view_bench_test.mbt:157 ("bench BytesView::at n=100000") ok
time (mean ± σ)         range (min … max) 
  81.42 µs ± 126.67 ns    81.33 µs …  81.74 µs  in 10 ×   1230 runs
[moonbitlang/core] bench builtin/view_bench_test.mbt:170 ("bench BytesView::unsafe_get n=100000") ok
time (mean ± σ)         range (min … max) 
  53.03 µs ±  43.51 ns    52.96 µs …  53.10 µs  in 10 ×   1886 runs
[moonbitlang/core] bench builtin/stringbuilder_bench_test.mbt:28 ("bench StringBuilder::write_string chunks n=4096") ok
time (mean ± σ)         range (min … max) 
  86.16 µs ±   8.04 µs    78.44 µs … 102.84 µs  in 10 ×   1293 runs
[moonbitlang/core] bench builtin/stringbuilder_bench_test.mbt:41 ("bench StringBuilder::write_view chunks n=4096") ok
time (mean ± σ)         range (min … max) 
  78.41 µs ± 207.37 ns    78.21 µs …  78.87 µs  in 10 ×   1274 runs
[moonbitlang/core] bench builtin/stringbuilder_bench_test.mbt:54 ("bench StringBuilder::write_stringview chunks n=4096") ok
time (mean ± σ)         range (min … max) 
  79.42 µs ±  86.02 ns    79.30 µs …  79.56 µs  in 10 ×   1258 runs
[moonbitlang/core] bench builtin/stringbuilder_bench_test.mbt:67 ("bench StringBuilder::write_char ASCII n=4096") ok
time (mean ± σ)         range (min … max) 
   9.01 µs ± 501.13 ns     8.66 µs …   9.74 µs  in 10 ×  11453 runs
[moonbitlang/core] bench builtin/stringbuilder_bench_test.mbt:79 ("bench StringBuilder::write_char non-BMP n=4096") ok
time (mean ± σ)         range (min … max) 
  11.39 µs ± 340.27 ns    11.26 µs …  12.36 µs  in 10 ×   8980 runs
[moonbitlang/core] bench builtin/stringbuilder_bench_test.mbt:92 ("bench StringBuilder::reset reuse spare capacity n=4096") ok
time (mean ± σ)         range (min … max) 
 135.53 µs ± 789.60 ns   133.97 µs … 136.58 µs  in 10 ×    741 runs
[moonbitlang/core] bench builtin/string_to_upper_bench_test.mbt:61 ("bench String::to_upper short") ok
time (mean ± σ)         range (min … max) 
  30.70 ns ±   0.62 ns    29.87 ns …  31.70 ns  in 10 × 100000 runs
[moonbitlang/core] bench builtin/string_to_upper_bench_test.mbt:66 ("bench String::to_upper long") ok
time (mean ± σ)         range (min … max) 
   1.13 µs ±   6.29 ns     1.12 µs …   1.14 µs  in 10 ×  87868 runs
[moonbitlang/core] bench builtin/string_to_upper_bench_test.mbt:71 ("bench String::to_upper sparse") ok
time (mean ± σ)         range (min … max) 
   1.16 µs ± 102.72 ns     1.11 µs …   1.38 µs  in 10 ×  89935 runs
[moonbitlang/core] bench builtin/string_to_upper_bench_test.mbt:76 ("bench String::to_upper late-lowercase") ok
time (mean ± σ)         range (min … max) 
   1.02 µs ±   3.45 ns     1.01 µs …   1.02 µs  in 10 ×  98250 runs
[moonbitlang/core] bench builtin/string_to_upper_bench_test.mbt:81 ("bench String::to_upper one-unit runs") ok
time (mean ± σ)         range (min … max) 
   1.07 µs ±   3.22 ns     1.06 µs …   1.07 µs  in 10 ×  94009 runs
[moonbitlang/core] bench builtin/string_to_upper_bench_test.mbt:86 ("bench String::to_upper all-lowercase") ok
time (mean ± σ)         range (min … max) 
   1.21 µs ±   3.85 ns     1.20 µs …   1.22 µs  in 10 ×  82906 runs
[moonbitlang/core] bench builtin/string_to_upper_bench_test.mbt:91 ("bench String::to_upper no-change short") ok
time (mean ± σ)         range (min … max) 
  13.35 ns ±   0.36 ns    12.89 ns …  13.84 ns  in 10 × 100000 runs
[moonbitlang/core] bench builtin/string_to_upper_bench_test.mbt:96 ("bench String::to_upper no-change long") ok
time (mean ± σ)         range (min … max) 
 492.86 ns ±   0.28 ns   492.42 ns … 493.27 ns  in 10 × 100000 runs
[moonbitlang/core] bench builtin/string_to_upper_bench_test.mbt:101 ("bench StringView::to_upper short") ok
time (mean ± σ)         range (min … max) 
  31.87 ns ±   0.44 ns    31.23 ns …  32.49 ns  in 10 × 100000 runs
[moonbitlang/core] bench builtin/string_to_upper_bench_test.mbt:106 ("bench StringView::to_upper long") ok
time (mean ± σ)         range (min … max) 
   1.13 µs ±   5.45 ns     1.13 µs …   1.14 µs  in 10 ×  87875 runs
[moonbitlang/core] bench builtin/string_to_upper_bench_test.mbt:111 ("bench StringView::to_upper no-change long") ok
time (mean ± σ)         range (min … max) 
 493.35 ns ±   0.31 ns   493.03 ns … 493.90 ns  in 10 × 100000 runs
[moonbitlang/core] bench builtin/string_to_lower_bench_test.mbt:61 ("bench String::to_lower short") ok
time (mean ± σ)         range (min … max) 
  29.97 ns ±   0.47 ns    29.30 ns …  30.76 ns  in 10 × 100000 runs
[moonbitlang/core] bench builtin/string_to_lower_bench_test.mbt:66 ("bench String::to_lower long") ok
time (mean ± σ)         range (min … max) 
   1.13 µs ±   5.79 ns     1.12 µs …   1.13 µs  in 10 ×  88554 runs
[moonbitlang/core] bench builtin/string_to_lower_bench_test.mbt:71 ("bench String::to_lower sparse") ok
time (mean ± σ)         range (min … max) 
   1.07 µs ±  83.71 ns     1.03 µs …   1.30 µs  in 10 ×  96528 runs
[moonbitlang/core] bench builtin/string_to_lower_bench_test.mbt:76 ("bench String::to_lower late-uppercase") ok
time (mean ± σ)         range (min … max) 
   1.04 µs ±   3.43 ns     1.03 µs …   1.04 µs  in 10 ×  96559 runs
[moonbitlang/core] bench builtin/string_to_lower_bench_test.mbt:81 ("bench String::to_lower one-unit runs") ok
time (mean ± σ)         range (min … max) 
   1.11 µs ±   5.46 ns     1.10 µs …   1.12 µs  in 10 ×  89314 runs
[moonbitlang/core] bench builtin/string_to_lower_bench_test.mbt:86 ("bench String::to_lower all-uppercase") ok
time (mean ± σ)         range (min … max) 
   1.22 µs ±   4.08 ns     1.21 µs …   1.22 µs  in 10 ×  81906 runs
[moonbitlang/core] bench builtin/string_to_lower_bench_test.mbt:91 ("bench String::to_lower no-change short") ok
time (mean ± σ)         range (min … max) 
  14.15 ns ±   0.40 ns    13.64 ns …  14.63 ns  in 10 × 100000 runs
[moonbitlang/core] bench builtin/string_to_lower_bench_test.mbt:96 ("bench String::to_lower no-change long") ok
time (mean ± σ)         range (min … max) 
 501.73 ns ±   0.26 ns   501.42 ns … 502.08 ns  in 10 × 100000 runs
[moonbitlang/core] bench builtin/string_to_lower_bench_test.mbt:101 ("bench StringView::to_lower short") ok
time (mean ± σ)         range (min … max) 
  31.52 ns ±   0.54 ns    30.73 ns …  32.13 ns  in 10 × 100000 runs
[moonbitlang/core] bench builtin/string_to_lower_bench_test.mbt:106 ("bench StringView::to_lower long") ok
time (mean ± σ)         range (min … max) 
   1.14 µs ±   3.95 ns     1.13 µs …   1.15 µs  in 10 ×  87328 runs
[moonbitlang/core] bench builtin/string_to_lower_bench_test.mbt:111 ("bench StringView::to_lower no-change long") ok
time (mean ± σ)         range (min … max) 
 502.64 ns ±   0.37 ns   502.19 ns … 503.26 ns  in 10 × 100000 runs
[moonbitlang/core] bench builtin/string_to_array_bench_test.mbt:24 ("bench String::to_array ASCII 51 chars") ok
time (mean ± σ)         range (min … max) 
 108.23 ns ±   0.30 ns   107.81 ns … 108.65 ns  in 10 × 100000 runs
[moonbitlang/core] bench builtin/string_to_array_bench_test.mbt:29 ("bench String::to_array mixed 1KB") ok
time (mean ± σ)         range (min … max) 
   1.92 µs ±   9.22 ns     1.90 µs …   1.93 µs  in 10 ×  52256 runs
[moonbitlang/core] bench builtin/string_to_array_bench_test.mbt:34 ("bench StringView::to_array mixed 1KB") ok
time (mean ± σ)         range (min … max) 
   1.95 µs ± 102.39 ns     1.89 µs …   2.23 µs  in 10 ×  51216 runs
[moonbitlang/core] bench builtin/string_methods_bench_test.mbt:36 ("bench StringView::has_prefix match n=100000 needle=128") ok
time (mean ± σ)         range (min … max) 
 106.33 ns ±   1.03 ns   104.26 ns … 107.13 ns  in 10 × 100000 runs
[moonbitlang/core] bench builtin/string_methods_bench_test.mbt:45 ("bench StringView::has_prefix mismatch n=100000 needle=128") ok
time (mean ± σ)         range (min … max) 
  10.75 ns ±   0.10 ns    10.63 ns …  10.98 ns  in 10 × 100000 runs
[moonbitlang/core] bench builtin/string_methods_bench_test.mbt:54 ("bench StringView::has_suffix match n=100000 needle=128") ok
time (mean ± σ)         range (min … max) 
 106.17 ns ±   0.56 ns   105.32 ns … 106.78 ns  in 10 × 100000 runs
[moonbitlang/core] bench builtin/string_methods_bench_test.mbt:63 ("bench StringView::has_suffix mismatch n=100000 needle=128") ok
time (mean ± σ)         range (min … max) 
  10.39 ns ±   0.08 ns    10.23 ns …  10.49 ns  in 10 × 100000 runs
[moonbitlang/core] bench builtin/string_find_code_unit_bench_test.mbt:16 ("bench find one code unit absent n=4") ok
time (mean ± σ)         range (min … max) 
  12.31 ns ±   0.17 ns    12.06 ns …  12.49 ns  in 10 × 100000 runs
[moonbitlang/core] bench builtin/string_find_code_unit_bench_test.mbt:22 ("bench find one code unit absent n=8") ok
time (mean ± σ)         range (min … max) 
  13.90 ns ±   0.46 ns    13.27 ns …  14.47 ns  in 10 × 100000 runs
[moonbitlang/core] bench builtin/string_find_code_unit_bench_test.mbt:28 ("bench find one code unit present@0 n=8") ok
time (mean ± σ)         range (min … max) 
  10.71 ns ±   0.38 ns    10.27 ns …  11.27 ns  in 10 × 100000 runs
[moonbitlang/core] bench builtin/string_find_code_unit_bench_test.mbt:34 ("bench find one code unit absent n=64") ok
time (mean ± σ)         range (min … max) 
  44.34 ns ±   0.52 ns    43.58 ns …  44.95 ns  in 10 × 100000 runs
[moonbitlang/core] bench builtin/string_find_code_unit_bench_test.mbt:40 ("bench find one code unit absent n=256") ok
time (mean ± σ)         range (min … max) 
 154.86 ns ±   0.88 ns   153.95 ns … 156.60 ns  in 10 × 100000 runs
[moonbitlang/core] bench builtin/string_find_code_unit_bench_test.mbt:46 ("bench find one code unit present@end n=256") ok
time (mean ± σ)         range (min … max) 
 147.73 ns ±   0.17 ns   147.52 ns … 148.01 ns  in 10 × 100000 runs
[moonbitlang/core] bench builtin/string_find_code_unit_bench_test.mbt:52 ("bench rev_find one code unit absent n=256") ok
time (mean ± σ)         range (min … max) 
 155.04 ns ±   0.56 ns   154.34 ns … 156.12 ns  in 10 × 100000 runs
[moonbitlang/core] bench builtin/string_find_code_unit_bench_test.mbt:58 ("bench rev_find one code unit present@start n=256") ok
time (mean ± σ)         range (min … max) 
 150.55 ns ±   0.79 ns   149.64 ns … 151.97 ns  in 10 × 100000 runs
[moonbitlang/core] bench builtin/string_find_code_unit_bench_test.mbt:64 ("bench rev_find one code unit present@end n=8") ok
time (mean ± σ)         range (min … max) 
  10.73 ns ±   0.21 ns    10.44 ns …  11.04 ns  in 10 × 100000 runs
[moonbitlang/core] bench builtin/string_find_code_unit_bench_test.mbt:70 ("bench StringView find one code unit absent n=256") ok
time (mean ± σ)         range (min … max) 
 137.50 ns ±   0.43 ns   136.74 ns … 138.01 ns  in 10 × 100000 runs
[moonbitlang/core] bench builtin/string_find_code_unit_bench_test.mbt:77 ("bench StringView rev_find one code unit absent n=256") ok
time (mean ± σ)         range (min … max) 
 145.62 ns ±   1.89 ns   143.58 ns … 149.01 ns  in 10 × 100000 runs
[moonbitlang/core] bench builtin/string_find_code_unit_bench_test.mbt:84 ("bench find two anchors absent n=256") ok
time (mean ± σ)         range (min … max) 
 228.96 ns ±   2.13 ns   227.24 ns … 234.49 ns  in 10 × 100000 runs
[moonbitlang/core] bench builtin/string_find_code_unit_bench_test.mbt:90 ("bench find two anchors present@end n=256") ok
time (mean ± σ)         range (min … max) 
 252.76 ns ±   0.30 ns   252.37 ns … 253.37 ns  in 10 × 100000 runs
[moonbitlang/core] bench builtin/string_find_code_unit_bench_test.mbt:96 ("bench find two anchors dense false positives n=256") ok
time (mean ± σ)         range (min … max) 
 676.82 ns ±  17.17 ns   668.15 ns … 714.91 ns  in 10 × 100000 runs
[moonbitlang/core] bench builtin/string_find_code_unit_bench_test.mbt:102 ("bench find two anchors long absent n=256") ok
time (mean ± σ)         range (min … max) 
 204.67 ns ±   0.32 ns   204.27 ns … 205.33 ns  in 10 × 100000 runs
[moonbitlang/core] bench builtin/string_find_code_unit_bench_test.mbt:108 ("bench rev_find two anchors absent n=256") ok
time (mean ± σ)         range (min … max) 
 239.15 ns ±  30.81 ns   218.44 ns … 314.79 ns  in 10 × 100000 runs
[moonbitlang/core] bench builtin/string_find_code_unit_bench_test.mbt:114 ("bench rev_find two anchors present@start n=256") ok
time (mean ± σ)         range (min … max) 
 225.75 ns ±   1.48 ns   224.02 ns … 227.66 ns  in 10 × 100000 runs
[moonbitlang/core] bench builtin/string_find_code_unit_bench_test.mbt:120 ("bench rev_find two anchors dense false positives n=256") ok
time (mean ± σ)         range (min … max) 
 704.50 ns ±   0.58 ns   703.66 ns … 705.40 ns  in 10 × 100000 runs
[moonbitlang/core] bench builtin/string_find_code_unit_bench_test.mbt:126 ("bench StringView find two anchors absent n=256") ok
time (mean ± σ)         range (min … max) 
 248.64 ns ±   0.91 ns   247.51 ns … 250.01 ns  in 10 × 100000 runs
[moonbitlang/core] bench builtin/string_find_adversary_bench_test.mbt:26 ("bench find adversary m=64 n=4096") ok
time (mean ± σ)         range (min … max) 
   9.86 µs ±  40.06 ns     9.80 µs …   9.90 µs  in 10 ×  10124 runs
[moonbitlang/core] bench builtin/string_find_adversary_bench_test.mbt:33 ("bench rev_find adversary m=64 n=4096") ok
time (mean ± σ)         range (min … max) 
  11.19 µs ±  19.09 ns    11.18 µs …  11.24 µs  in 10 ×   8969 runs
[moonbitlang/core] bench builtin/string_find_adversary_bench_test.mbt:40 ("bench find adversary m=512 n=65536") ok
time (mean ± σ)         range (min … max) 
 164.30 µs ±  11.07 µs   151.81 µs … 174.51 µs  in 10 ×    583 runs
[moonbitlang/core] bench builtin/string_find_adversary_bench_test.mbt:47 ("bench find dense miss fast path n=4096") ok
time (mean ± σ)         range (min … max) 
   3.54 µs ± 192.91 ns     3.43 µs …   3.91 µs  in 10 ×  25608 runs
[moonbitlang/core] bench builtin/string_find_adversary_bench_test.mbt:53 ("bench find rare hit end fast path n=4096") ok
time (mean ± σ)         range (min … max) 
   3.34 µs ±   2.00 ns     3.34 µs …   3.35 µs  in 10 ×  29889 runs
[moonbitlang/core] bench builtin/string_escape_bench_test.mbt:61 ("bench String::escape short plain") ok
time (mean ± σ)         range (min … max) 
  74.04 ns ±   0.45 ns    73.28 ns …  74.63 ns  in 10 × 100000 runs
[moonbitlang/core] bench builtin/string_escape_bench_test.mbt:66 ("bench String::escape short escaped") ok
time (mean ± σ)         range (min … max) 
  87.89 ns ±   1.07 ns    85.71 ns …  88.85 ns  in 10 × 100000 runs
[moonbitlang/core] bench builtin/string_escape_bench_test.mbt:71 ("bench String::escape threshold plain") ok
time (mean ± σ)         range (min … max) 
  84.56 ns ±   0.82 ns    82.97 ns …  86.03 ns  in 10 × 100000 runs
[moonbitlang/core] bench builtin/string_escape_bench_test.mbt:76 ("bench String::escape prose") ok
time (mean ± σ)         range (min … max) 
 265.46 ns ±   2.26 ns   261.12 ns … 267.68 ns  in 10 × 100000 runs
[moonbitlang/core] bench builtin/string_escape_bench_test.mbt:81 ("bench String::escape escape-first") ok
time (mean ± σ)         range (min … max) 
 277.23 ns ±   1.01 ns   275.06 ns … 278.24 ns  in 10 × 100000 runs
[moonbitlang/core] bench builtin/string_escape_bench_test.mbt:86 ("bench String::escape long plain") ok
time (mean ± σ)         range (min … max) 
   9.37 µs ±  49.78 ns     9.31 µs …   9.47 µs  in 10 ×  10626 runs
[moonbitlang/core] bench builtin/string_escape_bench_test.mbt:91 ("bench String::escape long dense") ok
time (mean ± σ)         range (min … max) 
  17.74 µs ± 163.92 ns    17.51 µs …  18.01 µs  in 10 ×   5724 runs
[moonbitlang/core] bench builtin/string_escape_bench_test.mbt:96 ("bench String::escape long all-escaped") ok
time (mean ± σ)         range (min … max) 
  19.41 µs ± 106.51 ns    19.23 µs …  19.62 µs  in 10 ×   5165 runs
[moonbitlang/core] bench builtin/string_escape_bench_test.mbt:101 ("bench String::escape long unicode") ok
time (mean ± σ)         range (min … max) 
   9.95 µs ±  74.71 ns     9.88 µs …  10.06 µs  in 10 ×   9713 runs
[moonbitlang/core] bench builtin/string_escape_bench_test.mbt:106 ("bench StringView::escape long plain view") ok
time (mean ± σ)         range (min … max) 
   8.62 µs ±  39.48 ns     8.56 µs …   8.69 µs  in 10 ×  11363 runs
[moonbitlang/core] bench builtin/string_escape_bench_test.mbt:112 ("bench debug to_string short plain") ok
time (mean ± σ)         range (min … max) 
 124.70 ns ±   0.45 ns   124.13 ns … 125.30 ns  in 10 × 100000 runs
[moonbitlang/core] bench builtin/string_escape_bench_test.mbt:117 ("bench debug to_string prose") ok
time (mean ± σ)         range (min … max) 
 380.88 ns ±   0.58 ns   380.26 ns … 382.17 ns  in 10 × 100000 runs
[moonbitlang/core] bench builtin/string_escape_bench_test.mbt:122 ("bench debug to_string long plain") ok
time (mean ± σ)         range (min … max) 
  12.73 µs ± 954.90 ns    12.33 µs …  15.42 µs  in 10 ×   7736 runs
[moonbitlang/core] bench builtin/string_equal_bench_test.mbt:28 ("bench StringView::equal n=100000 equal") ok
time (mean ± σ)         range (min … max) 
  75.12 µs ± 145.47 ns    74.99 µs …  75.51 µs  in 10 ×   1333 runs
[moonbitlang/core] bench builtin/string_equal_bench_test.mbt:35 ("bench StringView::equal n=100000 mismatch at end") ok
time (mean ± σ)         range (min … max) 
  75.21 µs ±  52.78 ns    75.15 µs …  75.31 µs  in 10 ×   1332 runs
[moonbitlang/core] bench builtin/string_equal_bench_test.mbt:44 ("bench StringView::equal_to_string n=100000 equal") ok
time (mean ± σ)         range (min … max) 
  75.33 µs ± 467.50 ns    74.77 µs …  76.18 µs  in 10 ×   1335 runs
[moonbitlang/core] bench builtin/string_char_set_bench_test.mbt:43 ("bench StringView::contains_any ASCII miss n=100000") ok
time (mean ± σ)         range (min … max) 
 135.57 µs ±  40.49 ns   135.51 µs … 135.63 µs  in 10 ×    738 runs
[moonbitlang/core] bench builtin/string_char_set_bench_test.mbt:54 ("bench StringView::contains_any ASCII match at end n=100000") ok
time (mean ± σ)         range (min … max) 
 135.58 µs ±  38.14 ns   135.53 µs … 135.63 µs  in 10 ×    738 runs
[moonbitlang/core] bench builtin/string_char_set_bench_test.mbt:67 ("bench StringView::trim_start ASCII n=100000") ok
time (mean ± σ)         range (min … max) 
 135.59 µs ±  45.77 ns   135.52 µs … 135.64 µs  in 10 ×    738 runs
[moonbitlang/core] bench builtin/string_char_set_bench_test.mbt:74 ("bench StringView::trim_end ASCII n=100000") ok
time (mean ± σ)         range (min … max) 
 135.76 µs ± 357.57 ns   135.51 µs … 136.54 µs  in 10 ×    738 runs
[moonbitlang/core] bench builtin/string_char_set_bench_test.mbt:79 ("bench StringView::trim ASCII n=100000") ok
time (mean ± σ)         range (min … max) 
 271.27 µs ±  94.58 ns   271.15 µs … 271.43 µs  in 10 ×    359 runs
[moonbitlang/core] bench builtin/string_char_set_bench_test.mbt:96 ("bench StringView::trim short inputs") ok
time (mean ± σ)         range (min … max) 
 137.95 ns ±   1.31 ns   135.33 ns … 139.99 ns  in 10 × 100000 runs
[moonbitlang/core] bench builtin/string_char_set_bench_test.mbt:107 ("bench StringView::contains_any short inputs") ok
time (mean ± σ)         range (min … max) 
  82.63 ns ±   0.41 ns    81.83 ns …  83.12 ns  in 10 × 100000 runs
[moonbitlang/core] bench builtin/string_char_length_bench_test.mbt:51 ("bench char_length ascii 8") ok
time (mean ± σ)         range (min … max) 
  14.78 ns ±   0.55 ns    14.36 ns …  15.80 ns  in 10 × 100000 runs
[moonbitlang/core] bench builtin/string_char_length_bench_test.mbt:56 ("bench char_length ascii 16") ok
time (mean ± σ)         range (min … max) 
  23.18 ns ±   0.32 ns    22.90 ns …  23.87 ns  in 10 × 100000 runs
[moonbitlang/core] bench builtin/string_char_length_bench_test.mbt:61 ("bench char_length ascii 100") ok
time (mean ± σ)         range (min … max) 
 114.11 ns ±   0.21 ns   113.86 ns … 114.38 ns  in 10 × 100000 runs
[moonbitlang/core] bench builtin/string_char_length_bench_test.mbt:66 ("bench char_length ascii 4k") ok
time (mean ± σ)         range (min … max) 
   4.45 µs ±   3.41 ns     4.44 µs …   4.45 µs  in 10 ×  22437 runs
[moonbitlang/core] bench builtin/string_char_length_bench_test.mbt:71 ("bench char_length ascii 64k") ok
time (mean ± σ)         range (min … max) 
  71.12 µs ±  46.79 ns    71.08 µs …  71.21 µs  in 10 ×   1408 runs
[moonbitlang/core] bench builtin/string_char_length_bench_test.mbt:76 ("bench char_length cjk 4k") ok
time (mean ± σ)         range (min … max) 
   4.45 µs ±   4.04 ns     4.45 µs …   4.46 µs  in 10 ×  22446 runs
[moonbitlang/core] bench builtin/string_char_length_bench_test.mbt:81 ("bench char_length emoji 4k") ok
time (mean ± σ)         range (min … max) 
   3.35 µs ±   6.80 ns     3.34 µs …   3.36 µs  in 10 ×  29864 runs
[moonbitlang/core] bench builtin/string_char_length_bench_test.mbt:86 ("bench char_length mixed 4k") ok
time (mean ± σ)         range (min … max) 
   4.38 µs ±   3.39 ns     4.38 µs …   4.39 µs  in 10 ×  22783 runs
[moonbitlang/core] bench builtin/string_char_length_bench_test.mbt:91 ("bench StringView::char_length ascii 4k unaligned") ok
time (mean ± σ)         range (min … max) 
   4.46 µs ±  35.14 ns     4.44 µs …   4.55 µs  in 10 ×  20569 runs
[moonbitlang/core] bench builtin/string_char_length_bench_test.mbt:97 ("bench char_length_eq ascii 16") ok
time (mean ± σ)         range (min … max) 
  27.61 ns ±   0.16 ns    27.39 ns …  27.86 ns  in 10 × 100000 runs
[moonbitlang/core] bench builtin/string_char_length_bench_test.mbt:102 ("bench char_length_eq ascii 4k") ok
time (mean ± σ)         range (min … max) 
   5.56 µs ±   4.07 ns     5.56 µs …   5.57 µs  in 10 ×  17969 runs
[moonbitlang/core] bench builtin/string_char_length_bench_test.mbt:107 ("bench char_length_eq emoji 4k") ok
time (mean ± σ)         range (min … max) 
   3.90 µs ±   5.52 ns     3.90 µs …   3.91 µs  in 10 ×  25599 runs
[moonbitlang/core] bench builtin/string_char_length_bench_test.mbt:112 ("bench char_length_eq mixed 4k") ok
time (mean ± σ)         range (min … max) 
   5.42 µs ±   5.37 ns     5.42 µs …   5.44 µs  in 10 ×  18420 runs
[moonbitlang/core] bench builtin/string_char_length_bench_test.mbt:119 ("bench char_length_ge ascii 4k len 3") ok
time (mean ± σ)         range (min … max) 
  11.40 ns ±   0.26 ns    10.87 ns …  11.70 ns  in 10 × 100000 runs
[moonbitlang/core] bench builtin/string_char_length_bench_test.mbt:124 ("bench char_length_ge ascii 4k len 2000") ok
time (mean ± σ)         range (min … max) 
   2.72 µs ±   1.64 ns     2.72 µs …   2.72 µs  in 10 ×  36754 runs
[moonbitlang/core] bench builtin/string_char_length_bench_test.mbt:129 ("bench char_length_ge cjk 4k len 4096") ok
time (mean ± σ)         range (min … max) 
   5.56 µs ±   3.23 ns     5.56 µs …   5.57 µs  in 10 ×  17959 runs
[moonbitlang/core] bench builtin/string_char_length_bench_test.mbt:134 ("bench char_length_ge emoji 4k len 2048") ok
time (mean ± σ)         range (min … max) 
   3.90 µs ±   2.70 ns     3.90 µs …   3.90 µs  in 10 ×  25596 runs
[moonbitlang/core] bench builtin/sort_bench_test.mbt:21 ("bench Array::sort n=1000") ok
time (mean ± σ)         range (min … max) 
  15.20 µs ± 189.69 ns    15.02 µs …  15.59 µs  in 10 ×   5702 runs
[moonbitlang/core] bench builtin/sort_bench_test.mbt:31 ("bench Array::sort n=100000") ok
time (mean ± σ)         range (min … max) 
   5.49 ms ±  21.26 µs     5.47 ms …   5.54 ms  in 10 ×     19 runs
[moonbitlang/core] bench builtin/sort_bench_test.mbt:41 ("bench Array::sort_by n=10000") ok
time (mean ± σ)         range (min … max) 
 434.28 µs ±   4.39 µs   429.84 µs … 442.40 µs  in 10 ×    230 runs
[moonbitlang/core] bench builtin/range_equal_bench_test.mbt:56 ("bench range_equal StringView== n=4 equal") ok
time (mean ± σ)         range (min … max) 
   9.99 ns ±   0.15 ns     9.81 ns …  10.21 ns  in 10 × 100000 runs
[moonbitlang/core] bench builtin/range_equal_bench_test.mbt:61 ("bench range_equal StringView== n=8 equal") ok
time (mean ± σ)         range (min … max) 
  12.57 ns ±   0.44 ns    12.14 ns …  13.22 ns  in 10 × 100000 runs
[moonbitlang/core] bench builtin/range_equal_bench_test.mbt:66 ("bench range_equal StringView== n=8 mismatch at end") ok
time (mean ± σ)         range (min … max) 
  12.59 ns ±   0.25 ns    12.08 ns …  12.89 ns  in 10 × 100000 runs
[moonbitlang/core] bench builtin/range_equal_bench_test.mbt:71 ("bench range_equal StringView== n=16 equal") ok
time (mean ± σ)         range (min … max) 
  18.03 ns ±   0.47 ns    17.44 ns …  18.81 ns  in 10 × 100000 runs
[moonbitlang/core] bench builtin/range_equal_bench_test.mbt:76 ("bench range_equal StringView== n=16 mismatch at end") ok
time (mean ± σ)         range (min … max) 
  18.27 ns ±   0.31 ns    17.95 ns …  18.75 ns  in 10 × 100000 runs
[moonbitlang/core] bench builtin/range_equal_bench_test.mbt:81 ("bench range_equal StringView== n=15 equal") ok
time (mean ± σ)         range (min … max) 
  17.54 ns ±   0.45 ns    16.90 ns …  18.06 ns  in 10 × 100000 runs
[moonbitlang/core] bench builtin/range_equal_bench_test.mbt:86 ("bench range_equal StringView== n=64 equal") ok
time (mean ± σ)         range (min … max) 
  51.88 ns ±   0.65 ns    51.02 ns …  52.64 ns  in 10 × 100000 runs
[moonbitlang/core] bench builtin/range_equal_bench_test.mbt:91 ("bench range_equal StringView== n=64 mismatch at end") ok
time (mean ± σ)         range (min … max) 
  51.73 ns ±   0.63 ns    51.00 ns …  52.74 ns  in 10 × 100000 runs
[moonbitlang/core] bench builtin/range_equal_bench_test.mbt:96 ("bench range_equal StringView== n=1024 equal") ok
time (mean ± σ)         range (min … max) 
 779.66 ns ±   5.22 ns   769.43 ns … 783.41 ns  in 10 × 100000 runs
[moonbitlang/core] bench builtin/range_equal_bench_test.mbt:101 ("bench range_equal StringView== n=1024 mismatch at end") ok
time (mean ± σ)         range (min … max) 
 775.35 ns ±   2.97 ns   770.32 ns … 779.05 ns  in 10 × 100000 runs
[moonbitlang/core] bench builtin/range_equal_bench_test.mbt:106 ("bench range_equal StringView== n=1024 mismatch at 0") ok
time (mean ± σ)         range (min … max) 
   7.62 ns ±   0.12 ns     7.51 ns …   7.90 ns  in 10 × 100000 runs
[moonbitlang/core] bench builtin/range_equal_bench_test.mbt:111 ("bench range_equal StringView== n=65536 equal") ok
time (mean ± σ)         range (min … max) 
  49.28 µs ±  71.19 ns    49.16 µs …  49.39 µs  in 10 ×   2030 runs
[moonbitlang/core] bench builtin/range_equal_bench_test.mbt:116 ("bench range_equal StringView== n=65536 mismatch at end") ok
time (mean ± σ)         range (min … max) 
  51.40 µs ± 884.59 ns    50.64 µs …  53.18 µs  in 10 ×   2018 runs
[moonbitlang/core] bench builtin/range_equal_bench_test.mbt:121 ("bench range_equal BytesView== n=4 equal") ok
time (mean ± σ)         range (min … max) 
   8.37 ns ±   0.28 ns     7.99 ns …   8.79 ns  in 10 × 100000 runs
[moonbitlang/core] bench builtin/range_equal_bench_test.mbt:126 ("bench range_equal BytesView== n=8 equal") ok
time (mean ± σ)         range (min … max) 
  11.22 ns ±   0.22 ns    10.85 ns …  11.43 ns  in 10 × 100000 runs
[moonbitlang/core] bench builtin/range_equal_bench_test.mbt:131 ("bench range_equal BytesView== n=8 mismatch at end") ok
time (mean ± σ)         range (min … max) 
  11.15 ns ±   0.35 ns    10.52 ns …  11.53 ns  in 10 × 100000 runs
[moonbitlang/core] bench builtin/range_equal_bench_test.mbt:136 ("bench range_equal BytesView== n=16 equal") ok
time (mean ± σ)         range (min … max) 
  16.33 ns ±   0.38 ns    15.87 ns …  16.92 ns  in 10 × 100000 runs
[moonbitlang/core] bench builtin/range_equal_bench_test.mbt:141 ("bench range_equal BytesView== n=16 mismatch at end") ok
time (mean ± σ)         range (min … max) 
  16.11 ns ±   0.42 ns    15.58 ns …  16.66 ns  in 10 × 100000 runs
[moonbitlang/core] bench builtin/range_equal_bench_test.mbt:146 ("bench range_equal BytesView== n=31 equal") ok
time (mean ± σ)         range (min … max) 
  25.46 ns ±   0.32 ns    25.00 ns …  25.93 ns  in 10 × 100000 runs
[moonbitlang/core] bench builtin/range_equal_bench_test.mbt:151 ("bench range_equal BytesView== n=64 equal") ok
time (mean ± σ)         range (min … max) 
  48.66 ns ±   0.39 ns    48.08 ns …  49.37 ns  in 10 × 100000 runs
[moonbitlang/core] bench builtin/range_equal_bench_test.mbt:156 ("bench range_equal BytesView== n=64 mismatch at end") ok
time (mean ± σ)         range (min … max) 
  48.34 ns ±   0.65 ns    47.15 ns …  49.05 ns  in 10 × 100000 runs
[moonbitlang/core] bench builtin/range_equal_bench_test.mbt:161 ("bench range_equal BytesView== n=1024 equal") ok
time (mean ± σ)         range (min … max) 
 736.61 ns ±   5.65 ns   730.97 ns … 745.56 ns  in 10 × 100000 runs
[moonbitlang/core] bench builtin/range_equal_bench_test.mbt:166 ("bench range_equal BytesView== n=1024 mismatch at end") ok
time (mean ± σ)         range (min … max) 
 738.55 ns ±   5.85 ns   728.41 ns … 745.67 ns  in 10 × 100000 runs
[moonbitlang/core] bench builtin/range_equal_bench_test.mbt:171 ("bench range_equal BytesView== n=1024 mismatch at 0") ok
time (mean ± σ)         range (min … max) 
   6.52 ns ±   0.18 ns     6.16 ns …   6.71 ns  in 10 × 100000 runs
[moonbitlang/core] bench builtin/range_equal_bench_test.mbt:176 ("bench range_equal BytesView== n=65536 equal") ok
time (mean ± σ)         range (min … max) 
  46.76 µs ± 165.27 ns    46.59 µs …  47.15 µs  in 10 ×   2140 runs
[moonbitlang/core] bench builtin/range_equal_bench_test.mbt:181 ("bench range_equal BytesView== n=65536 mismatch at end") ok
time (mean ± σ)         range (min … max) 
  47.39 µs ± 517.31 ns    46.86 µs …  48.00 µs  in 10 ×   2133 runs
[moonbitlang/core] bench builtin/range_equal_bench_test.mbt:186 ("bench range_equal StringView::has_prefix prefix=32 hit") ok
time (mean ± σ)         range (min … max) 
  32.27 ns ±   0.38 ns    31.64 ns …  32.71 ns  in 10 × 100000 runs
[moonbitlang/core] bench builtin/range_equal_bench_test.mbt:193 ("bench range_equal StringView::has_prefix prefix=32 miss at end") ok
time (mean ± σ)         range (min … max) 
  32.24 ns ±   0.28 ns    31.84 ns …  32.73 ns  in 10 × 100000 runs
[moonbitlang/core] bench builtin/linked_hash_map_bench_test.mbt:19 ("bench Map::set n=50000") ok
time (mean ± σ)         range (min … max) 
   2.36 ms ±  40.57 µs     2.31 ms …   2.43 ms  in 10 ×     37 runs
[moonbitlang/core] bench builtin/linked_hash_map_bench_test.mbt:30 ("bench Map::get n=50000") ok
time (mean ± σ)         range (min … max) 
   1.15 ms ±   1.88 µs     1.15 ms …   1.16 ms  in 10 ×     87 runs
[moonbitlang/core] bench builtin/linked_hash_map_bench_test.mbt:47 ("bench Map::get miss n=50000") ok
time (mean ± σ)         range (min … max) 
   1.10 ms ±   6.73 µs     1.09 ms …   1.11 ms  in 10 ×     90 runs
[moonbitlang/core] bench builtin/linked_hash_map_bench_test.mbt:67 ("bench Map::set+remove n=50000") ok
time (mean ± σ)         range (min … max) 
   3.39 ms ±  20.04 µs     3.37 ms …   3.43 ms  in 10 ×     29 runs
[moonbitlang/core] bench builtin/linked_hash_map_bench_test.mbt:83 ("bench Map::each n=50000") ok
time (mean ± σ)         range (min … max) 
 221.90 µs ±  95.44 ns   221.79 µs … 222.06 µs  in 10 ×    451 runs
[moonbitlang/core] bench builtin/linked_hash_map_bench_test.mbt:101 ("bench Map::filter n=50000") ok
time (mean ± σ)         range (min … max) 
 753.68 µs ±  15.41 µs   725.81 µs … 769.56 µs  in 10 ×    136 runs
[moonbitlang/core] bench builtin/linked_hash_map_bench_test.mbt:107 ("bench Map comprehension filter n=50000") ok
time (mean ± σ)         range (min … max) 
   2.76 ms ±  39.90 µs     2.69 ms …   2.82 ms  in 10 ×     37 runs
[moonbitlang/core] bench builtin/lexical_compare_bench_test.mbt:42 ("bench lexical_compare equal n=256") ok
time (mean ± σ)         range (min … max) 
 215.61 ns ±   2.51 ns   210.17 ns … 217.62 ns  in 10 × 100000 runs
[moonbitlang/core] bench builtin/lexical_compare_bench_test.mbt:47 ("bench lexical_compare common-prefix n=256") ok
time (mean ± σ)         range (min … max) 
 211.34 ns ±  23.24 ns   202.25 ns … 277.41 ns  in 10 × 100000 runs
[moonbitlang/core] bench builtin/lexical_compare_bench_test.mbt:52 ("bench lexical_compare early-diff n=256") ok
time (mean ± σ)         range (min … max) 
  11.08 ns ±   0.10 ns    10.92 ns …  11.20 ns  in 10 × 100000 runs
[moonbitlang/core] bench builtin/lexical_compare_bench_test.mbt:89 ("bench String::lexical_compare equal n=256") ok
time (mean ± σ)         range (min … max) 
 213.40 ns ±   0.59 ns   212.60 ns … 214.42 ns  in 10 × 100000 runs
[moonbitlang/core] bench builtin/lexical_compare_bench_test.mbt:94 ("bench String::lexical_compare common-prefix n=256") ok
time (mean ± σ)         range (min … max) 
 211.63 ns ±   2.19 ns   207.85 ns … 213.80 ns  in 10 × 100000 runs
[moonbitlang/core] bench builtin/lexical_compare_bench_test.mbt:99 ("bench String::lexical_compare early-diff n=256") ok
time (mean ± σ)         range (min … max) 
  11.58 ns ±   0.41 ns    10.78 ns …  11.93 ns  in 10 × 100000 runs
[moonbitlang/core] bench builtin/lexical_compare_bench_test.mbt:104 ("bench StringView::lexical_compare equal n=256") ok
time (mean ± σ)         range (min … max) 
 213.11 ns ±   0.84 ns   211.97 ns … 214.29 ns  in 10 × 100000 runs
[moonbitlang/core] bench builtin/lexical_compare_bench_test.mbt:109 ("bench StringView::lexical_compare common-prefix n=256") ok
time (mean ± σ)         range (min … max) 
 209.92 ns ±   0.53 ns   209.01 ns … 210.61 ns  in 10 × 100000 runs
[moonbitlang/core] bench builtin/lexical_compare_bench_test.mbt:114 ("bench StringView::lexical_compare early-diff n=256") ok
time (mean ± σ)         range (min … max) 
  11.10 ns ±   0.16 ns    10.92 ns …  11.35 ns  in 10 × 100000 runs
[moonbitlang/core] bench builtin/lexical_compare_bench_test.mbt:121 ("bench String::compare equal-length common-prefix n=256") ok
time (mean ± σ)         range (min … max) 
 171.30 ns ±   0.65 ns   170.43 ns … 172.27 ns  in 10 × 100000 runs
[moonbitlang/core] bench builtin/lexical_compare_bench_test.mbt:128 ("bench StringView::compare equal-length common-prefix n=256") ok
time (mean ± σ)         range (min … max) 
 208.69 ns ±   0.68 ns   207.58 ns … 209.85 ns  in 10 × 100000 runs
[moonbitlang/core] bench builtin/lexical_compare_bench_test.mbt:135 ("bench StringView::compare_ignore_ascii_case common-prefix n=256") ok
time (mean ± σ)         range (min … max) 
 422.16 ns ±   0.27 ns   421.78 ns … 422.64 ns  in 10 × 100000 runs
[moonbitlang/core] bench builtin/contains_code_unit_bench_test.mbt:19 ("bench contains_code_unit absent n=4") ok
time (mean ± σ)         range (min … max) 
   7.26 ns ±   0.11 ns     7.05 ns …   7.44 ns  in 10 × 100000 runs
[moonbitlang/core] bench builtin/contains_code_unit_bench_test.mbt:25 ("bench contains_code_unit absent n=8") ok
time (mean ± σ)         range (min … max) 
   8.90 ns ±   0.25 ns     8.41 ns …   9.21 ns  in 10 × 100000 runs
[moonbitlang/core] bench builtin/contains_code_unit_bench_test.mbt:31 ("bench contains_code_unit present@0 n=8") ok
time (mean ± σ)         range (min … max) 
   5.75 ns ±   0.13 ns     5.58 ns …   5.95 ns  in 10 × 100000 runs
[moonbitlang/core] bench builtin/contains_code_unit_bench_test.mbt:37 ("bench contains_code_unit absent n=16") ok
time (mean ± σ)         range (min … max) 
  12.56 ns ±   0.22 ns    12.07 ns …  12.83 ns  in 10 × 100000 runs
[moonbitlang/core] bench builtin/contains_code_unit_bench_test.mbt:43 ("bench contains_code_unit absent n=64") ok
time (mean ± σ)         range (min … max) 
  34.33 ns ±   0.13 ns    34.18 ns …  34.53 ns  in 10 × 100000 runs
[moonbitlang/core] bench builtin/contains_code_unit_bench_test.mbt:49 ("bench contains_code_unit absent n=256") ok
time (mean ± σ)         range (min … max) 
 132.25 ns ±   0.27 ns   131.92 ns … 132.77 ns  in 10 × 100000 runs
[moonbitlang/core] bench builtin/contains_code_unit_bench_test.mbt:55 ("bench contains_code_unit present@end n=256") ok
time (mean ± σ)         range (min … max) 
 133.02 ns ±   0.25 ns   132.73 ns … 133.48 ns  in 10 × 100000 runs
[moonbitlang/core] bench builtin/contains_code_unit_bench_test.mbt:61 ("bench contains_code_unit present@0 n=256") ok
time (mean ± σ)         range (min … max) 
   5.62 ns ±   0.12 ns     5.46 ns …   5.82 ns  in 10 × 100000 runs
[moonbitlang/core] bench builtin/contains_code_unit_bench_test.mbt:67 ("bench StringView contains_code_unit absent n=256") ok
time (mean ± σ)         range (min … max) 
 141.59 ns ±   6.60 ns   132.11 ns … 148.62 ns  in 10 × 100000 runs
[moonbitlang/core] bench builtin/bytesview_compare_bench_test.mbt:16 ("bench BytesView Compare equal n=1000000") ok
time (mean ± σ)         range (min … max) 
 750.44 µs ±  14.96 µs   726.34 µs … 765.03 µs  in 10 ×    132 runs
[moonbitlang/core] bench builtin/bytesview_compare_bench_test.mbt:23 ("bench BytesView Compare last-diff n=1000000") ok
time (mean ± σ)         range (min … max) 
 747.98 µs ±  11.47 µs   740.03 µs … 773.20 µs  in 10 ×    134 runs
[moonbitlang/core] bench builtin/bytes_unsafe_bench_test.mbt:31 ("bench Bytes::unsafe_read_uint16_le n=4096") ok
time (mean ± σ)         range (min … max) 
   2.73 µs ±  34.30 ns     2.71 µs …   2.82 µs  in 10 ×  35298 runs
[moonbitlang/core] bench builtin/bytes_unsafe_bench_test.mbt:43 ("bench Bytes::unsafe_read_uint32_le n=4096") ok
time (mean ± σ)         range (min … max) 
   5.17 µs ±  22.81 ns     5.12 µs …   5.19 µs  in 10 ×  19576 runs
[moonbitlang/core] bench builtin/bytes_unsafe_bench_test.mbt:55 ("bench Bytes::unsafe_read_uint64_le n=4096") ok
time (mean ± σ)         range (min … max) 
  10.47 µs ±   1.66 µs     9.59 µs …  13.64 µs  in 10 ×  10451 runs
[moonbitlang/core] bench builtin/bytes_unsafe_bench_test.mbt:67 ("bench FixedArray::unsafe_write_uint16_le n=4096") ok
time (mean ± σ)         range (min … max) 
   2.14 µs ±   3.01 ns     2.13 µs …   2.14 µs  in 10 ×  46823 runs
[moonbitlang/core] bench builtin/bytes_unsafe_bench_test.mbt:78 ("bench FixedArray::unsafe_write_uint32_le n=4096") ok
time (mean ± σ)         range (min … max) 
   4.60 µs ±   7.60 ns     4.59 µs …   4.61 µs  in 10 ×  21763 runs
[moonbitlang/core] bench builtin/bytes_unsafe_bench_test.mbt:89 ("bench FixedArray::unsafe_write_uint64_le n=4096") ok
time (mean ± σ)         range (min … max) 
  11.77 µs ±  20.51 ns    11.71 µs …  11.79 µs  in 10 ×   8484 runs
[moonbitlang/core] bench builtin/bytes_output_bench_test.mbt:19 ("bench Bytes Show binary n=100000") ok
time (mean ± σ)         range (min … max) 
   1.13 ms ± 170.21 µs   950.16 µs …   1.31 ms  in 10 ×     78 runs
[moonbitlang/core] bench builtin/bytes_output_bench_test.mbt:24 ("bench Bytes ToJson binary n=100000") ok
time (mean ± σ)         range (min … max) 
 967.49 µs ± 163.41 µs   834.89 µs …   1.16 ms  in 10 ×     85 runs
[moonbitlang/core] bench builtin/bytes_hash_bench_test.mbt:54 ("bench Hash::hash(Bytes) n=32") ok
time (mean ± σ)         range (min … max) 
  19.52 ns ±   0.13 ns    19.36 ns …  19.76 ns  in 10 × 100000 runs
[moonbitlang/core] bench builtin/bytes_hash_bench_test.mbt:60 ("bench Hash::hash(Bytes) n=8192") ok
time (mean ± σ)         range (min … max) 
   4.59 µs ±   2.43 ns     4.58 µs …   4.59 µs  in 10 ×  21775 runs
[moonbitlang/core] bench builtin/bytes_hash_bench_test.mbt:66 ("bench Map::at Bytes n=1024 key_bytes=32") ok
time (mean ± σ)         range (min … max) 
  51.39 µs ±  24.60 ns    51.35 µs …  51.42 µs  in 10 ×   1944 runs
[moonbitlang/core] bench builtin/bytes_from_array_bench_test.mbt:30 ("bench Bytes::from_array n=262144 full") ok
time (mean ± σ)         range (min … max) 
  96.85 µs ± 690.51 ns    95.50 µs …  97.63 µs  in 10 ×   1045 runs
[moonbitlang/core] bench builtin/bytes_from_array_bench_test.mbt:41 ("bench Bytes::from_array n=262144 sliced") ok
time (mean ± σ)         range (min … max) 
  96.94 µs ± 598.54 ns    95.65 µs …  97.69 µs  in 10 ×   1048 runs
[moonbitlang/core] bench builtin/bytes_from_array_bench_test.mbt:48 ("bench Bytes::makei from ArrayView n=262144 full") ok
time (mean ± σ)         range (min … max) 
 409.03 µs ±   5.03 µs   400.56 µs … 413.32 µs  in 10 ×    251 runs
[moonbitlang/core] bench builtin/bytes_from_array_bench_test.mbt:59 ("bench Bytes::makei from ArrayView n=262144 sliced") ok
time (mean ± σ)         range (min … max) 
 433.85 µs ±   4.68 µs   424.72 µs … 439.76 µs  in 10 ×    239 runs
[moonbitlang/core] bench builtin/bytes_equal_bench_test.mbt:37 ("bench Bytes::equal n=100000 equal") ok
time (mean ± σ)         range (min … max) 
  61.85 µs ±  29.88 ns    61.81 µs …  61.90 µs  in 10 ×   1603 runs
[moonbitlang/core] bench builtin/bytes_equal_bench_test.mbt:44 ("bench Bytes::equal n=100000 aliased object") ok
time (mean ± σ)         range (min … max) 
  61.01 µs ±  21.72 ns    60.97 µs …  61.04 µs  in 10 ×   1640 runs
[moonbitlang/core] bench builtin/bytes_equal_bench_test.mbt:54 ("bench Bytes::equal n=100000 mismatch at end") ok
time (mean ± σ)         range (min … max) 
  61.85 µs ±  40.23 ns    61.81 µs …  61.92 µs  in 10 ×   1619 runs
[moonbitlang/core] bench builtin/bytes_add_bench_test.mbt:16 ("bench Bytes add total=1000000") ok
time (mean ± σ)         range (min … max) 
 353.81 µs ±   1.23 µs   351.73 µs … 355.06 µs  in 10 ×    284 runs
[moonbitlang/core] bench builtin/bitstring_uint_aligned_bench_test.mbt:24 ("bench Bytes::unsafe_extract_uint_le_aligned n=8192") ok
time (mean ± σ)         range (min … max) 
   2.78 µs ±  19.45 ns     2.74 µs …   2.80 µs  in 10 ×  36243 runs
[moonbitlang/core] bench builtin/bitstring_uint64_aligned_bench_test.mbt:24 ("bench Bytes::unsafe_extract_uint64_le_aligned n=8192") ok
time (mean ± σ)         range (min … max) 
   3.35 µs ±  16.82 ns     3.31 µs …   3.36 µs  in 10 ×  38903 runs
[moonbitlang/core] bench builtin/bitstring_extract_bench_test.mbt:35 ("bench BytesView uint_le aligned len=32") ok
time (mean ± σ)         range (min … max) 
   4.81 µs ±  50.13 ns     4.73 µs …   4.86 µs  in 10 ×  21215 runs
[moonbitlang/core] bench builtin/bitstring_extract_bench_test.mbt:48 ("bench BytesView uint_be aligned len=32") ok
time (mean ± σ)         range (min … max) 
   4.92 µs ±  49.85 ns     4.87 µs …   5.04 µs  in 10 ×  19652 runs
[moonbitlang/core] bench builtin/bitstring_extract_bench_test.mbt:61 ("bench ArrayView uint_le aligned len=32") ok
time (mean ± σ)         range (min … max) 
   4.81 µs ±  42.16 ns     4.72 µs …   4.85 µs  in 10 ×  21002 runs
[moonbitlang/core] bench builtin/bitstring_extract_bench_test.mbt:75 ("bench ArrayView uint_be aligned len=32") ok
time (mean ± σ)         range (min … max) 
   4.83 µs ±  55.43 ns     4.75 µs …   4.89 µs  in 10 ×  21047 runs
[moonbitlang/core] bench builtin/bitstring_extract_bench_test.mbt:89 ("bench BytesView uint64_le aligned len=64") ok
time (mean ± σ)         range (min … max) 
   3.64 µs ±   9.72 ns     3.62 µs …   3.66 µs  in 10 ×  27534 runs
[moonbitlang/core] bench builtin/bitstring_extract_bench_test.mbt:102 ("bench BytesView uint64_be aligned len=64") ok
time (mean ± σ)         range (min … max) 
   3.67 µs ±  18.82 ns     3.63 µs …   3.69 µs  in 10 ×  27823 runs
[moonbitlang/core] bench builtin/bitstring_extract_bench_test.mbt:115 ("bench ArrayView uint64_le aligned len=64") ok
time (mean ± σ)         range (min … max) 
   3.68 µs ±  13.36 ns     3.65 µs …   3.69 µs  in 10 ×  27536 runs
[moonbitlang/core] bench builtin/bitstring_extract_bench_test.mbt:129 ("bench ArrayView uint64_be aligned len=64") ok
time (mean ± σ)         range (min … max) 
   3.69 µs ±   5.35 ns     3.68 µs …   3.70 µs  in 10 ×  27039 runs
[moonbitlang/core] bench builtin/bitstring_extract_bench_test.mbt:143 ("bench BytesView uint_le unaligned len=32") ok
time (mean ± σ)         range (min … max) 
  19.09 µs ± 690.37 ns    18.77 µs …  20.92 µs  in 10 ×   5320 runs
[moonbitlang/core] bench builtin/bitstring_extract_bench_test.mbt:156 ("bench BytesView uint64_le unaligned len=64") ok
time (mean ± σ)         range (min … max) 
  16.27 µs ±  12.87 ns    16.25 µs …  16.29 µs  in 10 ×   6133 runs
[moonbitlang/core] bench builtin/bitstring_extract_bench_test.mbt:169 ("bench BytesView uint_le aligned len=16") ok
time (mean ± σ)         range (min … max) 
   7.00 µs ±   1.98 µs     4.13 µs …   8.35 µs  in 10 ×  12294 runs
[moonbitlang/core] bench builtin/bitstring_extract_bench_test.mbt:182 ("bench BytesView uint_le aligned len=24") ok
time (mean ± σ)         range (min … max) 
  13.99 µs ±  91.37 ns    13.82 µs …  14.07 µs  in 10 ×   7156 runs
[moonbitlang/core] bench builtin/array_retain_bench_test.mbt:29 ("bench Array::retain all keep Int n=100000") ok
time (mean ± σ)         range (min … max) 
  63.89 µs ±  34.26 ns    63.86 µs …  63.96 µs  in 10 ×   1563 runs
[moonbitlang/core] bench builtin/array_retain_bench_test.mbt:42 ("bench Array::retain all keep Ref n=100000") ok
time (mean ± σ)         range (min … max) 
  76.50 µs ± 676.32 ns    75.65 µs …  77.27 µs  in 10 ×   1296 runs
[moonbitlang/core] bench builtin/array_retain_bench_test.mbt:55 ("bench Array::retain drop tail n=100000") ok
time (mean ± σ)         range (min … max) 
 130.26 µs ±   1.10 µs   129.31 µs … 132.96 µs  in 10 ×    741 runs
[moonbitlang/core] bench builtin/array_retain_bench_test.mbt:66 ("bench Array::retain late sparse drop n=100000") ok
time (mean ± σ)         range (min … max) 
 181.76 µs ±   1.03 µs   180.02 µs … 182.84 µs  in 10 ×    560 runs
[moonbitlang/core] bench builtin/array_retain_bench_test.mbt:77 ("bench Array::retain drop first n=100000") ok
time (mean ± σ)         range (min … max) 
 153.75 µs ±  16.43 µs   146.58 µs … 200.01 µs  in 10 ×    679 runs
[moonbitlang/core] bench builtin/array_make_blit_bench_test.mbt:32 ("bench FixedArray::copy Ref n=1000000") ok
time (mean ± σ)         range (min … max) 
   2.32 ms ±  54.19 µs     2.17 ms …   2.35 ms  in 10 ×     43 runs
[moonbitlang/core] bench builtin/array_make_blit_bench_test.mbt:38 ("bench Array::from_fixed_array Ref n=1000000") ok
time (mean ± σ)         range (min … max) 
   2.32 ms ±  55.25 µs     2.17 ms …   2.36 ms  in 10 ×     43 runs
[moonbitlang/core] bench builtin/array_make_blit_bench_test.mbt:44 ("bench Array::add Ref n=500000+500000") ok
time (mean ± σ)         range (min … max) 
   2.19 ms ±  44.75 µs     2.16 ms …   2.31 ms  in 10 ×     45 runs
[moonbitlang/core] bench builtin/array_make_blit_bench_test.mbt:51 ("bench ArrayView::add Ref n=500000+500000") ok
time (mean ± σ)         range (min … max) 
   2.18 ms ±  42.93 µs     2.15 ms …   2.30 ms  in 10 ×     45 runs
[moonbitlang/core] bench builtin/array_make_blit_bench_test.mbt:60 ("bench Array::blit_to Ref n=1000000 overwrite") ok
time (mean ± σ)         range (min … max) 
 157.81 µs ± 723.88 ns   157.16 µs … 158.93 µs  in 10 ×    635 runs
[moonbitlang/core] bench builtin/array_make_blit_bench_test.mbt:70 ("bench Array::blit_to Ref n=1000000 grow") ok
time (mean ± σ)         range (min … max) 
   3.46 ms ± 140.31 µs     3.37 ms …   3.73 ms  in 10 ×     31 runs
[moonbitlang/core] bench builtin/array_make_blit_bench_test.mbt:80 ("bench ArrayView::blit_to Ref n=1000000 overwrite") ok
time (mean ± σ)         range (min … max) 
 146.99 µs ± 192.63 ns   146.69 µs … 147.20 µs  in 10 ×    681 runs
[moonbitlang/core] bench builtin/array_make_blit_bench_test.mbt:90 ("bench ArrayView::blit_to Ref n=1000000 grow") ok
time (mean ± σ)         range (min … max) 
   3.45 ms ± 211.57 µs     3.05 ms …   3.66 ms  in 10 ×     23 runs
[moonbitlang/core] bench builtin/array_make_blit_bench_test.mbt:100 ("bench Array::append Ref n=1000000 grow") ok
time (mean ± σ)         range (min … max) 
   3.44 ms ± 146.17 µs     3.35 ms …   3.72 ms  in 10 ×     31 runs
[moonbitlang/core] bench builtin/array_make_blit_bench_test.mbt:110 ("bench Array::push Ref n=1000000 resize") ok
time (mean ± σ)         range (min … max) 
   5.03 ms ± 258.20 µs     4.65 ms …   5.38 ms  in 10 ×     20 runs
[moonbitlang/core] bench builtin/array_make_blit_bench_test.mbt:129 ("bench Array::copy Int n=1000000") ok
time (mean ± σ)         range (min … max) 
 576.46 µs ±   4.13 µs   571.79 µs … 581.25 µs  in 10 ×    173 runs
[moonbitlang/core] bench builtin/array_make_blit_bench_test.mbt:135 ("bench Array::copy Ref n=1000000") ok
time (mean ± σ)         range (min … max) 
   2.18 ms ±  46.14 µs     2.15 ms …   2.31 ms  in 10 ×     45 runs
[moonbitlang/core] bench builtin/array_locals_bench_test.mbt:29 ("bench Array::retain_map n=100000") ok
time (mean ± σ)         range (min … max) 
  64.96 µs ±  47.31 ns    64.87 µs …  65.03 µs  in 10 ×   1538 runs
[moonbitlang/core] bench builtin/array_locals_bench_test.mbt:38 ("bench Array::shuffle_in_place n=100000") ok
time (mean ± σ)         range (min … max) 
 155.19 µs ± 741.99 ns   154.28 µs … 155.99 µs  in 10 ×    648 runs
[moonbitlang/core] bench builtin/array_locals_bench_test.mbt:50 ("bench Array::filter_map n=100000") ok
time (mean ± σ)         range (min … max) 
 158.67 µs ±  10.68 µs   153.17 µs … 188.65 µs  in 10 ×    639 runs
[moonbitlang/core] bench builtin/array_locals_bench_test.mbt:58 ("bench FixedArray::each n=100000") ok
time (mean ± σ)         range (min … max) 
  46.73 µs ± 428.16 ns    45.94 µs …  47.11 µs  in 10 ×   2127 runs
[moonbitlang/core] bench builtin/array_locals_bench_test.mbt:68 ("bench FixedArray::eachi n=100000") ok
time (mean ± σ)         range (min … max) 
  61.36 µs ±  75.17 ns    61.24 µs …  61.46 µs  in 10 ×   1630 runs
[moonbitlang/core] bench builtin/array_locals_bench_test.mbt:78 ("bench FixedArray::rev_each n=100000") ok
time (mean ± σ)         range (min … max) 
  52.29 µs ±  56.75 ns    52.21 µs …  52.37 µs  in 10 ×   1909 runs
[moonbitlang/core] bench builtin/array_locals_bench_test.mbt:88 ("bench FixedArray::rev_eachi n=100000") ok
time (mean ± σ)         range (min … max) 
  72.34 µs ±  79.12 ns    72.26 µs …  72.46 µs  in 10 ×   1380 runs
[moonbitlang/core] bench builtin/array_locals_bench_test.mbt:98 ("bench FixedArray::map n=100000") ok
time (mean ± σ)         range (min … max) 
  85.88 µs ± 457.43 ns    85.20 µs …  86.49 µs  in 10 ×   1173 runs
[moonbitlang/core] bench builtin/array_locals_bench_test.mbt:104 ("bench FixedArray::mapi n=100000") ok
time (mean ± σ)         range (min … max) 
  84.13 µs ± 411.67 ns    83.47 µs …  84.68 µs  in 10 ×   1191 runs
[moonbitlang/core] bench builtin/array_locals_bench_test.mbt:110 ("bench FixedArray::makei n=100000") ok
time (mean ± σ)         range (min … max) 
  82.55 µs ± 332.05 ns    82.09 µs …  82.97 µs  in 10 ×   1251 runs
[moonbitlang/core] bench builtin/array_locals_bench_test.mbt:115 ("bench FixedArray::fold n=100000") ok
time (mean ± σ)         range (min … max) 
  53.61 µs ±   2.01 µs    52.17 µs …  58.81 µs  in 10 ×   1940 runs
[moonbitlang/core] bench builtin/array_locals_bench_test.mbt:121 ("bench FixedArray::rev_fold n=100000") ok
time (mean ± σ)         range (min … max) 
  50.98 µs ±  26.65 ns    50.93 µs …  51.02 µs  in 10 ×   1967 runs
[moonbitlang/core] bench builtin/array_locals_bench_test.mbt:127 ("bench FixedArray::foldi n=100000") ok
time (mean ± σ)         range (min … max) 
  55.19 µs ± 442.69 ns    54.44 µs …  55.61 µs  in 10 ×   1838 runs
[moonbitlang/core] bench builtin/array_locals_bench_test.mbt:133 ("bench FixedArray::rev_foldi n=100000") ok
time (mean ± σ)         range (min … max) 
  59.77 µs ± 122.50 ns    59.70 µs …  60.11 µs  in 10 ×   1675 runs
[moonbitlang/core] bench builtin/array_locals_bench_test.mbt:139 ("bench ArrayView::chunk_by n=100000") ok
time (mean ± σ)         range (min … max) 
  90.83 µs ±  82.22 ns    90.69 µs …  90.93 µs  in 10 ×   1100 runs
[moonbitlang/core] bench builtin/array_locals_bench_test.mbt:146 ("bench ArrayView::each n=100000") ok
time (mean ± σ)         range (min … max) 
  61.01 µs ± 188.94 ns    60.78 µs …  61.29 µs  in 10 ×   1640 runs
[moonbitlang/core] bench builtin/array_locals_bench_test.mbt:157 ("bench ArrayView::eachi n=100000") ok
time (mean ± σ)         range (min … max) 
  68.38 µs ± 453.79 ns    67.83 µs …  69.19 µs  in 10 ×   1467 runs
[moonbitlang/core] bench builtin/array_locals_bench_test.mbt:168 ("bench ArrayView::rev_each n=100000") ok
time (mean ± σ)         range (min … max) 
  66.67 µs ± 193.17 ns    66.49 µs …  67.07 µs  in 10 ×   1503 runs
[moonbitlang/core] bench builtin/array_locals_bench_test.mbt:179 ("bench ArrayView::rev_eachi n=100000") ok
time (mean ± σ)         range (min … max) 
  76.33 µs ± 649.42 ns    75.67 µs …  77.56 µs  in 10 ×   1319 runs
[moonbitlang/core] bench builtin/array_locals_bench_test.mbt:190 ("bench ArrayView::all n=100000") ok
time (mean ± σ)         range (min … max) 
  59.19 µs ± 132.11 ns    58.96 µs …  59.36 µs  in 10 ×   1697 runs
[moonbitlang/core] bench builtin/array_locals_bench_test.mbt:197 ("bench ArrayView::any n=100000") ok
time (mean ± σ)         range (min … max) 
  58.56 µs ± 100.35 ns    58.39 µs …  58.73 µs  in 10 ×   1708 runs
[moonbitlang/core] bench builtin/array_locals_bench_test.mbt:204 ("bench ArrayView::search_by n=100000") ok
time (mean ± σ)         range (min … max) 
  58.61 µs ± 163.32 ns    58.48 µs …  59.03 µs  in 10 ×   1706 runs
[moonbitlang/core] bench builtin/array_locals_bench_test.mbt:213 ("bench ArrayView::fold n=100000") ok
time (mean ± σ)         range (min … max) 
  58.51 µs ±  80.79 ns    58.39 µs …  58.66 µs  in 10 ×   1711 runs
[moonbitlang/core] bench builtin/array_locals_bench_test.mbt:220 ("bench ArrayView::rev_fold n=100000") ok
time (mean ± σ)         range (min … max) 
  56.82 µs ±  31.92 ns    56.76 µs …  56.85 µs  in 10 ×   1762 runs
[moonbitlang/core] bench builtin/array_locals_bench_test.mbt:227 ("bench ArrayView::foldi n=100000") ok
time (mean ± σ)         range (min … max) 
  65.40 µs ±  78.50 ns    65.31 µs …  65.52 µs  in 10 ×   1531 runs
[moonbitlang/core] bench builtin/array_locals_bench_test.mbt:234 ("bench ArrayView::rev_foldi n=100000") ok
time (mean ± σ)         range (min … max) 
  73.86 µs ±   3.04 µs    72.04 µs …  79.40 µs  in 10 ×   1388 runs
[moonbitlang/core] bench builtin/array_locals_bench_test.mbt:241 ("bench ArrayView::map n=100000") ok
time (mean ± σ)         range (min … max) 
 130.60 µs ± 467.04 ns   130.10 µs … 131.37 µs  in 10 ×    759 runs
[moonbitlang/core] bench builtin/array_locals_bench_test.mbt:248 ("bench ArrayView::mapi n=100000") ok
time (mean ± σ)         range (min … max) 
 133.21 µs ± 404.59 ns   132.86 µs … 134.00 µs  in 10 ×    747 runs
[moonbitlang/core] bench builtin/array_locals_bench_test.mbt:255 ("bench ArrayView::filter n=100000") ok
time (mean ± σ)         range (min … max) 
 144.13 µs ±   1.03 µs   142.54 µs … 145.47 µs  in 10 ×    692 runs
[moonbitlang/core] bench builtin/array_locals_bench_test.mbt:262 ("bench ArrayView::filter_map n=100000") ok
time (mean ± σ)         range (min … max) 
 156.12 µs ± 737.73 ns   154.91 µs … 157.26 µs  in 10 ×    636 runs
[moonbitlang/core] bench bytes/find_bench_test.mbt:92 ("bench BytesView::find single byte hit end n=4096") ok
time (mean ± σ)         range (min … max) 
   2.10 µs ±   4.76 ns     2.10 µs …   2.11 µs  in 10 ×  49682 runs
[moonbitlang/core] bench bytes/find_bench_test.mbt:99 ("bench BytesView::find single byte miss n=4096") ok
time (mean ± σ)         range (min … max) 
   2.11 µs ±   7.16 ns     2.10 µs …   2.12 µs  in 10 ×  48823 runs
[moonbitlang/core] bench bytes/find_bench_test.mbt:106 ("bench BytesView::find substring rare hit end n=4096") ok
time (mean ± σ)         range (min … max) 
   2.23 µs ±   1.12 ns     2.23 µs …   2.23 µs  in 10 ×  44620 runs
[moonbitlang/core] bench bytes/find_bench_test.mbt:113 ("bench BytesView::find substring dense miss n=4096") ok
time (mean ± σ)         range (min … max) 
   2.29 µs ±  80.56 ns     2.25 µs …   2.50 µs  in 10 ×  43553 runs
[moonbitlang/core] bench bytes/find_bench_test.mbt:120 ("bench BytesView::find offset view rare hit end n=4096") ok
time (mean ± σ)         range (min … max) 
   2.20 µs ±   1.40 ns     2.19 µs …   2.20 µs  in 10 ×  44739 runs
[moonbitlang/core] bench bytes/find_bench_test.mbt:127 ("bench BytesView::find long dense miss n=4096") ok
time (mean ± σ)         range (min … max) 
   4.83 µs ±   5.35 ns     4.83 µs …   4.84 µs  in 10 ×  20643 runs
[moonbitlang/core] bench bytes/find_bench_test.mbt:134 ("bench BytesView::find single byte miss n=32") ok
time (mean ± σ)         range (min … max) 
  23.68 ns ±   0.48 ns    23.05 ns …  24.33 ns  in 10 × 100000 runs
[moonbitlang/core] bench bytes/find_bench_test.mbt:141 ("bench BytesView::find substring miss n=32") ok
time (mean ± σ)         range (min … max) 
  24.82 ns ±   0.53 ns    24.03 ns …  25.61 ns  in 10 × 100000 runs
[moonbitlang/core] bench bytes/find_bench_test.mbt:148 ("bench BytesView::rev_find single byte hit start n=4096") ok
time (mean ± σ)         range (min … max) 
   2.01 µs ±   8.10 ns     2.00 µs …   2.03 µs  in 10 ×  50101 runs
[moonbitlang/core] bench bytes/find_bench_test.mbt:155 ("bench BytesView::rev_find single byte miss n=4096") ok
time (mean ± σ)         range (min … max) 
   2.13 µs ±  12.38 ns     2.11 µs …   2.14 µs  in 10 ×  49727 runs
[moonbitlang/core] bench bytes/find_bench_test.mbt:162 ("bench BytesView::rev_find substring rare hit start n=4096") ok
time (mean ± σ)         range (min … max) 
   3.34 µs ±   1.78 ns     3.34 µs …   3.34 µs  in 10 ×  29918 runs
[moonbitlang/core] bench bytes/find_bench_test.mbt:169 ("bench BytesView::rev_find substring dense miss n=4096") ok
time (mean ± σ)         range (min … max) 
   3.57 µs ±   7.23 ns     3.56 µs …   3.58 µs  in 10 ×  28128 runs
[moonbitlang/core] bench bytes/find_bench_test.mbt:176 ("bench BytesView::rev_find offset view rare hit start n=4096") ok
time (mean ± σ)         range (min … max) 
   3.41 µs ± 121.75 ns     3.34 µs …   3.72 µs  in 10 ×  29904 runs
[moonbitlang/core] bench bytes/find_bench_test.mbt:185 ("bench BytesView::rev_find long dense miss n=4096") ok
time (mean ± σ)         range (min … max) 
   3.55 µs ±  29.53 ns     3.49 µs …   3.57 µs  in 10 ×  27986 runs
[moonbitlang/core] bench debug/debug_inspect_bench_test.mbt:16 ("bench debug_inspect passing Int") ok
time (mean ± σ)         range (min … max) 
  65.42 ns ±   0.62 ns    64.43 ns …  66.11 ns  in 10 × 100000 runs
[moonbitlang/core] bench debug/debug_inspect_bench_test.mbt:21 ("bench debug_inspect passing Array") ok
time (mean ± σ)         range (min … max) 
 832.86 ns ±  11.59 ns   813.63 ns … 846.52 ns  in 10 × 100000 runs
[moonbitlang/core] bench deque/deque_bench_test.mbt:22 ("bench Deque::to_array Int n=50000") ok
time (mean ± σ)         range (min … max) 
 100.47 µs ± 627.37 ns    99.49 µs … 101.27 µs  in 10 ×    994 runs
[moonbitlang/core] bench deque/deque_bench_test.mbt:28 ("bench Deque::to_array Ref n=50000") ok
time (mean ± σ)         range (min … max) 
 124.93 µs ±   1.36 µs   123.19 µs … 127.01 µs  in 10 ×    792 runs
[moonbitlang/core] bench deque/deque_bench_test.mbt:34 ("bench Deque steady-state pop_front/push_back x100000 len=1000") ok
time (mean ± σ)         range (min … max) 
 367.08 µs ±   1.95 µs   364.58 µs … 370.01 µs  in 10 ×    270 runs
[moonbitlang/core] bench deque/deque_bench_test.mbt:51 ("bench Deque steady-state push_front/pop_back x100000 len=1000") ok
time (mean ± σ)         range (min … max) 
 371.35 µs ±   1.53 µs   367.19 µs … 372.46 µs  in 10 ×    270 runs
[moonbitlang/core] bench deque/deque_bench_test.mbt:67 ("bench Deque::get x100000 len=1000") ok
time (mean ± σ)         range (min … max) 
 637.35 µs ± 269.06 ns   637.01 µs … 637.91 µs  in 10 ×    157 runs
[moonbitlang/core] bench encoding/ascii/ascii_bench_test.mbt:40 ("bench ASCII decode n=15") ok
time (mean ± σ)         range (min … max) 
  58.98 ns ±   0.61 ns    58.38 ns …  60.27 ns  in 10 × 100000 runs
[moonbitlang/core] bench encoding/ascii/ascii_bench_test.mbt:46 ("bench ASCII decode n=16") ok
time (mean ± σ)         range (min … max) 
  56.07 ns ±   1.29 ns    54.02 ns …  57.42 ns  in 10 × 100000 runs
[moonbitlang/core] bench encoding/ascii/ascii_bench_test.mbt:52 ("bench ASCII decode n=32") ok
time (mean ± σ)         range (min … max) 
 100.36 ns ±   0.67 ns    99.19 ns … 101.23 ns  in 10 × 100000 runs
[moonbitlang/core] bench encoding/ascii/ascii_bench_test.mbt:58 ("bench ASCII decode n=64") ok
time (mean ± σ)         range (min … max) 
 141.44 ns ±   1.86 ns   138.82 ns … 144.57 ns  in 10 × 100000 runs
[moonbitlang/core] bench encoding/ascii/ascii_bench_test.mbt:64 ("bench ASCII decode n=100000") ok
time (mean ± σ)         range (min … max) 
 230.88 µs ± 904.26 ns   229.49 µs … 232.09 µs  in 10 ×    429 runs
[moonbitlang/core] bench encoding/ascii/ascii_bench_test.mbt:70 ("bench ASCII decode n=1000000") ok
time (mean ± σ)         range (min … max) 
   2.23 ms ±   6.86 µs     2.22 ms …   2.24 ms  in 10 ×     45 runs
[moonbitlang/core] bench encoding/base64/v128_bench_wbtest.mbt:38 ("bench encode scalar n=64") ok
time (mean ± σ)         range (min … max) 
   1.68 µs ±   7.92 ns     1.67 µs …   1.70 µs  in 10 ×  57424 runs
[moonbitlang/core] bench encoding/base64/v128_bench_wbtest.mbt:43 ("bench encode v128 n=64") ok
time (mean ± σ)         range (min … max) 
   1.68 µs ±   3.52 ns     1.68 µs …   1.69 µs  in 10 ×  57166 runs
[moonbitlang/core] bench encoding/base64/v128_bench_wbtest.mbt:48 ("bench encode scalar n=1024") ok
time (mean ± σ)         range (min … max) 
  25.87 µs ± 334.34 ns    25.58 µs …  26.45 µs  in 10 ×   3770 runs
[moonbitlang/core] bench encoding/base64/v128_bench_wbtest.mbt:53 ("bench encode v128 n=1024") ok
time (mean ± σ)         range (min … max) 
  27.18 µs ± 387.57 ns    26.83 µs …  27.73 µs  in 10 ×   3619 runs
[moonbitlang/core] bench encoding/base64/v128_bench_wbtest.mbt:58 ("bench encode scalar n=65536") ok
time (mean ± σ)         range (min … max) 
   1.66 ms ±   5.06 µs     1.65 ms …   1.67 ms  in 10 ×     60 runs
[moonbitlang/core] bench encoding/base64/v128_bench_wbtest.mbt:63 ("bench encode v128 n=65536") ok
time (mean ± σ)         range (min … max) 
   1.68 ms ±   6.95 µs     1.66 ms …   1.68 ms  in 10 ×     46 runs
[moonbitlang/core] bench encoding/base64/v128_bench_wbtest.mbt:68 ("bench decode scalar n=64") ok
time (mean ± σ)         range (min … max) 
 263.66 ns ±   0.97 ns   261.32 ns … 264.55 ns  in 10 × 100000 runs
[moonbitlang/core] bench encoding/base64/v128_bench_wbtest.mbt:75 ("bench decode v128 n=64") ok
time (mean ± σ)         range (min … max) 
 268.73 ns ±   0.55 ns   267.98 ns … 269.80 ns  in 10 × 100000 runs
[moonbitlang/core] bench encoding/base64/v128_bench_wbtest.mbt:80 ("bench decode scalar n=1024") ok
time (mean ± σ)         range (min … max) 
   3.70 µs ±  10.12 ns     3.68 µs …   3.71 µs  in 10 ×  25668 runs
[moonbitlang/core] bench encoding/base64/v128_bench_wbtest.mbt:87 ("bench decode v128 n=1024") ok
time (mean ± σ)         range (min … max) 
   3.66 µs ±  24.29 ns     3.64 µs …   3.71 µs  in 10 ×  25685 runs
[moonbitlang/core] bench encoding/base64/v128_bench_wbtest.mbt:92 ("bench decode scalar n=65536") ok
time (mean ± σ)         range (min … max) 
 584.05 µs ±   1.31 µs   582.19 µs … 585.53 µs  in 10 ×    172 runs
[moonbitlang/core] bench encoding/base64/v128_bench_wbtest.mbt:99 ("bench decode v128 n=65536") ok
time (mean ± σ)         range (min … max) 
 582.65 µs ±   1.13 µs   581.88 µs … 585.70 µs  in 10 ×    171 runs
[moonbitlang/core] bench encoding/hex/v128_bench_wbtest.mbt:34 ("bench encode scalar 4k") ok
time (mean ± σ)         range (min … max) 
 148.82 µs ± 125.45 ns   148.63 µs … 149.01 µs  in 10 ×    674 runs
[moonbitlang/core] bench encoding/hex/v128_bench_wbtest.mbt:39 ("bench encode public 64") ok
time (mean ± σ)         range (min … max) 
   2.33 µs ±  12.38 ns     2.32 µs …   2.36 µs  in 10 ×  42124 runs
[moonbitlang/core] bench encoding/hex/v128_bench_wbtest.mbt:44 ("bench encode public 4k") ok
time (mean ± σ)         range (min … max) 
 149.29 µs ±   1.62 µs   147.81 µs … 153.24 µs  in 10 ×    495 runs
[moonbitlang/core] bench encoding/hex/v128_bench_wbtest.mbt:49 ("bench encode public 64k") ok
time (mean ± σ)         range (min … max) 
   2.37 ms ±  13.50 µs     2.35 ms …   2.40 ms  in 10 ×     42 runs
[moonbitlang/core] bench encoding/hex/v128_bench_wbtest.mbt:54 ("bench decode scalar 4k") ok
time (mean ± σ)         range (min … max) 
  27.65 µs ± 591.40 ns    26.71 µs …  28.25 µs  in 10 ×   3524 runs
[moonbitlang/core] bench encoding/hex/v128_bench_wbtest.mbt:62 ("bench decode public 4k") ok
time (mean ± σ)         range (min … max) 
  21.59 µs ±   2.09 µs    19.04 µs …  23.66 µs  in 10 ×   4300 runs
[moonbitlang/core] bench encoding/hex/v128_bench_wbtest.mbt:70 ("bench decode public 64k") ok
time (mean ± σ)         range (min … max) 
 565.75 µs ±   2.84 µs   562.34 µs … 569.37 µs  in 10 ×    178 runs
[moonbitlang/core] bench encoding/utf16/utf16_v128_bench_test.mbt:57 ("bench utf16 encode ASCII LE n=100000") ok
time (mean ± σ)         range (min … max) 
 104.81 µs ± 588.38 ns   104.43 µs … 105.94 µs  in 10 ×    954 runs
[moonbitlang/core] bench encoding/utf16/utf16_v128_bench_test.mbt:63 ("bench utf16 encode ASCII BE n=100000") ok
time (mean ± σ)         range (min … max) 
 111.59 µs ± 356.62 ns   111.22 µs … 112.32 µs  in 10 ×    893 runs
[moonbitlang/core] bench encoding/utf16/utf16_v128_bench_test.mbt:69 ("bench utf16 encode mixed LE n=100000") ok
time (mean ± σ)         range (min … max) 
 105.12 µs ± 636.69 ns   104.60 µs … 106.26 µs  in 10 ×    947 runs
[moonbitlang/core] bench encoding/utf16/utf16_v128_bench_test.mbt:75 ("bench utf16 encode mixed BE n=100000") ok
time (mean ± σ)         range (min … max) 
 113.04 µs ±   1.54 µs   111.72 µs … 116.77 µs  in 10 ×    636 runs
[moonbitlang/core] bench encoding/utf16/utf16_v128_bench_test.mbt:81 ("bench utf16 decode ASCII LE n=100000") ok
time (mean ± σ)         range (min … max) 
 195.04 µs ±   1.16 µs   192.13 µs … 196.11 µs  in 10 ×    533 runs
[moonbitlang/core] bench encoding/utf16/utf16_v128_bench_test.mbt:87 ("bench utf16 decode ASCII BE n=100000") ok
time (mean ± σ)         range (min … max) 
 332.32 µs ±   3.18 µs   326.94 µs … 336.43 µs  in 10 ×    301 runs
[moonbitlang/core] bench encoding/utf16/utf16_v128_bench_test.mbt:95 ("bench utf16 decode mixed LE n=100000") ok
time (mean ± σ)         range (min … max) 
 194.54 µs ± 679.80 ns   192.77 µs … 195.10 µs  in 10 ×    532 runs
[moonbitlang/core] bench encoding/utf16/utf16_v128_bench_test.mbt:101 ("bench utf16 decode mixed BE n=100000") ok
time (mean ± σ)         range (min … max) 
 333.83 µs ±   2.08 µs   331.05 µs … 336.32 µs  in 10 ×    300 runs
[moonbitlang/core] bench encoding/utf16/utf16_v128_bench_test.mbt:109 ("bench utf16 decode emoji LE n=100000") ok
time (mean ± σ)         range (min … max) 
 293.33 µs ±   1.60 µs   289.98 µs … 295.37 µs  in 10 ×    341 runs
[moonbitlang/core] bench encoding/utf16/utf16_v128_bench_test.mbt:115 ("bench utf16 decode emoji BE n=100000") ok
time (mean ± σ)         range (min … max) 
 345.93 µs ±   2.27 µs   341.45 µs … 348.32 µs  in 10 ×    290 runs
[moonbitlang/core] bench hashmap/hashmap_bench_test.mbt:19 ("bench HashMap::set n=50000") ok
time (mean ± σ)         range (min … max) 
   1.73 ms ± 108.16 µs     1.65 ms …   2.00 ms  in 10 ×     60 runs
[moonbitlang/core] bench hashmap/hashmap_bench_test.mbt:30 ("bench HashMap::get n=50000") ok
time (mean ± σ)         range (min … max) 
 503.98 µs ± 947.14 ns   503.15 µs … 506.42 µs  in 10 ×    199 runs
[moonbitlang/core] bench hashmap/hashmap_bench_test.mbt:47 ("bench HashMap::get miss n=50000") ok
time (mean ± σ)         range (min … max) 
 615.43 µs ± 819.80 ns   614.26 µs … 616.48 µs  in 10 ×    163 runs
[moonbitlang/core] bench hashmap/hashmap_bench_test.mbt:67 ("bench HashMap::set+remove n=50000") ok
time (mean ± σ)         range (min … max) 
   2.36 ms ±  28.17 µs     2.33 ms …   2.41 ms  in 10 ×     43 runs
[moonbitlang/core] bench hashmap/hashmap_bench_test.mbt:87 ("bench HashMap::copy+remove n=50000") ok
time (mean ± σ)         range (min … max) 
   1.27 ms ±  22.70 µs     1.24 ms …   1.30 ms  in 10 ×     81 runs
[moonbitlang/core] bench hashmap/hashmap_bench_test.mbt:102 ("bench HashMap::copy n=50000") ok
time (mean ± σ)         range (min … max) 
 614.04 µs ±   8.20 µs   603.28 µs … 623.92 µs  in 10 ×    163 runs
[moonbitlang/core] bench hashmap/hashmap_bench_test.mbt:114 ("bench HashMap::to_array Int n=50000") ok
time (mean ± σ)         range (min … max) 
 597.41 µs ±   9.78 µs   584.18 µs … 618.97 µs  in 10 ×    169 runs
[moonbitlang/core] bench hashmap/hashmap_bench_test.mbt:123 ("bench HashMap::to_array Ref n=50000") ok
time (mean ± σ)         range (min … max) 
 732.22 µs ±  12.79 µs   714.92 µs … 756.66 µs  in 10 ×    137 runs
[moonbitlang/core] bench hashmap/hashmap_bench_test.mbt:141 ("bench HashMap::filter n=50000") ok
time (mean ± σ)         range (min … max) 
 788.71 µs ±  12.30 µs   774.02 µs … 813.95 µs  in 10 ×    111 runs
[moonbitlang/core] bench hashmap/hashmap_bench_test.mbt:147 ("bench HashMap comprehension filter n=50000") ok
time (mean ± σ)         range (min … max) 
   2.46 ms ±  29.72 µs     2.43 ms …   2.51 ms  in 10 ×     41 runs
[moonbitlang/core] bench hashset/set_algebra_bench_test.mbt:26 ("bench HashSet::union String 10k 50% overlap") ok
time (mean ± σ)         range (min … max) 
 553.85 µs ±   6.96 µs   545.78 µs … 564.19 µs  in 10 ×    182 runs
[moonbitlang/core] bench hashset/set_algebra_bench_test.mbt:33 ("bench HashSet::union Int 10k 50% overlap") ok
time (mean ± σ)         range (min … max) 
 444.02 µs ±   5.46 µs   436.78 µs … 450.41 µs  in 10 ×    222 runs
[moonbitlang/core] bench hashset/set_algebra_bench_test.mbt:40 ("bench HashSet::intersection String 10k 50% overlap") ok
time (mean ± σ)         range (min … max) 
 353.15 µs ±   3.81 µs   348.29 µs … 358.58 µs  in 10 ×    281 runs
[moonbitlang/core] bench hashset/set_algebra_bench_test.mbt:47 ("bench HashSet::difference String 10k 50% overlap") ok
time (mean ± σ)         range (min … max) 
 342.19 µs ±   3.56 µs   336.86 µs … 347.92 µs  in 10 ×    293 runs
[moonbitlang/core] bench hashset/set_algebra_bench_test.mbt:54 ("bench HashSet::is_subset String 10k true") ok
time (mean ± σ)         range (min … max) 
 283.69 µs ± 283.38 ns   283.29 µs … 284.09 µs  in 10 ×    353 runs
[moonbitlang/core] bench hashset/set_algebra_bench_test.mbt:61 ("bench HashSet == String 10k") ok
time (mean ± σ)         range (min … max) 
 290.24 µs ±  17.34 µs   282.85 µs … 337.25 µs  in 10 ×    354 runs
[moonbitlang/core] bench hashset/set_algebra_bench_test.mbt:68 ("bench HashSet == Int 10k") ok
time (mean ± σ)         range (min … max) 
  62.60 µs ±   1.14 µs    61.54 µs …  65.40 µs  in 10 ×   1528 runs
[moonbitlang/core] bench hashset/hashset_bench_test.mbt:19 ("bench HashSet::add n=50000") ok
time (mean ± σ)         range (min … max) 
   2.04 ms ±  32.81 µs     2.01 ms …   2.10 ms  in 10 ×     49 runs
[moonbitlang/core] bench hashset/hashset_bench_test.mbt:30 ("bench HashSet::contains n=50000") ok
time (mean ± σ)         range (min … max) 
   1.07 ms ± 689.13 ns     1.07 ms …   1.07 ms  in 10 ×     94 runs
[moonbitlang/core] bench hashset/hashset_bench_test.mbt:56 ("bench HashSet::filter n=50000") ok
time (mean ± σ)         range (min … max) 
 366.23 µs ±   5.43 µs   358.60 µs … 373.36 µs  in 10 ×    288 runs
[moonbitlang/core] bench hashset/hashset_bench_test.mbt:62 ("bench HashSet comprehension filter n=50000") ok
time (mean ± σ)         range (min … max) 
 941.33 µs ±   7.60 µs   933.84 µs … 953.20 µs  in 10 ×    104 runs
[moonbitlang/core] bench immut/hashmap/update_bench_test.mbt:21 ("bench HashMap::remove absent x1000 n=100000") ok
time (mean ± σ)         range (min … max) 
  26.41 µs ±  23.44 ns    26.36 µs …  26.44 µs  in 10 ×   3797 runs
[moonbitlang/core] bench immut/hashmap/update_bench_test.mbt:32 ("bench HashMap::remove present x1000 n=100000") ok
time (mean ± σ)         range (min … max) 
 187.05 µs ± 340.42 ns   186.43 µs … 187.54 µs  in 10 ×    533 runs
[moonbitlang/core] bench immut/hashmap/update_bench_test.mbt:43 ("bench HashMap::union with a derived version n=100000") ok
time (mean ± σ)         range (min … max) 
 490.69 ns ±  17.60 ns   474.98 ns … 538.84 ns  in 10 × 100000 runs
[moonbitlang/core] bench immut/hashmap/update_bench_test.mbt:49 ("bench HashMap::intersection with a derived version n=100000") ok
time (mean ± σ)         range (min … max) 
 457.62 ns ±   4.02 ns   450.84 ns … 461.53 ns  in 10 × 100000 runs
[moonbitlang/core] bench immut/hashmap/hashmap_build_bench_test.mbt:37 ("bench HashMap constructor ordered n=10000") ok
time (mean ± σ)         range (min … max) 
 574.93 µs ±   1.94 µs   571.18 µs … 577.24 µs  in 10 ×    173 runs
[moonbitlang/core] bench immut/hashmap/hashmap_build_bench_test.mbt:43 ("bench HashMap constructor random n=10000") ok
time (mean ± σ)         range (min … max) 
 578.57 µs ±   3.47 µs   574.83 µs … 584.75 µs  in 10 ×    172 runs
[moonbitlang/core] bench immut/hashmap/hashmap_build_bench_test.mbt:49 ("bench HashMap::from_iter random n=10000") ok
time (mean ± σ)         range (min … max) 
 611.59 µs ±   2.33 µs   607.34 µs … 614.35 µs  in 10 ×    164 runs
[moonbitlang/core] bench immut/hashset/update_bench_test.mbt:21 ("bench HashSet::add existing x1000 n=100000") ok
time (mean ± σ)         range (min … max) 
  31.81 µs ±  94.36 ns    31.72 µs …  32.05 µs  in 10 ×   3146 runs
[moonbitlang/core] bench immut/hashset/update_bench_test.mbt:32 ("bench HashSet::remove absent x1000 n=100000") ok
time (mean ± σ)         range (min … max) 
  26.30 µs ±  57.91 ns    26.20 µs …  26.37 µs  in 10 ×   3815 runs
[moonbitlang/core] bench immut/hashset/update_bench_test.mbt:43 ("bench HashSet::add new x1000 n=100000") ok
time (mean ± σ)         range (min … max) 
 183.79 µs ± 700.67 ns   182.90 µs … 184.76 µs  in 10 ×    546 runs
[moonbitlang/core] bench immut/hashset/update_bench_test.mbt:54 ("bench HashSet::union with a derived version n=100000") ok
time (mean ± σ)         range (min … max) 
 478.58 ns ±   0.42 ns   478.04 ns … 479.24 ns  in 10 × 100000 runs
[moonbitlang/core] bench immut/hashset/hashset_build_bench_test.mbt:34 ("bench HashSet constructor ordered n=10000") ok
time (mean ± σ)         range (min … max) 
 618.46 µs ±  14.34 µs   608.08 µs … 654.69 µs  in 10 ×    130 runs
[moonbitlang/core] bench immut/hashset/hashset_build_bench_test.mbt:40 ("bench HashSet constructor random n=10000") ok
time (mean ± σ)         range (min … max) 
 612.56 µs ±   4.46 µs   606.49 µs … 619.48 µs  in 10 ×    165 runs
[moonbitlang/core] bench immut/hashset/hashset_build_bench_test.mbt:46 ("bench HashSet::from_iter random n=10000") ok
time (mean ± σ)         range (min … max) 
 639.04 µs ±   3.64 µs   633.47 µs … 644.11 µs  in 10 ×    158 runs
[moonbitlang/core] bench immut/priority_queue/priority_queue_build_bench_test.mbt:38 ("bench PriorityQueue::from_array ordered n=10000") ok
time (mean ± σ)         range (min … max) 
  52.42 µs ±   1.17 µs    51.29 µs …  53.89 µs  in 10 ×   1859 runs
[moonbitlang/core] bench immut/priority_queue/priority_queue_build_bench_test.mbt:44 ("bench PriorityQueue::from_array reverse n=10000") ok
time (mean ± σ)         range (min … max) 
  41.94 µs ± 765.68 ns    41.41 µs …  43.53 µs  in 10 ×   2273 runs
[moonbitlang/core] bench immut/priority_queue/priority_queue_build_bench_test.mbt:50 ("bench PriorityQueue::from_array random n=10000") ok
time (mean ± σ)         range (min … max) 
  53.54 µs ±   1.33 µs    52.07 µs …  55.04 µs  in 10 ×   1798 runs
[moonbitlang/core] bench immut/priority_queue/priority_queue_build_bench_test.mbt:56 ("bench PriorityQueue::from_iter random n=10000") ok
time (mean ± σ)         range (min … max) 
  89.37 µs ± 771.80 ns    88.42 µs …  90.58 µs  in 10 ×   1121 runs
[moonbitlang/core] bench immut/sorted_map/sorted_map_build_bench_test.mbt:54 ("bench SortedMap constructor reverse n=10000") ok
time (mean ± σ)         range (min … max) 
  87.04 µs ±   6.81 µs    82.85 µs … 105.00 µs  in 10 ×   1193 runs
[moonbitlang/core] bench immut/sorted_map/sorted_map_build_bench_test.mbt:60 ("bench SortedMap::from_iter ordered n=10000") ok
time (mean ± σ)         range (min … max) 
   1.84 ms ±  11.27 µs     1.82 ms …   1.86 ms  in 10 ×     55 runs
[moonbitlang/core] bench immut/sorted_map/sorted_map_build_bench_test.mbt:66 ("bench SortedMap::from_iter almost ordered n=10000") ok
time (mean ± σ)         range (min … max) 
   1.84 ms ±  11.65 µs     1.82 ms …   1.86 ms  in 10 ×     55 runs
[moonbitlang/core] bench immut/sorted_map/sorted_map_build_bench_test.mbt:72 ("bench SortedMap::from_iter random n=10000") ok
time (mean ± σ)         range (min … max) 
   1.14 ms ±  10.06 µs     1.13 ms …   1.15 ms  in 10 ×     89 runs
[moonbitlang/core] bench immut/sorted_map/sorted_map_build_bench_test.mbt:78 ("bench SortedMap constructor ordered n=10000") ok
time (mean ± σ)         range (min … max) 
  85.68 µs ± 519.09 ns    85.07 µs …  86.38 µs  in 10 ×   1179 runs
[moonbitlang/core] bench immut/sorted_map/sorted_map_build_bench_test.mbt:84 ("bench SortedMap constructor almost ordered n=10000") ok
time (mean ± σ)         range (min … max) 
 181.81 µs ±   1.14 µs   179.95 µs … 183.14 µs  in 10 ×    551 runs
[moonbitlang/core] bench immut/sorted_map/sorted_map_build_bench_test.mbt:90 ("bench SortedMap constructor random n=10000") ok
time (mean ± σ)         range (min … max) 
 708.24 µs ±   3.96 µs   701.96 µs … 714.08 µs  in 10 ×    141 runs
[moonbitlang/core] bench immut/sorted_map/merge_bench_test.mbt:29 ("bench merge disjoint n=1000") ok
time (mean ± σ)         range (min … max) 
   2.32 µs ±   2.74 ns     2.32 µs …   2.33 µs  in 10 ×  41639 runs
[moonbitlang/core] bench immut/sorted_map/merge_bench_test.mbt:36 ("bench merge disjoint n=5000") ok
time (mean ± σ)         range (min … max) 
   3.69 µs ± 338.20 ns     3.56 µs …   4.65 µs  in 10 ×  27416 runs
[moonbitlang/core] bench immut/sorted_map/merge_bench_test.mbt:43 ("bench merge disjoint n=10000") ok
time (mean ± σ)         range (min … max) 
   4.18 µs ±  26.65 ns     4.15 µs …   4.22 µs  in 10 ×  24025 runs
[moonbitlang/core] bench immut/sorted_map/merge_bench_test.mbt:50 ("bench merge overlapping 50% n=1000") ok
time (mean ± σ)         range (min … max) 
   7.03 µs ±  48.83 ns     6.99 µs …   7.13 µs  in 10 ×  14113 runs
[moonbitlang/core] bench immut/sorted_map/merge_bench_test.mbt:57 ("bench merge overlapping 50% n=5000") ok
time (mean ± σ)         range (min … max) 
  34.30 µs ± 129.89 ns    34.15 µs …  34.51 µs  in 10 ×   2902 runs
[moonbitlang/core] bench immut/sorted_map/merge_bench_test.mbt:64 ("bench merge overlapping 50% n=10000") ok
time (mean ± σ)         range (min … max) 
  61.33 µs ± 422.94 ns    60.54 µs …  61.81 µs  in 10 ×   1642 runs
[moonbitlang/core] bench immut/sorted_map/merge_bench_test.mbt:71 ("bench merge identical n=1000") ok
time (mean ± σ)         range (min … max) 
   9.91 µs ±  13.66 ns     9.89 µs …   9.94 µs  in 10 ×  10058 runs
[moonbitlang/core] bench immut/sorted_map/merge_bench_test.mbt:78 ("bench merge identical n=5000") ok
time (mean ± σ)         range (min … max) 
  52.67 µs ± 385.06 ns    52.18 µs …  53.39 µs  in 10 ×   1883 runs
[moonbitlang/core] bench immut/sorted_map/merge_bench_test.mbt:85 ("bench merge interleaved n=1000") ok
time (mean ± σ)         range (min … max) 
  38.32 µs ± 213.07 ns    38.00 µs …  38.62 µs  in 10 ×   2587 runs
[moonbitlang/core] bench immut/sorted_map/merge_bench_test.mbt:92 ("bench merge interleaved n=5000") ok
time (mean ± σ)         range (min … max) 
 209.28 µs ± 827.24 ns   208.36 µs … 210.45 µs  in 10 ×    462 runs
[moonbitlang/core] bench immut/sorted_map/merge_bench_test.mbt:99 ("bench merge small into large n=100+10000") ok
time (mean ± σ)         range (min … max) 
   3.06 µs ±   7.25 ns     3.05 µs …   3.07 µs  in 10 ×  32526 runs
[moonbitlang/core] bench immut/sorted_set/sorted_set_build_bench_test.mbt:51 ("bench SortedSet constructor reverse n=10000") ok
time (mean ± σ)         range (min … max) 
  77.40 µs ± 459.05 ns    76.65 µs …  78.05 µs  in 10 ×   1299 runs
[moonbitlang/core] bench immut/sorted_set/sorted_set_build_bench_test.mbt:57 ("bench SortedSet::from_iter ordered n=10000") ok
time (mean ± σ)         range (min … max) 
   1.83 ms ±   7.50 µs     1.82 ms …   1.85 ms  in 10 ×     55 runs
[moonbitlang/core] bench immut/sorted_set/sorted_set_build_bench_test.mbt:63 ("bench SortedSet::from_iter almost ordered n=10000") ok
time (mean ± σ)         range (min … max) 
   1.82 ms ±  11.27 µs     1.81 ms …   1.84 ms  in 10 ×     55 runs
[moonbitlang/core] bench immut/sorted_set/sorted_set_build_bench_test.mbt:69 ("bench SortedSet::from_iter rev almost ordered n=10000") ok
time (mean ± σ)         range (min … max) 
   1.82 ms ±  10.90 µs     1.80 ms …   1.84 ms  in 10 ×     55 runs
[moonbitlang/core] bench immut/sorted_set/sorted_set_build_bench_test.mbt:75 ("bench SortedSet::from_iter random n=10000") ok
time (mean ± σ)         range (min … max) 
   1.12 ms ±   5.62 µs     1.11 ms …   1.13 ms  in 10 ×     90 runs
[moonbitlang/core] bench immut/sorted_set/sorted_set_build_bench_test.mbt:81 ("bench SortedSet constructor ordered n=10000") ok
time (mean ± σ)         range (min … max) 
  82.80 µs ±   5.31 µs    79.85 µs …  96.77 µs  in 10 ×   1248 runs
[moonbitlang/core] bench immut/sorted_set/sorted_set_build_bench_test.mbt:87 ("bench SortedSet constructor almost ordered n=10000") ok
time (mean ± σ)         range (min … max) 
 107.99 µs ±   1.01 µs   106.79 µs … 109.71 µs  in 10 ×    913 runs
[moonbitlang/core] bench immut/sorted_set/sorted_set_build_bench_test.mbt:93 ("bench SortedSet constructor random n=10000") ok
time (mean ± σ)         range (min … max) 
 291.54 µs ±   2.03 µs   287.86 µs … 293.80 µs  in 10 ×    345 runs
[moonbitlang/core] bench immut/vector/vector_iter_bench_test.mbt:24 ("bench Vector::iter fold n=100000") ok
time (mean ± σ)         range (min … max) 
 500.96 µs ± 517.09 ns   500.05 µs … 501.71 µs  in 10 ×    200 runs
[moonbitlang/core] bench immut/vector/vector_iter_bench_test.mbt:30 ("bench Vector::iter each n=100000") ok
time (mean ± σ)         range (min … max) 
 516.64 µs ± 431.71 ns   515.71 µs … 517.23 µs  in 10 ×    194 runs
[moonbitlang/core] bench immut/vector/vector_iter_bench_test.mbt:40 ("bench Vector::iter to_array n=100000") ok
time (mean ± σ)         range (min … max) 
 640.48 µs ±   5.04 µs   630.94 µs … 645.03 µs  in 10 ×    160 runs
[moonbitlang/core] bench immut/vector/vector_iter_bench_test.mbt:46 ("bench Vector::for-in n=100000") ok
time (mean ± σ)         range (min … max) 
 500.76 µs ±   1.05 µs   498.93 µs … 503.03 µs  in 10 ×    200 runs
[moonbitlang/core] bench immut/vector/vector_contains_bench_test.mbt:24 ("bench Vector::contains missing n=100000") ok
time (mean ± σ)         range (min … max) 
  52.74 µs ± 152.96 ns    52.62 µs …  53.08 µs  in 10 ×   1881 runs
[moonbitlang/core] bench immut/vector/vector_contains_bench_test.mbt:30 ("bench Vector::contains tree-end n=100000") ok
time (mean ± σ)         range (min … max) 
  54.29 µs ±   2.21 µs    53.15 µs …  60.19 µs  in 10 ×   1900 runs
[moonbitlang/core] bench immut/vector/vector_contains_bench_test.mbt:36 ("bench Vector::contains tail-end n=100000") ok
time (mean ± σ)         range (min … max) 
  53.15 µs ± 140.16 ns    52.80 µs …  53.29 µs  in 10 ×   1884 runs
[moonbitlang/core] bench internal/strconv/parse_double_bench_test.mbt:48 ("bench parse_double fast digits n=4096") ok
time (mean ± σ)         range (min … max) 
 377.81 µs ±  12.91 µs   355.79 µs … 393.46 µs  in 10 ×    254 runs
[moonbitlang/core] bench internal/strconv/parse_double_bench_test.mbt:55 ("bench parse_double underscores n=4096") ok
time (mean ± σ)         range (min … max) 
 650.31 µs ±   2.51 µs   643.71 µs … 652.72 µs  in 10 ×    154 runs
[moonbitlang/core] bench internal/strconv/parse_double_bench_test.mbt:62 ("bench parse_double long mantissa n=4096") ok
time (mean ± σ)         range (min … max) 
 535.43 µs ±   9.59 µs   522.86 µs … 548.30 µs  in 10 ×    190 runs
[moonbitlang/core] bench json/stringify_indent_bench_test.mbt:45 ("bench Json::stringify deep wide indent=2 n=10000") ok
time (mean ± σ)         range (min … max) 
 414.77 µs ±   1.90 µs   412.74 µs … 418.50 µs  in 10 ×    176 runs
[moonbitlang/core] bench json/stringify_indent_bench_test.mbt:54 ("bench Json::stringify compact n=10000") ok
time (mean ± σ)         range (min … max) 
 199.61 µs ± 327.32 ns   199.08 µs … 200.09 µs  in 10 ×    452 runs
[moonbitlang/core] bench json/stringify_indent_bench_test.mbt:60 ("bench Json::stringify shallow wide indent=2 n=500") ok
time (mean ± σ)         range (min … max) 
 170.45 µs ±   1.18 µs   168.49 µs … 172.41 µs  in 10 ×    582 runs
[moonbitlang/core] bench json/stringify_indent_bench_test.mbt:66 ("bench Json::stringify shallow wide compact n=500") ok
time (mean ± σ)         range (min … max) 
 131.13 µs ±   7.44 µs   127.80 µs … 152.10 µs  in 10 ×    776 runs
[moonbitlang/core] bench json/stringify_escape_bench_test.mbt:24 ("bench Json::stringify strings no escape n=2048") ok
time (mean ± σ)         range (min … max) 
 130.13 µs ±   2.70 µs   128.75 µs … 137.45 µs  in 10 ×    764 runs
[moonbitlang/core] bench json/stringify_escape_bench_test.mbt:30 ("bench Json::stringify strings slash no escape n=2048") ok
time (mean ± σ)         range (min … max) 
 129.25 µs ± 721.89 ns   128.63 µs … 130.61 µs  in 10 ×    767 runs
[moonbitlang/core] bench json/stringify_escape_bench_test.mbt:36 ("bench Json::stringify strings slash escaped n=2048") ok
time (mean ± σ)         range (min … max) 
 238.10 µs ± 868.72 ns   237.17 µs … 239.78 µs  in 10 ×    360 runs
[moonbitlang/core] bench json/stringify_escape_bench_test.mbt:42 ("bench Json::stringify strings quotes controls n=2048") ok
time (mean ± σ)         range (min … max) 
 225.63 µs ±   1.27 µs   223.63 µs … 227.07 µs  in 10 ×    380 runs
[moonbitlang/core] bench json/stringify_escape_bench_test.mbt:48 ("bench Json::stringify 2KB prose one newline n=64") ok
time (mean ± σ)         range (min … max) 
 321.80 µs ±  41.32 µs   297.67 µs … 399.30 µs  in 10 ×    247 runs
[moonbitlang/core] bench json/parse_bench_test.mbt:45 ("bench json parse mixed object array n=1000") ok
time (mean ± σ)         range (min … max) 
   1.14 ms ±   6.52 µs     1.13 ms …   1.14 ms  in 10 ×     87 runs
[moonbitlang/core] bench json/number_bench_test.mbt:64 ("bench json parse int array n=10000") ok
time (mean ± σ)         range (min … max) 
 745.09 µs ±  11.48 µs   726.05 µs … 756.51 µs  in 10 ×    137 runs
[moonbitlang/core] bench json/number_bench_test.mbt:70 ("bench json parse float array n=10000") ok
time (mean ± σ)         range (min … max) 
   1.14 ms ±  81.84 µs     1.10 ms …   1.37 ms  in 10 ×     91 runs
[moonbitlang/core] bench json/number_bench_test.mbt:76 ("bench json parse long mantissa array n=10000") ok
time (mean ± σ)         range (min … max) 
   1.75 ms ±  16.77 µs     1.72 ms …   1.77 ms  in 10 ×     57 runs
[moonbitlang/core] bench json/json_inspect_bench_test.mbt:16 ("bench json_inspect passing Int") ok
time (mean ± σ)         range (min … max) 
  71.23 ns ±   1.69 ns    68.29 ns …  73.04 ns  in 10 × 100000 runs
[moonbitlang/core] bench lazy_list/concat_bench_test.mbt:40 ("bench LazyList build and traverse n=2048") ok
time (mean ± σ)         range (min … max) 
  34.19 µs ± 337.27 ns    33.23 µs …  34.33 µs  in 10 ×   2917 runs
[moonbitlang/core] bench lazy_list/concat_bench_test.mbt:49 ("bench LazyList re-traverse a forced list n=2048") ok
time (mean ± σ)         range (min … max) 
  15.35 µs ± 257.42 ns    15.16 µs …  15.88 µs  in 10 ×   6412 runs
[moonbitlang/core] bench lazy_list/concat_bench_test.mbt:57 ("bench LazyList left-nested concat, build only n=2048") ok
time (mean ± σ)         range (min … max) 
  77.06 µs ± 156.48 ns    76.74 µs …  77.24 µs  in 10 ×   1302 runs
[moonbitlang/core] bench lazy_list/concat_bench_test.mbt:62 ("bench LazyList left-nested concat, build and traverse n=2048") ok
time (mean ± σ)         range (min … max) 
 147.94 µs ± 343.96 ns   147.44 µs … 148.34 µs  in 10 ×    676 runs
[moonbitlang/core] bench lazy_list/concat_bench_test.mbt:69 ("bench LazyList concat while consuming n=2048") ok
time (mean ± σ)         range (min … max) 
 115.54 µs ± 460.80 ns   114.97 µs … 116.15 µs  in 10 ×    861 runs
[moonbitlang/core] bench lexbuf/lexbuf_bench_test.mbt:47 ("bench Lexbuf retained token chunks=10000 size=1") ok
time (mean ± σ)         range (min … max) 
 325.89 µs ±  19.92 µs   318.76 µs … 382.53 µs  in 10 ×    313 runs
[moonbitlang/core] bench lexbuf/lexbuf_bench_test.mbt:52 ("bench Lexbuf retained token chunks=1250 size=8") ok
time (mean ± σ)         range (min … max) 
  94.76 µs ± 455.09 ns    94.13 µs …  95.58 µs  in 10 ×   1045 runs
[moonbitlang/core] bench lexbuf/lexbuf_bench_test.mbt:57 ("bench Lexbuf retained token chunks=157 size=64") ok
time (mean ± σ)         range (min … max) 
  46.91 µs ± 145.59 ns    46.71 µs …  47.13 µs  in 10 ×   2122 runs
[moonbitlang/core] bench lexbuf/lexbuf_bench_test.mbt:62 ("bench Lexbuf retained token chunks=20 size=512") ok
time (mean ± σ)         range (min … max) 
  42.78 µs ± 121.87 ns    42.61 µs …  42.97 µs  in 10 ×   2361 runs
[moonbitlang/core] bench quickcheck/shrink_collection_bench_test.mbt:16 ("bench shrink Array first candidate size=10000") ok
time (mean ± σ)         range (min … max) 
 132.63 ns ±   2.42 ns   128.64 ns … 135.35 ns  in 10 × 100000 runs
[moonbitlang/core] bench quickcheck/shrink_collection_bench_test.mbt:22 ("bench shrink List first candidate size=10000") ok
time (mean ± σ)         range (min … max) 
  78.40 µs ± 144.43 ns    78.22 µs …  78.66 µs  in 10 ×   1275 runs
[moonbitlang/core] bench quickcheck/generator_bench_test.mbt:16 ("bench Generator::zip_with n=1000000") ok
time (mean ± σ)         range (min … max) 
  11.97 ms ±   5.42 µs    11.96 ms …  11.97 ms  in 10 ×      9 runs
[moonbitlang/core] bench quickcheck/arbitrary_string_bench_test.mbt:16 ("bench Arbitrary String size=10000 count=100") ok
time (mean ± σ)         range (min … max) 
   5.27 ms ±  25.63 µs     5.24 ms …   5.32 ms  in 10 ×     18 runs
[moonbitlang/core] bench random/random_test.mbt:409 ("bench random") ok
time (mean ± σ)         range (min … max) 
  31.83 ms ±   2.00 ms    30.38 ms …  37.19 ms  in 10 ×      4 runs
[moonbitlang/core] bench set/set_algebra_bench_test.mbt:26 ("bench Set::union String 10k 50% overlap") ok
time (mean ± σ)         range (min … max) 
 577.61 µs ±   6.64 µs   570.84 µs … 590.21 µs  in 10 ×    173 runs
[moonbitlang/core] bench set/set_algebra_bench_test.mbt:33 ("bench Set::union Int 10k 50% overlap") ok
time (mean ± σ)         range (min … max) 
 466.85 µs ±   3.12 µs   463.87 µs … 473.64 µs  in 10 ×    214 runs
[moonbitlang/core] bench set/set_algebra_bench_test.mbt:40 ("bench Set::intersection String 10k 50% overlap") ok
time (mean ± σ)         range (min … max) 
 356.55 µs ±   3.01 µs   353.22 µs … 362.45 µs  in 10 ×    278 runs
[moonbitlang/core] bench set/set_algebra_bench_test.mbt:47 ("bench Set::difference String 10k 50% overlap") ok
time (mean ± σ)         range (min … max) 
 365.59 µs ± 975.02 ns   364.51 µs … 367.69 µs  in 10 ×    270 runs
[moonbitlang/core] bench set/set_algebra_bench_test.mbt:54 ("bench Set::is_subset String 10k true") ok
time (mean ± σ)         range (min … max) 
 282.92 µs ±   1.14 µs   281.85 µs … 284.39 µs  in 10 ×    355 runs
[moonbitlang/core] bench set/set_algebra_bench_test.mbt:61 ("bench Set == String 10k") ok
time (mean ± σ)         range (min … max) 
 283.18 µs ±   1.33 µs   281.11 µs … 284.40 µs  in 10 ×    357 runs
[moonbitlang/core] bench set/set_algebra_bench_test.mbt:68 ("bench Set == Int 10k") ok
time (mean ± σ)         range (min … max) 
 101.28 µs ±   1.19 µs   100.64 µs … 104.61 µs  in 10 ×    933 runs
[moonbitlang/core] bench set/linked_hash_set_bench_test.mbt:19 ("bench Set::add n=50000") ok
time (mean ± σ)         range (min … max) 
   2.29 ms ± 116.78 µs     2.23 ms …   2.60 ms  in 10 ×     46 runs
[moonbitlang/core] bench set/linked_hash_set_bench_test.mbt:30 ("bench Set::contains n=50000") ok
time (mean ± σ)         range (min … max) 
   1.09 ms ± 846.90 ns     1.09 ms …   1.09 ms  in 10 ×     92 runs
[moonbitlang/core] bench set/linked_hash_set_bench_test.mbt:47 ("bench Set::contains miss n=50000") ok
time (mean ± σ)         range (min … max) 
   1.13 ms ±   2.25 µs     1.12 ms …   1.13 ms  in 10 ×     89 runs
[moonbitlang/core] bench set/linked_hash_set_bench_test.mbt:67 ("bench Set::add+remove n=50000") ok
time (mean ± σ)         range (min … max) 
   3.35 ms ±  36.16 µs     3.32 ms …   3.42 ms  in 10 ×     30 runs
[moonbitlang/core] bench set/linked_hash_set_bench_test.mbt:86 ("bench Set::filter n=50000") ok
time (mean ± σ)         range (min … max) 
 441.35 µs ±   5.81 µs   430.89 µs … 449.49 µs  in 10 ×    232 runs
[moonbitlang/core] bench set/linked_hash_set_bench_test.mbt:92 ("bench Set comprehension filter n=50000") ok
time (mean ± σ)         range (min … max) 
 973.53 µs ±   5.49 µs   965.79 µs … 981.65 µs  in 10 ×    103 runs
[moonbitlang/core] bench sorted_set/sorted_set_bench_test.mbt:22 ("bench SortedSet::to_array Int n=50000") ok
time (mean ± σ)         range (min … max) 
 165.17 µs ± 747.44 ns   163.90 µs … 166.75 µs  in 10 ×    610 runs
[moonbitlang/core] bench sorted_set/sorted_set_bench_test.mbt:30 ("bench SortedSet::to_array Ref n=50000") ok
time (mean ± σ)         range (min … max) 
 180.54 µs ±  12.33 µs   174.81 µs … 214.80 µs  in 10 ×    565 runs
[moonbitlang/core] bench string/regex_bench_test.mbt:16 ("bench regex /aa?b/ on 1MB string") ok
time (mean ± σ)         range (min … max) 
   2.63 ms ±   2.22 µs     2.63 ms …   2.64 ms  in 10 ×     38 runs
[moonbitlang/core] bench string/regex_bench_test.mbt:23 ("bench regex phone lines") ok
time (mean ± σ)         range (min … max) 
   2.52 µs ±   8.95 ns     2.51 µs …   2.54 µs  in 10 ×  40014 runs
[moonbitlang/core] bench string/regex_bench_test.mbt:43 ("bench regex large pattern") ok
time (mean ± σ)         range (min … max) 
   1.92 ms ±   3.50 µs     1.91 ms …   1.92 ms  in 10 ×     52 runs
[moonbitlang/core] bench v128/v128_bench_test.mbt:32 ("bench V128 i64x2_add n=10000") ok
time (mean ± σ)         range (min … max) 
   5.46 µs ±  45.77 ns     5.43 µs …   5.53 µs  in 10 ×  18147 runs
[moonbitlang/core] bench v128/v128_bench_test.mbt:44 ("bench V128 i32x4_add n=10000") ok
time (mean ± σ)         range (min … max) 
   5.53 µs ±  54.82 ns     5.43 µs …   5.59 µs  in 10 ×  18025 runs
[moonbitlang/core] bench v128/v128_bench_test.mbt:56 ("bench V128 i8x16_add n=10000") ok
time (mean ± σ)         range (min … max) 
   5.44 µs ±  21.08 ns     5.43 µs …   5.50 µs  in 10 ×  17892 runs
[moonbitlang/core] bench v128/v128_bench_test.mbt:68 ("bench V128 i8x16_splat n=10000") ok
time (mean ± σ)         range (min … max) 
   5.40 µs ±   4.15 ns     5.39 µs …   5.40 µs  in 10 ×  18513 runs
[moonbitlang/core] bench v128/v128_bench_test.mbt:79 ("bench V128 i8x16_extract_lane_u n=10000") ok
time (mean ± σ)         range (min … max) 
   8.54 µs ± 492.91 ns     8.17 µs …   9.80 µs  in 10 ×  11899 runs
[moonbitlang/core] bench v128/v128_bench_test.mbt:93 ("bench V128 i8x16_replace_lane n=10000") ok
time (mean ± σ)         range (min … max) 
  39.35 µs ±  66.82 ns    39.29 µs …  39.50 µs  in 10 ×   2545 runs
[moonbitlang/core] bench v128/v128_bench_test.mbt:108 ("bench V128 i8x16_bitmask n=10000") ok
time (mean ± σ)         range (min … max) 
   7.88 µs ±  42.11 ns     7.81 µs …   7.96 µs  in 10 ×  12597 runs
[moonbitlang/core] bench v128/v128_bench_test.mbt:120 ("bench V128 load/store n=10000") ok
time (mean ± σ)         range (min … max) 
 131.62 µs ± 567.55 ns   130.44 µs … 132.44 µs  in 10 ×    755 runs
[moonbitlang/core] bench v128/v128_bench_test.mbt:135 ("bench V128 load8x8_u n=10000") ok
time (mean ± σ)         range (min … max) 
  44.07 µs ±  99.19 ns    43.90 µs …  44.29 µs  in 10 ×   2286 runs
[moonbitlang/core] bench v128/v128_bench_test.mbt:147 ("bench V128 load8x8_s n=10000") ok
time (mean ± σ)         range (min … max) 
  48.60 µs ± 255.51 ns    48.10 µs …  48.82 µs  in 10 ×   2052 runs
[moonbitlang/core] bench v128/v128_bench_test.mbt:159 ("bench V128 load16x4_u n=10000") ok
time (mean ± σ)         range (min … max) 
  38.03 µs ± 395.79 ns    37.49 µs …  38.48 µs  in 10 ×   2649 runs
[moonbitlang/core] bench v128/v128_bench_test.mbt:171 ("bench V128 load16x4_s n=10000") ok
time (mean ± σ)         range (min … max) 
  43.40 µs ± 966.28 ns    42.82 µs …  45.88 µs  in 10 ×   2339 runs
[moonbitlang/core] bench v128/v128_bench_test.mbt:183 ("bench V128 load32x2_u n=10000") ok
time (mean ± σ)         range (min … max) 
  35.72 µs ± 230.54 ns    35.37 µs …  35.95 µs  in 10 ×   2806 runs
[moonbitlang/core] bench v128/v128_bench_test.mbt:195 ("bench V128 load32x2_s n=10000") ok
time (mean ± σ)         range (min … max) 
  37.95 µs ± 288.91 ns    37.43 µs …  38.22 µs  in 10 ×   2685 runs
[moonbitlang/core] bench v128/v128_bench_test.mbt:207 ("bench V128 load_splat n=10000") ok
time (mean ± σ)         range (min … max) 
  52.04 µs ± 465.53 ns    51.41 µs …  52.51 µs  in 10 ×   1912 runs
[moonbitlang/core] bench v128/v128_bench_test.mbt:223 ("bench V128 load8_lane n=10000") ok
time (mean ± σ)         range (min … max) 
  39.32 µs ±  30.85 ns    39.29 µs …  39.37 µs  in 10 ×   2544 runs
[moonbitlang/core] bench v128/v128_bench_test.mbt:235 ("bench V128 load16_lane n=10000") ok
time (mean ± σ)         range (min … max) 
  39.55 µs ±  31.41 ns    39.52 µs …  39.62 µs  in 10 ×   2530 runs
[moonbitlang/core] bench v128/v128_bench_test.mbt:247 ("bench V128 load32_lane n=10000") ok
time (mean ± σ)         range (min … max) 
  39.96 µs ± 107.45 ns    39.85 µs …  40.19 µs  in 10 ×   2512 runs
[moonbitlang/core] bench v128/v128_bench_test.mbt:259 ("bench V128 load64_lane n=10000") ok
time (mean ± σ)         range (min … max) 
  62.33 µs ±  38.20 ns    62.29 µs …  62.42 µs  in 10 ×   1604 runs
[moonbitlang/core] bench v128/v128_bench_test.mbt:271 ("bench V128 extend i8x16 to i16x8 n=10000") ok
time (mean ± σ)         range (min … max) 
  11.02 µs ± 362.37 ns    10.83 µs …  11.97 µs  in 10 ×   9217 runs
[moonbitlang/core] bench v128/v128_bench_test.mbt:285 ("bench V128 extend i16x8 to i32x4 n=10000") ok
time (mean ± σ)         range (min … max) 
  10.84 µs ±   7.01 ns    10.83 µs …  10.85 µs  in 10 ×   9212 runs
[moonbitlang/core] bench v128/v128_bench_test.mbt:299 ("bench V128 extend i32x4 to i64x2 n=10000") ok
time (mean ± σ)         range (min … max) 
  10.84 µs ±   7.80 ns    10.83 µs …  10.85 µs  in 10 ×   9207 runs
[moonbitlang/core] bench v128/v128_bench_test.mbt:313 ("bench V128 all_true n=10000") ok
time (mean ± σ)         range (min … max) 
  14.29 µs ±  24.76 ns    14.26 µs …  14.32 µs  in 10 ×   7028 runs
[moonbitlang/core] bench v128/v128_bench_test.mbt:337 ("bench V128 bitmask all widths n=10000") ok
time (mean ± σ)         range (min … max) 
  16.87 µs ±  90.71 ns    16.71 µs …  17.00 µs  in 10 ×   5939 runs
[moonbitlang/core] bench v128/v128_bench_test.mbt:353 ("bench V128 swizzle n=10000") ok
time (mean ± σ)         range (min … max) 
   5.53 µs ±   4.91 ns     5.52 µs …   5.54 µs  in 10 ×  18124 runs
[moonbitlang/core] bench v128/v128_bench_test.mbt:371 ("bench V128 shuffle n=10000") ok
time (mean ± σ)         range (min … max) 
  11.00 µs ±  36.16 ns    10.90 µs …  11.03 µs  in 10 ×   9139 runs
Total tests: 490, passed: 490, failed: 0.
