[moonbitlang/core] bench argparse/globals_bench_test.mbt:16 ("bench parse inherited globals with an override") ok
time (mean ± σ)         range (min … max) 
   4.45 µs ±  13.82 ns     4.44 µs …   4.49 µs  in 10 ×  22225 runs
[moonbitlang/core] bench bench/hash_bench_test.mbt:16 ("bench Hash for Bytes (small)") ok
time (mean ± σ)         range (min … max) 
  13.39 ns ±   0.19 ns    13.10 ns …  13.56 ns  in 10 × 100000 runs
[moonbitlang/core] bench bench/hash_bench_test.mbt:22 ("bench Hash for Bytes (medium)") ok
time (mean ± σ)         range (min … max) 
 146.79 ns ±   1.71 ns   144.72 ns … 148.62 ns  in 10 × 100000 runs
[moonbitlang/core] bench bench/hash_bench_test.mbt:28 ("bench Hash for Bytes (large)") ok
time (mean ± σ)         range (min … max) 
   2.47 µs ±   7.23 ns     2.46 µs …   2.48 µs  in 10 ×  40336 runs
[moonbitlang/core] bench bench/hash_bench_test.mbt:34 ("bench Hash for BytesView (small)") ok
time (mean ± σ)         range (min … max) 
  12.11 ns ±   0.24 ns    11.76 ns …  12.36 ns  in 10 × 100000 runs
[moonbitlang/core] bench bench/hash_bench_test.mbt:41 ("bench Hash for BytesView (medium)") ok
time (mean ± σ)         range (min … max) 
 130.98 ns ±   1.75 ns   128.10 ns … 133.15 ns  in 10 × 100000 runs
[moonbitlang/core] bench bench/hash_bench_test.mbt:48 ("bench Hash for BytesView (large)") ok
time (mean ± σ)         range (min … max) 
   2.30 µs ±   5.79 ns     2.29 µs …   2.31 µs  in 10 ×  43748 runs
[moonbitlang/core] bench bench/hash_bench_test.mbt:55 ("bench Hasher::combine_bytes (small)") ok
time (mean ± σ)         range (min … max) 
  11.78 ns ±   0.22 ns    11.45 ns …  12.00 ns  in 10 × 100000 runs
[moonbitlang/core] bench bench/hash_bench_test.mbt:65 ("bench Hasher::combine_bytes (medium)") ok
time (mean ± σ)         range (min … max) 
 118.96 ns ±   1.28 ns   115.95 ns … 120.17 ns  in 10 × 100000 runs
[moonbitlang/core] bench bench/hash_bench_test.mbt:75 ("bench Hasher::combine_bytes (large)") ok
time (mean ± σ)         range (min … max) 
   2.03 µs ±   4.95 ns     2.03 µs …   2.05 µs  in 10 ×  49719 runs
[moonbitlang/core] bench bigint/to_string_radix_bench_test.mbt:23 ("bench bigint to_string radix=7 (4000 bits)") ok
time (mean ± σ)         range (min … max) 
  16.45 µs ±  43.34 ns    16.36 µs …  16.51 µs  in 10 ×   6039 runs
[moonbitlang/core] bench bigint/to_string_radix_bench_test.mbt:29 ("bench bigint to_string radix=36 (4000 bits)") ok
time (mean ± σ)         range (min … max) 
  14.59 µs ±  66.09 ns    14.43 µs …  14.65 µs  in 10 ×   6846 runs
[moonbitlang/core] bench bigint/to_string_radix_bench_test.mbt:35 ("bench bigint to_string radix=10 reference (4000 bits)") ok
time (mean ± σ)         range (min … max) 
  12.90 µs ±  21.63 ns    12.86 µs …  12.92 µs  in 10 ×   7670 runs
[moonbitlang/core] bench bigint/to_string_bench_test.mbt:30 ("bench BigInt::to_string n=40 digits") ok
time (mean ± σ)         range (min … max) 
  92.05 ns ±   1.66 ns    90.13 ns …  94.98 ns  in 10 × 100000 runs
[moonbitlang/core] bench bigint/to_string_bench_test.mbt:36 ("bench BigInt::to_string n=400 digits") ok
time (mean ± σ)         range (min … max) 
   2.83 µs ±   4.13 ns     2.82 µs …   2.84 µs  in 10 ×  35345 runs
[moonbitlang/core] bench bigint/to_string_bench_test.mbt:42 ("bench BigInt::to_string n=4000 digits") ok
time (mean ± σ)         range (min … max) 
  66.78 µs ± 301.67 ns    66.16 µs …  67.15 µs  in 10 ×   1495 runs
[moonbitlang/core] bench bigint/to_string_bench_test.mbt:48 ("bench BigInt::to_string n=40000 digits") ok
time (mean ± σ)         range (min … max) 
   2.41 ms ±   1.34 µs     2.41 ms …   2.41 ms  in 10 ×     42 runs
[moonbitlang/core] bench bigint/to_string_bench_test.mbt:54 ("bench BigInt::to_string n=250000 digits") ok
time (mean ± σ)         range (min … max) 
  26.12 ms ± 182.79 µs    25.93 ms …  26.34 ms  in 10 ×      4 runs
[moonbitlang/core] bench bigint/from_octets_bench_test.mbt:21 ("bench BigInt::from_octets n=64") ok
time (mean ± σ)         range (min … max) 
   1.57 µs ±   4.56 ns     1.56 µs …   1.57 µs  in 10 ×  63932 runs
[moonbitlang/core] bench bigint/from_octets_bench_test.mbt:27 ("bench BigInt::from_octets n=1024") ok
time (mean ± σ)         range (min … max) 
  24.24 µs ± 132.78 ns    24.01 µs …  24.46 µs  in 10 ×   4071 runs
[moonbitlang/core] bench bigint/division_bench_test.mbt:66 ("bench BigInt balanced division n=4000 digits") ok
time (mean ± σ)         range (min … max) 
  29.90 ns ±   2.86 ns    28.76 ns …  37.99 ns  in 10 ×   3819 runs
[moonbitlang/core] bench bigint/division_bench_test.mbt:72 ("bench BigInt balanced division n=40000 digits") ok
time (mean ± σ)         range (min … max) 
   1.50 ms ±   8.62 µs     1.49 ms …   1.51 ms  in 10 ×     67 runs
[moonbitlang/core] bench bigint/division_bench_test.mbt:78 ("bench BigInt balanced division n=250000 digits") ok
time (mean ± σ)         range (min … max) 
  17.47 ms ±  36.24 µs    17.40 ms …  17.50 ms  in 10 ×      6 runs
[moonbitlang/core] bench bigint/division_bench_test.mbt:84 ("bench BigInt unbalanced division q=65536 d=64 limbs") ok
time (mean ± σ)         range (min … max) 
   7.23 ms ±  34.64 µs     7.14 ms …   7.26 ms  in 10 ×     15 runs
[moonbitlang/core] bench bigint/division_bench_test.mbt:90 ("bench BigInt narrow division q=9 d=64 limbs") ok
time (mean ± σ)         range (min … max) 
   5.14 ns ±   0.21 ns     4.80 ns …   5.32 ns  in 10 × 100000 runs
[moonbitlang/core] bench buffer/write_bench_test.mbt:30 ("bench Buffer::write_byte n=4096") ok
time (mean ± σ)         range (min … max) 
   5.39 µs ±  15.16 ns     5.37 µs …   5.41 µs  in 10 ×  18553 runs
[moonbitlang/core] bench buffer/write_bench_test.mbt:42 ("bench Buffer::write_uint16_be n=4096") ok
time (mean ± σ)         range (min … max) 
   4.65 µs ±   5.96 ns     4.64 µs …   4.66 µs  in 10 ×  21511 runs
[moonbitlang/core] bench buffer/write_bench_test.mbt:54 ("bench Buffer::write_uint_le n=4096") ok
time (mean ± σ)         range (min … max) 
   5.57 µs ±   9.70 ns     5.55 µs …   5.58 µs  in 10 ×  17979 runs
[moonbitlang/core] bench buffer/write_bench_test.mbt:66 ("bench Buffer::write_uint64_be n=4096") ok
time (mean ± σ)         range (min … max) 
 607.04 µs ±  11.18 µs   596.66 µs … 623.41 µs  in 10 ×    161 runs
[moonbitlang/core] bench buffer/write_bench_test.mbt:78 ("bench Buffer::write_char_utf8 ASCII n=4096") ok
time (mean ± σ)         range (min … max) 
  17.11 µs ±   6.06 ns    17.10 µs …  17.12 µs  in 10 ×   5796 runs
[moonbitlang/core] bench buffer/write_bench_test.mbt:90 ("bench Buffer::write_char_utf8 non-BMP n=4096") ok
time (mean ± σ)         range (min … max) 
  21.32 µs ±  28.30 ns    21.28 µs …  21.37 µs  in 10 ×   4683 runs
[moonbitlang/core] bench buffer/write_bench_test.mbt:103 ("bench Buffer::write_char_utf16le BMP n=4096") ok
time (mean ± σ)         range (min … max) 
   4.68 µs ±   3.12 ns     4.67 µs …   4.68 µs  in 10 ×  21366 runs
[moonbitlang/core] bench buffer/write_bench_test.mbt:115 ("bench Buffer::write_string_utf16le chunks n=4096") ok
time (mean ± σ)         range (min … max) 
  98.67 µs ± 396.61 ns    97.73 µs …  99.15 µs  in 10 ×   1013 runs
[moonbitlang/core] bench buffer/write_bench_test.mbt:130 ("bench @buffer.from_array n=4096") ok
time (mean ± σ)         range (min … max) 
   4.49 µs ±  13.88 ns     4.47 µs …   4.50 µs  in 10 ×  22421 runs
[moonbitlang/core] bench builtin/view_bench_test.mbt:34 ("bench ArrayView::at Int n=100000") ok
time (mean ± σ)         range (min … max) 
  88.28 µs ±  46.87 ns    88.22 µs …  88.37 µs  in 10 ×   1133 runs
[moonbitlang/core] bench builtin/view_bench_test.mbt:47 ("bench ArrayView::get Int n=100000") ok
time (mean ± σ)         range (min … max) 
  73.52 µs ±  71.46 ns    73.37 µs …  73.59 µs  in 10 ×   1359 runs
[moonbitlang/core] bench builtin/view_bench_test.mbt:62 ("bench ArrayView::unsafe_get Int n=100000") ok
time (mean ± σ)         range (min … max) 
  58.76 µs ± 174.06 ns    58.41 µs …  58.91 µs  in 10 ×   1700 runs
[moonbitlang/core] bench builtin/view_bench_test.mbt:75 ("bench ArrayView::rev_fold Int n=100000") ok
time (mean ± σ)         range (min … max) 
  59.10 µs ± 172.11 ns    58.74 µs …  59.36 µs  in 10 ×   1694 runs
[moonbitlang/core] bench builtin/view_bench_test.mbt:82 ("bench ArrayView::rev_foldi Int n=100000") ok
time (mean ± σ)         range (min … max) 
  58.98 µs ± 162.14 ns    58.62 µs …  59.15 µs  in 10 ×   1694 runs
[moonbitlang/core] bench builtin/view_bench_test.mbt:91 ("bench ArrayView::equal Int n=100000") ok
time (mean ± σ)         range (min … max) 
 115.44 µs ±   3.10 µs   112.04 µs … 122.82 µs  in 10 ×    785 runs
[moonbitlang/core] bench builtin/view_bench_test.mbt:99 ("bench ArrayView::compare Int n=100000") ok
time (mean ± σ)         range (min … max) 
 148.55 µs ±   3.15 µs   145.55 µs … 155.53 µs  in 10 ×    634 runs
[moonbitlang/core] bench builtin/view_bench_test.mbt:107 ("bench MutArrayView::at Int n=100000") ok
time (mean ± σ)         range (min … max) 
 102.98 µs ±  63.85 ns   102.83 µs … 103.07 µs  in 10 ×    975 runs
[moonbitlang/core] bench builtin/view_bench_test.mbt:120 ("bench MutArrayView::unsafe_get Int n=100000") ok
time (mean ± σ)         range (min … max) 
  58.83 µs ±  90.73 ns    58.59 µs …  58.90 µs  in 10 ×   1710 runs
[moonbitlang/core] bench builtin/view_bench_test.mbt:133 ("bench MutArrayView::set Int n=100000") ok
time (mean ± σ)         range (min … max) 
 119.62 µs ± 342.45 ns   119.12 µs … 120.19 µs  in 10 ×    835 runs
[moonbitlang/core] bench builtin/view_bench_test.mbt:145 ("bench MutArrayView::unsafe_set Int n=100000") ok
time (mean ± σ)         range (min … max) 
  58.52 µs ± 340.11 ns    57.92 µs …  58.89 µs  in 10 ×   1699 runs
[moonbitlang/core] bench builtin/view_bench_test.mbt:157 ("bench BytesView::at n=100000") ok
time (mean ± σ)         range (min … max) 
  73.52 µs ±  83.44 ns    73.30 µs …  73.61 µs  in 10 ×   1360 runs
[moonbitlang/core] bench builtin/view_bench_test.mbt:170 ("bench BytesView::unsafe_get n=100000") ok
time (mean ± σ)         range (min … max) 
  43.99 µs ± 217.96 ns    43.51 µs …  44.14 µs  in 10 ×   2270 runs
[moonbitlang/core] bench builtin/stringbuilder_bench_test.mbt:28 ("bench StringBuilder::write_string chunks n=4096") ok
time (mean ± σ)         range (min … max) 
  11.69 µs ±  11.55 ns    11.67 µs …  11.71 µs  in 10 ×   8563 runs
[moonbitlang/core] bench builtin/stringbuilder_bench_test.mbt:41 ("bench StringBuilder::write_view chunks n=4096") ok
time (mean ± σ)         range (min … max) 
  17.35 µs ±  74.95 ns    17.20 µs …  17.44 µs  in 10 ×   5861 runs
[moonbitlang/core] bench builtin/stringbuilder_bench_test.mbt:54 ("bench StringBuilder::write_stringview chunks n=4096") ok
time (mean ± σ)         range (min … max) 
  17.33 µs ±  88.82 ns    17.20 µs …  17.47 µs  in 10 ×   5836 runs
[moonbitlang/core] bench builtin/stringbuilder_bench_test.mbt:67 ("bench StringBuilder::write_char ASCII n=4096") ok
time (mean ± σ)         range (min … max) 
  17.46 µs ±  69.19 ns    17.36 µs …  17.54 µs  in 10 ×   5792 runs
[moonbitlang/core] bench builtin/stringbuilder_bench_test.mbt:79 ("bench StringBuilder::write_char non-BMP n=4096") ok
time (mean ± σ)         range (min … max) 
  17.27 µs ±  40.59 ns    17.19 µs …  17.32 µs  in 10 ×   5845 runs
[moonbitlang/core] bench builtin/stringbuilder_bench_test.mbt:92 ("bench StringBuilder::reset reuse spare capacity n=4096") ok
time (mean ± σ)         range (min … max) 
  12.06 µs ±  19.03 ns    12.04 µs …  12.09 µs  in 10 ×   8299 runs
[moonbitlang/core] bench builtin/string_to_upper_bench_test.mbt:61 ("bench String::to_upper short") ok
time (mean ± σ)         range (min … max) 
 113.56 ns ±   1.08 ns   112.18 ns … 114.96 ns  in 10 × 100000 runs
[moonbitlang/core] bench builtin/string_to_upper_bench_test.mbt:66 ("bench String::to_upper long") ok
time (mean ± σ)         range (min … max) 
   5.88 µs ±  10.23 ns     5.86 µs …   5.89 µs  in 10 ×  17016 runs
[moonbitlang/core] bench builtin/string_to_upper_bench_test.mbt:71 ("bench String::to_upper sparse") ok
time (mean ± σ)         range (min … max) 
   4.45 µs ±  19.25 ns     4.41 µs …   4.47 µs  in 10 ×  22610 runs
[moonbitlang/core] bench builtin/string_to_upper_bench_test.mbt:76 ("bench String::to_upper late-lowercase") ok
time (mean ± σ)         range (min … max) 
   1.04 µs ±   6.72 ns     1.04 µs …   1.06 µs  in 10 ×  96098 runs
[moonbitlang/core] bench builtin/string_to_upper_bench_test.mbt:81 ("bench String::to_upper one-unit runs") ok
time (mean ± σ)         range (min … max) 
   4.56 µs ±   4.89 ns     4.56 µs …   4.57 µs  in 10 ×  22048 runs
[moonbitlang/core] bench builtin/string_to_upper_bench_test.mbt:86 ("bench String::to_upper all-lowercase") ok
time (mean ± σ)         range (min … max) 
   5.15 µs ±   5.05 ns     5.15 µs …   5.16 µs  in 10 ×  19481 runs
[moonbitlang/core] bench builtin/string_to_upper_bench_test.mbt:91 ("bench String::to_upper no-change short") ok
time (mean ± σ)         range (min … max) 
  21.80 ns ±   0.63 ns    20.61 ns …  22.67 ns  in 10 × 100000 runs
[moonbitlang/core] bench builtin/string_to_upper_bench_test.mbt:96 ("bench String::to_upper no-change long") ok
time (mean ± σ)         range (min … max) 
   1.69 µs ±  25.88 ns     1.65 µs …   1.74 µs  in 10 ×  57564 runs
[moonbitlang/core] bench builtin/string_to_upper_bench_test.mbt:101 ("bench StringView::to_upper short") ok
time (mean ± σ)         range (min … max) 
 117.46 ns ±   0.59 ns   116.37 ns … 118.30 ns  in 10 × 100000 runs
[moonbitlang/core] bench builtin/string_to_upper_bench_test.mbt:106 ("bench StringView::to_upper long") ok
time (mean ± σ)         range (min … max) 
   5.96 µs ±  24.68 ns     5.92 µs …   5.98 µs  in 10 ×  16765 runs
[moonbitlang/core] bench builtin/string_to_upper_bench_test.mbt:111 ("bench StringView::to_upper no-change long") ok
time (mean ± σ)         range (min … max) 
   1.92 µs ±  17.71 ns     1.89 µs …   1.96 µs  in 10 ×  51132 runs
[moonbitlang/core] bench builtin/string_to_lower_bench_test.mbt:61 ("bench String::to_lower short") ok
time (mean ± σ)         range (min … max) 
 115.46 ns ±   0.71 ns   114.29 ns … 116.55 ns  in 10 × 100000 runs
[moonbitlang/core] bench builtin/string_to_lower_bench_test.mbt:66 ("bench String::to_lower long") ok
time (mean ± σ)         range (min … max) 
   6.15 µs ±   8.72 ns     6.13 µs …   6.16 µs  in 10 ×  16270 runs
[moonbitlang/core] bench builtin/string_to_lower_bench_test.mbt:71 ("bench String::to_lower sparse") ok
time (mean ± σ)         range (min … max) 
   5.42 µs ±   7.36 ns     5.40 µs …   5.43 µs  in 10 ×  18496 runs
[moonbitlang/core] bench builtin/string_to_lower_bench_test.mbt:76 ("bench String::to_lower late-uppercase") ok
time (mean ± σ)         range (min … max) 
   1.05 µs ±   6.75 ns     1.04 µs …   1.06 µs  in 10 ×  94812 runs
[moonbitlang/core] bench builtin/string_to_lower_bench_test.mbt:81 ("bench String::to_lower one-unit runs") ok
time (mean ± σ)         range (min … max) 
   4.56 µs ±   9.57 ns     4.54 µs …   4.57 µs  in 10 ×  22023 runs
[moonbitlang/core] bench builtin/string_to_lower_bench_test.mbt:86 ("bench String::to_lower all-uppercase") ok
time (mean ± σ)         range (min … max) 
   4.35 µs ±   3.45 ns     4.34 µs …   4.35 µs  in 10 ×  23138 runs
[moonbitlang/core] bench builtin/string_to_lower_bench_test.mbt:91 ("bench String::to_lower no-change short") ok
time (mean ± σ)         range (min … max) 
  22.08 ns ±   0.92 ns    20.45 ns …  23.15 ns  in 10 × 100000 runs
[moonbitlang/core] bench builtin/string_to_lower_bench_test.mbt:96 ("bench String::to_lower no-change long") ok
time (mean ± σ)         range (min … max) 
   1.82 µs ±  10.21 ns     1.81 µs …   1.85 µs  in 10 ×  54414 runs
[moonbitlang/core] bench builtin/string_to_lower_bench_test.mbt:101 ("bench StringView::to_lower short") ok
time (mean ± σ)         range (min … max) 
 115.27 ns ±   0.60 ns   114.24 ns … 115.95 ns  in 10 × 100000 runs
[moonbitlang/core] bench builtin/string_to_lower_bench_test.mbt:106 ("bench StringView::to_lower long") ok
time (mean ± σ)         range (min … max) 
   5.97 µs ±   3.05 ns     5.96 µs …   5.97 µs  in 10 ×  16771 runs
[moonbitlang/core] bench builtin/string_to_lower_bench_test.mbt:111 ("bench StringView::to_lower no-change long") ok
time (mean ± σ)         range (min … max) 
   2.06 µs ±  12.71 ns     2.05 µs …   2.09 µs  in 10 ×  48268 runs
[moonbitlang/core] bench builtin/string_to_array_bench_test.mbt:24 ("bench String::to_array ASCII 51 chars") ok
time (mean ± σ)         range (min … max) 
 171.45 ns ±   2.21 ns   168.46 ns … 174.15 ns  in 10 × 100000 runs
[moonbitlang/core] bench builtin/string_to_array_bench_test.mbt:29 ("bench String::to_array mixed 1KB") ok
time (mean ± σ)         range (min … max) 
   3.59 µs ±   3.53 ns     3.58 µs …   3.59 µs  in 10 ×  27945 runs
[moonbitlang/core] bench builtin/string_to_array_bench_test.mbt:34 ("bench StringView::to_array mixed 1KB") ok
time (mean ± σ)         range (min … max) 
   3.58 µs ±   9.24 ns     3.56 µs …   3.59 µs  in 10 ×  27949 runs
[moonbitlang/core] bench builtin/string_methods_bench_test.mbt:36 ("bench StringView::has_prefix match n=100000 needle=128") ok
time (mean ± σ)         range (min … max) 
 568.05 ns ±   3.87 ns   559.97 ns … 573.02 ns  in 10 × 100000 runs
[moonbitlang/core] bench builtin/string_methods_bench_test.mbt:45 ("bench StringView::has_prefix mismatch n=100000 needle=128") ok
time (mean ± σ)         range (min … max) 
   7.45 ns ±   0.40 ns     7.12 ns …   8.00 ns  in 10 × 100000 runs
[moonbitlang/core] bench builtin/string_methods_bench_test.mbt:54 ("bench StringView::has_suffix match n=100000 needle=128") ok
time (mean ± σ)         range (min … max) 
 572.55 ns ±   1.21 ns   569.79 ns … 574.06 ns  in 10 × 100000 runs
[moonbitlang/core] bench builtin/string_methods_bench_test.mbt:63 ("bench StringView::has_suffix mismatch n=100000 needle=128") ok
time (mean ± σ)         range (min … max) 
   7.75 ns ±   0.41 ns     7.42 ns …   8.29 ns  in 10 × 100000 runs
[moonbitlang/core] bench builtin/string_find_code_unit_bench_test.mbt:16 ("bench find one code unit absent n=4") ok
time (mean ± σ)         range (min … max) 
  11.00 ns ±   0.40 ns    10.65 ns …  11.52 ns  in 10 × 100000 runs
[moonbitlang/core] bench builtin/string_find_code_unit_bench_test.mbt:22 ("bench find one code unit absent n=8") ok
time (mean ± σ)         range (min … max) 
  14.34 ns ±   0.65 ns    13.47 ns …  15.29 ns  in 10 × 100000 runs
[moonbitlang/core] bench builtin/string_find_code_unit_bench_test.mbt:28 ("bench find one code unit present@0 n=8") ok
time (mean ± σ)         range (min … max) 
   6.31 ns ±   0.36 ns     5.99 ns …   6.76 ns  in 10 × 100000 runs
[moonbitlang/core] bench builtin/string_find_code_unit_bench_test.mbt:34 ("bench find one code unit absent n=64") ok
time (mean ± σ)         range (min … max) 
  83.66 ns ±   2.08 ns    79.06 ns …  85.65 ns  in 10 × 100000 runs
[moonbitlang/core] bench builtin/string_find_code_unit_bench_test.mbt:40 ("bench find one code unit absent n=256") ok
time (mean ± σ)         range (min … max) 
 310.33 ns ±   1.54 ns   306.28 ns … 311.43 ns  in 10 × 100000 runs
[moonbitlang/core] bench builtin/string_find_code_unit_bench_test.mbt:46 ("bench find one code unit present@end n=256") ok
time (mean ± σ)         range (min … max) 
 310.91 ns ±   3.38 ns   304.45 ns … 314.28 ns  in 10 × 100000 runs
[moonbitlang/core] bench builtin/string_find_code_unit_bench_test.mbt:52 ("bench rev_find one code unit absent n=256") ok
time (mean ± σ)         range (min … max) 
 312.00 ns ±   0.57 ns   311.46 ns … 313.05 ns  in 10 × 100000 runs
[moonbitlang/core] bench builtin/string_find_code_unit_bench_test.mbt:58 ("bench rev_find one code unit present@start n=256") ok
time (mean ± σ)         range (min … max) 
 313.04 ns ±   2.74 ns   306.90 ns … 316.81 ns  in 10 × 100000 runs
[moonbitlang/core] bench builtin/string_find_code_unit_bench_test.mbt:64 ("bench rev_find one code unit present@end n=8") ok
time (mean ± σ)         range (min … max) 
   6.28 ns ±   0.35 ns     5.99 ns …   6.73 ns  in 10 × 100000 runs
[moonbitlang/core] bench builtin/string_find_code_unit_bench_test.mbt:70 ("bench StringView find one code unit absent n=256") ok
time (mean ± σ)         range (min … max) 
 309.86 ns ±   1.65 ns   306.72 ns … 311.42 ns  in 10 × 100000 runs
[moonbitlang/core] bench builtin/string_find_code_unit_bench_test.mbt:77 ("bench StringView rev_find one code unit absent n=256") ok
time (mean ± σ)         range (min … max) 
 309.68 ns ±   2.43 ns   305.00 ns … 312.02 ns  in 10 × 100000 runs
[moonbitlang/core] bench builtin/string_find_code_unit_bench_test.mbt:84 ("bench find two anchors absent n=256") ok
time (mean ± σ)         range (min … max) 
 536.75 ns ±   1.96 ns   531.31 ns … 538.04 ns  in 10 × 100000 runs
[moonbitlang/core] bench builtin/string_find_code_unit_bench_test.mbt:90 ("bench find two anchors present@end n=256") ok
time (mean ± σ)         range (min … max) 
 535.52 ns ±   3.89 ns   528.40 ns … 538.73 ns  in 10 × 100000 runs
[moonbitlang/core] bench builtin/string_find_code_unit_bench_test.mbt:96 ("bench find two anchors dense false positives n=256") ok
time (mean ± σ)         range (min … max) 
   1.28 µs ±   0.57 ns     1.28 µs …   1.28 µs  in 10 ×  78167 runs
[moonbitlang/core] bench builtin/string_find_code_unit_bench_test.mbt:102 ("bench find two anchors long absent n=256") ok
time (mean ± σ)         range (min … max) 
 295.50 ns ±   0.77 ns   293.89 ns … 296.49 ns  in 10 × 100000 runs
[moonbitlang/core] bench builtin/string_find_code_unit_bench_test.mbt:108 ("bench rev_find two anchors absent n=256") ok
time (mean ± σ)         range (min … max) 
 311.69 ns ±   1.91 ns   308.47 ns … 313.65 ns  in 10 × 100000 runs
[moonbitlang/core] bench builtin/string_find_code_unit_bench_test.mbt:114 ("bench rev_find two anchors present@start n=256") ok
time (mean ± σ)         range (min … max) 
 377.37 ns ±   2.09 ns   372.14 ns … 379.60 ns  in 10 × 100000 runs
[moonbitlang/core] bench builtin/string_find_code_unit_bench_test.mbt:120 ("bench rev_find two anchors dense false positives n=256") ok
time (mean ± σ)         range (min … max) 
   1.42 µs ±   1.91 ns     1.42 µs …   1.43 µs  in 10 ×  70138 runs
[moonbitlang/core] bench builtin/string_find_code_unit_bench_test.mbt:126 ("bench StringView find two anchors absent n=256") ok
time (mean ± σ)         range (min … max) 
 536.86 ns ±   2.47 ns   531.18 ns … 538.58 ns  in 10 × 100000 runs
[moonbitlang/core] bench builtin/string_find_adversary_bench_test.mbt:26 ("bench find adversary m=64 n=4096") ok
time (mean ± σ)         range (min … max) 
  30.83 µs ±   9.31 µs    24.87 µs …  46.20 µs  in 10 ×   2164 runs
[moonbitlang/core] bench builtin/string_find_adversary_bench_test.mbt:33 ("bench rev_find adversary m=64 n=4096") ok
time (mean ± σ)         range (min … max) 
  32.53 µs ±   9.87 µs    26.09 µs …  48.11 µs  in 10 ×   2078 runs
[moonbitlang/core] bench builtin/string_find_adversary_bench_test.mbt:40 ("bench find adversary m=512 n=65536") ok
time (mean ± σ)         range (min … max) 
 752.10 µs ±  32.51 µs   717.50 µs … 791.33 µs  in 10 ×    127 runs
[moonbitlang/core] bench builtin/string_find_adversary_bench_test.mbt:47 ("bench find dense miss fast path n=4096") ok
time (mean ± σ)         range (min … max) 
  17.67 µs ±  97.55 ns    17.44 µs …  17.81 µs  in 10 ×   5675 runs
[moonbitlang/core] bench builtin/string_find_adversary_bench_test.mbt:53 ("bench find rare hit end fast path n=4096") ok
time (mean ± σ)         range (min … max) 
  10.38 µs ±  27.19 ns    10.35 µs …  10.44 µs  in 10 ×   9571 runs
[moonbitlang/core] bench builtin/string_escape_bench_test.mbt:61 ("bench String::escape short plain") ok
time (mean ± σ)         range (min … max) 
  50.49 ns ±   0.54 ns    49.23 ns …  51.01 ns  in 10 × 100000 runs
[moonbitlang/core] bench builtin/string_escape_bench_test.mbt:66 ("bench String::escape short escaped") ok
time (mean ± σ)         range (min … max) 
 129.50 ns ±   0.77 ns   128.05 ns … 130.43 ns  in 10 × 100000 runs
[moonbitlang/core] bench builtin/string_escape_bench_test.mbt:71 ("bench String::escape threshold plain") ok
time (mean ± σ)         range (min … max) 
  57.63 ns ±   0.77 ns    56.20 ns …  58.34 ns  in 10 × 100000 runs
[moonbitlang/core] bench builtin/string_escape_bench_test.mbt:76 ("bench String::escape prose") ok
time (mean ± σ)         range (min … max) 
 277.38 ns ±   1.68 ns   274.66 ns … 279.47 ns  in 10 × 100000 runs
[moonbitlang/core] bench builtin/string_escape_bench_test.mbt:81 ("bench String::escape escape-first") ok
time (mean ± σ)         range (min … max) 
 369.87 ns ±   1.91 ns   365.49 ns … 371.59 ns  in 10 × 100000 runs
[moonbitlang/core] bench builtin/string_escape_bench_test.mbt:86 ("bench String::escape long plain") ok
time (mean ± σ)         range (min … max) 
  12.07 µs ±  90.43 ns    11.93 µs …  12.28 µs  in 10 ×   8243 runs
[moonbitlang/core] bench builtin/string_escape_bench_test.mbt:91 ("bench String::escape long dense") ok
time (mean ± σ)         range (min … max) 
  44.18 µs ±  94.43 ns    44.00 µs …  44.31 µs  in 10 ×   2276 runs
[moonbitlang/core] bench builtin/string_escape_bench_test.mbt:96 ("bench String::escape long all-escaped") ok
time (mean ± σ)         range (min … max) 
  27.28 µs ± 110.97 ns    27.10 µs …  27.39 µs  in 10 ×   3697 runs
[moonbitlang/core] bench builtin/string_escape_bench_test.mbt:101 ("bench String::escape long unicode") ok
time (mean ± σ)         range (min … max) 
  13.68 µs ± 161.10 ns    13.59 µs …  14.03 µs  in 10 ×   7341 runs
[moonbitlang/core] bench builtin/string_escape_bench_test.mbt:106 ("bench StringView::escape long plain view") ok
time (mean ± σ)         range (min … max) 
  11.76 µs ± 103.84 ns    11.62 µs …  11.91 µs  in 10 ×   8408 runs
[moonbitlang/core] bench builtin/string_escape_bench_test.mbt:112 ("bench debug to_string short plain") ok
time (mean ± σ)         range (min … max) 
  89.56 ns ±   0.54 ns    88.79 ns …  90.29 ns  in 10 × 100000 runs
[moonbitlang/core] bench builtin/string_escape_bench_test.mbt:117 ("bench debug to_string prose") ok
time (mean ± σ)         range (min … max) 
 316.95 ns ±   1.71 ns   314.54 ns … 319.04 ns  in 10 × 100000 runs
[moonbitlang/core] bench builtin/string_escape_bench_test.mbt:122 ("bench debug to_string long plain") ok
time (mean ± σ)         range (min … max) 
  12.15 µs ±  58.18 ns    12.11 µs …  12.31 µs  in 10 ×   8002 runs
[moonbitlang/core] bench builtin/string_equal_bench_test.mbt:28 ("bench StringView::equal n=100000 equal") ok
time (mean ± σ)         range (min … max) 
   3.42 µs ±  23.01 ns     3.41 µs …   3.49 µs  in 10 ×  28722 runs
[moonbitlang/core] bench builtin/string_equal_bench_test.mbt:35 ("bench StringView::equal n=100000 mismatch at end") ok
time (mean ± σ)         range (min … max) 
 428.30 µs ±   6.00 µs   422.02 µs … 435.49 µs  in 10 ×    230 runs
[moonbitlang/core] bench builtin/string_equal_bench_test.mbt:44 ("bench StringView::equal_to_string n=100000 equal") ok
time (mean ± σ)         range (min … max) 
   3.44 µs ±  24.21 ns     3.41 µs …   3.50 µs  in 10 ×  28621 runs
[moonbitlang/core] bench builtin/string_char_set_bench_test.mbt:43 ("bench StringView::contains_any ASCII miss n=100000") ok
time (mean ± σ)         range (min … max) 
 320.29 µs ±   2.83 µs   313.71 µs … 322.35 µs  in 10 ×    311 runs
[moonbitlang/core] bench builtin/string_char_set_bench_test.mbt:54 ("bench StringView::contains_any ASCII match at end n=100000") ok
time (mean ± σ)         range (min … max) 
 317.24 µs ±   1.70 µs   314.05 µs … 318.72 µs  in 10 ×    318 runs
[moonbitlang/core] bench builtin/string_char_set_bench_test.mbt:67 ("bench StringView::trim_start ASCII n=100000") ok
time (mean ± σ)         range (min … max) 
 318.96 µs ±   3.59 µs   312.83 µs … 323.21 µs  in 10 ×    310 runs
[moonbitlang/core] bench builtin/string_char_set_bench_test.mbt:74 ("bench StringView::trim_end ASCII n=100000") ok
time (mean ± σ)         range (min … max) 
 319.16 µs ±   2.34 µs   315.17 µs … 322.94 µs  in 10 ×    309 runs
[moonbitlang/core] bench builtin/string_char_set_bench_test.mbt:79 ("bench StringView::trim ASCII n=100000") ok
time (mean ± σ)         range (min … max) 
 647.18 µs ± 158.36 ns   646.96 µs … 647.46 µs  in 10 ×    155 runs
[moonbitlang/core] bench builtin/string_char_set_bench_test.mbt:96 ("bench StringView::trim short inputs") ok
time (mean ± σ)         range (min … max) 
 144.04 ns ±   2.52 ns   140.34 ns … 147.27 ns  in 10 × 100000 runs
[moonbitlang/core] bench builtin/string_char_set_bench_test.mbt:107 ("bench StringView::contains_any short inputs") ok
time (mean ± σ)         range (min … max) 
 117.50 ns ±   0.62 ns   116.11 ns … 118.36 ns  in 10 × 100000 runs
[moonbitlang/core] bench builtin/string_char_length_bench_test.mbt:51 ("bench char_length ascii 8") ok
time (mean ± σ)         range (min … max) 
  13.69 ns ±   0.54 ns    12.77 ns …  14.38 ns  in 10 × 100000 runs
[moonbitlang/core] bench builtin/string_char_length_bench_test.mbt:56 ("bench char_length ascii 16") ok
time (mean ± σ)         range (min … max) 
  23.30 ns ±   0.43 ns    22.97 ns …  23.97 ns  in 10 × 100000 runs
[moonbitlang/core] bench builtin/string_char_length_bench_test.mbt:61 ("bench char_length ascii 100") ok
time (mean ± σ)         range (min … max) 
 208.02 ns ±   1.83 ns   203.48 ns … 209.70 ns  in 10 × 100000 runs
[moonbitlang/core] bench builtin/string_char_length_bench_test.mbt:66 ("bench char_length ascii 4k") ok
time (mean ± σ)         range (min … max) 
   9.56 µs ±  48.20 ns     9.49 µs …   9.64 µs  in 10 ×  10374 runs
[moonbitlang/core] bench builtin/string_char_length_bench_test.mbt:71 ("bench char_length ascii 64k") ok
time (mean ± σ)         range (min … max) 
 164.70 µs ±   8.63 µs   152.18 µs … 171.37 µs  in 10 ×    576 runs
[moonbitlang/core] bench builtin/string_char_length_bench_test.mbt:76 ("bench char_length cjk 4k") ok
time (mean ± σ)         range (min … max) 
   9.54 µs ±  32.45 ns     9.49 µs …   9.59 µs  in 10 ×  10478 runs
[moonbitlang/core] bench builtin/string_char_length_bench_test.mbt:81 ("bench char_length emoji 4k") ok
time (mean ± σ)         range (min … max) 
   8.94 µs ± 140.13 ns     8.71 µs …   9.06 µs  in 10 ×  11112 runs
[moonbitlang/core] bench builtin/string_char_length_bench_test.mbt:86 ("bench char_length mixed 4k") ok
time (mean ± σ)         range (min … max) 
  11.33 µs ±  13.22 ns    11.31 µs …  11.35 µs  in 10 ×   8855 runs
[moonbitlang/core] bench builtin/string_char_length_bench_test.mbt:91 ("bench StringView::char_length ascii 4k unaligned") ok
time (mean ± σ)         range (min … max) 
   9.58 µs ±  63.65 ns     9.50 µs …   9.69 µs  in 10 ×  10499 runs
[moonbitlang/core] bench builtin/string_char_length_bench_test.mbt:97 ("bench char_length_eq ascii 16") ok
time (mean ± σ)         range (min … max) 
  23.32 ns ±   1.02 ns    21.84 ns …  24.46 ns  in 10 × 100000 runs
[moonbitlang/core] bench builtin/string_char_length_bench_test.mbt:102 ("bench char_length_eq ascii 4k") ok
time (mean ± σ)         range (min … max) 
   9.60 µs ±  63.77 ns     9.47 µs …   9.67 µs  in 10 ×  10364 runs
[moonbitlang/core] bench builtin/string_char_length_bench_test.mbt:107 ("bench char_length_eq emoji 4k") ok
time (mean ± σ)         range (min … max) 
   8.93 µs ± 231.36 ns     8.30 µs …   9.06 µs  in 10 ×  11056 runs
[moonbitlang/core] bench builtin/string_char_length_bench_test.mbt:112 ("bench char_length_eq mixed 4k") ok
time (mean ± σ)         range (min … max) 
  11.37 µs ±  17.39 ns    11.34 µs …  11.39 µs  in 10 ×   8765 runs
[moonbitlang/core] bench builtin/string_char_length_bench_test.mbt:119 ("bench char_length_ge ascii 4k len 3") ok
time (mean ± σ)         range (min … max) 
  11.52 ns ±   0.61 ns    10.60 ns …  12.28 ns  in 10 × 100000 runs
[moonbitlang/core] bench builtin/string_char_length_bench_test.mbt:124 ("bench char_length_ge ascii 4k len 2000") ok
time (mean ± σ)         range (min … max) 
   4.74 µs ±  67.78 ns     4.66 µs …   4.87 µs  in 10 ×  21196 runs
[moonbitlang/core] bench builtin/string_char_length_bench_test.mbt:129 ("bench char_length_ge cjk 4k len 4096") ok
time (mean ± σ)         range (min … max) 
   9.63 µs ±  43.06 ns     9.55 µs …   9.65 µs  in 10 ×  10366 runs
[moonbitlang/core] bench builtin/string_char_length_bench_test.mbt:134 ("bench char_length_ge emoji 4k len 2048") ok
time (mean ± σ)         range (min … max) 
   8.89 µs ± 233.50 ns     8.27 µs …   9.06 µs  in 10 ×  11288 runs
[moonbitlang/core] bench builtin/sort_bench_test.mbt:21 ("bench Array::sort n=1000") ok
time (mean ± σ)         range (min … max) 
  21.87 µs ± 990.76 ns    20.98 µs …  23.19 µs  in 10 ×   4030 runs
[moonbitlang/core] bench builtin/sort_bench_test.mbt:31 ("bench Array::sort n=100000") ok
time (mean ± σ)         range (min … max) 
   6.68 ms ± 169.28 µs     6.55 ms …   7.14 ms  in 10 ×     16 runs
[moonbitlang/core] bench builtin/sort_bench_test.mbt:41 ("bench Array::sort_by n=10000") ok
time (mean ± σ)         range (min … max) 
 535.50 µs ± 712.83 ns   534.41 µs … 536.40 µs  in 10 ×    188 runs
[moonbitlang/core] bench builtin/range_equal_bench_test.mbt:56 ("bench range_equal StringView== n=4 equal") ok
time (mean ± σ)         range (min … max) 
   6.92 ns ±   0.44 ns     6.31 ns …   7.52 ns  in 10 × 100000 runs
[moonbitlang/core] bench builtin/range_equal_bench_test.mbt:61 ("bench range_equal StringView== n=8 equal") ok
time (mean ± σ)         range (min … max) 
   7.26 ns ±   0.35 ns     6.97 ns …   7.71 ns  in 10 × 100000 runs
[moonbitlang/core] bench builtin/range_equal_bench_test.mbt:66 ("bench range_equal StringView== n=8 mismatch at end") ok
time (mean ± σ)         range (min … max) 
  23.11 ns ±   0.45 ns    22.69 ns …  23.71 ns  in 10 × 100000 runs
[moonbitlang/core] bench builtin/range_equal_bench_test.mbt:71 ("bench range_equal StringView== n=16 equal") ok
time (mean ± σ)         range (min … max) 
   7.44 ns ±   0.40 ns     7.12 ns …   7.98 ns  in 10 × 100000 runs
[moonbitlang/core] bench builtin/range_equal_bench_test.mbt:76 ("bench range_equal StringView== n=16 mismatch at end") ok
time (mean ± σ)         range (min … max) 
  38.34 ns ±   1.50 ns    36.34 ns …  40.45 ns  in 10 × 100000 runs
[moonbitlang/core] bench builtin/range_equal_bench_test.mbt:81 ("bench range_equal StringView== n=15 equal") ok
time (mean ± σ)         range (min … max) 
   7.41 ns ±   0.34 ns     7.12 ns …   7.84 ns  in 10 × 100000 runs
[moonbitlang/core] bench builtin/range_equal_bench_test.mbt:86 ("bench range_equal StringView== n=64 equal") ok
time (mean ± σ)         range (min … max) 
   8.86 ns ±   0.38 ns     8.52 ns …   9.32 ns  in 10 × 100000 runs
[moonbitlang/core] bench builtin/range_equal_bench_test.mbt:91 ("bench range_equal StringView== n=64 mismatch at end") ok
time (mean ± σ)         range (min … max) 
 145.25 ns ±   0.51 ns   144.49 ns … 145.84 ns  in 10 × 100000 runs
[moonbitlang/core] bench builtin/range_equal_bench_test.mbt:96 ("bench range_equal StringView== n=1024 equal") ok
time (mean ± σ)         range (min … max) 
  35.26 ns ±   0.44 ns    34.86 ns …  35.84 ns  in 10 × 100000 runs
[moonbitlang/core] bench builtin/range_equal_bench_test.mbt:101 ("bench range_equal StringView== n=1024 mismatch at end") ok
time (mean ± σ)         range (min … max) 
   2.89 µs ±   1.06 µs     2.08 µs …   4.39 µs  in 10 ×  22718 runs
[moonbitlang/core] bench builtin/range_equal_bench_test.mbt:106 ("bench range_equal StringView== n=1024 mismatch at 0") ok
time (mean ± σ)         range (min … max) 
   8.40 ns ±   0.39 ns     8.09 ns …   8.88 ns  in 10 × 100000 runs
[moonbitlang/core] bench builtin/range_equal_bench_test.mbt:111 ("bench range_equal StringView== n=65536 equal") ok
time (mean ± σ)         range (min … max) 
   1.88 µs ±  14.28 ns     1.87 µs …   1.92 µs  in 10 ×  51957 runs
[moonbitlang/core] bench builtin/range_equal_bench_test.mbt:116 ("bench range_equal StringView== n=65536 mismatch at end") ok
time (mean ± σ)         range (min … max) 
 282.98 µs ±   2.40 µs   278.07 µs … 284.79 µs  in 10 ×    352 runs
[moonbitlang/core] bench builtin/range_equal_bench_test.mbt:121 ("bench range_equal BytesView== n=4 equal") ok
time (mean ± σ)         range (min … max) 
   7.96 ns ±   0.41 ns     7.64 ns …   8.56 ns  in 10 × 100000 runs
[moonbitlang/core] bench builtin/range_equal_bench_test.mbt:126 ("bench range_equal BytesView== n=8 equal") ok
time (mean ± σ)         range (min … max) 
  10.94 ns ±   0.44 ns    10.28 ns …  11.45 ns  in 10 × 100000 runs
[moonbitlang/core] bench builtin/range_equal_bench_test.mbt:131 ("bench range_equal BytesView== n=8 mismatch at end") ok
time (mean ± σ)         range (min … max) 
  10.13 ns ±   0.40 ns     9.79 ns …  10.67 ns  in 10 × 100000 runs
[moonbitlang/core] bench builtin/range_equal_bench_test.mbt:136 ("bench range_equal BytesView== n=16 equal") ok
time (mean ± σ)         range (min … max) 
  15.22 ns ±   0.50 ns    14.55 ns …  15.92 ns  in 10 × 100000 runs
[moonbitlang/core] bench builtin/range_equal_bench_test.mbt:141 ("bench range_equal BytesView== n=16 mismatch at end") ok
time (mean ± σ)         range (min … max) 
  15.16 ns ±   0.43 ns    14.58 ns …  15.71 ns  in 10 × 100000 runs
[moonbitlang/core] bench builtin/range_equal_bench_test.mbt:146 ("bench range_equal BytesView== n=31 equal") ok
time (mean ± σ)         range (min … max) 
  26.10 ns ±   0.52 ns    25.24 ns …  26.84 ns  in 10 × 100000 runs
[moonbitlang/core] bench builtin/range_equal_bench_test.mbt:151 ("bench range_equal BytesView== n=64 equal") ok
time (mean ± σ)         range (min … max) 
  40.60 ns ±   0.95 ns    38.59 ns …  41.60 ns  in 10 × 100000 runs
[moonbitlang/core] bench builtin/range_equal_bench_test.mbt:156 ("bench range_equal BytesView== n=64 mismatch at end") ok
time (mean ± σ)         range (min … max) 
  39.91 ns ±   0.99 ns    38.01 ns …  41.23 ns  in 10 × 100000 runs
[moonbitlang/core] bench builtin/range_equal_bench_test.mbt:161 ("bench range_equal BytesView== n=1024 equal") ok
time (mean ± σ)         range (min … max) 
 611.03 ns ±   0.71 ns   609.98 ns … 612.03 ns  in 10 × 100000 runs
[moonbitlang/core] bench builtin/range_equal_bench_test.mbt:166 ("bench range_equal BytesView== n=1024 mismatch at end") ok
time (mean ± σ)         range (min … max) 
 611.99 ns ±   0.46 ns   611.28 ns … 612.65 ns  in 10 × 100000 runs
[moonbitlang/core] bench builtin/range_equal_bench_test.mbt:171 ("bench range_equal BytesView== n=1024 mismatch at 0") ok
time (mean ± σ)         range (min … max) 
   5.20 ns ±   0.35 ns     4.86 ns …   5.56 ns  in 10 × 100000 runs
[moonbitlang/core] bench builtin/range_equal_bench_test.mbt:176 ("bench range_equal BytesView== n=65536 equal") ok
time (mean ± σ)         range (min … max) 
  38.46 µs ± 207.62 ns    37.95 µs …  38.57 µs  in 10 ×   2593 runs
[moonbitlang/core] bench builtin/range_equal_bench_test.mbt:181 ("bench range_equal BytesView== n=65536 mismatch at end") ok
time (mean ± σ)         range (min … max) 
  38.01 µs ±  63.31 ns    37.95 µs …  38.16 µs  in 10 ×   2595 runs
[moonbitlang/core] bench builtin/range_equal_bench_test.mbt:186 ("bench range_equal StringView::has_prefix prefix=32 hit") ok
time (mean ± σ)         range (min … max) 
 101.42 ns ±   0.95 ns    99.18 ns … 102.23 ns  in 10 × 100000 runs
[moonbitlang/core] bench builtin/range_equal_bench_test.mbt:193 ("bench range_equal StringView::has_prefix prefix=32 miss at end") ok
time (mean ± σ)         range (min … max) 
 100.25 ns ±   2.05 ns    96.44 ns … 102.71 ns  in 10 × 100000 runs
[moonbitlang/core] bench builtin/linked_hash_map_bench_test.mbt:19 ("bench Map::set n=50000") ok
time (mean ± σ)         range (min … max) 
   3.31 ms ± 284.22 µs     2.99 ms …   3.75 ms  in 10 ×     32 runs
[moonbitlang/core] bench builtin/linked_hash_map_bench_test.mbt:30 ("bench Map::get n=50000") ok
time (mean ± σ)         range (min … max) 
 960.91 µs ±   5.44 µs   957.51 µs … 976.06 µs  in 10 ×     98 runs
[moonbitlang/core] bench builtin/linked_hash_map_bench_test.mbt:47 ("bench Map::get miss n=50000") ok
time (mean ± σ)         range (min … max) 
   1.11 ms ±   3.11 µs     1.11 ms …   1.12 ms  in 10 ×     90 runs
[moonbitlang/core] bench builtin/linked_hash_map_bench_test.mbt:67 ("bench Map::set+remove n=50000") ok
time (mean ± σ)         range (min … max) 
   4.70 ms ± 143.53 µs     4.60 ms …   5.09 ms  in 10 ×     20 runs
[moonbitlang/core] bench builtin/linked_hash_map_bench_test.mbt:83 ("bench Map::each n=50000") ok
time (mean ± σ)         range (min … max) 
  68.58 µs ±  73.21 ns    68.42 µs …  68.65 µs  in 10 ×   1458 runs
[moonbitlang/core] bench builtin/linked_hash_map_bench_test.mbt:101 ("bench Map::filter n=50000") ok
time (mean ± σ)         range (min … max) 
   1.05 ms ±  62.48 µs     1.00 ms …   1.17 ms  in 10 ×    100 runs
[moonbitlang/core] bench builtin/linked_hash_map_bench_test.mbt:107 ("bench Map comprehension filter n=50000") ok
time (mean ± σ)         range (min … max) 
   3.25 ms ±  12.90 µs     3.23 ms …   3.27 ms  in 10 ×     26 runs
[moonbitlang/core] bench builtin/lexical_compare_bench_test.mbt:42 ("bench lexical_compare equal n=256") ok
time (mean ± σ)         range (min … max) 
 210.96 ns ±   0.87 ns   209.53 ns … 212.37 ns  in 10 × 100000 runs
[moonbitlang/core] bench builtin/lexical_compare_bench_test.mbt:47 ("bench lexical_compare common-prefix n=256") ok
time (mean ± σ)         range (min … max) 
 200.39 ns ±   1.52 ns   196.57 ns … 201.53 ns  in 10 × 100000 runs
[moonbitlang/core] bench builtin/lexical_compare_bench_test.mbt:52 ("bench lexical_compare early-diff n=256") ok
time (mean ± σ)         range (min … max) 
   6.94 ns ±   0.36 ns     6.39 ns …   7.45 ns  in 10 × 100000 runs
[moonbitlang/core] bench builtin/lexical_compare_bench_test.mbt:89 ("bench String::lexical_compare equal n=256") ok
time (mean ± σ)         range (min … max) 
   1.12 µs ±  12.57 ns     1.11 µs …   1.15 µs  in 10 ×  87643 runs
[moonbitlang/core] bench builtin/lexical_compare_bench_test.mbt:94 ("bench String::lexical_compare common-prefix n=256") ok
time (mean ± σ)         range (min … max) 
   1.18 µs ±  13.27 ns     1.16 µs …   1.20 µs  in 10 ×  84989 runs
[moonbitlang/core] bench builtin/lexical_compare_bench_test.mbt:99 ("bench String::lexical_compare early-diff n=256") ok
time (mean ± σ)         range (min … max) 
  13.17 ns ±   0.52 ns    12.28 ns …  13.86 ns  in 10 × 100000 runs
[moonbitlang/core] bench builtin/lexical_compare_bench_test.mbt:104 ("bench StringView::lexical_compare equal n=256") ok
time (mean ± σ)         range (min … max) 
   1.12 µs ±   9.66 ns     1.11 µs …   1.14 µs  in 10 ×  88832 runs
[moonbitlang/core] bench builtin/lexical_compare_bench_test.mbt:109 ("bench StringView::lexical_compare common-prefix n=256") ok
time (mean ± σ)         range (min … max) 
   1.17 µs ±  10.34 ns     1.16 µs …   1.20 µs  in 10 ×  85246 runs
[moonbitlang/core] bench builtin/lexical_compare_bench_test.mbt:114 ("bench StringView::lexical_compare early-diff n=256") ok
time (mean ± σ)         range (min … max) 
  13.31 ns ±   0.39 ns    12.99 ns …  13.82 ns  in 10 × 100000 runs
[moonbitlang/core] bench builtin/lexical_compare_bench_test.mbt:121 ("bench String::compare equal-length common-prefix n=256") ok
time (mean ± σ)         range (min … max) 
   1.11 µs ±  13.71 ns     1.09 µs …   1.14 µs  in 10 ×  88704 runs
[moonbitlang/core] bench builtin/lexical_compare_bench_test.mbt:128 ("bench StringView::compare equal-length common-prefix n=256") ok
time (mean ± σ)         range (min … max) 
   1.13 µs ±  14.04 ns     1.10 µs …   1.15 µs  in 10 ×  87338 runs
[moonbitlang/core] bench builtin/lexical_compare_bench_test.mbt:135 ("bench StringView::compare_ignore_ascii_case common-prefix n=256") ok
time (mean ± σ)         range (min … max) 
   1.12 µs ±  18.34 ns     1.10 µs …   1.16 µs  in 10 ×  87683 runs
[moonbitlang/core] bench builtin/contains_code_unit_bench_test.mbt:19 ("bench contains_code_unit absent n=4") ok
time (mean ± σ)         range (min … max) 
  10.06 ns ±   0.49 ns     9.37 ns …  10.74 ns  in 10 × 100000 runs
[moonbitlang/core] bench builtin/contains_code_unit_bench_test.mbt:25 ("bench contains_code_unit absent n=8") ok
time (mean ± σ)         range (min … max) 
  14.13 ns ±   0.47 ns    13.29 ns …  14.74 ns  in 10 × 100000 runs
[moonbitlang/core] bench builtin/contains_code_unit_bench_test.mbt:31 ("bench contains_code_unit present@0 n=8") ok
time (mean ± σ)         range (min … max) 
   5.48 ns ±   0.37 ns     5.13 ns …   5.88 ns  in 10 × 100000 runs
[moonbitlang/core] bench builtin/contains_code_unit_bench_test.mbt:37 ("bench contains_code_unit absent n=16") ok
time (mean ± σ)         range (min … max) 
  23.62 ns ±   0.67 ns    22.40 ns …  24.47 ns  in 10 × 100000 runs
[moonbitlang/core] bench builtin/contains_code_unit_bench_test.mbt:43 ("bench contains_code_unit absent n=64") ok
time (mean ± σ)         range (min … max) 
  82.22 ns ±   2.29 ns    77.63 ns …  84.27 ns  in 10 × 100000 runs
[moonbitlang/core] bench builtin/contains_code_unit_bench_test.mbt:49 ("bench contains_code_unit absent n=256") ok
time (mean ± σ)         range (min … max) 
 308.65 ns ±   2.46 ns   303.43 ns … 310.54 ns  in 10 × 100000 runs
[moonbitlang/core] bench builtin/contains_code_unit_bench_test.mbt:55 ("bench contains_code_unit present@end n=256") ok
time (mean ± σ)         range (min … max) 
 311.17 ns ±   0.44 ns   310.49 ns … 311.79 ns  in 10 × 100000 runs
[moonbitlang/core] bench builtin/contains_code_unit_bench_test.mbt:61 ("bench contains_code_unit present@0 n=256") ok
time (mean ± σ)         range (min … max) 
   5.38 ns ±   0.38 ns     5.02 ns …   5.80 ns  in 10 × 100000 runs
[moonbitlang/core] bench builtin/contains_code_unit_bench_test.mbt:67 ("bench StringView contains_code_unit absent n=256") ok
time (mean ± σ)         range (min … max) 
 310.99 ns ±   0.67 ns   310.27 ns … 312.24 ns  in 10 × 100000 runs
[moonbitlang/core] bench builtin/bytesview_compare_bench_test.mbt:16 ("bench BytesView Compare equal n=1000000") ok
time (mean ± σ)         range (min … max) 
   1.44 ms ± 259.12 µs     1.20 ms …   1.72 ms  in 10 ×     59 runs
[moonbitlang/core] bench builtin/bytesview_compare_bench_test.mbt:23 ("bench BytesView Compare last-diff n=1000000") ok
time (mean ± σ)         range (min … max) 
 745.07 µs ±   1.44 µs   743.30 µs … 747.17 µs  in 10 ×    135 runs
[moonbitlang/core] bench builtin/bytes_unsafe_bench_test.mbt:31 ("bench Bytes::unsafe_read_uint16_le n=4096") ok
time (mean ± σ)         range (min … max) 
   2.75 µs ±  32.97 ns     2.73 µs …   2.82 µs  in 10 ×  36571 runs
[moonbitlang/core] bench builtin/bytes_unsafe_bench_test.mbt:43 ("bench Bytes::unsafe_read_uint32_le n=4096") ok
time (mean ± σ)         range (min … max) 
   4.09 µs ±  38.08 ns     4.00 µs …   4.15 µs  in 10 ×  24456 runs
[moonbitlang/core] bench builtin/bytes_unsafe_bench_test.mbt:55 ("bench Bytes::unsafe_read_uint64_le n=4096") ok
time (mean ± σ)         range (min … max) 
 315.59 µs ± 554.25 ns   314.80 µs … 316.36 µs  in 10 ×    319 runs
[moonbitlang/core] bench builtin/bytes_unsafe_bench_test.mbt:67 ("bench FixedArray::unsafe_write_uint16_le n=4096") ok
time (mean ± σ)         range (min … max) 
   2.45 µs ±  17.61 ns     2.43 µs …   2.49 µs  in 10 ×  40893 runs
[moonbitlang/core] bench builtin/bytes_unsafe_bench_test.mbt:78 ("bench FixedArray::unsafe_write_uint32_le n=4096") ok
time (mean ± σ)         range (min … max) 
   3.69 µs ±  41.50 ns     3.62 µs …   3.77 µs  in 10 ×  27081 runs
[moonbitlang/core] bench builtin/bytes_unsafe_bench_test.mbt:89 ("bench FixedArray::unsafe_write_uint64_le n=4096") ok
time (mean ± σ)         range (min … max) 
 582.76 µs ± 940.43 ns   580.59 µs … 583.93 µs  in 10 ×    172 runs
[moonbitlang/core] bench builtin/bytes_output_bench_test.mbt:19 ("bench Bytes Show binary n=100000") ok
time (mean ± σ)         range (min … max) 
   4.75 ms ± 647.45 µs     4.25 ms …   6.26 ms  in 10 ×     16 runs
[moonbitlang/core] bench builtin/bytes_output_bench_test.mbt:24 ("bench Bytes ToJson binary n=100000") ok
time (mean ± σ)         range (min … max) 
   4.60 ms ± 532.03 µs     4.19 ms …   5.58 ms  in 10 ×     16 runs
[moonbitlang/core] bench builtin/bytes_hash_bench_test.mbt:54 ("bench Hash::hash(Bytes) n=32") ok
time (mean ± σ)         range (min … max) 
  20.23 ns ±   0.69 ns    19.07 ns …  21.07 ns  in 10 × 100000 runs
[moonbitlang/core] bench builtin/bytes_hash_bench_test.mbt:60 ("bench Hash::hash(Bytes) n=8192") ok
time (mean ± σ)         range (min … max) 
   4.88 µs ±  30.59 ns     4.84 µs …   4.94 µs  in 10 ×  20353 runs
[moonbitlang/core] bench builtin/bytes_hash_bench_test.mbt:66 ("bench Map::at Bytes n=1024 key_bytes=32") ok
time (mean ± σ)         range (min … max) 
  72.99 µs ±   1.14 µs    72.33 µs …  75.24 µs  in 10 ×   1320 runs
[moonbitlang/core] bench builtin/bytes_from_array_bench_test.mbt:30 ("bench Bytes::from_array n=262144 full") ok
time (mean ± σ)         range (min … max) 
 588.54 µs ±   9.22 µs   584.22 µs … 614.59 µs  in 10 ×    162 runs
[moonbitlang/core] bench builtin/bytes_from_array_bench_test.mbt:41 ("bench Bytes::from_array n=262144 sliced") ok
time (mean ± σ)         range (min … max) 
 594.13 µs ±  13.68 µs   586.50 µs … 632.47 µs  in 10 ×    166 runs
[moonbitlang/core] bench builtin/bytes_from_array_bench_test.mbt:48 ("bench Bytes::makei from ArrayView n=262144 full") ok
time (mean ± σ)         range (min … max) 
 549.92 µs ±   8.19 µs   546.46 µs … 573.16 µs  in 10 ×    179 runs
[moonbitlang/core] bench builtin/bytes_from_array_bench_test.mbt:59 ("bench Bytes::makei from ArrayView n=262144 sliced") ok
time (mean ± σ)         range (min … max) 
 555.02 µs ±  12.65 µs   550.22 µs … 590.98 µs  in 10 ×    177 runs
[moonbitlang/core] bench builtin/bytes_equal_bench_test.mbt:37 ("bench Bytes::equal n=100000 equal") ok
time (mean ± σ)         range (min … max) 
  58.93 µs ±  70.49 ns    58.75 µs …  59.00 µs  in 10 ×   1352 runs
[moonbitlang/core] bench builtin/bytes_equal_bench_test.mbt:44 ("bench Bytes::equal n=100000 aliased object") ok
time (mean ± σ)         range (min … max) 
  87.78 µs ± 137.40 ns    87.50 µs …  87.92 µs  in 10 ×   1141 runs
[moonbitlang/core] bench builtin/bytes_equal_bench_test.mbt:54 ("bench Bytes::equal n=100000 mismatch at end") ok
time (mean ± σ)         range (min … max) 
  58.69 µs ± 250.32 ns    58.26 µs …  59.05 µs  in 10 ×   1358 runs
[moonbitlang/core] bench builtin/bytes_add_bench_test.mbt:16 ("bench Bytes add total=1000000") ok
time (mean ± σ)         range (min … max) 
   2.24 ms ±  30.78 µs     2.22 ms …   2.33 ms  in 10 ×     44 runs
[moonbitlang/core] bench builtin/bitstring_uint_aligned_bench_test.mbt:24 ("bench Bytes::unsafe_extract_uint_le_aligned n=8192") ok
time (mean ± σ)         range (min … max) 
   2.27 µs ±  40.49 ns     2.23 µs …   2.34 µs  in 10 ×  43909 runs
[moonbitlang/core] bench builtin/bitstring_uint64_aligned_bench_test.mbt:24 ("bench Bytes::unsafe_extract_uint64_le_aligned n=8192") ok
time (mean ± σ)         range (min … max) 
  78.93 µs ± 185.81 ns    78.66 µs …  79.29 µs  in 10 ×   1271 runs
[moonbitlang/core] bench builtin/bitstring_extract_bench_test.mbt:35 ("bench BytesView uint_le aligned len=32") ok
time (mean ± σ)         range (min … max) 
   2.56 µs ±  31.02 ns     2.54 µs …   2.63 µs  in 10 ×  39305 runs
[moonbitlang/core] bench builtin/bitstring_extract_bench_test.mbt:48 ("bench BytesView uint_be aligned len=32") ok
time (mean ± σ)         range (min … max) 
   2.63 µs ±  27.01 ns     2.62 µs …   2.70 µs  in 10 ×  38147 runs
[moonbitlang/core] bench builtin/bitstring_extract_bench_test.mbt:61 ("bench ArrayView uint_le aligned len=32") ok
time (mean ± σ)         range (min … max) 
   4.11 µs ±  43.71 ns     4.07 µs …   4.21 µs  in 10 ×  24455 runs
[moonbitlang/core] bench builtin/bitstring_extract_bench_test.mbt:75 ("bench ArrayView uint_be aligned len=32") ok
time (mean ± σ)         range (min … max) 
   4.26 µs ±  46.26 ns     4.23 µs …   4.36 µs  in 10 ×  23635 runs
[moonbitlang/core] bench builtin/bitstring_extract_bench_test.mbt:89 ("bench BytesView uint64_le aligned len=64") ok
time (mean ± σ)         range (min … max) 
  81.10 µs ± 150.95 ns    80.90 µs …  81.37 µs  in 10 ×   1225 runs
[moonbitlang/core] bench builtin/bitstring_extract_bench_test.mbt:102 ("bench BytesView uint64_be aligned len=64") ok
time (mean ± σ)         range (min … max) 
  83.49 µs ± 159.24 ns    83.27 µs …  83.71 µs  in 10 ×   1195 runs
[moonbitlang/core] bench builtin/bitstring_extract_bench_test.mbt:115 ("bench ArrayView uint64_le aligned len=64") ok
time (mean ± σ)         range (min … max) 
  86.23 µs ± 602.84 ns    85.74 µs …  87.44 µs  in 10 ×   1151 runs
[moonbitlang/core] bench builtin/bitstring_extract_bench_test.mbt:129 ("bench ArrayView uint64_be aligned len=64") ok
time (mean ± σ)         range (min … max) 
  86.79 µs ± 345.56 ns    86.42 µs …  87.36 µs  in 10 ×   1148 runs
[moonbitlang/core] bench builtin/bitstring_extract_bench_test.mbt:143 ("bench BytesView uint_le unaligned len=32") ok
time (mean ± σ)         range (min … max) 
  28.31 µs ±  39.31 ns    28.26 µs …  28.39 µs  in 10 ×   3530 runs
[moonbitlang/core] bench builtin/bitstring_extract_bench_test.mbt:156 ("bench BytesView uint64_le unaligned len=64") ok
time (mean ± σ)         range (min … max) 
 105.09 µs ± 642.87 ns   104.33 µs … 105.92 µs  in 10 ×    951 runs
[moonbitlang/core] bench builtin/bitstring_extract_bench_test.mbt:169 ("bench BytesView uint_le aligned len=16") ok
time (mean ± σ)         range (min … max) 
   4.05 µs ±  45.03 ns     4.02 µs …   4.15 µs  in 10 ×  24844 runs
[moonbitlang/core] bench builtin/bitstring_extract_bench_test.mbt:182 ("bench BytesView uint_le aligned len=24") ok
time (mean ± σ)         range (min … max) 
  22.90 µs ±  39.88 ns    22.83 µs …  22.94 µs  in 10 ×   4352 runs
[moonbitlang/core] bench builtin/array_retain_bench_test.mbt:29 ("bench Array::retain all keep Int n=100000") ok
time (mean ± σ)         range (min … max) 
  73.53 µs ±  42.52 ns    73.45 µs …  73.59 µs  in 10 ×   1359 runs
[moonbitlang/core] bench builtin/array_retain_bench_test.mbt:42 ("bench Array::retain all keep Ref n=100000") ok
time (mean ± σ)         range (min … max) 
  88.90 µs ± 202.66 ns    88.68 µs …  89.29 µs  in 10 ×   1123 runs
[moonbitlang/core] bench builtin/array_retain_bench_test.mbt:55 ("bench Array::retain drop tail n=100000") ok
time (mean ± σ)         range (min … max) 
 202.70 µs ±  17.65 µs   195.61 µs … 252.73 µs  in 10 ×    508 runs
[moonbitlang/core] bench builtin/array_retain_bench_test.mbt:66 ("bench Array::retain late sparse drop n=100000") ok
time (mean ± σ)         range (min … max) 
 230.24 µs ±   2.26 µs   227.54 µs … 233.99 µs  in 10 ×    434 runs
[moonbitlang/core] bench builtin/array_retain_bench_test.mbt:77 ("bench Array::retain drop first n=100000") ok
time (mean ± σ)         range (min … max) 
 242.21 µs ±   1.58 µs   240.52 µs … 245.56 µs  in 10 ×    411 runs
[moonbitlang/core] bench builtin/array_make_blit_bench_test.mbt:32 ("bench FixedArray::copy Ref n=1000000") ok
time (mean ± σ)         range (min … max) 
   1.38 ms ± 108.29 µs     1.25 ms …   1.49 ms  in 10 ×     73 runs
[moonbitlang/core] bench builtin/array_make_blit_bench_test.mbt:38 ("bench Array::from_fixed_array Ref n=1000000") ok
time (mean ± σ)         range (min … max) 
   4.10 ms ± 268.61 µs     3.77 ms …   4.38 ms  in 10 ×     27 runs
[moonbitlang/core] bench builtin/array_make_blit_bench_test.mbt:44 ("bench Array::add Ref n=500000+500000") ok
time (mean ± σ)         range (min … max) 
   3.98 ms ± 261.88 µs     3.62 ms …   4.27 ms  in 10 ×     28 runs
[moonbitlang/core] bench builtin/array_make_blit_bench_test.mbt:51 ("bench ArrayView::add Ref n=500000+500000") ok
time (mean ± σ)         range (min … max) 
   4.01 ms ± 249.84 µs     3.64 ms …   4.22 ms  in 10 ×     28 runs
[moonbitlang/core] bench builtin/array_make_blit_bench_test.mbt:60 ("bench Array::blit_to Ref n=1000000 overwrite") ok
time (mean ± σ)         range (min … max) 
   2.22 ms ±   1.83 µs     2.21 ms …   2.22 ms  in 10 ×     46 runs
[moonbitlang/core] bench builtin/array_make_blit_bench_test.mbt:70 ("bench Array::blit_to Ref n=1000000 grow") ok
time (mean ± σ)         range (min … max) 
   3.95 ms ± 215.51 µs     3.64 ms …   4.15 ms  in 10 ×     28 runs
[moonbitlang/core] bench builtin/array_make_blit_bench_test.mbt:80 ("bench ArrayView::blit_to Ref n=1000000 overwrite") ok
time (mean ± σ)         range (min … max) 
   2.22 ms ±   2.16 µs     2.21 ms …   2.22 ms  in 10 ×     46 runs
[moonbitlang/core] bench builtin/array_make_blit_bench_test.mbt:90 ("bench ArrayView::blit_to Ref n=1000000 grow") ok
time (mean ± σ)         range (min … max) 
   3.99 ms ± 261.34 µs     3.62 ms …   4.25 ms  in 10 ×     28 runs
[moonbitlang/core] bench builtin/array_make_blit_bench_test.mbt:100 ("bench Array::append Ref n=1000000 grow") ok
time (mean ± σ)         range (min … max) 
   9.71 ms ± 594.49 µs     9.08 ms …  10.55 ms  in 10 ×     12 runs
[moonbitlang/core] bench builtin/array_make_blit_bench_test.mbt:110 ("bench Array::push Ref n=1000000 resize") ok
time (mean ± σ)         range (min … max) 
   9.80 ms ± 652.11 µs     9.02 ms …  10.65 ms  in 10 ×     11 runs
[moonbitlang/core] bench builtin/array_make_blit_bench_test.mbt:129 ("bench Array::copy Int n=1000000") ok
time (mean ± σ)         range (min … max) 
   1.20 ms ±  68.90 µs     1.09 ms …   1.26 ms  in 10 ×     81 runs
[moonbitlang/core] bench builtin/array_make_blit_bench_test.mbt:135 ("bench Array::copy Ref n=1000000") ok
time (mean ± σ)         range (min … max) 
   1.38 ms ± 105.94 µs     1.26 ms …   1.51 ms  in 10 ×     70 runs
[moonbitlang/core] bench builtin/array_locals_bench_test.mbt:29 ("bench Array::retain_map n=100000") ok
time (mean ± σ)         range (min … max) 
 112.31 µs ±   1.81 µs   110.51 µs … 114.07 µs  in 10 ×    905 runs
[moonbitlang/core] bench builtin/array_locals_bench_test.mbt:38 ("bench Array::shuffle_in_place n=100000") ok
time (mean ± σ)         range (min … max) 
 222.17 µs ± 694.85 ns   221.10 µs … 222.74 µs  in 10 ×    449 runs
[moonbitlang/core] bench builtin/array_locals_bench_test.mbt:50 ("bench Array::filter_map n=100000") ok
time (mean ± σ)         range (min … max) 
 259.23 µs ±   5.90 µs   257.03 µs … 276.00 µs  in 10 ×    388 runs
[moonbitlang/core] bench builtin/array_locals_bench_test.mbt:58 ("bench FixedArray::each n=100000") ok
time (mean ± σ)         range (min … max) 
  56.53 µs ±   1.21 µs    55.18 µs …  58.12 µs  in 10 ×   1781 runs
[moonbitlang/core] bench builtin/array_locals_bench_test.mbt:68 ("bench FixedArray::eachi n=100000") ok
time (mean ± σ)         range (min … max) 
  60.43 µs ±   1.74 µs    58.81 µs …  62.87 µs  in 10 ×   1589 runs
[moonbitlang/core] bench builtin/array_locals_bench_test.mbt:78 ("bench FixedArray::rev_each n=100000") ok
time (mean ± σ)         range (min … max) 
 515.38 µs ± 307.77 ns   514.98 µs … 515.91 µs  in 10 ×    195 runs
[moonbitlang/core] bench builtin/array_locals_bench_test.mbt:88 ("bench FixedArray::rev_eachi n=100000") ok
time (mean ± σ)         range (min … max) 
  77.66 µs ± 175.41 ns    77.19 µs …  77.79 µs  in 10 ×   1287 runs
[moonbitlang/core] bench builtin/array_locals_bench_test.mbt:98 ("bench FixedArray::map n=100000") ok
time (mean ± σ)         range (min … max) 
 255.64 µs ±   5.72 µs   250.38 µs … 270.76 µs  in 10 ×    397 runs
[moonbitlang/core] bench builtin/array_locals_bench_test.mbt:104 ("bench FixedArray::mapi n=100000") ok
time (mean ± σ)         range (min … max) 
 255.83 µs ±   5.69 µs   251.70 µs … 270.97 µs  in 10 ×    397 runs
[moonbitlang/core] bench builtin/array_locals_bench_test.mbt:110 ("bench FixedArray::makei n=100000") ok
time (mean ± σ)         range (min … max) 
 271.52 µs ±   3.80 µs   268.65 µs … 282.13 µs  in 10 ×    374 runs
[moonbitlang/core] bench builtin/array_locals_bench_test.mbt:115 ("bench FixedArray::fold n=100000") ok
time (mean ± σ)         range (min … max) 
  56.20 µs ±   1.48 µs    55.13 µs …  58.35 µs  in 10 ×   1714 runs
[moonbitlang/core] bench builtin/array_locals_bench_test.mbt:121 ("bench FixedArray::rev_fold n=100000") ok
time (mean ± σ)         range (min … max) 
 515.16 µs ± 180.00 ns   514.89 µs … 515.37 µs  in 10 ×    195 runs
[moonbitlang/core] bench builtin/array_locals_bench_test.mbt:127 ("bench FixedArray::foldi n=100000") ok
time (mean ± σ)         range (min … max) 
  60.72 µs ± 553.33 ns    60.05 µs …  61.85 µs  in 10 ×   1639 runs
[moonbitlang/core] bench builtin/array_locals_bench_test.mbt:133 ("bench FixedArray::rev_foldi n=100000") ok
time (mean ± σ)         range (min … max) 
  67.51 µs ± 255.54 ns    67.15 µs …  67.87 µs  in 10 ×   1482 runs
[moonbitlang/core] bench builtin/array_locals_bench_test.mbt:139 ("bench ArrayView::chunk_by n=100000") ok
time (mean ± σ)         range (min … max) 
 110.34 µs ±  87.88 ns   110.12 µs … 110.44 µs  in 10 ×    907 runs
[moonbitlang/core] bench builtin/array_locals_bench_test.mbt:146 ("bench ArrayView::each n=100000") ok
time (mean ± σ)         range (min … max) 
  63.17 µs ± 698.88 ns    62.67 µs …  64.61 µs  in 10 ×   1542 runs
[moonbitlang/core] bench builtin/array_locals_bench_test.mbt:157 ("bench ArrayView::eachi n=100000") ok
time (mean ± σ)         range (min … max) 
  66.07 µs ± 214.80 ns    65.60 µs …  66.28 µs  in 10 ×   1521 runs
[moonbitlang/core] bench builtin/array_locals_bench_test.mbt:168 ("bench ArrayView::rev_each n=100000") ok
time (mean ± σ)         range (min … max) 
  69.27 µs ± 118.64 ns    69.11 µs …  69.47 µs  in 10 ×   1445 runs
[moonbitlang/core] bench builtin/array_locals_bench_test.mbt:179 ("bench ArrayView::rev_eachi n=100000") ok
time (mean ± σ)         range (min … max) 
  75.57 µs ± 199.43 ns    75.24 µs …  75.83 µs  in 10 ×   1332 runs
[moonbitlang/core] bench builtin/array_locals_bench_test.mbt:190 ("bench ArrayView::all n=100000") ok
time (mean ± σ)         range (min … max) 
  85.10 µs ± 438.31 ns    84.42 µs …  85.60 µs  in 10 ×   1181 runs
[moonbitlang/core] bench builtin/array_locals_bench_test.mbt:197 ("bench ArrayView::any n=100000") ok
time (mean ± σ)         range (min … max) 
  84.66 µs ± 620.77 ns    83.61 µs …  85.44 µs  in 10 ×   1171 runs
[moonbitlang/core] bench builtin/array_locals_bench_test.mbt:204 ("bench ArrayView::search_by n=100000") ok
time (mean ± σ)         range (min … max) 
  85.60 µs ±   1.21 µs    83.72 µs …  86.76 µs  in 10 ×   1155 runs
[moonbitlang/core] bench builtin/array_locals_bench_test.mbt:213 ("bench ArrayView::fold n=100000") ok
time (mean ± σ)         range (min … max) 
  63.26 µs ± 951.93 ns    62.53 µs …  64.97 µs  in 10 ×   1541 runs
[moonbitlang/core] bench builtin/array_locals_bench_test.mbt:220 ("bench ArrayView::rev_fold n=100000") ok
time (mean ± σ)         range (min … max) 
 515.16 µs ± 179.60 ns   514.94 µs … 515.60 µs  in 10 ×    195 runs
[moonbitlang/core] bench builtin/array_locals_bench_test.mbt:227 ("bench ArrayView::foldi n=100000") ok
time (mean ± σ)         range (min … max) 
  66.18 µs ± 140.13 ns    65.90 µs …  66.41 µs  in 10 ×   1509 runs
[moonbitlang/core] bench builtin/array_locals_bench_test.mbt:234 ("bench ArrayView::rev_foldi n=100000") ok
time (mean ± σ)         range (min … max) 
  78.91 µs ± 304.73 ns    78.39 µs …  79.27 µs  in 10 ×   1269 runs
[moonbitlang/core] bench builtin/array_locals_bench_test.mbt:241 ("bench ArrayView::map n=100000") ok
time (mean ± σ)         range (min … max) 
 197.67 µs ±  10.10 µs   191.68 µs … 216.94 µs  in 10 ×    521 runs
[moonbitlang/core] bench builtin/array_locals_bench_test.mbt:248 ("bench ArrayView::mapi n=100000") ok
time (mean ± σ)         range (min … max) 
 195.16 µs ±   7.48 µs   190.55 µs … 211.51 µs  in 10 ×    519 runs
[moonbitlang/core] bench builtin/array_locals_bench_test.mbt:255 ("bench ArrayView::filter n=100000") ok
time (mean ± σ)         range (min … max) 
 253.77 µs ±   6.39 µs   248.75 µs … 271.50 µs  in 10 ×    396 runs
[moonbitlang/core] bench builtin/array_locals_bench_test.mbt:262 ("bench ArrayView::filter_map n=100000") ok
time (mean ± σ)         range (min … max) 
 259.78 µs ±   4.09 µs   257.83 µs … 271.38 µs  in 10 ×    387 runs
[moonbitlang/core] bench bytes/find_bench_test.mbt:92 ("bench BytesView::find single byte hit end n=4096") ok
time (mean ± σ)         range (min … max) 
   2.38 µs ±  20.74 ns     2.35 µs …   2.40 µs  in 10 ×  42856 runs
[moonbitlang/core] bench bytes/find_bench_test.mbt:99 ("bench BytesView::find single byte miss n=4096") ok
time (mean ± σ)         range (min … max) 
   2.34 µs ±   1.73 ns     2.34 µs …   2.34 µs  in 10 ×  42863 runs
[moonbitlang/core] bench bytes/find_bench_test.mbt:106 ("bench BytesView::find substring rare hit end n=4096") ok
time (mean ± σ)         range (min … max) 
   2.36 µs ±  30.59 ns     2.31 µs …   2.39 µs  in 10 ×  43262 runs
[moonbitlang/core] bench bytes/find_bench_test.mbt:113 ("bench BytesView::find substring dense miss n=4096") ok
time (mean ± σ)         range (min … max) 
   2.31 µs ±  20.67 ns     2.29 µs …   2.34 µs  in 10 ×  43313 runs
[moonbitlang/core] bench bytes/find_bench_test.mbt:120 ("bench BytesView::find offset view rare hit end n=4096") ok
time (mean ± σ)         range (min … max) 
   2.37 µs ±  22.95 ns     2.34 µs …   2.40 µs  in 10 ×  41621 runs
[moonbitlang/core] bench bytes/find_bench_test.mbt:127 ("bench BytesView::find long dense miss n=4096") ok
time (mean ± σ)         range (min … max) 
   5.03 µs ±   2.23 ns     5.03 µs …   5.04 µs  in 10 ×  19869 runs
[moonbitlang/core] bench bytes/find_bench_test.mbt:134 ("bench BytesView::find single byte miss n=32") ok
time (mean ± σ)         range (min … max) 
  23.67 ns ±   0.72 ns    22.45 ns …  24.37 ns  in 10 × 100000 runs
[moonbitlang/core] bench bytes/find_bench_test.mbt:141 ("bench BytesView::find substring miss n=32") ok
time (mean ± σ)         range (min … max) 
  21.96 ns ±   0.43 ns    21.36 ns …  22.43 ns  in 10 × 100000 runs
[moonbitlang/core] bench bytes/find_bench_test.mbt:148 ("bench BytesView::rev_find single byte hit start n=4096") ok
time (mean ± σ)         range (min … max) 
   2.35 µs ±  14.77 ns     2.32 µs …   2.37 µs  in 10 ×  42267 runs
[moonbitlang/core] bench bytes/find_bench_test.mbt:155 ("bench BytesView::rev_find single byte miss n=4096") ok
time (mean ± σ)         range (min … max) 
   2.35 µs ±  18.32 ns     2.31 µs …   2.36 µs  in 10 ×  42613 runs
[moonbitlang/core] bench bytes/find_bench_test.mbt:162 ("bench BytesView::rev_find substring rare hit start n=4096") ok
time (mean ± σ)         range (min … max) 
   2.34 µs ±   9.43 ns     2.32 µs …   2.36 µs  in 10 ×  42972 runs
[moonbitlang/core] bench bytes/find_bench_test.mbt:169 ("bench BytesView::rev_find substring dense miss n=4096") ok
time (mean ± σ)         range (min … max) 
   3.47 µs ±  13.57 ns     3.44 µs …   3.48 µs  in 10 ×  29065 runs
[moonbitlang/core] bench bytes/find_bench_test.mbt:176 ("bench BytesView::rev_find offset view rare hit start n=4096") ok
time (mean ± σ)         range (min … max) 
   2.36 µs ±  14.68 ns     2.34 µs …   2.38 µs  in 10 ×  42065 runs
[moonbitlang/core] bench bytes/find_bench_test.mbt:185 ("bench BytesView::rev_find long dense miss n=4096") ok
time (mean ± σ)         range (min … max) 
   3.57 µs ±  22.74 ns     3.53 µs …   3.59 µs  in 10 ×  28116 runs
[moonbitlang/core] bench debug/debug_inspect_bench_test.mbt:16 ("bench debug_inspect passing Int") ok
time (mean ± σ)         range (min … max) 
  45.26 ns ±   0.28 ns    44.91 ns …  45.69 ns  in 10 × 100000 runs
[moonbitlang/core] bench debug/debug_inspect_bench_test.mbt:21 ("bench debug_inspect passing Array") ok
time (mean ± σ)         range (min … max) 
 842.89 ns ±   3.83 ns   839.39 ns … 849.71 ns  in 10 × 100000 runs
[moonbitlang/core] bench deque/deque_bench_test.mbt:22 ("bench Deque::to_array Int n=50000") ok
time (mean ± σ)         range (min … max) 
 138.06 µs ±   5.90 µs   134.96 µs … 151.35 µs  in 10 ×    644 runs
[moonbitlang/core] bench deque/deque_bench_test.mbt:28 ("bench Deque::to_array Ref n=50000") ok
time (mean ± σ)         range (min … max) 
 146.15 µs ±   5.17 µs   143.15 µs … 157.62 µs  in 10 ×    622 runs
[moonbitlang/core] bench deque/deque_bench_test.mbt:34 ("bench Deque steady-state pop_front/push_back x100000 len=1000") ok
time (mean ± σ)         range (min … max) 
 558.63 µs ±   1.05 µs   555.82 µs … 559.30 µs  in 10 ×    179 runs
[moonbitlang/core] bench deque/deque_bench_test.mbt:51 ("bench Deque steady-state push_front/pop_back x100000 len=1000") ok
time (mean ± σ)         range (min … max) 
 558.70 µs ± 151.40 ns   558.49 µs … 558.88 µs  in 10 ×    213 runs
[moonbitlang/core] bench deque/deque_bench_test.mbt:67 ("bench Deque::get x100000 len=1000") ok
time (mean ± σ)         range (min … max) 
 629.56 µs ± 173.46 ns   629.34 µs … 629.81 µs  in 10 ×    159 runs
[moonbitlang/core] bench encoding/ascii/ascii_bench_test.mbt:40 ("bench ASCII decode n=15") ok
time (mean ± σ)         range (min … max) 
 124.97 ns ±   0.43 ns   124.46 ns … 125.57 ns  in 10 × 100000 runs
[moonbitlang/core] bench encoding/ascii/ascii_bench_test.mbt:46 ("bench ASCII decode n=16") ok
time (mean ± σ)         range (min … max) 
 130.32 ns ±   0.63 ns   128.75 ns … 130.86 ns  in 10 × 100000 runs
[moonbitlang/core] bench encoding/ascii/ascii_bench_test.mbt:52 ("bench ASCII decode n=32") ok
time (mean ± σ)         range (min … max) 
 215.63 ns ±   1.15 ns   213.36 ns … 216.88 ns  in 10 × 100000 runs
[moonbitlang/core] bench encoding/ascii/ascii_bench_test.mbt:58 ("bench ASCII decode n=64") ok
time (mean ± σ)         range (min … max) 
 401.52 ns ±   0.68 ns   400.77 ns … 402.94 ns  in 10 × 100000 runs
[moonbitlang/core] bench encoding/ascii/ascii_bench_test.mbt:64 ("bench ASCII decode n=100000") ok
time (mean ± σ)         range (min … max) 
 632.48 µs ±   5.40 µs   623.54 µs … 639.41 µs  in 10 ×    160 runs
[moonbitlang/core] bench encoding/ascii/ascii_bench_test.mbt:70 ("bench ASCII decode n=1000000") ok
time (mean ± σ)         range (min … max) 
   6.76 ms ±  37.26 µs     6.71 ms …   6.82 ms  in 10 ×     15 runs
[moonbitlang/core] bench encoding/base64/v128_bench_wbtest.mbt:38 ("bench encode scalar n=64") ok
time (mean ± σ)         range (min … max) 
 500.65 ns ±   0.85 ns   499.75 ns … 501.94 ns  in 10 × 100000 runs
[moonbitlang/core] bench encoding/base64/v128_bench_wbtest.mbt:43 ("bench encode v128 n=64") ok
time (mean ± σ)         range (min … max) 
 501.22 ns ±   0.61 ns   500.60 ns … 502.37 ns  in 10 × 100000 runs
[moonbitlang/core] bench encoding/base64/v128_bench_wbtest.mbt:48 ("bench encode scalar n=1024") ok
time (mean ± σ)         range (min … max) 
   7.08 µs ±  51.02 ns     7.00 µs …   7.16 µs  in 10 ×  14199 runs
[moonbitlang/core] bench encoding/base64/v128_bench_wbtest.mbt:53 ("bench encode v128 n=1024") ok
time (mean ± σ)         range (min … max) 
   7.11 µs ±  56.97 ns     7.01 µs …   7.18 µs  in 10 ×  14176 runs
[moonbitlang/core] bench encoding/base64/v128_bench_wbtest.mbt:58 ("bench encode scalar n=65536") ok
time (mean ± σ)         range (min … max) 
 595.84 µs ±   2.18 µs   591.74 µs … 597.85 µs  in 10 ×    169 runs
[moonbitlang/core] bench encoding/base64/v128_bench_wbtest.mbt:63 ("bench encode v128 n=65536") ok
time (mean ± σ)         range (min … max) 
 596.99 µs ±   2.70 µs   593.35 µs … 600.48 µs  in 10 ×    169 runs
[moonbitlang/core] bench encoding/base64/v128_bench_wbtest.mbt:68 ("bench decode scalar n=64") ok
time (mean ± σ)         range (min … max) 
 670.83 ns ±   1.00 ns   669.43 ns … 672.07 ns  in 10 × 100000 runs
[moonbitlang/core] bench encoding/base64/v128_bench_wbtest.mbt:75 ("bench decode v128 n=64") ok
time (mean ± σ)         range (min … max) 
 668.84 ns ±   1.15 ns   667.43 ns … 670.60 ns  in 10 × 100000 runs
[moonbitlang/core] bench encoding/base64/v128_bench_wbtest.mbt:80 ("bench decode scalar n=1024") ok
time (mean ± σ)         range (min … max) 
  10.11 µs ± 252.80 ns     9.95 µs …  10.77 µs  in 10 ×   9353 runs
[moonbitlang/core] bench encoding/base64/v128_bench_wbtest.mbt:87 ("bench decode v128 n=1024") ok
time (mean ± σ)         range (min … max) 
  10.29 µs ± 335.16 ns    10.00 µs …  10.92 µs  in 10 ×   9478 runs
[moonbitlang/core] bench encoding/base64/v128_bench_wbtest.mbt:92 ("bench decode scalar n=65536") ok
time (mean ± σ)         range (min … max) 
 812.18 µs ±   3.50 µs   809.38 µs … 819.56 µs  in 10 ×    110 runs
[moonbitlang/core] bench encoding/base64/v128_bench_wbtest.mbt:99 ("bench decode v128 n=65536") ok
time (mean ± σ)         range (min … max) 
 801.41 µs ±   5.10 µs   795.33 µs … 809.70 µs  in 10 ×    112 runs
[moonbitlang/core] bench encoding/hex/v128_bench_wbtest.mbt:34 ("bench encode scalar 4k") ok
time (mean ± σ)         range (min … max) 
  40.69 µs ±  88.82 ns    40.54 µs …  40.78 µs  in 10 ×   2501 runs
[moonbitlang/core] bench encoding/hex/v128_bench_wbtest.mbt:39 ("bench encode public 64") ok
time (mean ± σ)         range (min … max) 
 680.70 ns ±   0.56 ns   680.04 ns … 681.50 ns  in 10 × 100000 runs
[moonbitlang/core] bench encoding/hex/v128_bench_wbtest.mbt:44 ("bench encode public 4k") ok
time (mean ± σ)         range (min … max) 
  40.64 µs ± 152.15 ns    40.38 µs …  40.78 µs  in 10 ×   2508 runs
[moonbitlang/core] bench encoding/hex/v128_bench_wbtest.mbt:49 ("bench encode public 64k") ok
time (mean ± σ)         range (min … max) 
   1.09 ms ±   1.25 µs     1.08 ms …   1.09 ms  in 10 ×     93 runs
[moonbitlang/core] bench encoding/hex/v128_bench_wbtest.mbt:54 ("bench decode scalar 4k") ok
time (mean ± σ)         range (min … max) 
  44.79 µs ± 415.79 ns    44.29 µs …  45.57 µs  in 10 ×   2224 runs
[moonbitlang/core] bench encoding/hex/v128_bench_wbtest.mbt:62 ("bench decode public 4k") ok
time (mean ± σ)         range (min … max) 
  46.02 µs ± 696.49 ns    44.82 µs …  46.61 µs  in 10 ×   2210 runs
[moonbitlang/core] bench encoding/hex/v128_bench_wbtest.mbt:70 ("bench decode public 64k") ok
time (mean ± σ)         range (min … max) 
 644.07 µs ±  15.80 µs   636.25 µs … 688.86 µs  in 10 ×    128 runs
[moonbitlang/core] bench encoding/utf16/utf16_v128_bench_test.mbt:57 ("bench utf16 encode ASCII LE n=100000") ok
time (mean ± σ)         range (min … max) 
 186.70 µs ±  10.74 µs   181.68 µs … 213.53 µs  in 10 ×    388 runs
[moonbitlang/core] bench encoding/utf16/utf16_v128_bench_test.mbt:63 ("bench utf16 encode ASCII BE n=100000") ok
time (mean ± σ)         range (min … max) 
 240.60 µs ± 442.49 ns   239.87 µs … 241.26 µs  in 10 ×    418 runs
[moonbitlang/core] bench encoding/utf16/utf16_v128_bench_test.mbt:69 ("bench utf16 encode mixed LE n=100000") ok
time (mean ± σ)         range (min … max) 
 186.65 µs ±  10.71 µs   181.62 µs … 213.40 µs  in 10 ×    388 runs
[moonbitlang/core] bench encoding/utf16/utf16_v128_bench_test.mbt:75 ("bench utf16 encode mixed BE n=100000") ok
time (mean ± σ)         range (min … max) 
 240.71 µs ± 155.51 ns   240.51 µs … 241.01 µs  in 10 ×    419 runs
[moonbitlang/core] bench encoding/utf16/utf16_v128_bench_test.mbt:81 ("bench utf16 decode ASCII LE n=100000") ok
time (mean ± σ)         range (min … max) 
 796.56 µs ±   2.35 µs   794.56 µs … 799.46 µs  in 10 ×    126 runs
[moonbitlang/core] bench encoding/utf16/utf16_v128_bench_test.mbt:87 ("bench utf16 decode ASCII BE n=100000") ok
time (mean ± σ)         range (min … max) 
 819.48 µs ± 994.14 ns   818.06 µs … 820.67 µs  in 10 ×    123 runs
[moonbitlang/core] bench encoding/utf16/utf16_v128_bench_test.mbt:95 ("bench utf16 decode mixed LE n=100000") ok
time (mean ± σ)         range (min … max) 
 834.59 µs ±   3.84 µs   831.11 µs … 842.28 µs  in 10 ×    120 runs
[moonbitlang/core] bench encoding/utf16/utf16_v128_bench_test.mbt:101 ("bench utf16 decode mixed BE n=100000") ok
time (mean ± σ)         range (min … max) 
 853.93 µs ± 932.99 ns   853.26 µs … 856.07 µs  in 10 ×    117 runs
[moonbitlang/core] bench encoding/utf16/utf16_v128_bench_test.mbt:109 ("bench utf16 decode emoji LE n=100000") ok
time (mean ± σ)         range (min … max) 
 714.46 µs ± 545.91 ns   713.75 µs … 715.46 µs  in 10 ×    140 runs
[moonbitlang/core] bench encoding/utf16/utf16_v128_bench_test.mbt:115 ("bench utf16 decode emoji BE n=100000") ok
time (mean ± σ)         range (min … max) 
 788.59 µs ±   1.08 µs   787.34 µs … 790.02 µs  in 10 ×    121 runs
[moonbitlang/core] bench hashmap/hashmap_bench_test.mbt:19 ("bench HashMap::set n=50000") ok
time (mean ± σ)         range (min … max) 
   2.12 ms ±  22.56 µs     2.09 ms …   2.15 ms  in 10 ×     48 runs
[moonbitlang/core] bench hashmap/hashmap_bench_test.mbt:30 ("bench HashMap::get n=50000") ok
time (mean ± σ)         range (min … max) 
 400.84 µs ±   5.05 µs   397.59 µs … 411.58 µs  in 10 ×    242 runs
[moonbitlang/core] bench hashmap/hashmap_bench_test.mbt:47 ("bench HashMap::get miss n=50000") ok
time (mean ± σ)         range (min … max) 
 544.82 µs ± 966.57 ns   543.78 µs … 546.64 µs  in 10 ×    176 runs
[moonbitlang/core] bench hashmap/hashmap_bench_test.mbt:67 ("bench HashMap::set+remove n=50000") ok
time (mean ± σ)         range (min … max) 
   3.12 ms ±  37.93 µs     3.07 ms …   3.18 ms  in 10 ×     33 runs
[moonbitlang/core] bench hashmap/hashmap_bench_test.mbt:87 ("bench HashMap::copy+remove n=50000") ok
time (mean ± σ)         range (min … max) 
   1.55 ms ±  17.69 µs     1.53 ms …   1.58 ms  in 10 ×     65 runs
[moonbitlang/core] bench hashmap/hashmap_bench_test.mbt:102 ("bench HashMap::copy n=50000") ok
time (mean ± σ)         range (min … max) 
   1.03 ms ±  46.04 µs   985.68 µs …   1.12 ms  in 10 ×     91 runs
[moonbitlang/core] bench hashmap/hashmap_bench_test.mbt:114 ("bench HashMap::to_array Int n=50000") ok
time (mean ± σ)         range (min … max) 
 929.10 µs ±  16.66 µs   902.85 µs … 952.60 µs  in 10 ×    110 runs
[moonbitlang/core] bench hashmap/hashmap_bench_test.mbt:123 ("bench HashMap::to_array Ref n=50000") ok
time (mean ± σ)         range (min … max) 
 898.93 µs ±  22.97 µs   872.30 µs … 930.48 µs  in 10 ×    116 runs
[moonbitlang/core] bench hashmap/hashmap_bench_test.mbt:141 ("bench HashMap::filter n=50000") ok
time (mean ± σ)         range (min … max) 
   1.11 ms ±   5.16 µs     1.10 ms …   1.11 ms  in 10 ×     90 runs
[moonbitlang/core] bench hashmap/hashmap_bench_test.mbt:147 ("bench HashMap comprehension filter n=50000") ok
time (mean ± σ)         range (min … max) 
   3.71 ms ± 131.56 µs     3.54 ms …   3.88 ms  in 10 ×     27 runs
[moonbitlang/core] bench hashset/set_algebra_bench_test.mbt:26 ("bench HashSet::union String 10k 50% overlap") ok
time (mean ± σ)         range (min … max) 
 576.20 µs ±   3.48 µs   572.17 µs … 584.03 µs  in 10 ×    173 runs
[moonbitlang/core] bench hashset/set_algebra_bench_test.mbt:33 ("bench HashSet::union Int 10k 50% overlap") ok
time (mean ± σ)         range (min … max) 
 552.71 µs ±   4.91 µs   547.49 µs … 559.80 µs  in 10 ×    180 runs
[moonbitlang/core] bench hashset/set_algebra_bench_test.mbt:40 ("bench HashSet::intersection String 10k 50% overlap") ok
time (mean ± σ)         range (min … max) 
 351.37 µs ±  17.03 µs   324.14 µs … 364.10 µs  in 10 ×    272 runs
[moonbitlang/core] bench hashset/set_algebra_bench_test.mbt:47 ("bench HashSet::difference String 10k 50% overlap") ok
time (mean ± σ)         range (min … max) 
 318.10 µs ±   4.96 µs   314.02 µs … 329.75 µs  in 10 ×    303 runs
[moonbitlang/core] bench hashset/set_algebra_bench_test.mbt:54 ("bench HashSet::is_subset String 10k true") ok
time (mean ± σ)         range (min … max) 
 208.72 µs ±   2.89 µs   206.26 µs … 213.20 µs  in 10 ×    483 runs
[moonbitlang/core] bench hashset/set_algebra_bench_test.mbt:61 ("bench HashSet == String 10k") ok
time (mean ± σ)         range (min … max) 
 205.23 µs ±   1.41 µs   203.25 µs … 206.78 µs  in 10 ×    470 runs
[moonbitlang/core] bench hashset/set_algebra_bench_test.mbt:68 ("bench HashSet == Int 10k") ok
time (mean ± σ)         range (min … max) 
  82.52 µs ±  13.17 µs    68.71 µs …  97.96 µs  in 10 ×    979 runs
[moonbitlang/core] bench hashset/hashset_bench_test.mbt:19 ("bench HashSet::add n=50000") ok
time (mean ± σ)         range (min … max) 
   2.32 ms ±  26.37 µs     2.29 ms …   2.36 ms  in 10 ×     44 runs
[moonbitlang/core] bench hashset/hashset_bench_test.mbt:30 ("bench HashSet::contains n=50000") ok
time (mean ± σ)         range (min … max) 
   1.07 ms ±   2.80 µs     1.07 ms …   1.08 ms  in 10 ×     94 runs
[moonbitlang/core] bench hashset/hashset_bench_test.mbt:56 ("bench HashSet::filter n=50000") ok
time (mean ± σ)         range (min … max) 
 463.49 µs ±   1.42 µs   461.33 µs … 465.22 µs  in 10 ×    215 runs
[moonbitlang/core] bench hashset/hashset_bench_test.mbt:62 ("bench HashSet comprehension filter n=50000") ok
time (mean ± σ)         range (min … max) 
   1.42 ms ±   3.07 µs     1.41 ms …   1.42 ms  in 10 ×     71 runs
[moonbitlang/core] bench immut/hashmap/update_bench_test.mbt:21 ("bench HashMap::remove absent x1000 n=100000") ok
time (mean ± σ)         range (min … max) 
  45.58 µs ± 236.11 ns    45.25 µs …  45.79 µs  in 10 ×   2210 runs
[moonbitlang/core] bench immut/hashmap/update_bench_test.mbt:32 ("bench HashMap::remove present x1000 n=100000") ok
time (mean ± σ)         range (min … max) 
 203.81 µs ± 805.50 ns   202.41 µs … 204.97 µs  in 10 ×    486 runs
[moonbitlang/core] bench immut/hashmap/update_bench_test.mbt:43 ("bench HashMap::union with a derived version n=100000") ok
time (mean ± σ)         range (min … max) 
 989.00 ns ±   0.52 ns   988.41 ns … 990.07 ns  in 10 × 100000 runs
[moonbitlang/core] bench immut/hashmap/update_bench_test.mbt:49 ("bench HashMap::intersection with a derived version n=100000") ok
time (mean ± σ)         range (min … max) 
 952.04 ns ±   0.49 ns   951.36 ns … 953.02 ns  in 10 × 100000 runs
[moonbitlang/core] bench immut/hashmap/hashmap_build_bench_test.mbt:37 ("bench HashMap constructor ordered n=10000") ok
time (mean ± σ)         range (min … max) 
   1.30 ms ±  10.13 µs     1.29 ms …   1.32 ms  in 10 ×     77 runs
[moonbitlang/core] bench immut/hashmap/hashmap_build_bench_test.mbt:43 ("bench HashMap constructor random n=10000") ok
time (mean ± σ)         range (min … max) 
   1.36 ms ±  12.16 µs     1.35 ms …   1.39 ms  in 10 ×     73 runs
[moonbitlang/core] bench immut/hashmap/hashmap_build_bench_test.mbt:49 ("bench HashMap::from_iter random n=10000") ok
time (mean ± σ)         range (min … max) 
   1.41 ms ±  12.02 µs     1.39 ms …   1.43 ms  in 10 ×     72 runs
[moonbitlang/core] bench immut/hashset/update_bench_test.mbt:21 ("bench HashSet::add existing x1000 n=100000") ok
time (mean ± σ)         range (min … max) 
  55.22 µs ± 219.38 ns    54.61 µs …  55.38 µs  in 10 ×   1867 runs
[moonbitlang/core] bench immut/hashset/update_bench_test.mbt:32 ("bench HashSet::remove absent x1000 n=100000") ok
time (mean ± σ)         range (min … max) 
  45.47 µs ± 211.14 ns    45.05 µs …  45.61 µs  in 10 ×   2198 runs
[moonbitlang/core] bench immut/hashset/update_bench_test.mbt:43 ("bench HashSet::add new x1000 n=100000") ok
time (mean ± σ)         range (min … max) 
 186.91 µs ±   3.91 µs   183.17 µs … 192.39 µs  in 10 ×    547 runs
[moonbitlang/core] bench immut/hashset/update_bench_test.mbt:54 ("bench HashSet::union with a derived version n=100000") ok
time (mean ± σ)         range (min … max) 
 717.18 ns ±   1.13 ns   715.73 ns … 718.78 ns  in 10 × 100000 runs
[moonbitlang/core] bench immut/hashset/hashset_build_bench_test.mbt:34 ("bench HashSet constructor ordered n=10000") ok
time (mean ± σ)         range (min … max) 
   1.31 ms ±   5.77 µs     1.30 ms …   1.32 ms  in 10 ×     76 runs
[moonbitlang/core] bench immut/hashset/hashset_build_bench_test.mbt:40 ("bench HashSet constructor random n=10000") ok
time (mean ± σ)         range (min … max) 
   1.32 ms ±  13.49 µs     1.30 ms …   1.35 ms  in 10 ×     76 runs
[moonbitlang/core] bench immut/hashset/hashset_build_bench_test.mbt:46 ("bench HashSet::from_iter random n=10000") ok
time (mean ± σ)         range (min … max) 
   1.37 ms ±   9.36 µs     1.36 ms …   1.40 ms  in 10 ×     73 runs
[moonbitlang/core] bench immut/priority_queue/priority_queue_build_bench_test.mbt:38 ("bench PriorityQueue::from_array ordered n=10000") ok
time (mean ± σ)         range (min … max) 
 101.14 µs ±   1.61 µs   100.06 µs … 105.53 µs  in 10 ×    922 runs
[moonbitlang/core] bench immut/priority_queue/priority_queue_build_bench_test.mbt:44 ("bench PriorityQueue::from_array reverse n=10000") ok
time (mean ± σ)         range (min … max) 
  89.94 µs ± 275.85 ns    89.60 µs …  90.35 µs  in 10 ×   1112 runs
[moonbitlang/core] bench immut/priority_queue/priority_queue_build_bench_test.mbt:50 ("bench PriorityQueue::from_array random n=10000") ok
time (mean ± σ)         range (min … max) 
  98.32 µs ±   1.37 µs    97.25 µs … 102.13 µs  in 10 ×    948 runs
[moonbitlang/core] bench immut/priority_queue/priority_queue_build_bench_test.mbt:56 ("bench PriorityQueue::from_iter random n=10000") ok
time (mean ± σ)         range (min … max) 
 111.77 µs ± 679.03 ns   111.20 µs … 113.56 µs  in 10 ×    868 runs
[moonbitlang/core] bench immut/sorted_map/sorted_map_build_bench_test.mbt:54 ("bench SortedMap constructor reverse n=10000") ok
time (mean ± σ)         range (min … max) 
 133.94 µs ± 323.77 ns   133.51 µs … 134.41 µs  in 10 ×    748 runs
[moonbitlang/core] bench immut/sorted_map/sorted_map_build_bench_test.mbt:60 ("bench SortedMap::from_iter ordered n=10000") ok
time (mean ± σ)         range (min … max) 
   4.04 ms ±  24.16 µs     4.01 ms …   4.09 ms  in 10 ×     25 runs
[moonbitlang/core] bench immut/sorted_map/sorted_map_build_bench_test.mbt:66 ("bench SortedMap::from_iter almost ordered n=10000") ok
time (mean ± σ)         range (min … max) 
   4.05 ms ±  34.10 µs     4.01 ms …   4.10 ms  in 10 ×     25 runs
[moonbitlang/core] bench immut/sorted_map/sorted_map_build_bench_test.mbt:72 ("bench SortedMap::from_iter random n=10000") ok
time (mean ± σ)         range (min … max) 
   1.93 ms ±  10.58 µs     1.91 ms …   1.94 ms  in 10 ×     53 runs
[moonbitlang/core] bench immut/sorted_map/sorted_map_build_bench_test.mbt:78 ("bench SortedMap constructor ordered n=10000") ok
time (mean ± σ)         range (min … max) 
 136.23 µs ± 447.26 ns   135.41 µs … 136.90 µs  in 10 ×    729 runs
[moonbitlang/core] bench immut/sorted_map/sorted_map_build_bench_test.mbt:84 ("bench SortedMap constructor almost ordered n=10000") ok
time (mean ± σ)         range (min … max) 
 268.66 µs ± 766.86 ns   267.67 µs … 269.82 µs  in 10 ×    374 runs
[moonbitlang/core] bench immut/sorted_map/sorted_map_build_bench_test.mbt:90 ("bench SortedMap constructor random n=10000") ok
time (mean ± σ)         range (min … max) 
 885.80 µs ±   4.77 µs   879.06 µs … 893.84 µs  in 10 ×    112 runs
[moonbitlang/core] bench immut/sorted_map/merge_bench_test.mbt:29 ("bench merge disjoint n=1000") ok
time (mean ± σ)         range (min … max) 
   3.75 µs ±   8.92 ns     3.74 µs …   3.77 µs  in 10 ×  26163 runs
[moonbitlang/core] bench immut/sorted_map/merge_bench_test.mbt:36 ("bench merge disjoint n=5000") ok
time (mean ± σ)         range (min … max) 
   5.62 µs ±  60.07 ns     5.56 µs …   5.73 µs  in 10 ×  17812 runs
[moonbitlang/core] bench immut/sorted_map/merge_bench_test.mbt:43 ("bench merge disjoint n=10000") ok
time (mean ± σ)         range (min … max) 
   6.69 µs ±  53.31 ns     6.63 µs …   6.77 µs  in 10 ×  14960 runs
[moonbitlang/core] bench immut/sorted_map/merge_bench_test.mbt:50 ("bench merge overlapping 50% n=1000") ok
time (mean ± σ)         range (min … max) 
  10.85 µs ±  18.54 ns    10.82 µs …  10.87 µs  in 10 ×   9113 runs
[moonbitlang/core] bench immut/sorted_map/merge_bench_test.mbt:57 ("bench merge overlapping 50% n=5000") ok
time (mean ± σ)         range (min … max) 
  50.70 µs ± 124.97 ns    50.56 µs …  50.92 µs  in 10 ×   1969 runs
[moonbitlang/core] bench immut/sorted_map/merge_bench_test.mbt:64 ("bench merge overlapping 50% n=10000") ok
time (mean ± σ)         range (min … max) 
  89.41 µs ± 348.55 ns    88.75 µs …  90.00 µs  in 10 ×   1116 runs
[moonbitlang/core] bench immut/sorted_map/merge_bench_test.mbt:71 ("bench merge identical n=1000") ok
time (mean ± σ)         range (min … max) 
  10.88 µs ±  15.26 ns    10.87 µs …  10.92 µs  in 10 ×   9183 runs
[moonbitlang/core] bench immut/sorted_map/merge_bench_test.mbt:78 ("bench merge identical n=5000") ok
time (mean ± σ)         range (min … max) 
  56.16 µs ± 128.10 ns    55.95 µs …  56.36 µs  in 10 ×   1779 runs
[moonbitlang/core] bench immut/sorted_map/merge_bench_test.mbt:85 ("bench merge interleaved n=1000") ok
time (mean ± σ)         range (min … max) 
  54.48 µs ± 166.89 ns    54.24 µs …  54.73 µs  in 10 ×   1837 runs
[moonbitlang/core] bench immut/sorted_map/merge_bench_test.mbt:92 ("bench merge interleaved n=5000") ok
time (mean ± σ)         range (min … max) 
 306.31 µs ±   1.05 µs   304.56 µs … 307.76 µs  in 10 ×    327 runs
[moonbitlang/core] bench immut/sorted_map/merge_bench_test.mbt:99 ("bench merge small into large n=100+10000") ok
time (mean ± σ)         range (min … max) 
   5.02 µs ±  45.55 ns     4.96 µs …   5.10 µs  in 10 ×  19969 runs
[moonbitlang/core] bench immut/sorted_set/sorted_set_build_bench_test.mbt:51 ("bench SortedSet constructor reverse n=10000") ok
time (mean ± σ)         range (min … max) 
 117.46 µs ± 527.04 ns   116.92 µs … 118.54 µs  in 10 ×    844 runs
[moonbitlang/core] bench immut/sorted_set/sorted_set_build_bench_test.mbt:57 ("bench SortedSet::from_iter ordered n=10000") ok
time (mean ± σ)         range (min … max) 
   3.07 ms ±  19.82 µs     3.05 ms …   3.10 ms  in 10 ×     33 runs
[moonbitlang/core] bench immut/sorted_set/sorted_set_build_bench_test.mbt:63 ("bench SortedSet::from_iter almost ordered n=10000") ok
time (mean ± σ)         range (min … max) 
   3.07 ms ±  17.08 µs     3.05 ms …   3.10 ms  in 10 ×     33 runs
[moonbitlang/core] bench immut/sorted_set/sorted_set_build_bench_test.mbt:69 ("bench SortedSet::from_iter rev almost ordered n=10000") ok
time (mean ± σ)         range (min … max) 
   3.38 ms ±  25.61 µs     3.36 ms …   3.43 ms  in 10 ×     30 runs
[moonbitlang/core] bench immut/sorted_set/sorted_set_build_bench_test.mbt:75 ("bench SortedSet::from_iter random n=10000") ok
time (mean ± σ)         range (min … max) 
   1.78 ms ±   5.61 µs     1.77 ms …   1.79 ms  in 10 ×     57 runs
[moonbitlang/core] bench immut/sorted_set/sorted_set_build_bench_test.mbt:81 ("bench SortedSet constructor ordered n=10000") ok
time (mean ± σ)         range (min … max) 
 119.85 µs ± 891.88 ns   118.96 µs … 121.78 µs  in 10 ×    826 runs
[moonbitlang/core] bench immut/sorted_set/sorted_set_build_bench_test.mbt:87 ("bench SortedSet constructor almost ordered n=10000") ok
time (mean ± σ)         range (min … max) 
 182.92 µs ±   1.09 µs   181.64 µs … 184.89 µs  in 10 ×    545 runs
[moonbitlang/core] bench immut/sorted_set/sorted_set_build_bench_test.mbt:93 ("bench SortedSet constructor random n=10000") ok
time (mean ± σ)         range (min … max) 
 530.27 µs ±   1.87 µs   527.50 µs … 532.92 µs  in 10 ×    184 runs
[moonbitlang/core] bench immut/vector/vector_iter_bench_test.mbt:24 ("bench Vector::iter fold n=100000") ok
time (mean ± σ)         range (min … max) 
 637.85 µs ± 285.22 ns   637.48 µs … 638.28 µs  in 10 ×    148 runs
[moonbitlang/core] bench immut/vector/vector_iter_bench_test.mbt:30 ("bench Vector::iter each n=100000") ok
time (mean ± σ)         range (min … max) 
 634.83 µs ± 530.24 ns   634.20 µs … 635.91 µs  in 10 ×    154 runs
[moonbitlang/core] bench immut/vector/vector_iter_bench_test.mbt:40 ("bench Vector::iter to_array n=100000") ok
time (mean ± σ)         range (min … max) 
   1.41 ms ± 161.72 µs     1.15 ms …   1.52 ms  in 10 ×     88 runs
[moonbitlang/core] bench immut/vector/vector_iter_bench_test.mbt:46 ("bench Vector::for-in n=100000") ok
time (mean ± σ)         range (min … max) 
 635.47 µs ± 684.65 ns   634.55 µs … 636.51 µs  in 10 ×    158 runs
[moonbitlang/core] bench immut/vector/vector_contains_bench_test.mbt:24 ("bench Vector::contains missing n=100000") ok
time (mean ± σ)         range (min … max) 
  89.03 µs ±  54.65 ns    88.89 µs …  89.08 µs  in 10 ×   1129 runs
[moonbitlang/core] bench immut/vector/vector_contains_bench_test.mbt:30 ("bench Vector::contains tree-end n=100000") ok
time (mean ± σ)         range (min … max) 
  91.95 µs ± 398.69 ns    91.23 µs …  92.41 µs  in 10 ×   1091 runs
[moonbitlang/core] bench immut/vector/vector_contains_bench_test.mbt:36 ("bench Vector::contains tail-end n=100000") ok
time (mean ± σ)         range (min … max) 
  91.20 µs ±  65.08 ns    91.09 µs …  91.31 µs  in 10 ×   1100 runs
[moonbitlang/core] bench internal/strconv/parse_double_bench_test.mbt:48 ("bench parse_double fast digits n=4096") ok
time (mean ± σ)         range (min … max) 
 650.93 µs ± 948.89 ns   649.81 µs … 652.74 µs  in 10 ×    150 runs
[moonbitlang/core] bench internal/strconv/parse_double_bench_test.mbt:55 ("bench parse_double underscores n=4096") ok
time (mean ± σ)         range (min … max) 
 978.69 µs ±   4.05 µs   974.91 µs … 988.31 µs  in 10 ×     95 runs
[moonbitlang/core] bench internal/strconv/parse_double_bench_test.mbt:62 ("bench parse_double long mantissa n=4096") ok
time (mean ± σ)         range (min … max) 
   2.49 ms ±   4.56 µs     2.49 ms …   2.50 ms  in 10 ×     40 runs
[moonbitlang/core] bench json/stringify_indent_bench_test.mbt:45 ("bench Json::stringify deep wide indent=2 n=10000") ok
time (mean ± σ)         range (min … max) 
 249.20 µs ± 234.59 ns   248.65 µs … 249.43 µs  in 10 ×    404 runs
[moonbitlang/core] bench json/stringify_indent_bench_test.mbt:54 ("bench Json::stringify compact n=10000") ok
time (mean ± σ)         range (min … max) 
 184.23 µs ± 271.20 ns   183.89 µs … 184.69 µs  in 10 ×    544 runs
[moonbitlang/core] bench json/stringify_indent_bench_test.mbt:60 ("bench Json::stringify shallow wide indent=2 n=500") ok
time (mean ± σ)         range (min … max) 
 256.46 µs ± 339.14 ns   256.09 µs … 256.98 µs  in 10 ×    390 runs
[moonbitlang/core] bench json/stringify_indent_bench_test.mbt:66 ("bench Json::stringify shallow wide compact n=500") ok
time (mean ± σ)         range (min … max) 
 192.90 µs ± 179.65 ns   192.63 µs … 193.15 µs  in 10 ×    511 runs
[moonbitlang/core] bench json/stringify_escape_bench_test.mbt:24 ("bench Json::stringify strings no escape n=2048") ok
time (mean ± σ)         range (min … max) 
 171.86 µs ± 403.02 ns   171.53 µs … 172.93 µs  in 10 ×    581 runs
[moonbitlang/core] bench json/stringify_escape_bench_test.mbt:30 ("bench Json::stringify strings slash no escape n=2048") ok
time (mean ± σ)         range (min … max) 
 171.92 µs ± 754.67 ns   171.26 µs … 173.96 µs  in 10 ×    582 runs
[moonbitlang/core] bench json/stringify_escape_bench_test.mbt:36 ("bench Json::stringify strings slash escaped n=2048") ok
time (mean ± σ)         range (min … max) 
 452.22 µs ± 731.78 ns   450.61 µs … 452.79 µs  in 10 ×    223 runs
[moonbitlang/core] bench json/stringify_escape_bench_test.mbt:42 ("bench Json::stringify strings quotes controls n=2048") ok
time (mean ± σ)         range (min … max) 
 387.27 µs ± 208.77 ns   386.89 µs … 387.68 µs  in 10 ×    259 runs
[moonbitlang/core] bench json/stringify_escape_bench_test.mbt:48 ("bench Json::stringify 2KB prose one newline n=64") ok
time (mean ± σ)         range (min … max) 
 295.01 µs ±   1.28 µs   291.85 µs … 296.00 µs  in 10 ×    339 runs
[moonbitlang/core] bench json/parse_bench_test.mbt:45 ("bench json parse mixed object array n=1000") ok
time (mean ± σ)         range (min … max) 
   1.56 ms ±   6.23 µs     1.55 ms …   1.57 ms  in 10 ×     64 runs
[moonbitlang/core] bench json/number_bench_test.mbt:64 ("bench json parse int array n=10000") ok
time (mean ± σ)         range (min … max) 
   1.10 ms ±   3.68 µs     1.09 ms …   1.10 ms  in 10 ×     91 runs
[moonbitlang/core] bench json/number_bench_test.mbt:70 ("bench json parse float array n=10000") ok
time (mean ± σ)         range (min … max) 
   2.09 ms ±  66.62 µs     2.03 ms …   2.21 ms  in 10 ×     49 runs
[moonbitlang/core] bench json/number_bench_test.mbt:76 ("bench json parse long mantissa array n=10000") ok
time (mean ± σ)         range (min … max) 
   7.32 ms ± 360.36 µs     7.06 ms …   8.00 ms  in 10 ×     15 runs
[moonbitlang/core] bench json/json_inspect_bench_test.mbt:16 ("bench json_inspect passing Int") ok
time (mean ± σ)         range (min … max) 
  22.44 ns ±   0.12 ns    22.19 ns …  22.66 ns  in 10 × 100000 runs
[moonbitlang/core] bench lazy_list/concat_bench_test.mbt:40 ("bench LazyList build and traverse n=2048") ok
time (mean ± σ)         range (min … max) 
  66.53 µs ± 238.93 ns    66.20 µs …  66.87 µs  in 10 ×   1496 runs
[moonbitlang/core] bench lazy_list/concat_bench_test.mbt:49 ("bench LazyList re-traverse a forced list n=2048") ok
time (mean ± σ)         range (min … max) 
  33.87 µs ±  41.67 ns    33.82 µs …  33.95 µs  in 10 ×   2963 runs
[moonbitlang/core] bench lazy_list/concat_bench_test.mbt:57 ("bench LazyList left-nested concat, build only n=2048") ok
time (mean ± σ)         range (min … max) 
  79.55 µs ± 110.86 ns    79.47 µs …  79.76 µs  in 10 ×   1251 runs
[moonbitlang/core] bench lazy_list/concat_bench_test.mbt:62 ("bench LazyList left-nested concat, build and traverse n=2048") ok
time (mean ± σ)         range (min … max) 
 277.18 µs ± 904.52 ns   275.93 µs … 278.49 µs  in 10 ×    362 runs
[moonbitlang/core] bench lazy_list/concat_bench_test.mbt:69 ("bench LazyList concat while consuming n=2048") ok
time (mean ± σ)         range (min … max) 
 170.70 µs ± 548.93 ns   170.03 µs … 171.47 µs  in 10 ×    584 runs
[moonbitlang/core] bench lexbuf/lexbuf_bench_test.mbt:47 ("bench Lexbuf retained token chunks=10000 size=1") ok
time (mean ± σ)         range (min … max) 
 556.99 µs ± 681.99 ns   556.15 µs … 557.85 µs  in 10 ×    180 runs
[moonbitlang/core] bench lexbuf/lexbuf_bench_test.mbt:52 ("bench Lexbuf retained token chunks=1250 size=8") ok
time (mean ± σ)         range (min … max) 
 103.13 µs ± 133.41 ns   102.96 µs … 103.34 µs  in 10 ×    876 runs
[moonbitlang/core] bench lexbuf/lexbuf_bench_test.mbt:57 ("bench Lexbuf retained token chunks=157 size=64") ok
time (mean ± σ)         range (min … max) 
  61.81 µs ± 106.73 ns    61.70 µs …  61.98 µs  in 10 ×   1613 runs
[moonbitlang/core] bench lexbuf/lexbuf_bench_test.mbt:62 ("bench Lexbuf retained token chunks=20 size=512") ok
time (mean ± σ)         range (min … max) 
  51.12 µs ±  23.77 ns    51.08 µs …  51.16 µs  in 10 ×   1955 runs
[moonbitlang/core] bench quickcheck/shrink_collection_bench_test.mbt:16 ("bench shrink Array first candidate size=10000") ok
time (mean ± σ)         range (min … max) 
 147.69 ns ±   0.30 ns   147.19 ns … 148.03 ns  in 10 × 100000 runs
[moonbitlang/core] bench quickcheck/shrink_collection_bench_test.mbt:22 ("bench shrink List first candidate size=10000") ok
time (mean ± σ)         range (min … max) 
  83.84 µs ± 311.60 ns    83.25 µs …  84.16 µs  in 10 ×   1189 runs
[moonbitlang/core] bench quickcheck/generator_bench_test.mbt:16 ("bench Generator::zip_with n=1000000") ok
time (mean ± σ)         range (min … max) 
 256.15 ms ±   1.02 ms   255.37 ms … 257.92 ms  in 10 ×      1 runs
[moonbitlang/core] bench quickcheck/arbitrary_string_bench_test.mbt:16 ("bench Arbitrary String size=10000 count=100") ok
time (mean ± σ)         range (min … max) 
  61.49 ms ±  99.79 µs    61.38 ms …  61.66 ms  in 10 ×      2 runs
[moonbitlang/core] bench random/random_test.mbt:409 ("bench random") ok
time (mean ± σ)         range (min … max) 
 241.24 ms ± 207.99 µs   240.92 ms … 241.54 ms  in 10 ×      1 runs
[moonbitlang/core] bench set/set_algebra_bench_test.mbt:26 ("bench Set::union String 10k 50% overlap") ok
time (mean ± σ)         range (min … max) 
 705.42 µs ±   6.03 µs   698.54 µs … 715.58 µs  in 10 ×    144 runs
[moonbitlang/core] bench set/set_algebra_bench_test.mbt:33 ("bench Set::union Int 10k 50% overlap") ok
time (mean ± σ)         range (min … max) 
 659.29 µs ±   7.46 µs   651.50 µs … 670.96 µs  in 10 ×    153 runs
[moonbitlang/core] bench set/set_algebra_bench_test.mbt:40 ("bench Set::intersection String 10k 50% overlap") ok
time (mean ± σ)         range (min … max) 
 332.88 µs ±   3.41 µs   327.41 µs … 337.98 µs  in 10 ×    287 runs
[moonbitlang/core] bench set/set_algebra_bench_test.mbt:47 ("bench Set::difference String 10k 50% overlap") ok
time (mean ± σ)         range (min … max) 
 363.60 µs ±  18.43 µs   348.09 µs … 388.89 µs  in 10 ×    256 runs
[moonbitlang/core] bench set/set_algebra_bench_test.mbt:54 ("bench Set::is_subset String 10k true") ok
time (mean ± σ)         range (min … max) 
 170.72 µs ±   3.80 µs   164.97 µs … 173.58 µs  in 10 ×    578 runs
[moonbitlang/core] bench set/set_algebra_bench_test.mbt:61 ("bench Set == String 10k") ok
time (mean ± σ)         range (min … max) 
 168.49 µs ±   4.17 µs   162.59 µs … 172.73 µs  in 10 ×    578 runs
[moonbitlang/core] bench set/set_algebra_bench_test.mbt:68 ("bench Set == Int 10k") ok
time (mean ± σ)         range (min … max) 
 121.48 µs ±   9.66 µs   105.51 µs … 127.82 µs  in 10 ×    988 runs
[moonbitlang/core] bench set/linked_hash_set_bench_test.mbt:19 ("bench Set::add n=50000") ok
time (mean ± σ)         range (min … max) 
   3.40 ms ±  70.36 µs     3.29 ms …   3.51 ms  in 10 ×     30 runs
[moonbitlang/core] bench set/linked_hash_set_bench_test.mbt:30 ("bench Set::contains n=50000") ok
time (mean ± σ)         range (min … max) 
   1.05 ms ±   5.84 µs     1.04 ms …   1.06 ms  in 10 ×     94 runs
[moonbitlang/core] bench set/linked_hash_set_bench_test.mbt:47 ("bench Set::contains miss n=50000") ok
time (mean ± σ)         range (min … max) 
   1.12 ms ±   2.71 µs     1.12 ms …   1.13 ms  in 10 ×     88 runs
[moonbitlang/core] bench set/linked_hash_set_bench_test.mbt:67 ("bench Set::add+remove n=50000") ok
time (mean ± σ)         range (min … max) 
   4.31 ms ±  18.03 µs     4.30 ms …   4.36 ms  in 10 ×     24 runs
[moonbitlang/core] bench set/linked_hash_set_bench_test.mbt:86 ("bench Set::filter n=50000") ok
time (mean ± σ)         range (min … max) 
 469.74 µs ±   3.15 µs   465.68 µs … 473.58 µs  in 10 ×    214 runs
[moonbitlang/core] bench set/linked_hash_set_bench_test.mbt:92 ("bench Set comprehension filter n=50000") ok
time (mean ± σ)         range (min … max) 
   1.36 ms ±   1.55 µs     1.36 ms …   1.36 ms  in 10 ×     74 runs
[moonbitlang/core] bench sorted_set/sorted_set_bench_test.mbt:22 ("bench SortedSet::to_array Int n=50000") ok
time (mean ± σ)         range (min … max) 
 388.24 µs ± 356.06 ns   387.81 µs … 388.86 µs  in 10 ×    252 runs
[moonbitlang/core] bench sorted_set/sorted_set_bench_test.mbt:30 ("bench SortedSet::to_array Ref n=50000") ok
time (mean ± σ)         range (min … max) 
 376.05 µs ± 716.30 ns   374.91 µs … 377.14 µs  in 10 ×    261 runs
[moonbitlang/core] bench string/regex_bench_test.mbt:16 ("bench regex /aa?b/ on 1MB string") ok
time (mean ± σ)         range (min … max) 
   5.92 ms ±   2.15 µs     5.92 ms …   5.92 ms  in 10 ×     17 runs
[moonbitlang/core] bench string/regex_bench_test.mbt:23 ("bench regex phone lines") ok
time (mean ± σ)         range (min … max) 
   4.23 µs ±   3.85 ns     4.23 µs …   4.24 µs  in 10 ×  23636 runs
[moonbitlang/core] bench string/regex_bench_test.mbt:43 ("bench regex large pattern") ok
time (mean ± σ)         range (min … max) 
   3.44 ms ±   3.05 µs     3.43 ms …   3.44 ms  in 10 ×     30 runs
[moonbitlang/core] bench v128/v128_bench_test.mbt:32 ("bench V128 i64x2_add n=10000") ok
time (mean ± σ)         range (min … max) 
 439.44 µs ±   3.70 µs   435.34 µs … 444.24 µs  in 10 ×    228 runs
[moonbitlang/core] bench v128/v128_bench_test.mbt:44 ("bench V128 i32x4_add n=10000") ok
time (mean ± σ)         range (min … max) 
   2.73 ms ±  11.61 µs     2.72 ms …   2.75 ms  in 10 ×     37 runs
[moonbitlang/core] bench v128/v128_bench_test.mbt:56 ("bench V128 i8x16_add n=10000") ok
time (mean ± σ)         range (min … max) 
  12.49 ms ±  40.15 µs    12.45 ms …  12.56 ms  in 10 ×      9 runs
[moonbitlang/core] bench v128/v128_bench_test.mbt:68 ("bench V128 i8x16_splat n=10000") ok
time (mean ± σ)         range (min … max) 
  14.36 ms ± 285.07 µs    14.20 ms …  14.94 ms  in 10 ×      7 runs
[moonbitlang/core] bench v128/v128_bench_test.mbt:79 ("bench V128 i8x16_extract_lane_u n=10000") ok
time (mean ± σ)         range (min … max) 
 257.70 µs ±   8.11 µs   249.23 µs … 274.20 µs  in 10 ×    352 runs
[moonbitlang/core] bench v128/v128_bench_test.mbt:93 ("bench V128 i8x16_replace_lane n=10000") ok
time (mean ± σ)         range (min … max) 
 704.66 µs ±   9.40 µs   696.80 µs … 719.53 µs  in 10 ×    138 runs
[moonbitlang/core] bench v128/v128_bench_test.mbt:108 ("bench V128 i8x16_bitmask n=10000") ok
time (mean ± σ)         range (min … max) 
   4.36 ms ±   8.85 µs     4.34 ms …   4.37 ms  in 10 ×     23 runs
[moonbitlang/core] bench v128/v128_bench_test.mbt:120 ("bench V128 load/store n=10000") ok
time (mean ± σ)         range (min … max) 
   5.51 ms ±  71.42 µs     5.36 ms …   5.61 ms  in 10 ×     19 runs
[moonbitlang/core] bench v128/v128_bench_test.mbt:135 ("bench V128 load8x8_u n=10000") ok
time (mean ± σ)         range (min … max) 
   2.41 ms ±  59.21 µs     2.34 ms …   2.49 ms  in 10 ×     41 runs
[moonbitlang/core] bench v128/v128_bench_test.mbt:147 ("bench V128 load8x8_s n=10000") ok
time (mean ± σ)         range (min … max) 
   2.47 ms ±  59.83 µs     2.41 ms …   2.55 ms  in 10 ×     39 runs
[moonbitlang/core] bench v128/v128_bench_test.mbt:159 ("bench V128 load16x4_u n=10000") ok
time (mean ± σ)         range (min … max) 
   1.90 ms ±  42.31 µs     1.86 ms …   1.94 ms  in 10 ×     51 runs
[moonbitlang/core] bench v128/v128_bench_test.mbt:171 ("bench V128 load16x4_s n=10000") ok
time (mean ± σ)         range (min … max) 
   1.96 ms ±  47.18 µs     1.90 ms …   2.02 ms  in 10 ×     51 runs
[moonbitlang/core] bench v128/v128_bench_test.mbt:183 ("bench V128 load32x2_u n=10000") ok
time (mean ± σ)         range (min … max) 
   1.69 ms ±  37.88 µs     1.64 ms …   1.73 ms  in 10 ×     58 runs
[moonbitlang/core] bench v128/v128_bench_test.mbt:195 ("bench V128 load32x2_s n=10000") ok
time (mean ± σ)         range (min … max) 
   1.71 ms ±  32.27 µs     1.67 ms …   1.75 ms  in 10 ×     57 runs
[moonbitlang/core] bench v128/v128_bench_test.mbt:207 ("bench V128 load_splat n=10000") ok
time (mean ± σ)         range (min … max) 
   7.97 ms ± 174.84 µs     7.67 ms …   8.15 ms  in 10 ×     13 runs
[moonbitlang/core] bench v128/v128_bench_test.mbt:223 ("bench V128 load8_lane n=10000") ok
time (mean ± σ)         range (min … max) 
 703.45 µs ±  12.19 µs   693.60 µs … 721.51 µs  in 10 ×    138 runs
[moonbitlang/core] bench v128/v128_bench_test.mbt:235 ("bench V128 load16_lane n=10000") ok
time (mean ± σ)         range (min … max) 
 715.43 µs ±  15.53 µs   702.66 µs … 740.02 µs  in 10 ×    136 runs
[moonbitlang/core] bench v128/v128_bench_test.mbt:247 ("bench V128 load32_lane n=10000") ok
time (mean ± σ)         range (min … max) 
 710.90 µs ±  12.01 µs   697.19 µs … 726.99 µs  in 10 ×    138 runs
[moonbitlang/core] bench v128/v128_bench_test.mbt:259 ("bench V128 load64_lane n=10000") ok
time (mean ± σ)         range (min … max) 
   1.14 ms ±  28.35 µs     1.11 ms …   1.17 ms  in 10 ×     86 runs
[moonbitlang/core] bench v128/v128_bench_test.mbt:271 ("bench V128 extend i8x16 to i16x8 n=10000") ok
time (mean ± σ)         range (min … max) 
   9.89 ms ±   8.76 µs     9.87 ms …   9.90 ms  in 10 ×     11 runs
[moonbitlang/core] bench v128/v128_bench_test.mbt:285 ("bench V128 extend i16x8 to i32x4 n=10000") ok
time (mean ± σ)         range (min … max) 
   4.05 ms ±  17.99 µs     4.03 ms …   4.08 ms  in 10 ×     25 runs
[moonbitlang/core] bench v128/v128_bench_test.mbt:299 ("bench V128 extend i32x4 to i64x2 n=10000") ok
time (mean ± σ)         range (min … max) 
   2.43 ms ±   5.23 µs     2.42 ms …   2.44 ms  in 10 ×     42 runs
[moonbitlang/core] bench v128/v128_bench_test.mbt:313 ("bench V128 all_true n=10000") ok
time (mean ± σ)         range (min … max) 
 758.31 µs ±   6.61 µs   749.11 µs … 767.06 µs  in 10 ×    132 runs
[moonbitlang/core] bench v128/v128_bench_test.mbt:337 ("bench V128 bitmask all widths n=10000") ok
time (mean ± σ)         range (min … max) 
   8.09 ms ±  27.40 µs     8.04 ms …   8.11 ms  in 10 ×     13 runs
[moonbitlang/core] bench v128/v128_bench_test.mbt:353 ("bench V128 swizzle n=10000") ok
time (mean ± σ)         range (min … max) 
  23.81 ms ±  91.44 µs    23.74 ms …  24.01 ms  in 10 ×      5 runs
[moonbitlang/core] bench v128/v128_bench_test.mbt:371 ("bench V128 shuffle n=10000") ok
time (mean ± σ)         range (min … max) 
  18.59 ms ±  72.85 µs    18.53 ms …  18.72 ms  in 10 ×      6 runs
Total tests: 490, passed: 490, failed: 0.
