[moonbitlang/core] bench argparse/globals_bench_test.mbt:16 ("bench parse inherited globals with an override") ok
time (mean ± σ)         range (min … max) 
   2.64 µs ±   8.18 ns     2.63 µs …   2.66 µs  in 10 ×  37857 runs
[moonbitlang/core] bench bench/hash_bench_test.mbt:16 ("bench Hash for Bytes (small)") ok
time (mean ± σ)         range (min … max) 
  13.97 ns ±   0.18 ns    13.73 ns …  14.21 ns  in 10 × 100000 runs
[moonbitlang/core] bench bench/hash_bench_test.mbt:22 ("bench Hash for Bytes (medium)") ok
time (mean ± σ)         range (min … max) 
 147.47 ns ±   0.65 ns   146.86 ns … 148.79 ns  in 10 × 100000 runs
[moonbitlang/core] bench bench/hash_bench_test.mbt:28 ("bench Hash for Bytes (large)") ok
time (mean ± σ)         range (min … max) 
   2.36 µs ±   7.96 ns     2.35 µs …   2.37 µs  in 10 ×  41591 runs
[moonbitlang/core] bench bench/hash_bench_test.mbt:34 ("bench Hash for BytesView (small)") ok
time (mean ± σ)         range (min … max) 
  16.76 ns ±   0.22 ns    16.42 ns …  17.07 ns  in 10 × 100000 runs
[moonbitlang/core] bench bench/hash_bench_test.mbt:41 ("bench Hash for BytesView (medium)") ok
time (mean ± σ)         range (min … max) 
 151.85 ns ±   0.35 ns   151.33 ns … 152.35 ns  in 10 × 100000 runs
[moonbitlang/core] bench bench/hash_bench_test.mbt:48 ("bench Hash for BytesView (large)") ok
time (mean ± σ)         range (min … max) 
   2.50 µs ±   3.61 ns     2.49 µs …   2.50 µs  in 10 ×  40044 runs
[moonbitlang/core] bench bench/hash_bench_test.mbt:55 ("bench Hasher::combine_bytes (small)") ok
time (mean ± σ)         range (min … max) 
  16.09 ns ±   0.19 ns    15.86 ns …  16.49 ns  in 10 × 100000 runs
[moonbitlang/core] bench bench/hash_bench_test.mbt:65 ("bench Hasher::combine_bytes (medium)") ok
time (mean ± σ)         range (min … max) 
 134.67 ns ±   0.26 ns   134.12 ns … 135.00 ns  in 10 × 100000 runs
[moonbitlang/core] bench bench/hash_bench_test.mbt:75 ("bench Hasher::combine_bytes (large)") ok
time (mean ± σ)         range (min … max) 
   2.19 µs ±   5.01 ns     2.18 µs …   2.20 µs  in 10 ×  45485 runs
[moonbitlang/core] bench bigint/to_string_radix_bench_test.mbt:23 ("bench bigint to_string radix=7 (4000 bits)") ok
time (mean ± σ)         range (min … max) 
  32.19 µs ±  81.90 ns    32.07 µs …  32.39 µs  in 10 ×   3069 runs
[moonbitlang/core] bench bigint/to_string_radix_bench_test.mbt:29 ("bench bigint to_string radix=36 (4000 bits)") ok
time (mean ± σ)         range (min … max) 
  36.18 µs ± 109.04 ns    36.04 µs …  36.37 µs  in 10 ×   2748 runs
[moonbitlang/core] bench bigint/to_string_radix_bench_test.mbt:35 ("bench bigint to_string radix=10 reference (4000 bits)") ok
time (mean ± σ)         range (min … max) 
  31.34 µs ± 114.59 ns    31.23 µs …  31.60 µs  in 10 ×   3154 runs
[moonbitlang/core] bench bigint/to_string_bench_test.mbt:30 ("bench BigInt::to_string n=40 digits") ok
time (mean ± σ)         range (min … max) 
 219.71 ns ±   2.39 ns   217.36 ns … 223.28 ns  in 10 × 100000 runs
[moonbitlang/core] bench bigint/to_string_bench_test.mbt:36 ("bench BigInt::to_string n=400 digits") ok
time (mean ± σ)         range (min … max) 
   4.40 µs ±  28.42 ns     4.37 µs …   4.45 µs  in 10 ×  22504 runs
[moonbitlang/core] bench bigint/to_string_bench_test.mbt:42 ("bench BigInt::to_string n=4000 digits") ok
time (mean ± σ)         range (min … max) 
 316.24 µs ± 590.42 ns   315.39 µs … 317.12 µs  in 10 ×    315 runs
[moonbitlang/core] bench bigint/to_string_bench_test.mbt:48 ("bench BigInt::to_string n=40000 digits") ok
time (mean ± σ)         range (min … max) 
  29.59 ms ± 131.64 µs    29.38 ms …  29.79 ms  in 10 ×      4 runs
[moonbitlang/core] bench bigint/to_string_bench_test.mbt:54 ("bench BigInt::to_string n=250000 digits") ok
time (mean ± σ)         range (min … max) 
   1.17 s ±   6.48 ms     1.16 s …   1.18 s  in 10 ×      1 runs
[moonbitlang/core] bench bigint/from_octets_bench_test.mbt:21 ("bench BigInt::from_octets n=64") ok
time (mean ± σ)         range (min … max) 
  65.52 ns ±   4.33 ns    61.19 ns …  71.12 ns  in 10 × 100000 runs
[moonbitlang/core] bench bigint/from_octets_bench_test.mbt:27 ("bench BigInt::from_octets n=1024") ok
time (mean ± σ)         range (min … max) 
 795.76 ns ±  11.00 ns   780.72 ns … 813.98 ns  in 10 × 100000 runs
[moonbitlang/core] bench bigint/division_bench_test.mbt:66 ("bench BigInt balanced division n=4000 digits") ok
time (mean ± σ)         range (min … max) 
 229.66 µs ±   1.00 µs   228.27 µs … 231.59 µs  in 10 ×    436 runs
[moonbitlang/core] bench bigint/division_bench_test.mbt:72 ("bench BigInt balanced division n=40000 digits") ok
time (mean ± σ)         range (min … max) 
  22.17 ms ±  69.18 µs    22.04 ms …  22.23 ms  in 10 ×      5 runs
[moonbitlang/core] bench bigint/division_bench_test.mbt:78 ("bench BigInt balanced division n=250000 digits") ok
time (mean ± σ)         range (min … max) 
 864.45 ms ± 671.15 µs   863.72 ms … 865.40 ms  in 10 ×      1 runs
[moonbitlang/core] bench bigint/division_bench_test.mbt:84 ("bench BigInt unbalanced division q=65536 d=64 limbs") ok
time (mean ± σ)         range (min … max) 
  22.94 ms ± 114.61 µs    22.75 ms …  23.11 ms  in 10 ×      5 runs
[moonbitlang/core] bench bigint/division_bench_test.mbt:90 ("bench BigInt narrow division q=9 d=64 limbs") ok
time (mean ± σ)         range (min … max) 
 935.38 ns ±   5.35 ns   930.80 ns … 948.78 ns  in 10 × 100000 runs
[moonbitlang/core] bench buffer/write_bench_test.mbt:30 ("bench Buffer::write_byte n=4096") ok
time (mean ± σ)         range (min … max) 
   8.61 µs ± 134.83 ns     8.50 µs …   8.81 µs  in 10 ×  11809 runs
[moonbitlang/core] bench buffer/write_bench_test.mbt:42 ("bench Buffer::write_uint16_be n=4096") ok
time (mean ± σ)         range (min … max) 
   9.24 µs ±  48.36 ns     9.15 µs …   9.29 µs  in 10 ×  10768 runs
[moonbitlang/core] bench buffer/write_bench_test.mbt:54 ("bench Buffer::write_uint_le n=4096") ok
time (mean ± σ)         range (min … max) 
  10.85 µs ±   8.76 ns    10.84 µs …  10.87 µs  in 10 ×   9193 runs
[moonbitlang/core] bench buffer/write_bench_test.mbt:66 ("bench Buffer::write_uint64_be n=4096") ok
time (mean ± σ)         range (min … max) 
  15.08 µs ±  20.05 ns    15.05 µs …  15.10 µs  in 10 ×   6630 runs
[moonbitlang/core] bench buffer/write_bench_test.mbt:78 ("bench Buffer::write_char_utf8 ASCII n=4096") ok
time (mean ± σ)         range (min … max) 
   8.45 µs ±   5.01 ns     8.44 µs …   8.46 µs  in 10 ×  11817 runs
[moonbitlang/core] bench buffer/write_bench_test.mbt:90 ("bench Buffer::write_char_utf8 non-BMP n=4096") ok
time (mean ± σ)         range (min … max) 
  13.51 µs ±  18.13 ns    13.49 µs …  13.54 µs  in 10 ×   7405 runs
[moonbitlang/core] bench buffer/write_bench_test.mbt:103 ("bench Buffer::write_char_utf16le BMP n=4096") ok
time (mean ± σ)         range (min … max) 
   9.05 µs ±   6.30 ns     9.05 µs …   9.06 µs  in 10 ×  11017 runs
[moonbitlang/core] bench buffer/write_bench_test.mbt:115 ("bench Buffer::write_string_utf16le chunks n=4096") ok
time (mean ± σ)         range (min … max) 
  78.62 µs ±  44.02 ns    78.55 µs …  78.66 µs  in 10 ×   1274 runs
[moonbitlang/core] bench buffer/write_bench_test.mbt:130 ("bench @buffer.from_array n=4096") ok
time (mean ± σ)         range (min … max) 
   2.84 µs ±  13.56 ns     2.82 µs …   2.86 µs  in 10 ×  35194 runs
[moonbitlang/core] bench builtin/view_bench_test.mbt:34 ("bench ArrayView::at Int n=100000") ok
time (mean ± σ)         range (min … max) 
  86.49 µs ± 712.73 ns    85.00 µs …  87.06 µs  in 10 ×   1147 runs
[moonbitlang/core] bench builtin/view_bench_test.mbt:47 ("bench ArrayView::get Int n=100000") ok
time (mean ± σ)         range (min … max) 
  73.71 µs ±  50.45 ns    73.62 µs …  73.76 µs  in 10 ×   1359 runs
[moonbitlang/core] bench builtin/view_bench_test.mbt:62 ("bench ArrayView::unsafe_get Int n=100000") ok
time (mean ± σ)         range (min … max) 
  61.98 µs ±  79.29 ns    61.85 µs …  62.07 µs  in 10 ×   1610 runs
[moonbitlang/core] bench builtin/view_bench_test.mbt:75 ("bench ArrayView::rev_fold Int n=100000") ok
time (mean ± σ)         range (min … max) 
  60.31 µs ±  46.30 ns    60.23 µs …  60.39 µs  in 10 ×   1655 runs
[moonbitlang/core] bench builtin/view_bench_test.mbt:82 ("bench ArrayView::rev_foldi Int n=100000") ok
time (mean ± σ)         range (min … max) 
  61.06 µs ± 126.97 ns    60.76 µs …  61.20 µs  in 10 ×   1658 runs
[moonbitlang/core] bench builtin/view_bench_test.mbt:91 ("bench ArrayView::equal Int n=100000") ok
time (mean ± σ)         range (min … max) 
  82.63 µs ± 112.25 ns    82.44 µs …  82.77 µs  in 10 ×   1215 runs
[moonbitlang/core] bench builtin/view_bench_test.mbt:99 ("bench ArrayView::compare Int n=100000") ok
time (mean ± σ)         range (min … max) 
 104.83 µs ± 697.53 ns   104.20 µs … 106.08 µs  in 10 ×    955 runs
[moonbitlang/core] bench builtin/view_bench_test.mbt:107 ("bench MutArrayView::at Int n=100000") ok
time (mean ± σ)         range (min … max) 
  85.59 µs ± 834.50 ns    85.01 µs …  86.86 µs  in 10 ×   1176 runs
[moonbitlang/core] bench builtin/view_bench_test.mbt:120 ("bench MutArrayView::unsafe_get Int n=100000") ok
time (mean ± σ)         range (min … max) 
  62.37 µs ± 445.36 ns    61.84 µs …  62.95 µs  in 10 ×   1612 runs
[moonbitlang/core] bench builtin/view_bench_test.mbt:133 ("bench MutArrayView::set Int n=100000") ok
time (mean ± σ)         range (min … max) 
 117.57 µs ± 110.74 ns   117.26 µs … 117.65 µs  in 10 ×    850 runs
[moonbitlang/core] bench builtin/view_bench_test.mbt:145 ("bench MutArrayView::unsafe_set Int n=100000") ok
time (mean ± σ)         range (min … max) 
  62.36 µs ±  96.89 ns    62.25 µs …  62.53 µs  in 10 ×   1605 runs
[moonbitlang/core] bench builtin/view_bench_test.mbt:157 ("bench BytesView::at n=100000") ok
time (mean ± σ)         range (min … max) 
  84.62 µs ± 103.06 ns    84.50 µs …  84.75 µs  in 10 ×   1179 runs
[moonbitlang/core] bench builtin/view_bench_test.mbt:170 ("bench BytesView::unsafe_get n=100000") ok
time (mean ± σ)         range (min … max) 
  56.63 µs ±  98.12 ns    56.50 µs …  56.82 µs  in 10 ×   1753 runs
[moonbitlang/core] bench builtin/stringbuilder_bench_test.mbt:28 ("bench StringBuilder::write_string chunks n=4096") ok
time (mean ± σ)         range (min … max) 
  87.71 µs ±   2.41 µs    83.75 µs …  89.62 µs  in 10 ×   1209 runs
[moonbitlang/core] bench builtin/stringbuilder_bench_test.mbt:41 ("bench StringBuilder::write_view chunks n=4096") ok
time (mean ± σ)         range (min … max) 
  85.04 µs ± 238.87 ns    84.79 µs …  85.53 µs  in 10 ×   1171 runs
[moonbitlang/core] bench builtin/stringbuilder_bench_test.mbt:54 ("bench StringBuilder::write_stringview chunks n=4096") ok
time (mean ± σ)         range (min … max) 
  84.88 µs ± 253.47 ns    84.25 µs …  85.16 µs  in 10 ×   1172 runs
[moonbitlang/core] bench builtin/stringbuilder_bench_test.mbt:67 ("bench StringBuilder::write_char ASCII n=4096") ok
time (mean ± σ)         range (min … max) 
   9.07 µs ± 538.17 ns     8.72 µs …   9.85 µs  in 10 ×  11459 runs
[moonbitlang/core] bench builtin/stringbuilder_bench_test.mbt:79 ("bench StringBuilder::write_char non-BMP n=4096") ok
time (mean ± σ)         range (min … max) 
  11.34 µs ±  17.22 ns    11.32 µs …  11.38 µs  in 10 ×   8792 runs
[moonbitlang/core] bench builtin/stringbuilder_bench_test.mbt:92 ("bench StringBuilder::reset reuse spare capacity n=4096") ok
time (mean ± σ)         range (min … max) 
 141.53 µs ± 971.68 ns   140.56 µs … 142.73 µs  in 10 ×    703 runs
[moonbitlang/core] bench builtin/string_to_upper_bench_test.mbt:61 ("bench String::to_upper short") ok
time (mean ± σ)         range (min … max) 
  32.43 ns ±   0.32 ns    31.80 ns …  32.80 ns  in 10 × 100000 runs
[moonbitlang/core] bench builtin/string_to_upper_bench_test.mbt:66 ("bench String::to_upper long") ok
time (mean ± σ)         range (min … max) 
   1.21 µs ±   5.58 ns     1.20 µs …   1.22 µs  in 10 ×  82686 runs
[moonbitlang/core] bench builtin/string_to_upper_bench_test.mbt:71 ("bench String::to_upper sparse") ok
time (mean ± σ)         range (min … max) 
   1.19 µs ±   5.83 ns     1.17 µs …   1.19 µs  in 10 ×  83911 runs
[moonbitlang/core] bench builtin/string_to_upper_bench_test.mbt:76 ("bench String::to_upper late-lowercase") ok
time (mean ± σ)         range (min … max) 
   1.10 µs ±   3.33 ns     1.10 µs …   1.11 µs  in 10 ×  90625 runs
[moonbitlang/core] bench builtin/string_to_upper_bench_test.mbt:81 ("bench String::to_upper one-unit runs") ok
time (mean ± σ)         range (min … max) 
   1.15 µs ±   3.84 ns     1.14 µs …   1.15 µs  in 10 ×  87036 runs
[moonbitlang/core] bench builtin/string_to_upper_bench_test.mbt:86 ("bench String::to_upper all-lowercase") ok
time (mean ± σ)         range (min … max) 
   1.30 µs ±   4.16 ns     1.30 µs …   1.31 µs  in 10 ×  76630 runs
[moonbitlang/core] bench builtin/string_to_upper_bench_test.mbt:91 ("bench String::to_upper no-change short") ok
time (mean ± σ)         range (min … max) 
  13.88 ns ±   0.15 ns    13.71 ns …  14.06 ns  in 10 × 100000 runs
[moonbitlang/core] bench builtin/string_to_upper_bench_test.mbt:96 ("bench String::to_upper no-change long") ok
time (mean ± σ)         range (min … max) 
 521.14 ns ±   4.89 ns   512.92 ns … 526.13 ns  in 10 × 100000 runs
[moonbitlang/core] bench builtin/string_to_upper_bench_test.mbt:101 ("bench StringView::to_upper short") ok
time (mean ± σ)         range (min … max) 
  33.22 ns ±   0.17 ns    32.96 ns …  33.50 ns  in 10 × 100000 runs
[moonbitlang/core] bench builtin/string_to_upper_bench_test.mbt:106 ("bench StringView::to_upper long") ok
time (mean ± σ)         range (min … max) 
   1.22 µs ±   6.01 ns     1.21 µs …   1.23 µs  in 10 ×  81361 runs
[moonbitlang/core] bench builtin/string_to_upper_bench_test.mbt:111 ("bench StringView::to_upper no-change long") ok
time (mean ± σ)         range (min … max) 
 521.40 ns ±   3.49 ns   515.11 ns … 525.33 ns  in 10 × 100000 runs
[moonbitlang/core] bench builtin/string_to_lower_bench_test.mbt:61 ("bench String::to_lower short") ok
time (mean ± σ)         range (min … max) 
  31.50 ns ±   0.35 ns    30.84 ns …  31.86 ns  in 10 × 100000 runs
[moonbitlang/core] bench builtin/string_to_lower_bench_test.mbt:66 ("bench String::to_lower long") ok
time (mean ± σ)         range (min … max) 
   1.22 µs ±   5.83 ns     1.21 µs …   1.23 µs  in 10 ×  81838 runs
[moonbitlang/core] bench builtin/string_to_lower_bench_test.mbt:71 ("bench String::to_lower sparse") ok
time (mean ± σ)         range (min … max) 
   1.12 µs ±   4.42 ns     1.11 µs …   1.13 µs  in 10 ×  90003 runs
[moonbitlang/core] bench builtin/string_to_lower_bench_test.mbt:76 ("bench String::to_lower late-uppercase") ok
time (mean ± σ)         range (min … max) 
   1.12 µs ±   3.82 ns     1.12 µs …   1.13 µs  in 10 ×  89043 runs
[moonbitlang/core] bench builtin/string_to_lower_bench_test.mbt:81 ("bench String::to_lower one-unit runs") ok
time (mean ± σ)         range (min … max) 
   1.19 µs ±   4.63 ns     1.18 µs …   1.20 µs  in 10 ×  83519 runs
[moonbitlang/core] bench builtin/string_to_lower_bench_test.mbt:86 ("bench String::to_lower all-uppercase") ok
time (mean ± σ)         range (min … max) 
   1.30 µs ±   4.90 ns     1.30 µs …   1.31 µs  in 10 ×  76710 runs
[moonbitlang/core] bench builtin/string_to_lower_bench_test.mbt:91 ("bench String::to_lower no-change short") ok
time (mean ± σ)         range (min … max) 
  14.63 ns ±   0.14 ns    14.45 ns …  14.79 ns  in 10 × 100000 runs
[moonbitlang/core] bench builtin/string_to_lower_bench_test.mbt:96 ("bench String::to_lower no-change long") ok
time (mean ± σ)         range (min … max) 
 531.67 ns ±   0.93 ns   530.24 ns … 532.67 ns  in 10 × 100000 runs
[moonbitlang/core] bench builtin/string_to_lower_bench_test.mbt:101 ("bench StringView::to_lower short") ok
time (mean ± σ)         range (min … max) 
  32.97 ns ±   0.12 ns    32.83 ns …  33.21 ns  in 10 × 100000 runs
[moonbitlang/core] bench builtin/string_to_lower_bench_test.mbt:106 ("bench StringView::to_lower long") ok
time (mean ± σ)         range (min … max) 
   1.23 µs ±   4.37 ns     1.22 µs …   1.23 µs  in 10 ×  81385 runs
[moonbitlang/core] bench builtin/string_to_lower_bench_test.mbt:111 ("bench StringView::to_lower no-change long") ok
time (mean ± σ)         range (min … max) 
 529.62 ns ±   2.72 ns   525.32 ns … 532.59 ns  in 10 × 100000 runs
[moonbitlang/core] bench builtin/string_to_array_bench_test.mbt:24 ("bench String::to_array ASCII 51 chars") ok
time (mean ± σ)         range (min … max) 
 112.62 ns ±   0.22 ns   112.29 ns … 112.97 ns  in 10 × 100000 runs
[moonbitlang/core] bench builtin/string_to_array_bench_test.mbt:29 ("bench String::to_array mixed 1KB") ok
time (mean ± σ)         range (min … max) 
   1.98 µs ±   3.07 ns     1.98 µs …   1.99 µs  in 10 ×  49905 runs
[moonbitlang/core] bench builtin/string_to_array_bench_test.mbt:34 ("bench StringView::to_array mixed 1KB") ok
time (mean ± σ)         range (min … max) 
   2.00 µs ±   7.72 ns     1.98 µs …   2.01 µs  in 10 ×  49103 runs
[moonbitlang/core] bench builtin/string_methods_bench_test.mbt:36 ("bench StringView::has_prefix match n=100000 needle=128") ok
time (mean ± σ)         range (min … max) 
 112.43 ns ±   0.51 ns   111.13 ns … 112.97 ns  in 10 × 100000 runs
[moonbitlang/core] bench builtin/string_methods_bench_test.mbt:45 ("bench StringView::has_prefix mismatch n=100000 needle=128") ok
time (mean ± σ)         range (min … max) 
  10.33 ns ±   0.12 ns    10.16 ns …  10.50 ns  in 10 × 100000 runs
[moonbitlang/core] bench builtin/string_methods_bench_test.mbt:54 ("bench StringView::has_suffix match n=100000 needle=128") ok
time (mean ± σ)         range (min … max) 
 112.60 ns ±   0.25 ns   112.20 ns … 113.03 ns  in 10 × 100000 runs
[moonbitlang/core] bench builtin/string_methods_bench_test.mbt:63 ("bench StringView::has_suffix mismatch n=100000 needle=128") ok
time (mean ± σ)         range (min … max) 
  10.78 ns ±   0.24 ns    10.54 ns …  11.13 ns  in 10 × 100000 runs
[moonbitlang/core] bench builtin/string_find_code_unit_bench_test.mbt:16 ("bench find one code unit absent n=4") ok
time (mean ± σ)         range (min … max) 
  12.21 ns ±   0.12 ns    12.05 ns …  12.41 ns  in 10 × 100000 runs
[moonbitlang/core] bench builtin/string_find_code_unit_bench_test.mbt:22 ("bench find one code unit absent n=8") ok
time (mean ± σ)         range (min … max) 
  14.23 ns ±   0.18 ns    13.98 ns …  14.48 ns  in 10 × 100000 runs
[moonbitlang/core] bench builtin/string_find_code_unit_bench_test.mbt:28 ("bench find one code unit present@0 n=8") ok
time (mean ± σ)         range (min … max) 
  10.88 ns ±   0.17 ns    10.64 ns …  11.15 ns  in 10 × 100000 runs
[moonbitlang/core] bench builtin/string_find_code_unit_bench_test.mbt:34 ("bench find one code unit absent n=64") ok
time (mean ± σ)         range (min … max) 
  47.52 ns ±   0.19 ns    47.32 ns …  47.80 ns  in 10 × 100000 runs
[moonbitlang/core] bench builtin/string_find_code_unit_bench_test.mbt:40 ("bench find one code unit absent n=256") ok
time (mean ± σ)         range (min … max) 
 165.85 ns ±   1.21 ns   163.32 ns … 167.85 ns  in 10 × 100000 runs
[moonbitlang/core] bench builtin/string_find_code_unit_bench_test.mbt:46 ("bench find one code unit present@end n=256") ok
time (mean ± σ)         range (min … max) 
 159.17 ns ±   1.66 ns   155.71 ns … 160.42 ns  in 10 × 100000 runs
[moonbitlang/core] bench builtin/string_find_code_unit_bench_test.mbt:52 ("bench rev_find one code unit absent n=256") ok
time (mean ± σ)         range (min … max) 
 161.80 ns ±   0.42 ns   161.21 ns … 162.56 ns  in 10 × 100000 runs
[moonbitlang/core] bench builtin/string_find_code_unit_bench_test.mbt:58 ("bench rev_find one code unit present@start n=256") ok
time (mean ± σ)         range (min … max) 
 161.01 ns ±   0.25 ns   160.66 ns … 161.38 ns  in 10 × 100000 runs
[moonbitlang/core] bench builtin/string_find_code_unit_bench_test.mbt:64 ("bench rev_find one code unit present@end n=8") ok
time (mean ± σ)         range (min … max) 
  10.86 ns ±   0.14 ns    10.67 ns …  11.06 ns  in 10 × 100000 runs
[moonbitlang/core] bench builtin/string_find_code_unit_bench_test.mbt:70 ("bench StringView find one code unit absent n=256") ok
time (mean ± σ)         range (min … max) 
 147.76 ns ±   0.84 ns   146.80 ns … 148.86 ns  in 10 × 100000 runs
[moonbitlang/core] bench builtin/string_find_code_unit_bench_test.mbt:77 ("bench StringView rev_find one code unit absent n=256") ok
time (mean ± σ)         range (min … max) 
 157.88 ns ±   1.99 ns   156.08 ns … 161.98 ns  in 10 × 100000 runs
[moonbitlang/core] bench builtin/string_find_code_unit_bench_test.mbt:84 ("bench find two anchors absent n=256") ok
time (mean ± σ)         range (min … max) 
 247.94 ns ±   1.51 ns   244.23 ns … 249.68 ns  in 10 × 100000 runs
[moonbitlang/core] bench builtin/string_find_code_unit_bench_test.mbt:90 ("bench find two anchors present@end n=256") ok
time (mean ± σ)         range (min … max) 
 273.11 ns ±   1.88 ns   267.93 ns … 274.26 ns  in 10 × 100000 runs
[moonbitlang/core] bench builtin/string_find_code_unit_bench_test.mbt:96 ("bench find two anchors dense false positives n=256") ok
time (mean ± σ)         range (min … max) 
 727.06 ns ±   1.75 ns   725.03 ns … 730.23 ns  in 10 × 100000 runs
[moonbitlang/core] bench builtin/string_find_code_unit_bench_test.mbt:102 ("bench find two anchors long absent n=256") ok
time (mean ± σ)         range (min … max) 
 214.18 ns ±   2.02 ns   209.48 ns … 216.05 ns  in 10 × 100000 runs
[moonbitlang/core] bench builtin/string_find_code_unit_bench_test.mbt:108 ("bench rev_find two anchors absent n=256") ok
time (mean ± σ)         range (min … max) 
 225.75 ns ±   1.21 ns   224.29 ns … 227.90 ns  in 10 × 100000 runs
[moonbitlang/core] bench builtin/string_find_code_unit_bench_test.mbt:114 ("bench rev_find two anchors present@start n=256") ok
time (mean ± σ)         range (min … max) 
 233.91 ns ±   2.42 ns   229.03 ns … 235.93 ns  in 10 × 100000 runs
[moonbitlang/core] bench builtin/string_find_code_unit_bench_test.mbt:120 ("bench rev_find two anchors dense false positives n=256") ok
time (mean ± σ)         range (min … max) 
 744.12 ns ±   0.27 ns   743.81 ns … 744.44 ns  in 10 × 100000 runs
[moonbitlang/core] bench builtin/string_find_code_unit_bench_test.mbt:126 ("bench StringView find two anchors absent n=256") ok
time (mean ± σ)         range (min … max) 
 263.53 ns ±   0.73 ns   262.68 ns … 264.61 ns  in 10 × 100000 runs
[moonbitlang/core] bench builtin/string_find_adversary_bench_test.mbt:26 ("bench find adversary m=64 n=4096") ok
time (mean ± σ)         range (min … max) 
  12.88 µs ±   1.35 µs    10.71 µs …  14.71 µs  in 10 ×   9737 runs
[moonbitlang/core] bench builtin/string_find_adversary_bench_test.mbt:33 ("bench rev_find adversary m=64 n=4096") ok
time (mean ± σ)         range (min … max) 
  11.43 µs ±  20.40 ns    11.39 µs …  11.44 µs  in 10 ×   8739 runs
[moonbitlang/core] bench builtin/string_find_adversary_bench_test.mbt:40 ("bench find adversary m=512 n=65536") ok
time (mean ± σ)         range (min … max) 
 171.19 µs ±   9.93 µs   159.37 µs … 179.61 µs  in 10 ×    560 runs
[moonbitlang/core] bench builtin/string_find_adversary_bench_test.mbt:47 ("bench find dense miss fast path n=4096") ok
time (mean ± σ)         range (min … max) 
   3.77 µs ± 243.47 ns     3.64 µs …   4.23 µs  in 10 ×  23799 runs
[moonbitlang/core] bench builtin/string_find_adversary_bench_test.mbt:53 ("bench find rare hit end fast path n=4096") ok
time (mean ± σ)         range (min … max) 
   3.47 µs ±  35.23 ns     3.42 µs …   3.50 µs  in 10 ×  28260 runs
[moonbitlang/core] bench builtin/string_escape_bench_test.mbt:61 ("bench String::escape short plain") ok
time (mean ± σ)         range (min … max) 
  76.92 ns ±   0.47 ns    76.25 ns …  77.44 ns  in 10 × 100000 runs
[moonbitlang/core] bench builtin/string_escape_bench_test.mbt:66 ("bench String::escape short escaped") ok
time (mean ± σ)         range (min … max) 
  89.46 ns ±   0.12 ns    89.31 ns …  89.70 ns  in 10 × 100000 runs
[moonbitlang/core] bench builtin/string_escape_bench_test.mbt:71 ("bench String::escape threshold plain") ok
time (mean ± σ)         range (min … max) 
  87.07 ns ±   1.20 ns    84.89 ns …  88.37 ns  in 10 × 100000 runs
[moonbitlang/core] bench builtin/string_escape_bench_test.mbt:76 ("bench String::escape prose") ok
time (mean ± σ)         range (min … max) 
 278.13 ns ±   0.36 ns   277.58 ns … 278.70 ns  in 10 × 100000 runs
[moonbitlang/core] bench builtin/string_escape_bench_test.mbt:81 ("bench String::escape escape-first") ok
time (mean ± σ)         range (min … max) 
 294.03 ns ±   1.10 ns   291.92 ns … 295.87 ns  in 10 × 100000 runs
[moonbitlang/core] bench builtin/string_escape_bench_test.mbt:86 ("bench String::escape long plain") ok
time (mean ± σ)         range (min … max) 
   9.92 µs ±  56.40 ns     9.78 µs …   9.97 µs  in 10 ×  10024 runs
[moonbitlang/core] bench builtin/string_escape_bench_test.mbt:91 ("bench String::escape long dense") ok
time (mean ± σ)         range (min … max) 
  18.18 µs ± 195.21 ns    17.97 µs …  18.61 µs  in 10 ×   5545 runs
[moonbitlang/core] bench builtin/string_escape_bench_test.mbt:96 ("bench String::escape long all-escaped") ok
time (mean ± σ)         range (min … max) 
  19.89 µs ± 158.87 ns    19.74 µs …  20.24 µs  in 10 ×   5049 runs
[moonbitlang/core] bench builtin/string_escape_bench_test.mbt:101 ("bench String::escape long unicode") ok
time (mean ± σ)         range (min … max) 
  10.59 µs ±  69.30 ns    10.54 µs …  10.75 µs  in 10 ×   9150 runs
[moonbitlang/core] bench builtin/string_escape_bench_test.mbt:106 ("bench StringView::escape long plain view") ok
time (mean ± σ)         range (min … max) 
   9.11 µs ±  54.42 ns     9.03 µs …   9.19 µs  in 10 ×  10649 runs
[moonbitlang/core] bench builtin/string_escape_bench_test.mbt:112 ("bench debug to_string short plain") ok
time (mean ± σ)         range (min … max) 
 130.57 ns ±   0.23 ns   130.28 ns … 130.96 ns  in 10 × 100000 runs
[moonbitlang/core] bench builtin/string_escape_bench_test.mbt:117 ("bench debug to_string prose") ok
time (mean ± σ)         range (min … max) 
 399.87 ns ±   1.83 ns   396.89 ns … 402.81 ns  in 10 × 100000 runs
[moonbitlang/core] bench builtin/string_escape_bench_test.mbt:122 ("bench debug to_string long plain") ok
time (mean ± σ)         range (min … max) 
  13.22 µs ±  68.83 ns    13.11 µs …  13.32 µs  in 10 ×   7243 runs
[moonbitlang/core] bench builtin/string_equal_bench_test.mbt:28 ("bench StringView::equal n=100000 equal") ok
time (mean ± σ)         range (min … max) 
  81.92 µs ±  65.70 ns    81.81 µs …  82.01 µs  in 10 ×   1222 runs
[moonbitlang/core] bench builtin/string_equal_bench_test.mbt:35 ("bench StringView::equal n=100000 mismatch at end") ok
time (mean ± σ)         range (min … max) 
  82.08 µs ± 103.79 ns    81.94 µs …  82.21 µs  in 10 ×   1219 runs
[moonbitlang/core] bench builtin/string_equal_bench_test.mbt:44 ("bench StringView::equal_to_string n=100000 equal") ok
time (mean ± σ)         range (min … max) 
  80.81 µs ± 127.57 ns    80.66 µs …  81.10 µs  in 10 ×   1236 runs
[moonbitlang/core] bench builtin/string_char_set_bench_test.mbt:43 ("bench StringView::contains_any ASCII miss n=100000") ok
time (mean ± σ)         range (min … max) 
 135.68 µs ±  70.87 ns   135.60 µs … 135.83 µs  in 10 ×    738 runs
[moonbitlang/core] bench builtin/string_char_set_bench_test.mbt:54 ("bench StringView::contains_any ASCII match at end n=100000") ok
time (mean ± σ)         range (min … max) 
 135.64 µs ±  44.33 ns   135.57 µs … 135.72 µs  in 10 ×    738 runs
[moonbitlang/core] bench builtin/string_char_set_bench_test.mbt:67 ("bench StringView::trim_start ASCII n=100000") ok
time (mean ± σ)         range (min … max) 
 142.64 µs ± 978.43 ns   141.55 µs … 143.79 µs  in 10 ×    705 runs
[moonbitlang/core] bench builtin/string_char_set_bench_test.mbt:74 ("bench StringView::trim_end ASCII n=100000") ok
time (mean ± σ)         range (min … max) 
 143.18 µs ± 349.89 ns   142.84 µs … 143.74 µs  in 10 ×    694 runs
[moonbitlang/core] bench builtin/string_char_set_bench_test.mbt:79 ("bench StringView::trim ASCII n=100000") ok
time (mean ± σ)         range (min … max) 
 293.24 µs ± 423.62 ns   292.65 µs … 293.97 µs  in 10 ×    346 runs
[moonbitlang/core] bench builtin/string_char_set_bench_test.mbt:96 ("bench StringView::trim short inputs") ok
time (mean ± σ)         range (min … max) 
 142.42 ns ±   1.14 ns   140.82 ns … 144.01 ns  in 10 × 100000 runs
[moonbitlang/core] bench builtin/string_char_set_bench_test.mbt:107 ("bench StringView::contains_any short inputs") ok
time (mean ± σ)         range (min … max) 
  87.89 ns ±   0.27 ns    87.39 ns …  88.19 ns  in 10 × 100000 runs
[moonbitlang/core] bench builtin/string_char_length_bench_test.mbt:51 ("bench char_length ascii 8") ok
time (mean ± σ)         range (min … max) 
  15.51 ns ±   0.12 ns    15.37 ns …  15.76 ns  in 10 × 100000 runs
[moonbitlang/core] bench builtin/string_char_length_bench_test.mbt:56 ("bench char_length ascii 16") ok
time (mean ± σ)         range (min … max) 
  25.06 ns ±   0.10 ns    24.91 ns …  25.19 ns  in 10 × 100000 runs
[moonbitlang/core] bench builtin/string_char_length_bench_test.mbt:61 ("bench char_length ascii 100") ok
time (mean ± σ)         range (min … max) 
 119.23 ns ±   1.16 ns   118.12 ns … 121.16 ns  in 10 × 100000 runs
[moonbitlang/core] bench builtin/string_char_length_bench_test.mbt:66 ("bench char_length ascii 4k") ok
time (mean ± σ)         range (min … max) 
   4.55 µs ±  17.57 ns     4.51 µs …   4.57 µs  in 10 ×  22397 runs
[moonbitlang/core] bench builtin/string_char_length_bench_test.mbt:71 ("bench char_length ascii 64k") ok
time (mean ± σ)         range (min … max) 
  72.13 µs ± 116.49 ns    71.93 µs …  72.28 µs  in 10 ×   1386 runs
[moonbitlang/core] bench builtin/string_char_length_bench_test.mbt:76 ("bench char_length cjk 4k") ok
time (mean ± σ)         range (min … max) 
   4.55 µs ±  33.57 ns     4.47 µs …   4.57 µs  in 10 ×  21590 runs
[moonbitlang/core] bench builtin/string_char_length_bench_test.mbt:81 ("bench char_length emoji 4k") ok
time (mean ± σ)         range (min … max) 
   3.47 µs ±  14.05 ns     3.44 µs …   3.49 µs  in 10 ×  28801 runs
[moonbitlang/core] bench builtin/string_char_length_bench_test.mbt:86 ("bench char_length mixed 4k") ok
time (mean ± σ)         range (min … max) 
   4.41 µs ±  20.30 ns     4.38 µs …   4.45 µs  in 10 ×  22528 runs
[moonbitlang/core] bench builtin/string_char_length_bench_test.mbt:91 ("bench StringView::char_length ascii 4k unaligned") ok
time (mean ± σ)         range (min … max) 
   4.53 µs ±  30.82 ns     4.47 µs …   4.56 µs  in 10 ×  22103 runs
[moonbitlang/core] bench builtin/string_char_length_bench_test.mbt:97 ("bench char_length_eq ascii 16") ok
time (mean ± σ)         range (min … max) 
  29.49 ns ±   0.55 ns    28.35 ns …  29.88 ns  in 10 × 100000 runs
[moonbitlang/core] bench builtin/string_char_length_bench_test.mbt:102 ("bench char_length_eq ascii 4k") ok
time (mean ± σ)         range (min … max) 
   5.58 µs ±  18.01 ns     5.56 µs …   5.61 µs  in 10 ×  17957 runs
[moonbitlang/core] bench builtin/string_char_length_bench_test.mbt:107 ("bench char_length_eq emoji 4k") ok
time (mean ± σ)         range (min … max) 
   4.02 µs ±  28.10 ns     3.97 µs …   4.05 µs  in 10 ×  25030 runs
[moonbitlang/core] bench builtin/string_char_length_bench_test.mbt:112 ("bench char_length_eq mixed 4k") ok
time (mean ± σ)         range (min … max) 
   5.45 µs ±  28.20 ns     5.42 µs …   5.50 µs  in 10 ×  18404 runs
[moonbitlang/core] bench builtin/string_char_length_bench_test.mbt:119 ("bench char_length_ge ascii 4k len 3") ok
time (mean ± σ)         range (min … max) 
  11.45 ns ±   0.14 ns    11.30 ns …  11.68 ns  in 10 × 100000 runs
[moonbitlang/core] bench builtin/string_char_length_bench_test.mbt:124 ("bench char_length_ge ascii 4k len 2000") ok
time (mean ± σ)         range (min … max) 
   2.72 µs ±   2.34 ns     2.72 µs …   2.72 µs  in 10 ×  36700 runs
[moonbitlang/core] bench builtin/string_char_length_bench_test.mbt:129 ("bench char_length_ge cjk 4k len 4096") ok
time (mean ± σ)         range (min … max) 
   5.57 µs ±  14.40 ns     5.56 µs …   5.60 µs  in 10 ×  17958 runs
[moonbitlang/core] bench builtin/string_char_length_bench_test.mbt:134 ("bench char_length_ge emoji 4k len 2048") ok
time (mean ± σ)         range (min … max) 
   3.98 µs ±  57.26 ns     3.90 µs …   4.03 µs  in 10 ×  25136 runs
[moonbitlang/core] bench builtin/sort_bench_test.mbt:21 ("bench Array::sort n=1000") ok
time (mean ± σ)         range (min … max) 
  15.82 µs ± 154.30 ns    15.67 µs …  16.02 µs  in 10 ×   6221 runs
[moonbitlang/core] bench builtin/sort_bench_test.mbt:31 ("bench Array::sort n=100000") ok
time (mean ± σ)         range (min … max) 
   5.75 ms ±  34.66 µs     5.69 ms …   5.78 ms  in 10 ×     18 runs
[moonbitlang/core] bench builtin/sort_bench_test.mbt:41 ("bench Array::sort_by n=10000") ok
time (mean ± σ)         range (min … max) 
 465.83 µs ±   2.52 µs   462.13 µs … 471.35 µs  in 10 ×    213 runs
[moonbitlang/core] bench builtin/range_equal_bench_test.mbt:56 ("bench range_equal StringView== n=4 equal") ok
time (mean ± σ)         range (min … max) 
  10.02 ns ±   0.11 ns     9.89 ns …  10.22 ns  in 10 × 100000 runs
[moonbitlang/core] bench builtin/range_equal_bench_test.mbt:61 ("bench range_equal StringView== n=8 equal") ok
time (mean ± σ)         range (min … max) 
  13.08 ns ±   0.16 ns    12.88 ns …  13.34 ns  in 10 × 100000 runs
[moonbitlang/core] bench builtin/range_equal_bench_test.mbt:66 ("bench range_equal StringView== n=8 mismatch at end") ok
time (mean ± σ)         range (min … max) 
  12.77 ns ±   0.23 ns    12.30 ns …  13.06 ns  in 10 × 100000 runs
[moonbitlang/core] bench builtin/range_equal_bench_test.mbt:71 ("bench range_equal StringView== n=16 equal") ok
time (mean ± σ)         range (min … max) 
  19.07 ns ±   0.10 ns    18.93 ns …  19.21 ns  in 10 × 100000 runs
[moonbitlang/core] bench builtin/range_equal_bench_test.mbt:76 ("bench range_equal StringView== n=16 mismatch at end") ok
time (mean ± σ)         range (min … max) 
  18.85 ns ±   0.14 ns    18.67 ns …  19.08 ns  in 10 × 100000 runs
[moonbitlang/core] bench builtin/range_equal_bench_test.mbt:81 ("bench range_equal StringView== n=15 equal") ok
time (mean ± σ)         range (min … max) 
  18.02 ns ±   0.56 ns    17.06 ns …  18.64 ns  in 10 × 100000 runs
[moonbitlang/core] bench builtin/range_equal_bench_test.mbt:86 ("bench range_equal StringView== n=64 equal") ok
time (mean ± σ)         range (min … max) 
  54.75 ns ±   0.99 ns    52.85 ns …  55.50 ns  in 10 × 100000 runs
[moonbitlang/core] bench builtin/range_equal_bench_test.mbt:91 ("bench range_equal StringView== n=64 mismatch at end") ok
time (mean ± σ)         range (min … max) 
  55.14 ns ±   0.46 ns    54.46 ns …  55.64 ns  in 10 × 100000 runs
[moonbitlang/core] bench builtin/range_equal_bench_test.mbt:96 ("bench range_equal StringView== n=1024 equal") ok
time (mean ± σ)         range (min … max) 
 833.08 ns ±   2.20 ns   827.40 ns … 835.39 ns  in 10 × 100000 runs
[moonbitlang/core] bench builtin/range_equal_bench_test.mbt:101 ("bench range_equal StringView== n=1024 mismatch at end") ok
time (mean ± σ)         range (min … max) 
 835.81 ns ±   1.76 ns   831.40 ns … 837.59 ns  in 10 × 100000 runs
[moonbitlang/core] bench builtin/range_equal_bench_test.mbt:106 ("bench range_equal StringView== n=1024 mismatch at 0") ok
time (mean ± σ)         range (min … max) 
   7.77 ns ±   0.11 ns     7.64 ns …   7.95 ns  in 10 × 100000 runs
[moonbitlang/core] bench builtin/range_equal_bench_test.mbt:111 ("bench range_equal StringView== n=65536 equal") ok
time (mean ± σ)         range (min … max) 
  53.48 µs ±  48.53 ns    53.39 µs …  53.54 µs  in 10 ×   1870 runs
[moonbitlang/core] bench builtin/range_equal_bench_test.mbt:116 ("bench range_equal StringView== n=65536 mismatch at end") ok
time (mean ± σ)         range (min … max) 
  53.58 µs ± 210.84 ns    53.27 µs …  53.83 µs  in 10 ×   1864 runs
[moonbitlang/core] bench builtin/range_equal_bench_test.mbt:121 ("bench range_equal BytesView== n=4 equal") ok
time (mean ± σ)         range (min … max) 
   8.67 ns ±   0.11 ns     8.54 ns …   8.88 ns  in 10 × 100000 runs
[moonbitlang/core] bench builtin/range_equal_bench_test.mbt:126 ("bench range_equal BytesView== n=8 equal") ok
time (mean ± σ)         range (min … max) 
  11.43 ns ±   0.24 ns    11.04 ns …  11.69 ns  in 10 × 100000 runs
[moonbitlang/core] bench builtin/range_equal_bench_test.mbt:131 ("bench range_equal BytesView== n=8 mismatch at end") ok
time (mean ± σ)         range (min … max) 
  11.17 ns ±   0.29 ns    10.61 ns …  11.59 ns  in 10 × 100000 runs
[moonbitlang/core] bench builtin/range_equal_bench_test.mbt:136 ("bench range_equal BytesView== n=16 equal") ok
time (mean ± σ)         range (min … max) 
  16.89 ns ±   0.13 ns    16.74 ns …  17.06 ns  in 10 × 100000 runs
[moonbitlang/core] bench builtin/range_equal_bench_test.mbt:141 ("bench range_equal BytesView== n=16 mismatch at end") ok
time (mean ± σ)         range (min … max) 
  16.60 ns ±   0.27 ns    15.95 ns …  16.90 ns  in 10 × 100000 runs
[moonbitlang/core] bench builtin/range_equal_bench_test.mbt:146 ("bench range_equal BytesView== n=31 equal") ok
time (mean ± σ)         range (min … max) 
  26.97 ns ±   0.25 ns    26.50 ns …  27.25 ns  in 10 × 100000 runs
[moonbitlang/core] bench builtin/range_equal_bench_test.mbt:151 ("bench range_equal BytesView== n=64 equal") ok
time (mean ± σ)         range (min … max) 
  51.02 ns ±   0.13 ns    50.85 ns …  51.25 ns  in 10 × 100000 runs
[moonbitlang/core] bench builtin/range_equal_bench_test.mbt:156 ("bench range_equal BytesView== n=64 mismatch at end") ok
time (mean ± σ)         range (min … max) 
  50.79 ns ±   0.12 ns    50.65 ns …  50.95 ns  in 10 × 100000 runs
[moonbitlang/core] bench builtin/range_equal_bench_test.mbt:161 ("bench range_equal BytesView== n=1024 equal") ok
time (mean ± σ)         range (min … max) 
 788.97 ns ±   1.21 ns   786.81 ns … 790.95 ns  in 10 × 100000 runs
[moonbitlang/core] bench builtin/range_equal_bench_test.mbt:166 ("bench range_equal BytesView== n=1024 mismatch at end") ok
time (mean ± σ)         range (min … max) 
 790.62 ns ±   4.03 ns   781.48 ns … 795.52 ns  in 10 × 100000 runs
[moonbitlang/core] bench builtin/range_equal_bench_test.mbt:171 ("bench range_equal BytesView== n=1024 mismatch at 0") ok
time (mean ± σ)         range (min … max) 
   6.67 ns ±   0.11 ns     6.51 ns …   6.88 ns  in 10 × 100000 runs
[moonbitlang/core] bench builtin/range_equal_bench_test.mbt:176 ("bench range_equal BytesView== n=65536 equal") ok
time (mean ± σ)         range (min … max) 
  50.63 µs ±  21.32 ns    50.59 µs …  50.65 µs  in 10 ×   1975 runs
[moonbitlang/core] bench builtin/range_equal_bench_test.mbt:181 ("bench range_equal BytesView== n=65536 mismatch at end") ok
time (mean ± σ)         range (min … max) 
  50.60 µs ± 164.61 ns    50.23 µs …  50.73 µs  in 10 ×   1976 runs
[moonbitlang/core] bench builtin/range_equal_bench_test.mbt:186 ("bench range_equal StringView::has_prefix prefix=32 hit") ok
time (mean ± σ)         range (min … max) 
  33.50 ns ±   0.10 ns    33.32 ns …  33.64 ns  in 10 × 100000 runs
[moonbitlang/core] bench builtin/range_equal_bench_test.mbt:193 ("bench range_equal StringView::has_prefix prefix=32 miss at end") ok
time (mean ± σ)         range (min … max) 
  33.40 ns ±   0.16 ns    33.11 ns …  33.62 ns  in 10 × 100000 runs
[moonbitlang/core] bench builtin/linked_hash_map_bench_test.mbt:19 ("bench Map::set n=50000") ok
time (mean ± σ)         range (min … max) 
   2.46 ms ±  28.16 µs     2.41 ms …   2.49 ms  in 10 ×     41 runs
[moonbitlang/core] bench builtin/linked_hash_map_bench_test.mbt:30 ("bench Map::get n=50000") ok
time (mean ± σ)         range (min … max) 
   1.24 ms ±   1.25 µs     1.24 ms …   1.24 ms  in 10 ×     81 runs
[moonbitlang/core] bench builtin/linked_hash_map_bench_test.mbt:47 ("bench Map::get miss n=50000") ok
time (mean ± σ)         range (min … max) 
   1.21 ms ±   2.22 µs     1.21 ms …   1.22 ms  in 10 ×     83 runs
[moonbitlang/core] bench builtin/linked_hash_map_bench_test.mbt:67 ("bench Map::set+remove n=50000") ok
time (mean ± σ)         range (min … max) 
   3.60 ms ±  26.01 µs     3.56 ms …   3.63 ms  in 10 ×     28 runs
[moonbitlang/core] bench builtin/linked_hash_map_bench_test.mbt:83 ("bench Map::each n=50000") ok
time (mean ± σ)         range (min … max) 
 223.76 µs ±   2.56 µs   220.47 µs … 225.81 µs  in 10 ×    453 runs
[moonbitlang/core] bench builtin/linked_hash_map_bench_test.mbt:101 ("bench Map::filter n=50000") ok
time (mean ± σ)         range (min … max) 
 807.65 µs ±  18.98 µs   782.42 µs … 836.94 µs  in 10 ×    122 runs
[moonbitlang/core] bench builtin/linked_hash_map_bench_test.mbt:107 ("bench Map comprehension filter n=50000") ok
time (mean ± σ)         range (min … max) 
   2.81 ms ±  51.02 µs     2.76 ms …   2.90 ms  in 10 ×     36 runs
[moonbitlang/core] bench builtin/lexical_compare_bench_test.mbt:42 ("bench lexical_compare equal n=256") ok
time (mean ± σ)         range (min … max) 
 225.85 ns ±   1.24 ns   222.70 ns … 227.18 ns  in 10 × 100000 runs
[moonbitlang/core] bench builtin/lexical_compare_bench_test.mbt:47 ("bench lexical_compare common-prefix n=256") ok
time (mean ± σ)         range (min … max) 
 215.87 ns ±   1.45 ns   213.03 ns … 217.89 ns  in 10 × 100000 runs
[moonbitlang/core] bench builtin/lexical_compare_bench_test.mbt:52 ("bench lexical_compare early-diff n=256") ok
time (mean ± σ)         range (min … max) 
  11.20 ns ±   0.14 ns    11.07 ns …  11.44 ns  in 10 × 100000 runs
[moonbitlang/core] bench builtin/lexical_compare_bench_test.mbt:89 ("bench String::lexical_compare equal n=256") ok
time (mean ± σ)         range (min … max) 
 221.33 ns ±   0.67 ns   219.60 ns … 222.03 ns  in 10 × 100000 runs
[moonbitlang/core] bench builtin/lexical_compare_bench_test.mbt:94 ("bench String::lexical_compare common-prefix n=256") ok
time (mean ± σ)         range (min … max) 
 222.96 ns ±   0.62 ns   221.47 ns … 223.63 ns  in 10 × 100000 runs
[moonbitlang/core] bench builtin/lexical_compare_bench_test.mbt:99 ("bench String::lexical_compare early-diff n=256") ok
time (mean ± σ)         range (min … max) 
  11.22 ns ±   0.18 ns    10.98 ns …  11.49 ns  in 10 × 100000 runs
[moonbitlang/core] bench builtin/lexical_compare_bench_test.mbt:104 ("bench StringView::lexical_compare equal n=256") ok
time (mean ± σ)         range (min … max) 
 221.53 ns ±   0.18 ns   221.26 ns … 221.85 ns  in 10 × 100000 runs
[moonbitlang/core] bench builtin/lexical_compare_bench_test.mbt:109 ("bench StringView::lexical_compare common-prefix n=256") ok
time (mean ± σ)         range (min … max) 
 225.90 ns ±   0.27 ns   225.50 ns … 226.29 ns  in 10 × 100000 runs
[moonbitlang/core] bench builtin/lexical_compare_bench_test.mbt:114 ("bench StringView::lexical_compare early-diff n=256") ok
time (mean ± σ)         range (min … max) 
  11.13 ns ±   0.13 ns    10.91 ns …  11.30 ns  in 10 × 100000 runs
[moonbitlang/core] bench builtin/lexical_compare_bench_test.mbt:121 ("bench String::compare equal-length common-prefix n=256") ok
time (mean ± σ)         range (min … max) 
 183.27 ns ±   0.38 ns   182.81 ns … 183.93 ns  in 10 × 100000 runs
[moonbitlang/core] bench builtin/lexical_compare_bench_test.mbt:128 ("bench StringView::compare equal-length common-prefix n=256") ok
time (mean ± σ)         range (min … max) 
 223.69 ns ±   0.34 ns   223.23 ns … 224.15 ns  in 10 × 100000 runs
[moonbitlang/core] bench builtin/lexical_compare_bench_test.mbt:135 ("bench StringView::compare_ignore_ascii_case common-prefix n=256") ok
time (mean ± σ)         range (min … max) 
 436.73 ns ±   1.34 ns   434.68 ns … 438.69 ns  in 10 × 100000 runs
[moonbitlang/core] bench builtin/contains_code_unit_bench_test.mbt:19 ("bench contains_code_unit absent n=4") ok
time (mean ± σ)         range (min … max) 
   7.36 ns ±   0.11 ns     7.21 ns …   7.54 ns  in 10 × 100000 runs
[moonbitlang/core] bench builtin/contains_code_unit_bench_test.mbt:25 ("bench contains_code_unit absent n=8") ok
time (mean ± σ)         range (min … max) 
   9.10 ns ±   0.15 ns     8.89 ns …   9.34 ns  in 10 × 100000 runs
[moonbitlang/core] bench builtin/contains_code_unit_bench_test.mbt:31 ("bench contains_code_unit present@0 n=8") ok
time (mean ± σ)         range (min … max) 
   5.67 ns ±   0.14 ns     5.54 ns …   5.86 ns  in 10 × 100000 runs
[moonbitlang/core] bench builtin/contains_code_unit_bench_test.mbt:37 ("bench contains_code_unit absent n=16") ok
time (mean ± σ)         range (min … max) 
  12.70 ns ±   0.11 ns    12.53 ns …  12.88 ns  in 10 × 100000 runs
[moonbitlang/core] bench builtin/contains_code_unit_bench_test.mbt:43 ("bench contains_code_unit absent n=64") ok
time (mean ± σ)         range (min … max) 
  37.22 ns ±   0.12 ns    37.03 ns …  37.41 ns  in 10 × 100000 runs
[moonbitlang/core] bench builtin/contains_code_unit_bench_test.mbt:49 ("bench contains_code_unit absent n=256") ok
time (mean ± σ)         range (min … max) 
 143.85 ns ±   0.33 ns   143.51 ns … 144.59 ns  in 10 × 100000 runs
[moonbitlang/core] bench builtin/contains_code_unit_bench_test.mbt:55 ("bench contains_code_unit present@end n=256") ok
time (mean ± σ)         range (min … max) 
 143.08 ns ±   0.77 ns   142.14 ns … 144.20 ns  in 10 × 100000 runs
[moonbitlang/core] bench builtin/contains_code_unit_bench_test.mbt:61 ("bench contains_code_unit present@0 n=256") ok
time (mean ± σ)         range (min … max) 
   5.63 ns ±   0.09 ns     5.52 ns …   5.79 ns  in 10 × 100000 runs
[moonbitlang/core] bench builtin/contains_code_unit_bench_test.mbt:67 ("bench StringView contains_code_unit absent n=256") ok
time (mean ± σ)         range (min … max) 
 159.66 ns ±   0.99 ns   158.13 ns … 161.11 ns  in 10 × 100000 runs
[moonbitlang/core] bench builtin/bytesview_compare_bench_test.mbt:16 ("bench BytesView Compare equal n=1000000") ok
time (mean ± σ)         range (min … max) 
 767.84 µs ±   2.29 µs   764.76 µs … 770.96 µs  in 10 ×    131 runs
[moonbitlang/core] bench builtin/bytesview_compare_bench_test.mbt:23 ("bench BytesView Compare last-diff n=1000000") ok
time (mean ± σ)         range (min … max) 
 774.09 µs ±   2.67 µs   771.46 µs … 778.86 µs  in 10 ×    130 runs
[moonbitlang/core] bench builtin/bytes_unsafe_bench_test.mbt:31 ("bench Bytes::unsafe_read_uint16_le n=4096") ok
time (mean ± σ)         range (min … max) 
   3.10 µs ±  51.68 ns     3.00 µs …   3.13 µs  in 10 ×  33373 runs
[moonbitlang/core] bench builtin/bytes_unsafe_bench_test.mbt:43 ("bench Bytes::unsafe_read_uint32_le n=4096") ok
time (mean ± σ)         range (min … max) 
   5.48 µs ±  15.25 ns     5.45 µs …   5.50 µs  in 10 ×  18247 runs
[moonbitlang/core] bench builtin/bytes_unsafe_bench_test.mbt:55 ("bench Bytes::unsafe_read_uint64_le n=4096") ok
time (mean ± σ)         range (min … max) 
  10.47 µs ± 595.76 ns    10.23 µs …  12.16 µs  in 10 ×   9734 runs
[moonbitlang/core] bench builtin/bytes_unsafe_bench_test.mbt:67 ("bench FixedArray::unsafe_write_uint16_le n=4096") ok
time (mean ± σ)         range (min … max) 
   2.26 µs ±   8.22 ns     2.25 µs …   2.27 µs  in 10 ×  43845 runs
[moonbitlang/core] bench builtin/bytes_unsafe_bench_test.mbt:78 ("bench FixedArray::unsafe_write_uint32_le n=4096") ok
time (mean ± σ)         range (min … max) 
   4.97 µs ±  17.88 ns     4.92 µs …   4.98 µs  in 10 ×  20278 runs
[moonbitlang/core] bench builtin/bytes_unsafe_bench_test.mbt:89 ("bench FixedArray::unsafe_write_uint64_le n=4096") ok
time (mean ± σ)         range (min … max) 
  12.29 µs ±   8.14 ns    12.28 µs …  12.30 µs  in 10 ×   8150 runs
[moonbitlang/core] bench builtin/bytes_output_bench_test.mbt:19 ("bench Bytes Show binary n=100000") ok
time (mean ± σ)         range (min … max) 
   1.14 ms ± 184.36 µs   963.93 µs …   1.35 ms  in 10 ×     75 runs
[moonbitlang/core] bench builtin/bytes_output_bench_test.mbt:24 ("bench Bytes ToJson binary n=100000") ok
time (mean ± σ)         range (min … max) 
   1.02 ms ± 187.87 µs   853.74 µs …   1.24 ms  in 10 ×     81 runs
[moonbitlang/core] bench builtin/bytes_hash_bench_test.mbt:54 ("bench Hash::hash(Bytes) n=32") ok
time (mean ± σ)         range (min … max) 
  20.21 ns ±   0.16 ns    20.04 ns …  20.43 ns  in 10 × 100000 runs
[moonbitlang/core] bench builtin/bytes_hash_bench_test.mbt:60 ("bench Hash::hash(Bytes) n=8192") ok
time (mean ± σ)         range (min … max) 
   4.64 µs ±  20.26 ns     4.61 µs …   4.67 µs  in 10 ×  21567 runs
[moonbitlang/core] bench builtin/bytes_hash_bench_test.mbt:66 ("bench Map::at Bytes n=1024 key_bytes=32") ok
time (mean ± σ)         range (min … max) 
  54.13 µs ± 398.57 ns    53.70 µs …  54.77 µs  in 10 ×   1856 runs
[moonbitlang/core] bench builtin/bytes_from_array_bench_test.mbt:30 ("bench Bytes::from_array n=262144 full") ok
time (mean ± σ)         range (min … max) 
  97.62 µs ± 540.72 ns    96.51 µs …  98.28 µs  in 10 ×   1040 runs
[moonbitlang/core] bench builtin/bytes_from_array_bench_test.mbt:41 ("bench Bytes::from_array n=262144 sliced") ok
time (mean ± σ)         range (min … max) 
  97.87 µs ± 515.44 ns    97.03 µs …  98.58 µs  in 10 ×   1044 runs
[moonbitlang/core] bench builtin/bytes_from_array_bench_test.mbt:48 ("bench Bytes::makei from ArrayView n=262144 full") ok
time (mean ± σ)         range (min … max) 
 421.77 µs ±   4.84 µs   412.99 µs … 429.00 µs  in 10 ×    244 runs
[moonbitlang/core] bench builtin/bytes_from_array_bench_test.mbt:59 ("bench Bytes::makei from ArrayView n=262144 sliced") ok
time (mean ± σ)         range (min … max) 
 441.60 µs ±   3.54 µs   434.72 µs … 444.99 µs  in 10 ×    232 runs
[moonbitlang/core] bench builtin/bytes_equal_bench_test.mbt:37 ("bench Bytes::equal n=100000 equal") ok
time (mean ± σ)         range (min … max) 
  66.85 µs ± 127.49 ns    66.61 µs …  66.98 µs  in 10 ×   1492 runs
[moonbitlang/core] bench builtin/bytes_equal_bench_test.mbt:44 ("bench Bytes::equal n=100000 aliased object") ok
time (mean ± σ)         range (min … max) 
  64.93 µs ± 134.98 ns    64.66 µs …  65.10 µs  in 10 ×   1536 runs
[moonbitlang/core] bench builtin/bytes_equal_bench_test.mbt:54 ("bench Bytes::equal n=100000 mismatch at end") ok
time (mean ± σ)         range (min … max) 
  66.71 µs ± 150.87 ns    66.45 µs …  66.88 µs  in 10 ×   1493 runs
[moonbitlang/core] bench builtin/bytes_add_bench_test.mbt:16 ("bench Bytes add total=1000000") ok
time (mean ± σ)         range (min … max) 
 355.66 µs ±   1.35 µs   353.75 µs … 357.33 µs  in 10 ×    281 runs
[moonbitlang/core] bench builtin/bitstring_uint_aligned_bench_test.mbt:24 ("bench Bytes::unsafe_extract_uint_le_aligned n=8192") ok
time (mean ± σ)         range (min … max) 
   2.96 µs ±  10.69 ns     2.95 µs …   2.97 µs  in 10 ×  33671 runs
[moonbitlang/core] bench builtin/bitstring_uint64_aligned_bench_test.mbt:24 ("bench Bytes::unsafe_extract_uint64_le_aligned n=8192") ok
time (mean ± σ)         range (min … max) 
   3.37 µs ±   5.14 ns     3.36 µs …   3.38 µs  in 10 ×  36171 runs
[moonbitlang/core] bench builtin/bitstring_extract_bench_test.mbt:35 ("bench BytesView uint_le aligned len=32") ok
time (mean ± σ)         range (min … max) 
   4.87 µs ±  12.93 ns     4.83 µs …   4.88 µs  in 10 ×  20523 runs
[moonbitlang/core] bench builtin/bitstring_extract_bench_test.mbt:48 ("bench BytesView uint_be aligned len=32") ok
time (mean ± σ)         range (min … max) 
   4.87 µs ±   8.82 ns     4.86 µs …   4.89 µs  in 10 ×  20500 runs
[moonbitlang/core] bench builtin/bitstring_extract_bench_test.mbt:61 ("bench ArrayView uint_le aligned len=32") ok
time (mean ± σ)         range (min … max) 
   4.87 µs ±  14.47 ns     4.85 µs …   4.89 µs  in 10 ×  20643 runs
[moonbitlang/core] bench builtin/bitstring_extract_bench_test.mbt:75 ("bench ArrayView uint_be aligned len=32") ok
time (mean ± σ)         range (min … max) 
   4.87 µs ±  11.34 ns     4.84 µs …   4.88 µs  in 10 ×  20471 runs
[moonbitlang/core] bench builtin/bitstring_extract_bench_test.mbt:89 ("bench BytesView uint64_le aligned len=64") ok
time (mean ± σ)         range (min … max) 
   3.70 µs ±   5.36 ns     3.69 µs …   3.71 µs  in 10 ×  26970 runs
[moonbitlang/core] bench builtin/bitstring_extract_bench_test.mbt:102 ("bench BytesView uint64_be aligned len=64") ok
time (mean ± σ)         range (min … max) 
   3.70 µs ±   5.07 ns     3.69 µs …   3.71 µs  in 10 ×  26928 runs
[moonbitlang/core] bench builtin/bitstring_extract_bench_test.mbt:115 ("bench ArrayView uint64_le aligned len=64") ok
time (mean ± σ)         range (min … max) 
   3.70 µs ±   7.12 ns     3.70 µs …   3.72 µs  in 10 ×  26904 runs
[moonbitlang/core] bench builtin/bitstring_extract_bench_test.mbt:129 ("bench ArrayView uint64_be aligned len=64") ok
time (mean ± σ)         range (min … max) 
   3.69 µs ±   8.72 ns     3.68 µs …   3.70 µs  in 10 ×  26950 runs
[moonbitlang/core] bench builtin/bitstring_extract_bench_test.mbt:143 ("bench BytesView uint_le unaligned len=32") ok
time (mean ± σ)         range (min … max) 
  19.29 µs ±  12.82 ns    19.27 µs …  19.31 µs  in 10 ×   5188 runs
[moonbitlang/core] bench builtin/bitstring_extract_bench_test.mbt:156 ("bench BytesView uint64_le unaligned len=64") ok
time (mean ± σ)         range (min … max) 
  16.71 µs ±  11.79 ns    16.69 µs …  16.73 µs  in 10 ×   5988 runs
[moonbitlang/core] bench builtin/bitstring_extract_bench_test.mbt:169 ("bench BytesView uint_le aligned len=16") ok
time (mean ± σ)         range (min … max) 
   7.20 µs ±   1.93 µs     4.40 µs …   8.45 µs  in 10 ×  11944 runs
[moonbitlang/core] bench builtin/bitstring_extract_bench_test.mbt:182 ("bench BytesView uint_le aligned len=24") ok
time (mean ± σ)         range (min … max) 
  14.07 µs ±   8.71 ns    14.05 µs …  14.08 µs  in 10 ×   7115 runs
[moonbitlang/core] bench builtin/array_retain_bench_test.mbt:29 ("bench Array::retain all keep Int n=100000") ok
time (mean ± σ)         range (min … max) 
  66.21 µs ±  40.28 ns    66.11 µs …  66.25 µs  in 10 ×   1512 runs
[moonbitlang/core] bench builtin/array_retain_bench_test.mbt:42 ("bench Array::retain all keep Ref n=100000") ok
time (mean ± σ)         range (min … max) 
  77.39 µs ± 103.87 ns    77.26 µs …  77.63 µs  in 10 ×   1294 runs
[moonbitlang/core] bench builtin/array_retain_bench_test.mbt:55 ("bench Array::retain drop tail n=100000") ok
time (mean ± σ)         range (min … max) 
 135.28 µs ± 450.93 ns   134.69 µs … 135.80 µs  in 10 ×    723 runs
[moonbitlang/core] bench builtin/array_retain_bench_test.mbt:66 ("bench Array::retain late sparse drop n=100000") ok
time (mean ± σ)         range (min … max) 
 183.73 µs ± 934.56 ns   182.59 µs … 185.27 µs  in 10 ×    542 runs
[moonbitlang/core] bench builtin/array_retain_bench_test.mbt:77 ("bench Array::retain drop first n=100000") ok
time (mean ± σ)         range (min … max) 
 155.11 µs ± 832.88 ns   154.13 µs … 157.02 µs  in 10 ×    629 runs
[moonbitlang/core] bench builtin/array_make_blit_bench_test.mbt:32 ("bench FixedArray::copy Ref n=1000000") ok
time (mean ± σ)         range (min … max) 
   2.38 ms ± 140.73 µs     2.17 ms …   2.48 ms  in 10 ×     41 runs
[moonbitlang/core] bench builtin/array_make_blit_bench_test.mbt:38 ("bench Array::from_fixed_array Ref n=1000000") ok
time (mean ± σ)         range (min … max) 
   2.37 ms ± 121.72 µs     2.14 ms …   2.45 ms  in 10 ×     42 runs
[moonbitlang/core] bench builtin/array_make_blit_bench_test.mbt:44 ("bench Array::add Ref n=500000+500000") ok
time (mean ± σ)         range (min … max) 
   2.26 ms ±  15.31 µs     2.23 ms …   2.27 ms  in 10 ×     44 runs
[moonbitlang/core] bench builtin/array_make_blit_bench_test.mbt:51 ("bench ArrayView::add Ref n=500000+500000") ok
time (mean ± σ)         range (min … max) 
   2.26 ms ±  13.46 µs     2.24 ms …   2.28 ms  in 10 ×     44 runs
[moonbitlang/core] bench builtin/array_make_blit_bench_test.mbt:60 ("bench Array::blit_to Ref n=1000000 overwrite") ok
time (mean ± σ)         range (min … max) 
 155.79 µs ±  21.77 ns   155.76 µs … 155.83 µs  in 10 ×    643 runs
[moonbitlang/core] bench builtin/array_make_blit_bench_test.mbt:70 ("bench Array::blit_to Ref n=1000000 grow") ok
time (mean ± σ)         range (min … max) 
   3.55 ms ±  12.37 µs     3.53 ms …   3.57 ms  in 10 ×     30 runs
[moonbitlang/core] bench builtin/array_make_blit_bench_test.mbt:80 ("bench ArrayView::blit_to Ref n=1000000 overwrite") ok
time (mean ± σ)         range (min … max) 
 169.71 µs ±  48.51 ns   169.66 µs … 169.80 µs  in 10 ×    590 runs
[moonbitlang/core] bench builtin/array_make_blit_bench_test.mbt:90 ("bench ArrayView::blit_to Ref n=1000000 grow") ok
time (mean ± σ)         range (min … max) 
   3.51 ms ±  48.85 µs     3.42 ms …   3.57 ms  in 10 ×     30 runs
[moonbitlang/core] bench builtin/array_make_blit_bench_test.mbt:100 ("bench Array::append Ref n=1000000 grow") ok
time (mean ± σ)         range (min … max) 
   3.53 ms ±  16.16 µs     3.51 ms …   3.56 ms  in 10 ×     30 runs
[moonbitlang/core] bench builtin/array_make_blit_bench_test.mbt:110 ("bench Array::push Ref n=1000000 resize") ok
time (mean ± σ)         range (min … max) 
   5.24 ms ± 272.02 µs     4.81 ms …   5.61 ms  in 10 ×     20 runs
[moonbitlang/core] bench builtin/array_make_blit_bench_test.mbt:129 ("bench Array::copy Int n=1000000") ok
time (mean ± σ)         range (min … max) 
 590.06 µs ±   2.87 µs   583.53 µs … 592.86 µs  in 10 ×    171 runs
[moonbitlang/core] bench builtin/array_make_blit_bench_test.mbt:135 ("bench Array::copy Ref n=1000000") ok
time (mean ± σ)         range (min … max) 
   2.24 ms ±   9.24 µs     2.23 ms …   2.26 ms  in 10 ×     44 runs
[moonbitlang/core] bench builtin/array_locals_bench_test.mbt:29 ("bench Array::retain_map n=100000") ok
time (mean ± σ)         range (min … max) 
  69.87 µs ±  40.64 ns    69.77 µs …  69.91 µs  in 10 ×   1432 runs
[moonbitlang/core] bench builtin/array_locals_bench_test.mbt:38 ("bench Array::shuffle_in_place n=100000") ok
time (mean ± σ)         range (min … max) 
 160.49 µs ± 167.63 ns   160.12 µs … 160.65 µs  in 10 ×    624 runs
[moonbitlang/core] bench builtin/array_locals_bench_test.mbt:50 ("bench Array::filter_map n=100000") ok
time (mean ± σ)         range (min … max) 
 163.12 µs ± 554.13 ns   162.37 µs … 164.11 µs  in 10 ×    609 runs
[moonbitlang/core] bench builtin/array_locals_bench_test.mbt:58 ("bench FixedArray::each n=100000") ok
time (mean ± σ)         range (min … max) 
  47.98 µs ±  46.69 ns    47.89 µs …  48.05 µs  in 10 ×   2087 runs
[moonbitlang/core] bench builtin/array_locals_bench_test.mbt:68 ("bench FixedArray::eachi n=100000") ok
time (mean ± σ)         range (min … max) 
  64.02 µs ±  97.88 ns    63.89 µs …  64.17 µs  in 10 ×   1565 runs
[moonbitlang/core] bench builtin/array_locals_bench_test.mbt:78 ("bench FixedArray::rev_each n=100000") ok
time (mean ± σ)         range (min … max) 
  53.75 µs ±  20.39 ns    53.72 µs …  53.77 µs  in 10 ×   1862 runs
[moonbitlang/core] bench builtin/array_locals_bench_test.mbt:88 ("bench FixedArray::rev_eachi n=100000") ok
time (mean ± σ)         range (min … max) 
  76.04 µs ± 123.78 ns    75.86 µs …  76.20 µs  in 10 ×   1315 runs
[moonbitlang/core] bench builtin/array_locals_bench_test.mbt:98 ("bench FixedArray::map n=100000") ok
time (mean ± σ)         range (min … max) 
  90.37 µs ± 345.59 ns    89.91 µs …  90.77 µs  in 10 ×   1110 runs
[moonbitlang/core] bench builtin/array_locals_bench_test.mbt:104 ("bench FixedArray::mapi n=100000") ok
time (mean ± σ)         range (min … max) 
  89.54 µs ± 397.13 ns    88.96 µs …  90.27 µs  in 10 ×   1121 runs
[moonbitlang/core] bench builtin/array_locals_bench_test.mbt:110 ("bench FixedArray::makei n=100000") ok
time (mean ± σ)         range (min … max) 
  85.38 µs ± 348.42 ns    84.99 µs …  85.96 µs  in 10 ×   1196 runs
[moonbitlang/core] bench builtin/array_locals_bench_test.mbt:115 ("bench FixedArray::fold n=100000") ok
time (mean ± σ)         range (min … max) 
  56.15 µs ± 132.24 ns    55.81 µs …  56.24 µs  in 10 ×   1780 runs
[moonbitlang/core] bench builtin/array_locals_bench_test.mbt:121 ("bench FixedArray::rev_fold n=100000") ok
time (mean ± σ)         range (min … max) 
  55.20 µs ±  97.76 ns    54.97 µs …  55.28 µs  in 10 ×   1815 runs
[moonbitlang/core] bench builtin/array_locals_bench_test.mbt:127 ("bench FixedArray::foldi n=100000") ok
time (mean ± σ)         range (min … max) 
  58.95 µs ± 119.33 ns    58.67 µs …  59.05 µs  in 10 ×   1696 runs
[moonbitlang/core] bench builtin/array_locals_bench_test.mbt:133 ("bench FixedArray::rev_foldi n=100000") ok
time (mean ± σ)         range (min … max) 
  64.71 µs ±  51.53 ns    64.57 µs …  64.75 µs  in 10 ×   1546 runs
[moonbitlang/core] bench builtin/array_locals_bench_test.mbt:139 ("bench ArrayView::chunk_by n=100000") ok
time (mean ± σ)         range (min … max) 
  96.03 µs ± 154.58 ns    95.73 µs …  96.25 µs  in 10 ×   1043 runs
[moonbitlang/core] bench builtin/array_locals_bench_test.mbt:146 ("bench ArrayView::each n=100000") ok
time (mean ± σ)         range (min … max) 
  63.66 µs ± 125.73 ns    63.53 µs …  63.92 µs  in 10 ×   1578 runs
[moonbitlang/core] bench builtin/array_locals_bench_test.mbt:157 ("bench ArrayView::eachi n=100000") ok
time (mean ± σ)         range (min … max) 
  72.05 µs ±  52.79 ns    71.99 µs …  72.12 µs  in 10 ×   1391 runs
[moonbitlang/core] bench builtin/array_locals_bench_test.mbt:168 ("bench ArrayView::rev_each n=100000") ok
time (mean ± σ)         range (min … max) 
  69.86 µs ±  70.53 ns    69.77 µs …  69.96 µs  in 10 ×   1432 runs
[moonbitlang/core] bench builtin/array_locals_bench_test.mbt:179 ("bench ArrayView::rev_eachi n=100000") ok
time (mean ± σ)         range (min … max) 
  78.53 µs ±  35.93 ns    78.48 µs …  78.58 µs  in 10 ×   1276 runs
[moonbitlang/core] bench builtin/array_locals_bench_test.mbt:190 ("bench ArrayView::all n=100000") ok
time (mean ± σ)         range (min … max) 
  64.04 µs ± 116.86 ns    63.84 µs …  64.20 µs  in 10 ×   1562 runs
[moonbitlang/core] bench builtin/array_locals_bench_test.mbt:197 ("bench ArrayView::any n=100000") ok
time (mean ± σ)         range (min … max) 
  63.53 µs ±  53.34 ns    63.42 µs …  63.59 µs  in 10 ×   1577 runs
[moonbitlang/core] bench builtin/array_locals_bench_test.mbt:204 ("bench ArrayView::search_by n=100000") ok
time (mean ± σ)         range (min … max) 
  63.56 µs ± 107.26 ns    63.31 µs …  63.68 µs  in 10 ×   1571 runs
[moonbitlang/core] bench builtin/array_locals_bench_test.mbt:213 ("bench ArrayView::fold n=100000") ok
time (mean ± σ)         range (min … max) 
  63.28 µs ± 184.18 ns    62.86 µs …  63.52 µs  in 10 ×   1580 runs
[moonbitlang/core] bench builtin/array_locals_bench_test.mbt:220 ("bench ArrayView::rev_fold n=100000") ok
time (mean ± σ)         range (min … max) 
  61.59 µs ± 119.96 ns    61.35 µs …  61.69 µs  in 10 ×   1623 runs
[moonbitlang/core] bench builtin/array_locals_bench_test.mbt:227 ("bench ArrayView::foldi n=100000") ok
time (mean ± σ)         range (min … max) 
  70.57 µs ± 428.24 ns    70.19 µs …  71.15 µs  in 10 ×   1422 runs
[moonbitlang/core] bench builtin/array_locals_bench_test.mbt:234 ("bench ArrayView::rev_foldi n=100000") ok
time (mean ± σ)         range (min … max) 
  77.33 µs ± 508.26 ns    76.77 µs …  78.20 µs  in 10 ×   1294 runs
[moonbitlang/core] bench builtin/array_locals_bench_test.mbt:241 ("bench ArrayView::map n=100000") ok
time (mean ± σ)         range (min … max) 
 139.75 µs ± 371.61 ns   139.21 µs … 140.28 µs  in 10 ×    711 runs
[moonbitlang/core] bench builtin/array_locals_bench_test.mbt:248 ("bench ArrayView::mapi n=100000") ok
time (mean ± σ)         range (min … max) 
 144.44 µs ±   1.14 µs   142.64 µs … 145.57 µs  in 10 ×    695 runs
[moonbitlang/core] bench builtin/array_locals_bench_test.mbt:255 ("bench ArrayView::filter n=100000") ok
time (mean ± σ)         range (min … max) 
 149.47 µs ± 517.11 ns   149.01 µs … 150.61 µs  in 10 ×    664 runs
[moonbitlang/core] bench builtin/array_locals_bench_test.mbt:262 ("bench ArrayView::filter_map n=100000") ok
time (mean ± σ)         range (min … max) 
 163.74 µs ± 621.73 ns   163.00 µs … 164.86 µs  in 10 ×    608 runs
[moonbitlang/core] bench bytes/find_bench_test.mbt:92 ("bench BytesView::find single byte hit end n=4096") ok
time (mean ± σ)         range (min … max) 
   2.26 µs ±   8.69 ns     2.24 µs …   2.27 µs  in 10 ×  46072 runs
[moonbitlang/core] bench bytes/find_bench_test.mbt:99 ("bench BytesView::find single byte miss n=4096") ok
time (mean ± σ)         range (min … max) 
   2.30 µs ±  10.27 ns     2.28 µs …   2.31 µs  in 10 ×  45312 runs
[moonbitlang/core] bench bytes/find_bench_test.mbt:106 ("bench BytesView::find substring rare hit end n=4096") ok
time (mean ± σ)         range (min … max) 
   2.41 µs ±   4.12 ns     2.41 µs …   2.42 µs  in 10 ×  41482 runs
[moonbitlang/core] bench bytes/find_bench_test.mbt:113 ("bench BytesView::find substring dense miss n=4096") ok
time (mean ± σ)         range (min … max) 
   2.45 µs ±  28.84 ns     2.40 µs …   2.48 µs  in 10 ×  39691 runs
[moonbitlang/core] bench bytes/find_bench_test.mbt:120 ("bench BytesView::find offset view rare hit end n=4096") ok
time (mean ± σ)         range (min … max) 
   2.38 µs ±   1.21 ns     2.38 µs …   2.39 µs  in 10 ×  41148 runs
[moonbitlang/core] bench bytes/find_bench_test.mbt:127 ("bench BytesView::find long dense miss n=4096") ok
time (mean ± σ)         range (min … max) 
   5.10 µs ±  10.38 ns     5.09 µs …   5.11 µs  in 10 ×  19592 runs
[moonbitlang/core] bench bytes/find_bench_test.mbt:134 ("bench BytesView::find single byte miss n=32") ok
time (mean ± σ)         range (min … max) 
  24.68 ns ±   0.25 ns    24.28 ns …  24.95 ns  in 10 × 100000 runs
[moonbitlang/core] bench bytes/find_bench_test.mbt:141 ("bench BytesView::find substring miss n=32") ok
time (mean ± σ)         range (min … max) 
  26.02 ns ±   0.14 ns    25.85 ns …  26.26 ns  in 10 × 100000 runs
[moonbitlang/core] bench bytes/find_bench_test.mbt:148 ("bench BytesView::rev_find single byte hit start n=4096") ok
time (mean ± σ)         range (min … max) 
   2.17 µs ±  25.30 ns     2.13 µs …   2.20 µs  in 10 ×  45991 runs
[moonbitlang/core] bench bytes/find_bench_test.mbt:155 ("bench BytesView::rev_find single byte miss n=4096") ok
time (mean ± σ)         range (min … max) 
   2.31 µs ±   8.61 ns     2.29 µs …   2.32 µs  in 10 ×  44805 runs
[moonbitlang/core] bench bytes/find_bench_test.mbt:162 ("bench BytesView::rev_find substring rare hit start n=4096") ok
time (mean ± σ)         range (min … max) 
   3.49 µs ±   6.90 ns     3.48 µs …   3.50 µs  in 10 ×  28693 runs
[moonbitlang/core] bench bytes/find_bench_test.mbt:169 ("bench BytesView::rev_find substring dense miss n=4096") ok
time (mean ± σ)         range (min … max) 
   3.77 µs ±  25.22 ns     3.73 µs …   3.81 µs  in 10 ×  26267 runs
[moonbitlang/core] bench bytes/find_bench_test.mbt:176 ("bench BytesView::rev_find offset view rare hit start n=4096") ok
time (mean ± σ)         range (min … max) 
   3.39 µs ±  43.85 ns     3.36 µs …   3.46 µs  in 10 ×  28947 runs
[moonbitlang/core] bench bytes/find_bench_test.mbt:185 ("bench BytesView::rev_find long dense miss n=4096") ok
time (mean ± σ)         range (min … max) 
   3.74 µs ±  32.73 ns     3.70 µs …   3.78 µs  in 10 ×  26482 runs
[moonbitlang/core] bench debug/debug_inspect_bench_test.mbt:16 ("bench debug_inspect passing Int") ok
time (mean ± σ)         range (min … max) 
  70.57 ns ±   0.42 ns    70.03 ns …  71.13 ns  in 10 × 100000 runs
[moonbitlang/core] bench debug/debug_inspect_bench_test.mbt:21 ("bench debug_inspect passing Array") ok
time (mean ± σ)         range (min … max) 
 848.69 ns ±  10.78 ns   830.54 ns … 861.14 ns  in 10 × 100000 runs
[moonbitlang/core] bench deque/deque_bench_test.mbt:22 ("bench Deque::to_array Int n=50000") ok
time (mean ± σ)         range (min … max) 
 106.94 µs ± 721.16 ns   105.73 µs … 107.60 µs  in 10 ×    940 runs
[moonbitlang/core] bench deque/deque_bench_test.mbt:28 ("bench Deque::to_array Ref n=50000") ok
time (mean ± σ)         range (min … max) 
 135.01 µs ±   1.71 µs   132.38 µs … 137.34 µs  in 10 ×    748 runs
[moonbitlang/core] bench deque/deque_bench_test.mbt:34 ("bench Deque steady-state pop_front/push_back x100000 len=1000") ok
time (mean ± σ)         range (min … max) 
 391.82 µs ±   2.30 µs   389.17 µs … 396.32 µs  in 10 ×    253 runs
[moonbitlang/core] bench deque/deque_bench_test.mbt:51 ("bench Deque steady-state push_front/pop_back x100000 len=1000") ok
time (mean ± σ)         range (min … max) 
 395.13 µs ± 116.29 ns   394.96 µs … 395.30 µs  in 10 ×    254 runs
[moonbitlang/core] bench deque/deque_bench_test.mbt:67 ("bench Deque::get x100000 len=1000") ok
time (mean ± σ)         range (min … max) 
 637.67 µs ± 326.37 ns   637.29 µs … 638.45 µs  in 10 ×    157 runs
[moonbitlang/core] bench encoding/ascii/ascii_bench_test.mbt:40 ("bench ASCII decode n=15") ok
time (mean ± σ)         range (min … max) 
  58.17 ns ±   0.26 ns    57.68 ns …  58.42 ns  in 10 × 100000 runs
[moonbitlang/core] bench encoding/ascii/ascii_bench_test.mbt:46 ("bench ASCII decode n=16") ok
time (mean ± σ)         range (min … max) 
  58.46 ns ±   0.61 ns    57.95 ns …  59.71 ns  in 10 × 100000 runs
[moonbitlang/core] bench encoding/ascii/ascii_bench_test.mbt:52 ("bench ASCII decode n=32") ok
time (mean ± σ)         range (min … max) 
 104.29 ns ±   0.40 ns   103.69 ns … 104.83 ns  in 10 × 100000 runs
[moonbitlang/core] bench encoding/ascii/ascii_bench_test.mbt:58 ("bench ASCII decode n=64") ok
time (mean ± σ)         range (min … max) 
 147.07 ns ±   0.68 ns   145.96 ns … 148.23 ns  in 10 × 100000 runs
[moonbitlang/core] bench encoding/ascii/ascii_bench_test.mbt:64 ("bench ASCII decode n=100000") ok
time (mean ± σ)         range (min … max) 
 242.85 µs ± 730.22 ns   241.41 µs … 243.71 µs  in 10 ×    407 runs
[moonbitlang/core] bench encoding/ascii/ascii_bench_test.mbt:70 ("bench ASCII decode n=1000000") ok
time (mean ± σ)         range (min … max) 
   2.33 ms ±  13.49 µs     2.31 ms …   2.35 ms  in 10 ×     43 runs
[moonbitlang/core] bench encoding/base64/v128_bench_wbtest.mbt:38 ("bench encode scalar n=64") ok
time (mean ± σ)         range (min … max) 
   1.69 µs ±  11.16 ns     1.68 µs …   1.71 µs  in 10 ×  57312 runs
[moonbitlang/core] bench encoding/base64/v128_bench_wbtest.mbt:43 ("bench encode v128 n=64") ok
time (mean ± σ)         range (min … max) 
   1.68 µs ±   4.00 ns     1.68 µs …   1.69 µs  in 10 ×  57464 runs
[moonbitlang/core] bench encoding/base64/v128_bench_wbtest.mbt:48 ("bench encode scalar n=1024") ok
time (mean ± σ)         range (min … max) 
  25.88 µs ± 355.76 ns    25.56 µs …  26.40 µs  in 10 ×   3801 runs
[moonbitlang/core] bench encoding/base64/v128_bench_wbtest.mbt:53 ("bench encode v128 n=1024") ok
time (mean ± σ)         range (min … max) 
  25.90 µs ± 228.82 ns    25.66 µs …  26.30 µs  in 10 ×   3785 runs
[moonbitlang/core] bench encoding/base64/v128_bench_wbtest.mbt:58 ("bench encode scalar n=65536") ok
time (mean ± σ)         range (min … max) 
   1.67 ms ±   4.16 µs     1.66 ms …   1.67 ms  in 10 ×     60 runs
[moonbitlang/core] bench encoding/base64/v128_bench_wbtest.mbt:63 ("bench encode v128 n=65536") ok
time (mean ± σ)         range (min … max) 
   1.67 ms ±   4.49 µs     1.66 ms …   1.68 ms  in 10 ×     60 runs
[moonbitlang/core] bench encoding/base64/v128_bench_wbtest.mbt:68 ("bench decode scalar n=64") ok
time (mean ± σ)         range (min … max) 
 276.55 ns ±   1.33 ns   274.42 ns … 278.74 ns  in 10 × 100000 runs
[moonbitlang/core] bench encoding/base64/v128_bench_wbtest.mbt:75 ("bench decode v128 n=64") ok
time (mean ± σ)         range (min … max) 
 282.46 ns ±   1.72 ns   279.56 ns … 285.10 ns  in 10 × 100000 runs
[moonbitlang/core] bench encoding/base64/v128_bench_wbtest.mbt:80 ("bench decode scalar n=1024") ok
time (mean ± σ)         range (min … max) 
   3.96 µs ±  21.74 ns     3.94 µs …   4.00 µs  in 10 ×  23928 runs
[moonbitlang/core] bench encoding/base64/v128_bench_wbtest.mbt:87 ("bench decode v128 n=1024") ok
time (mean ± σ)         range (min … max) 
   3.96 µs ±  33.41 ns     3.94 µs …   4.03 µs  in 10 ×  24050 runs
[moonbitlang/core] bench encoding/base64/v128_bench_wbtest.mbt:92 ("bench decode scalar n=65536") ok
time (mean ± σ)         range (min … max) 
 621.03 µs ±   5.21 µs   611.62 µs … 625.46 µs  in 10 ×    160 runs
[moonbitlang/core] bench encoding/base64/v128_bench_wbtest.mbt:99 ("bench decode v128 n=65536") ok
time (mean ± σ)         range (min … max) 
 620.29 µs ±   5.88 µs   609.77 µs … 625.91 µs  in 10 ×    161 runs
[moonbitlang/core] bench encoding/hex/v128_bench_wbtest.mbt:34 ("bench encode scalar 4k") ok
time (mean ± σ)         range (min … max) 
 148.34 µs ± 354.55 ns   148.03 µs … 148.98 µs  in 10 ×    677 runs
[moonbitlang/core] bench encoding/hex/v128_bench_wbtest.mbt:39 ("bench encode public 64") ok
time (mean ± σ)         range (min … max) 
   2.36 µs ±  18.99 ns     2.35 µs …   2.40 µs  in 10 ×  41304 runs
[moonbitlang/core] bench encoding/hex/v128_bench_wbtest.mbt:44 ("bench encode public 4k") ok
time (mean ± σ)         range (min … max) 
 148.22 µs ± 422.88 ns   147.87 µs … 149.02 µs  in 10 ×    677 runs
[moonbitlang/core] bench encoding/hex/v128_bench_wbtest.mbt:49 ("bench encode public 64k") ok
time (mean ± σ)         range (min … max) 
   2.38 ms ±  12.06 µs     2.36 ms …   2.40 ms  in 10 ×     42 runs
[moonbitlang/core] bench encoding/hex/v128_bench_wbtest.mbt:54 ("bench decode scalar 4k") ok
time (mean ± σ)         range (min … max) 
  29.62 µs ± 118.85 ns    29.44 µs …  29.76 µs  in 10 ×   3331 runs
[moonbitlang/core] bench encoding/hex/v128_bench_wbtest.mbt:62 ("bench decode public 4k") ok
time (mean ± σ)         range (min … max) 
  23.52 µs ±   1.42 µs    21.60 µs …  25.11 µs  in 10 ×   3948 runs
[moonbitlang/core] bench encoding/hex/v128_bench_wbtest.mbt:70 ("bench decode public 64k") ok
time (mean ± σ)         range (min … max) 
 609.14 µs ±   1.47 µs   607.00 µs … 611.64 µs  in 10 ×    164 runs
[moonbitlang/core] bench encoding/utf16/utf16_v128_bench_test.mbt:57 ("bench utf16 encode ASCII LE n=100000") ok
time (mean ± σ)         range (min … max) 
 112.48 µs ± 517.86 ns   111.93 µs … 113.22 µs  in 10 ×    883 runs
[moonbitlang/core] bench encoding/utf16/utf16_v128_bench_test.mbt:63 ("bench utf16 encode ASCII BE n=100000") ok
time (mean ± σ)         range (min … max) 
 120.21 µs ± 822.78 ns   119.05 µs … 121.41 µs  in 10 ×    831 runs
[moonbitlang/core] bench encoding/utf16/utf16_v128_bench_test.mbt:69 ("bench utf16 encode mixed LE n=100000") ok
time (mean ± σ)         range (min … max) 
 112.68 µs ± 414.23 ns   112.23 µs … 113.35 µs  in 10 ×    883 runs
[moonbitlang/core] bench encoding/utf16/utf16_v128_bench_test.mbt:75 ("bench utf16 encode mixed BE n=100000") ok
time (mean ± σ)         range (min … max) 
 119.47 µs ± 548.61 ns   118.78 µs … 120.20 µs  in 10 ×    839 runs
[moonbitlang/core] bench encoding/utf16/utf16_v128_bench_test.mbt:81 ("bench utf16 decode ASCII LE n=100000") ok
time (mean ± σ)         range (min … max) 
 204.65 µs ±   4.12 µs   198.90 µs … 208.87 µs  in 10 ×    505 runs
[moonbitlang/core] bench encoding/utf16/utf16_v128_bench_test.mbt:87 ("bench utf16 decode ASCII BE n=100000") ok
time (mean ± σ)         range (min … max) 
 352.96 µs ±   4.37 µs   349.33 µs … 363.77 µs  in 10 ×    286 runs
[moonbitlang/core] bench encoding/utf16/utf16_v128_bench_test.mbt:95 ("bench utf16 decode mixed LE n=100000") ok
time (mean ± σ)         range (min … max) 
 206.49 µs ±   2.97 µs   200.77 µs … 209.34 µs  in 10 ×    504 runs
[moonbitlang/core] bench encoding/utf16/utf16_v128_bench_test.mbt:101 ("bench utf16 decode mixed BE n=100000") ok
time (mean ± σ)         range (min … max) 
 362.12 µs ±   7.31 µs   351.74 µs … 369.73 µs  in 10 ×    286 runs
[moonbitlang/core] bench encoding/utf16/utf16_v128_bench_test.mbt:109 ("bench utf16 decode emoji LE n=100000") ok
time (mean ± σ)         range (min … max) 
 305.22 µs ±   1.21 µs   304.35 µs … 307.58 µs  in 10 ×    326 runs
[moonbitlang/core] bench encoding/utf16/utf16_v128_bench_test.mbt:115 ("bench utf16 decode emoji BE n=100000") ok
time (mean ± σ)         range (min … max) 
 359.07 µs ±   1.02 µs   357.81 µs … 361.25 µs  in 10 ×    278 runs
[moonbitlang/core] bench hashmap/hashmap_bench_test.mbt:19 ("bench HashMap::set n=50000") ok
time (mean ± σ)         range (min … max) 
   1.74 ms ±  22.48 µs     1.72 ms …   1.78 ms  in 10 ×     58 runs
[moonbitlang/core] bench hashmap/hashmap_bench_test.mbt:30 ("bench HashMap::get n=50000") ok
time (mean ± σ)         range (min … max) 
 517.52 µs ±   1.19 µs   515.44 µs … 518.60 µs  in 10 ×    194 runs
[moonbitlang/core] bench hashmap/hashmap_bench_test.mbt:47 ("bench HashMap::get miss n=50000") ok
time (mean ± σ)         range (min … max) 
 643.40 µs ±   1.07 µs   640.66 µs … 644.42 µs  in 10 ×    156 runs
[moonbitlang/core] bench hashmap/hashmap_bench_test.mbt:67 ("bench HashMap::set+remove n=50000") ok
time (mean ± σ)         range (min … max) 
   2.45 ms ±  20.86 µs     2.42 ms …   2.48 ms  in 10 ×     41 runs
[moonbitlang/core] bench hashmap/hashmap_bench_test.mbt:87 ("bench HashMap::copy+remove n=50000") ok
time (mean ± σ)         range (min … max) 
   1.32 ms ±  19.87 µs     1.30 ms …   1.35 ms  in 10 ×     77 runs
[moonbitlang/core] bench hashmap/hashmap_bench_test.mbt:102 ("bench HashMap::copy n=50000") ok
time (mean ± σ)         range (min … max) 
 633.92 µs ±  10.37 µs   619.33 µs … 647.72 µs  in 10 ×    163 runs
[moonbitlang/core] bench hashmap/hashmap_bench_test.mbt:114 ("bench HashMap::to_array Int n=50000") ok
time (mean ± σ)         range (min … max) 
 616.48 µs ±  15.17 µs   593.70 µs … 638.11 µs  in 10 ×    158 runs
[moonbitlang/core] bench hashmap/hashmap_bench_test.mbt:123 ("bench HashMap::to_array Ref n=50000") ok
time (mean ± σ)         range (min … max) 
 740.64 µs ±  18.88 µs   705.27 µs … 764.75 µs  in 10 ×    138 runs
[moonbitlang/core] bench hashmap/hashmap_bench_test.mbt:141 ("bench HashMap::filter n=50000") ok
time (mean ± σ)         range (min … max) 
 826.57 µs ±  15.83 µs   806.35 µs … 850.65 µs  in 10 ×    121 runs
[moonbitlang/core] bench hashmap/hashmap_bench_test.mbt:147 ("bench HashMap comprehension filter n=50000") ok
time (mean ± σ)         range (min … max) 
   2.54 ms ±  41.11 µs     2.49 ms …   2.60 ms  in 10 ×     40 runs
[moonbitlang/core] bench hashset/set_algebra_bench_test.mbt:26 ("bench HashSet::union String 10k 50% overlap") ok
time (mean ± σ)         range (min … max) 
 574.86 µs ±   3.88 µs   568.62 µs … 582.01 µs  in 10 ×    174 runs
[moonbitlang/core] bench hashset/set_algebra_bench_test.mbt:33 ("bench HashSet::union Int 10k 50% overlap") ok
time (mean ± σ)         range (min … max) 
 462.59 µs ±   2.11 µs   459.99 µs … 467.33 µs  in 10 ×    213 runs
[moonbitlang/core] bench hashset/set_algebra_bench_test.mbt:40 ("bench HashSet::intersection String 10k 50% overlap") ok
time (mean ± σ)         range (min … max) 
 370.01 µs ±   3.03 µs   364.95 µs … 372.72 µs  in 10 ×    270 runs
[moonbitlang/core] bench hashset/set_algebra_bench_test.mbt:47 ("bench HashSet::difference String 10k 50% overlap") ok
time (mean ± σ)         range (min … max) 
 355.48 µs ±   2.36 µs   352.45 µs … 358.84 µs  in 10 ×    279 runs
[moonbitlang/core] bench hashset/set_algebra_bench_test.mbt:54 ("bench HashSet::is_subset String 10k true") ok
time (mean ± σ)         range (min … max) 
 305.86 µs ± 400.47 ns   305.17 µs … 306.42 µs  in 10 ×    330 runs
[moonbitlang/core] bench hashset/set_algebra_bench_test.mbt:61 ("bench HashSet == String 10k") ok
time (mean ± σ)         range (min … max) 
 301.45 µs ±   1.57 µs   298.57 µs … 303.12 µs  in 10 ×    333 runs
[moonbitlang/core] bench hashset/set_algebra_bench_test.mbt:68 ("bench HashSet == Int 10k") ok
time (mean ± σ)         range (min … max) 
  66.19 µs ±   6.07 µs    60.83 µs …  77.26 µs  in 10 ×   1441 runs
[moonbitlang/core] bench hashset/hashset_bench_test.mbt:19 ("bench HashSet::add n=50000") ok
time (mean ± σ)         range (min … max) 
   2.17 ms ±  26.34 µs     2.13 ms …   2.20 ms  in 10 ×     47 runs
[moonbitlang/core] bench hashset/hashset_bench_test.mbt:30 ("bench HashSet::contains n=50000") ok
time (mean ± σ)         range (min … max) 
   1.18 ms ± 735.21 ns     1.18 ms …   1.18 ms  in 10 ×     85 runs
[moonbitlang/core] bench hashset/hashset_bench_test.mbt:56 ("bench HashSet::filter n=50000") ok
time (mean ± σ)         range (min … max) 
 380.90 µs ±   5.01 µs   375.37 µs … 390.04 µs  in 10 ×    273 runs
[moonbitlang/core] bench hashset/hashset_bench_test.mbt:62 ("bench HashSet comprehension filter n=50000") ok
time (mean ± σ)         range (min … max) 
   1.02 ms ±   8.03 µs     1.01 ms …   1.03 ms  in 10 ×     99 runs
[moonbitlang/core] bench immut/hashmap/update_bench_test.mbt:21 ("bench HashMap::remove absent x1000 n=100000") ok
time (mean ± σ)         range (min … max) 
  27.46 µs ±  32.25 ns    27.42 µs …  27.53 µs  in 10 ×   3646 runs
[moonbitlang/core] bench immut/hashmap/update_bench_test.mbt:32 ("bench HashMap::remove present x1000 n=100000") ok
time (mean ± σ)         range (min … max) 
 194.75 µs ±   1.28 µs   193.14 µs … 196.35 µs  in 10 ×    513 runs
[moonbitlang/core] bench immut/hashmap/update_bench_test.mbt:43 ("bench HashMap::union with a derived version n=100000") ok
time (mean ± σ)         range (min … max) 
 485.32 ns ±   0.78 ns   484.35 ns … 486.71 ns  in 10 × 100000 runs
[moonbitlang/core] bench immut/hashmap/update_bench_test.mbt:49 ("bench HashMap::intersection with a derived version n=100000") ok
time (mean ± σ)         range (min … max) 
 461.59 ns ±   0.37 ns   461.10 ns … 462.13 ns  in 10 × 100000 runs
[moonbitlang/core] bench immut/hashmap/hashmap_build_bench_test.mbt:37 ("bench HashMap constructor ordered n=10000") ok
time (mean ± σ)         range (min … max) 
 604.20 µs ±   2.59 µs   601.18 µs … 608.63 µs  in 10 ×    167 runs
[moonbitlang/core] bench immut/hashmap/hashmap_build_bench_test.mbt:43 ("bench HashMap constructor random n=10000") ok
time (mean ± σ)         range (min … max) 
 607.01 µs ±   1.82 µs   604.18 µs … 608.71 µs  in 10 ×    165 runs
[moonbitlang/core] bench immut/hashmap/hashmap_build_bench_test.mbt:49 ("bench HashMap::from_iter random n=10000") ok
time (mean ± σ)         range (min … max) 
 640.51 µs ±   2.74 µs   637.24 µs … 646.00 µs  in 10 ×    156 runs
[moonbitlang/core] bench immut/hashset/update_bench_test.mbt:21 ("bench HashSet::add existing x1000 n=100000") ok
time (mean ± σ)         range (min … max) 
  34.49 µs ± 251.39 ns    34.06 µs …  34.73 µs  in 10 ×   2928 runs
[moonbitlang/core] bench immut/hashset/update_bench_test.mbt:32 ("bench HashSet::remove absent x1000 n=100000") ok
time (mean ± σ)         range (min … max) 
  28.00 µs ±  88.84 ns    27.86 µs …  28.10 µs  in 10 ×   3602 runs
[moonbitlang/core] bench immut/hashset/update_bench_test.mbt:43 ("bench HashSet::add new x1000 n=100000") ok
time (mean ± σ)         range (min … max) 
 192.40 µs ±   1.25 µs   190.76 µs … 194.23 µs  in 10 ×    519 runs
[moonbitlang/core] bench immut/hashset/update_bench_test.mbt:54 ("bench HashSet::union with a derived version n=100000") ok
time (mean ± σ)         range (min … max) 
 482.13 ns ±   0.24 ns   481.71 ns … 482.44 ns  in 10 × 100000 runs
[moonbitlang/core] bench immut/hashset/hashset_build_bench_test.mbt:34 ("bench HashSet constructor ordered n=10000") ok
time (mean ± σ)         range (min … max) 
 636.35 µs ±   3.33 µs   632.67 µs … 642.33 µs  in 10 ×    158 runs
[moonbitlang/core] bench immut/hashset/hashset_build_bench_test.mbt:40 ("bench HashSet constructor random n=10000") ok
time (mean ± σ)         range (min … max) 
 636.59 µs ±   3.34 µs   629.93 µs … 642.83 µs  in 10 ×    158 runs
[moonbitlang/core] bench immut/hashset/hashset_build_bench_test.mbt:46 ("bench HashSet::from_iter random n=10000") ok
time (mean ± σ)         range (min … max) 
 670.04 µs ±   4.51 µs   663.35 µs … 678.99 µs  in 10 ×    149 runs
[moonbitlang/core] bench immut/priority_queue/priority_queue_build_bench_test.mbt:38 ("bench PriorityQueue::from_array ordered n=10000") ok
time (mean ± σ)         range (min … max) 
  54.13 µs ±   1.28 µs    52.73 µs …  55.77 µs  in 10 ×   1803 runs
[moonbitlang/core] bench immut/priority_queue/priority_queue_build_bench_test.mbt:44 ("bench PriorityQueue::from_array reverse n=10000") ok
time (mean ± σ)         range (min … max) 
  43.08 µs ± 825.38 ns    42.52 µs …  44.89 µs  in 10 ×   2203 runs
[moonbitlang/core] bench immut/priority_queue/priority_queue_build_bench_test.mbt:50 ("bench PriorityQueue::from_array random n=10000") ok
time (mean ± σ)         range (min … max) 
  55.45 µs ±   1.21 µs    54.18 µs …  56.96 µs  in 10 ×   1766 runs
[moonbitlang/core] bench immut/priority_queue/priority_queue_build_bench_test.mbt:56 ("bench PriorityQueue::from_iter random n=10000") ok
time (mean ± σ)         range (min … max) 
  92.06 µs ± 412.71 ns    91.58 µs …  92.63 µs  in 10 ×   1084 runs
[moonbitlang/core] bench immut/sorted_map/sorted_map_build_bench_test.mbt:54 ("bench SortedMap constructor reverse n=10000") ok
time (mean ± σ)         range (min … max) 
  86.62 µs ± 272.55 ns    86.21 µs …  87.08 µs  in 10 ×   1155 runs
[moonbitlang/core] bench immut/sorted_map/sorted_map_build_bench_test.mbt:60 ("bench SortedMap::from_iter ordered n=10000") ok
time (mean ± σ)         range (min … max) 
   1.89 ms ±  10.80 µs     1.87 ms …   1.91 ms  in 10 ×     53 runs
[moonbitlang/core] bench immut/sorted_map/sorted_map_build_bench_test.mbt:66 ("bench SortedMap::from_iter almost ordered n=10000") ok
time (mean ± σ)         range (min … max) 
   1.89 ms ±   9.12 µs     1.88 ms …   1.90 ms  in 10 ×     53 runs
[moonbitlang/core] bench immut/sorted_map/sorted_map_build_bench_test.mbt:72 ("bench SortedMap::from_iter random n=10000") ok
time (mean ± σ)         range (min … max) 
   1.16 ms ±   6.32 µs     1.16 ms …   1.18 ms  in 10 ×     87 runs
[moonbitlang/core] bench immut/sorted_map/sorted_map_build_bench_test.mbt:78 ("bench SortedMap constructor ordered n=10000") ok
time (mean ± σ)         range (min … max) 
  88.38 µs ± 401.55 ns    87.90 µs …  88.93 µs  in 10 ×   1132 runs
[moonbitlang/core] bench immut/sorted_map/sorted_map_build_bench_test.mbt:84 ("bench SortedMap constructor almost ordered n=10000") ok
time (mean ± σ)         range (min … max) 
 187.22 µs ± 537.69 ns   186.49 µs … 188.14 µs  in 10 ×    533 runs
[moonbitlang/core] bench immut/sorted_map/sorted_map_build_bench_test.mbt:90 ("bench SortedMap constructor random n=10000") ok
time (mean ± σ)         range (min … max) 
 737.39 µs ±   4.33 µs   732.06 µs … 746.61 µs  in 10 ×    135 runs
[moonbitlang/core] bench immut/sorted_map/merge_bench_test.mbt:29 ("bench merge disjoint n=1000") ok
time (mean ± σ)         range (min … max) 
   2.32 µs ±  16.85 ns     2.31 µs …   2.35 µs  in 10 ×  41931 runs
[moonbitlang/core] bench immut/sorted_map/merge_bench_test.mbt:36 ("bench merge disjoint n=5000") ok
time (mean ± σ)         range (min … max) 
   3.57 µs ±  26.75 ns     3.55 µs …   3.62 µs  in 10 ×  27845 runs
[moonbitlang/core] bench immut/sorted_map/merge_bench_test.mbt:43 ("bench merge disjoint n=10000") ok
time (mean ± σ)         range (min … max) 
   4.17 µs ±  10.65 ns     4.16 µs …   4.19 µs  in 10 ×  23723 runs
[moonbitlang/core] bench immut/sorted_map/merge_bench_test.mbt:50 ("bench merge overlapping 50% n=1000") ok
time (mean ± σ)         range (min … max) 
   7.19 µs ±  43.32 ns     7.16 µs …   7.28 µs  in 10 ×  13685 runs
[moonbitlang/core] bench immut/sorted_map/merge_bench_test.mbt:57 ("bench merge overlapping 50% n=5000") ok
time (mean ± σ)         range (min … max) 
  35.34 µs ± 138.53 ns    35.18 µs …  35.56 µs  in 10 ×   2827 runs
[moonbitlang/core] bench immut/sorted_map/merge_bench_test.mbt:64 ("bench merge overlapping 50% n=10000") ok
time (mean ± σ)         range (min … max) 
  62.98 µs ± 186.86 ns    62.64 µs …  63.17 µs  in 10 ×   1590 runs
[moonbitlang/core] bench immut/sorted_map/merge_bench_test.mbt:71 ("bench merge identical n=1000") ok
time (mean ± σ)         range (min … max) 
  10.16 µs ±  13.31 ns    10.14 µs …  10.18 µs  in 10 ×   9823 runs
[moonbitlang/core] bench immut/sorted_map/merge_bench_test.mbt:78 ("bench merge identical n=5000") ok
time (mean ± σ)         range (min … max) 
  53.94 µs ± 165.05 ns    53.70 µs …  54.14 µs  in 10 ×   1856 runs
[moonbitlang/core] bench immut/sorted_map/merge_bench_test.mbt:85 ("bench merge interleaved n=1000") ok
time (mean ± σ)         range (min … max) 
  39.36 µs ±  65.85 ns    39.25 µs …  39.46 µs  in 10 ×   2540 runs
[moonbitlang/core] bench immut/sorted_map/merge_bench_test.mbt:92 ("bench merge interleaved n=5000") ok
time (mean ± σ)         range (min … max) 
 214.69 µs ± 891.64 ns   213.08 µs … 215.56 µs  in 10 ×    468 runs
[moonbitlang/core] bench immut/sorted_map/merge_bench_test.mbt:99 ("bench merge small into large n=100+10000") ok
time (mean ± σ)         range (min … max) 
   3.07 µs ±  17.21 ns     3.06 µs …   3.10 µs  in 10 ×  32131 runs
[moonbitlang/core] bench immut/sorted_set/sorted_set_build_bench_test.mbt:51 ("bench SortedSet constructor reverse n=10000") ok
time (mean ± σ)         range (min … max) 
  80.25 µs ± 181.42 ns    80.06 µs …  80.58 µs  in 10 ×   1254 runs
[moonbitlang/core] bench immut/sorted_set/sorted_set_build_bench_test.mbt:57 ("bench SortedSet::from_iter ordered n=10000") ok
time (mean ± σ)         range (min … max) 
   1.90 ms ±   9.47 µs     1.88 ms …   1.91 ms  in 10 ×     53 runs
[moonbitlang/core] bench immut/sorted_set/sorted_set_build_bench_test.mbt:63 ("bench SortedSet::from_iter almost ordered n=10000") ok
time (mean ± σ)         range (min … max) 
   1.89 ms ±   9.80 µs     1.87 ms …   1.90 ms  in 10 ×     53 runs
[moonbitlang/core] bench immut/sorted_set/sorted_set_build_bench_test.mbt:69 ("bench SortedSet::from_iter rev almost ordered n=10000") ok
time (mean ± σ)         range (min … max) 
   1.89 ms ±   8.68 µs     1.88 ms …   1.90 ms  in 10 ×     53 runs
[moonbitlang/core] bench immut/sorted_set/sorted_set_build_bench_test.mbt:75 ("bench SortedSet::from_iter random n=10000") ok
time (mean ± σ)         range (min … max) 
   1.16 ms ±   2.83 µs     1.15 ms …   1.16 ms  in 10 ×     87 runs
[moonbitlang/core] bench immut/sorted_set/sorted_set_build_bench_test.mbt:81 ("bench SortedSet constructor ordered n=10000") ok
time (mean ± σ)         range (min … max) 
  83.57 µs ± 320.48 ns    83.17 µs …  84.02 µs  in 10 ×   1204 runs
[moonbitlang/core] bench immut/sorted_set/sorted_set_build_bench_test.mbt:87 ("bench SortedSet constructor almost ordered n=10000") ok
time (mean ± σ)         range (min … max) 
 113.04 µs ±   1.48 µs   111.39 µs … 114.97 µs  in 10 ×    878 runs
[moonbitlang/core] bench immut/sorted_set/sorted_set_build_bench_test.mbt:93 ("bench SortedSet constructor random n=10000") ok
time (mean ± σ)         range (min … max) 
 306.90 µs ±   1.17 µs   305.76 µs … 309.30 µs  in 10 ×    325 runs
[moonbitlang/core] bench immut/vector/vector_iter_bench_test.mbt:24 ("bench Vector::iter fold n=100000") ok
time (mean ± σ)         range (min … max) 
 501.81 µs ± 933.45 ns   501.17 µs … 504.34 µs  in 10 ×    200 runs
[moonbitlang/core] bench immut/vector/vector_iter_bench_test.mbt:30 ("bench Vector::iter each n=100000") ok
time (mean ± σ)         range (min … max) 
 517.24 µs ± 291.07 ns   516.92 µs … 517.60 µs  in 10 ×    194 runs
[moonbitlang/core] bench immut/vector/vector_iter_bench_test.mbt:40 ("bench Vector::iter to_array n=100000") ok
time (mean ± σ)         range (min … max) 
 644.53 µs ±   3.83 µs   636.43 µs … 648.23 µs  in 10 ×    158 runs
[moonbitlang/core] bench immut/vector/vector_iter_bench_test.mbt:46 ("bench Vector::for-in n=100000") ok
time (mean ± σ)         range (min … max) 
 501.22 µs ± 160.16 ns   501.05 µs … 501.52 µs  in 10 ×    200 runs
[moonbitlang/core] bench immut/vector/vector_contains_bench_test.mbt:24 ("bench Vector::contains missing n=100000") ok
time (mean ± σ)         range (min … max) 
  57.10 µs ±  86.97 ns    57.03 µs …  57.31 µs  in 10 ×   1751 runs
[moonbitlang/core] bench immut/vector/vector_contains_bench_test.mbt:30 ("bench Vector::contains tree-end n=100000") ok
time (mean ± σ)         range (min … max) 
  57.45 µs ± 286.18 ns    57.07 µs …  57.82 µs  in 10 ×   1753 runs
[moonbitlang/core] bench immut/vector/vector_contains_bench_test.mbt:36 ("bench Vector::contains tail-end n=100000") ok
time (mean ± σ)         range (min … max) 
  57.18 µs ±  93.80 ns    57.06 µs …  57.39 µs  in 10 ×   1754 runs
[moonbitlang/core] bench internal/strconv/parse_double_bench_test.mbt:48 ("bench parse_double fast digits n=4096") ok
time (mean ± σ)         range (min … max) 
 386.16 µs ±  13.03 µs   363.73 µs … 403.02 µs  in 10 ×    248 runs
[moonbitlang/core] bench internal/strconv/parse_double_bench_test.mbt:55 ("bench parse_double underscores n=4096") ok
time (mean ± σ)         range (min … max) 
 661.92 µs ±   4.22 µs   655.41 µs … 671.74 µs  in 10 ×    152 runs
[moonbitlang/core] bench internal/strconv/parse_double_bench_test.mbt:62 ("bench parse_double long mantissa n=4096") ok
time (mean ± σ)         range (min … max) 
 545.57 µs ±  10.96 µs   538.00 µs … 564.84 µs  in 10 ×    185 runs
[moonbitlang/core] bench json/stringify_indent_bench_test.mbt:45 ("bench Json::stringify deep wide indent=2 n=10000") ok
time (mean ± σ)         range (min … max) 
 427.29 µs ±   2.17 µs   425.01 µs … 431.32 µs  in 10 ×    166 runs
[moonbitlang/core] bench json/stringify_indent_bench_test.mbt:54 ("bench Json::stringify compact n=10000") ok
time (mean ± σ)         range (min … max) 
 201.05 µs ± 395.74 ns   200.63 µs … 201.71 µs  in 10 ×    444 runs
[moonbitlang/core] bench json/stringify_indent_bench_test.mbt:60 ("bench Json::stringify shallow wide indent=2 n=500") ok
time (mean ± σ)         range (min … max) 
 175.23 µs ± 649.37 ns   174.71 µs … 176.75 µs  in 10 ×    567 runs
[moonbitlang/core] bench json/stringify_indent_bench_test.mbt:66 ("bench Json::stringify shallow wide compact n=500") ok
time (mean ± σ)         range (min … max) 
 130.09 µs ± 580.32 ns   129.48 µs … 131.21 µs  in 10 ×    762 runs
[moonbitlang/core] bench json/stringify_escape_bench_test.mbt:24 ("bench Json::stringify strings no escape n=2048") ok
time (mean ± σ)         range (min … max) 
 138.67 µs ± 481.04 ns   138.09 µs … 139.44 µs  in 10 ×    716 runs
[moonbitlang/core] bench json/stringify_escape_bench_test.mbt:30 ("bench Json::stringify strings slash no escape n=2048") ok
time (mean ± σ)         range (min … max) 
 138.68 µs ± 802.02 ns   137.72 µs … 139.97 µs  in 10 ×    716 runs
[moonbitlang/core] bench json/stringify_escape_bench_test.mbt:36 ("bench Json::stringify strings slash escaped n=2048") ok
time (mean ± σ)         range (min … max) 
 253.11 µs ± 843.67 ns   251.90 µs … 254.35 µs  in 10 ×    339 runs
[moonbitlang/core] bench json/stringify_escape_bench_test.mbt:42 ("bench Json::stringify strings quotes controls n=2048") ok
time (mean ± σ)         range (min … max) 
 238.16 µs ±   1.06 µs   236.91 µs … 239.93 µs  in 10 ×    359 runs
[moonbitlang/core] bench json/stringify_escape_bench_test.mbt:48 ("bench Json::stringify 2KB prose one newline n=64") ok
time (mean ± σ)         range (min … max) 
 341.73 µs ±  43.61 µs   315.42 µs … 422.23 µs  in 10 ×    237 runs
[moonbitlang/core] bench json/parse_bench_test.mbt:45 ("bench json parse mixed object array n=1000") ok
time (mean ± σ)         range (min … max) 
   1.17 ms ±   6.40 µs     1.16 ms …   1.18 ms  in 10 ×     85 runs
[moonbitlang/core] bench json/number_bench_test.mbt:64 ("bench json parse int array n=10000") ok
time (mean ± σ)         range (min … max) 
 768.52 µs ±  12.25 µs   749.75 µs … 783.62 µs  in 10 ×    132 runs
[moonbitlang/core] bench json/number_bench_test.mbt:70 ("bench json parse float array n=10000") ok
time (mean ± σ)         range (min … max) 
   1.15 ms ±   8.67 µs     1.13 ms …   1.16 ms  in 10 ×     88 runs
[moonbitlang/core] bench json/number_bench_test.mbt:76 ("bench json parse long mantissa array n=10000") ok
time (mean ± σ)         range (min … max) 
   1.81 ms ±  13.73 µs     1.80 ms …   1.83 ms  in 10 ×     56 runs
[moonbitlang/core] bench json/json_inspect_bench_test.mbt:16 ("bench json_inspect passing Int") ok
time (mean ± σ)         range (min … max) 
  72.75 ns ±   1.99 ns    69.64 ns …  74.37 ns  in 10 × 100000 runs
[moonbitlang/core] bench lazy_list/concat_bench_test.mbt:40 ("bench LazyList build and traverse n=2048") ok
time (mean ± σ)         range (min … max) 
  34.59 µs ± 301.99 ns    33.73 µs …  34.72 µs  in 10 ×   2883 runs
[moonbitlang/core] bench lazy_list/concat_bench_test.mbt:49 ("bench LazyList re-traverse a forced list n=2048") ok
time (mean ± σ)         range (min … max) 
  15.44 µs ± 238.22 ns    15.31 µs …  16.04 µs  in 10 ×   6171 runs
[moonbitlang/core] bench lazy_list/concat_bench_test.mbt:57 ("bench LazyList left-nested concat, build only n=2048") ok
time (mean ± σ)         range (min … max) 
  78.01 µs ± 164.95 ns    77.70 µs …  78.14 µs  in 10 ×   1286 runs
[moonbitlang/core] bench lazy_list/concat_bench_test.mbt:62 ("bench LazyList left-nested concat, build and traverse n=2048") ok
time (mean ± σ)         range (min … max) 
 149.13 µs ± 394.38 ns   148.60 µs … 149.74 µs  in 10 ×    669 runs
[moonbitlang/core] bench lazy_list/concat_bench_test.mbt:69 ("bench LazyList concat while consuming n=2048") ok
time (mean ± σ)         range (min … max) 
 116.35 µs ±  95.83 ns   116.23 µs … 116.53 µs  in 10 ×    855 runs
[moonbitlang/core] bench lexbuf/lexbuf_bench_test.mbt:47 ("bench Lexbuf retained token chunks=10000 size=1") ok
time (mean ± σ)         range (min … max) 
 322.02 µs ± 704.13 ns   321.48 µs … 323.73 µs  in 10 ×    310 runs
[moonbitlang/core] bench lexbuf/lexbuf_bench_test.mbt:52 ("bench Lexbuf retained token chunks=1250 size=8") ok
time (mean ± σ)         range (min … max) 
  96.15 µs ± 327.85 ns    95.89 µs …  96.74 µs  in 10 ×   1033 runs
[moonbitlang/core] bench lexbuf/lexbuf_bench_test.mbt:57 ("bench Lexbuf retained token chunks=157 size=64") ok
time (mean ± σ)         range (min … max) 
  47.56 µs ±  84.30 ns    47.48 µs …  47.70 µs  in 10 ×   2084 runs
[moonbitlang/core] bench lexbuf/lexbuf_bench_test.mbt:62 ("bench Lexbuf retained token chunks=20 size=512") ok
time (mean ± σ)         range (min … max) 
  43.73 µs ±  80.86 ns    43.64 µs …  43.89 µs  in 10 ×   2288 runs
[moonbitlang/core] bench quickcheck/shrink_collection_bench_test.mbt:16 ("bench shrink Array first candidate size=10000") ok
time (mean ± σ)         range (min … max) 
 133.25 ns ±   0.85 ns   132.61 ns … 135.53 ns  in 10 × 100000 runs
[moonbitlang/core] bench quickcheck/shrink_collection_bench_test.mbt:22 ("bench shrink List first candidate size=10000") ok
time (mean ± σ)         range (min … max) 
  84.28 µs ± 124.46 ns    84.10 µs …  84.49 µs  in 10 ×   1182 runs
[moonbitlang/core] bench quickcheck/generator_bench_test.mbt:16 ("bench Generator::zip_with n=1000000") ok
time (mean ± σ)         range (min … max) 
  12.00 ms ±  87.48 µs    11.95 ms …  12.17 ms  in 10 ×      9 runs
[moonbitlang/core] bench quickcheck/arbitrary_string_bench_test.mbt:16 ("bench Arbitrary String size=10000 count=100") ok
time (mean ± σ)         range (min … max) 
   5.50 ms ±  25.00 µs     5.47 ms …   5.54 ms  in 10 ×     17 runs
[moonbitlang/core] bench random/random_test.mbt:409 ("bench random") ok
time (mean ± σ)         range (min … max) 
  31.53 ms ± 315.56 µs    31.31 ms …  32.16 ms  in 10 ×      4 runs
[moonbitlang/core] bench set/set_algebra_bench_test.mbt:26 ("bench Set::union String 10k 50% overlap") ok
time (mean ± σ)         range (min … max) 
 603.76 µs ±   5.84 µs   597.07 µs … 614.50 µs  in 10 ×    165 runs
[moonbitlang/core] bench set/set_algebra_bench_test.mbt:33 ("bench Set::union Int 10k 50% overlap") ok
time (mean ± σ)         range (min … max) 
 492.00 µs ±   3.62 µs   487.99 µs … 499.14 µs  in 10 ×    203 runs
[moonbitlang/core] bench set/set_algebra_bench_test.mbt:40 ("bench Set::intersection String 10k 50% overlap") ok
time (mean ± σ)         range (min … max) 
 378.13 µs ±   2.20 µs   375.81 µs … 383.18 µs  in 10 ×    264 runs
[moonbitlang/core] bench set/set_algebra_bench_test.mbt:47 ("bench Set::difference String 10k 50% overlap") ok
time (mean ± σ)         range (min … max) 
 385.90 µs ±   3.39 µs   382.68 µs … 390.47 µs  in 10 ×    254 runs
[moonbitlang/core] bench set/set_algebra_bench_test.mbt:54 ("bench Set::is_subset String 10k true") ok
time (mean ± σ)         range (min … max) 
 304.82 µs ± 527.85 ns   304.46 µs … 306.27 µs  in 10 ×    329 runs
[moonbitlang/core] bench set/set_algebra_bench_test.mbt:61 ("bench Set == String 10k") ok
time (mean ± σ)         range (min … max) 
 309.10 µs ±   2.55 µs   304.87 µs … 312.01 µs  in 10 ×    326 runs
[moonbitlang/core] bench set/set_algebra_bench_test.mbt:68 ("bench Set == Int 10k") ok
time (mean ± σ)         range (min … max) 
 110.28 µs ±   2.32 µs   108.58 µs … 114.54 µs  in 10 ×    872 runs
[moonbitlang/core] bench set/linked_hash_set_bench_test.mbt:19 ("bench Set::add n=50000") ok
time (mean ± σ)         range (min … max) 
   2.35 ms ±  27.09 µs     2.30 ms …   2.38 ms  in 10 ×     44 runs
[moonbitlang/core] bench set/linked_hash_set_bench_test.mbt:30 ("bench Set::contains n=50000") ok
time (mean ± σ)         range (min … max) 
   1.17 ms ±   1.72 µs     1.16 ms …   1.17 ms  in 10 ×     86 runs
[moonbitlang/core] bench set/linked_hash_set_bench_test.mbt:47 ("bench Set::contains miss n=50000") ok
time (mean ± σ)         range (min … max) 
   1.20 ms ±   1.61 µs     1.19 ms …   1.20 ms  in 10 ×     84 runs
[moonbitlang/core] bench set/linked_hash_set_bench_test.mbt:67 ("bench Set::add+remove n=50000") ok
time (mean ± σ)         range (min … max) 
   3.55 ms ±  22.44 µs     3.54 ms …   3.60 ms  in 10 ×     29 runs
[moonbitlang/core] bench set/linked_hash_set_bench_test.mbt:86 ("bench Set::filter n=50000") ok
time (mean ± σ)         range (min … max) 
 458.82 µs ±   6.18 µs   447.21 µs … 468.56 µs  in 10 ×    227 runs
[moonbitlang/core] bench set/linked_hash_set_bench_test.mbt:92 ("bench Set comprehension filter n=50000") ok
time (mean ± σ)         range (min … max) 
   1.01 ms ±   5.20 µs     1.01 ms …   1.02 ms  in 10 ×     99 runs
[moonbitlang/core] bench sorted_set/sorted_set_bench_test.mbt:22 ("bench SortedSet::to_array Int n=50000") ok
time (mean ± σ)         range (min … max) 
 166.72 µs ± 597.38 ns   166.17 µs … 168.22 µs  in 10 ×    599 runs
[moonbitlang/core] bench sorted_set/sorted_set_bench_test.mbt:30 ("bench SortedSet::to_array Ref n=50000") ok
time (mean ± σ)         range (min … max) 
 178.45 µs ±   2.09 µs   176.11 µs … 181.32 µs  in 10 ×    550 runs
[moonbitlang/core] bench string/regex_bench_test.mbt:16 ("bench regex /aa?b/ on 1MB string") ok
time (mean ± σ)         range (min … max) 
   2.69 ms ±   1.56 µs     2.69 ms …   2.69 ms  in 10 ×     38 runs
[moonbitlang/core] bench string/regex_bench_test.mbt:23 ("bench regex phone lines") ok
time (mean ± σ)         range (min … max) 
   2.53 µs ±   4.67 ns     2.52 µs …   2.54 µs  in 10 ×  39618 runs
[moonbitlang/core] bench string/regex_bench_test.mbt:43 ("bench regex large pattern") ok
time (mean ± σ)         range (min … max) 
   1.93 ms ±   1.77 µs     1.93 ms …   1.93 ms  in 10 ×     52 runs
[moonbitlang/core] bench v128/v128_bench_test.mbt:32 ("bench V128 i64x2_add n=10000") ok
time (mean ± σ)         range (min … max) 
   5.88 µs ±  31.08 ns     5.82 µs …   5.90 µs  in 10 ×  16990 runs
[moonbitlang/core] bench v128/v128_bench_test.mbt:44 ("bench V128 i32x4_add n=10000") ok
time (mean ± σ)         range (min … max) 
   5.89 µs ±  13.09 ns     5.86 µs …   5.91 µs  in 10 ×  16936 runs
[moonbitlang/core] bench v128/v128_bench_test.mbt:56 ("bench V128 i8x16_add n=10000") ok
time (mean ± σ)         range (min … max) 
   5.90 µs ±   6.71 ns     5.89 µs …   5.91 µs  in 10 ×  16935 runs
[moonbitlang/core] bench v128/v128_bench_test.mbt:68 ("bench V128 i8x16_splat n=10000") ok
time (mean ± σ)         range (min … max) 
   5.57 µs ±  35.28 ns     5.52 µs …   5.62 µs  in 10 ×  17802 runs
[moonbitlang/core] bench v128/v128_bench_test.mbt:79 ("bench V128 i8x16_extract_lane_u n=10000") ok
time (mean ± σ)         range (min … max) 
   8.73 µs ± 176.06 ns     8.55 µs …   9.02 µs  in 10 ×  11646 runs
[moonbitlang/core] bench v128/v128_bench_test.mbt:93 ("bench V128 i8x16_replace_lane n=10000") ok
time (mean ± σ)         range (min … max) 
  41.51 µs ±  68.48 ns    41.45 µs …  41.67 µs  in 10 ×   2414 runs
[moonbitlang/core] bench v128/v128_bench_test.mbt:108 ("bench V128 i8x16_bitmask n=10000") ok
time (mean ± σ)         range (min … max) 
   8.30 µs ±   9.21 ns     8.28 µs …   8.31 µs  in 10 ×  12075 runs
[moonbitlang/core] bench v128/v128_bench_test.mbt:120 ("bench V128 load/store n=10000") ok
time (mean ± σ)         range (min … max) 
 134.28 µs ±  25.78 ns   134.25 µs … 134.32 µs  in 10 ×    745 runs
[moonbitlang/core] bench v128/v128_bench_test.mbt:135 ("bench V128 load8x8_u n=10000") ok
time (mean ± σ)         range (min … max) 
  44.77 µs ± 114.60 ns    44.59 µs …  44.88 µs  in 10 ×   2246 runs
[moonbitlang/core] bench v128/v128_bench_test.mbt:147 ("bench V128 load8x8_s n=10000") ok
time (mean ± σ)         range (min … max) 
  50.29 µs ±  49.80 ns    50.21 µs …  50.37 µs  in 10 ×   1988 runs
[moonbitlang/core] bench v128/v128_bench_test.mbt:159 ("bench V128 load16x4_u n=10000") ok
time (mean ± σ)         range (min … max) 
  38.36 µs ± 231.97 ns    38.05 µs …  38.60 µs  in 10 ×   2633 runs
[moonbitlang/core] bench v128/v128_bench_test.mbt:171 ("bench V128 load16x4_s n=10000") ok
time (mean ± σ)         range (min … max) 
  43.55 µs ±  71.79 ns    43.44 µs …  43.68 µs  in 10 ×   2300 runs
[moonbitlang/core] bench v128/v128_bench_test.mbt:183 ("bench V128 load32x2_u n=10000") ok
time (mean ± σ)         range (min … max) 
  36.10 µs ± 124.88 ns    35.94 µs …  36.24 µs  in 10 ×   2779 runs
[moonbitlang/core] bench v128/v128_bench_test.mbt:195 ("bench V128 load32x2_s n=10000") ok
time (mean ± σ)         range (min … max) 
  38.76 µs ±  40.09 ns    38.68 µs …  38.83 µs  in 10 ×   2581 runs
[moonbitlang/core] bench v128/v128_bench_test.mbt:207 ("bench V128 load_splat n=10000") ok
time (mean ± σ)         range (min … max) 
  53.04 µs ±  42.16 ns    52.99 µs …  53.11 µs  in 10 ×   1888 runs
[moonbitlang/core] bench v128/v128_bench_test.mbt:223 ("bench V128 load8_lane n=10000") ok
time (mean ± σ)         range (min … max) 
  42.10 µs ± 146.76 ns    41.75 µs …  42.31 µs  in 10 ×   2412 runs
[moonbitlang/core] bench v128/v128_bench_test.mbt:235 ("bench V128 load16_lane n=10000") ok
time (mean ± σ)         range (min … max) 
  42.40 µs ± 376.40 ns    41.99 µs …  42.94 µs  in 10 ×   2334 runs
[moonbitlang/core] bench v128/v128_bench_test.mbt:247 ("bench V128 load32_lane n=10000") ok
time (mean ± σ)         range (min … max) 
  43.09 µs ± 205.94 ns    42.74 µs …  43.29 µs  in 10 ×   2315 runs
[moonbitlang/core] bench v128/v128_bench_test.mbt:259 ("bench V128 load64_lane n=10000") ok
time (mean ± σ)         range (min … max) 
  65.78 µs ± 512.60 ns    65.12 µs …  66.68 µs  in 10 ×   1500 runs
[moonbitlang/core] bench v128/v128_bench_test.mbt:271 ("bench V128 extend i8x16 to i16x8 n=10000") ok
time (mean ± σ)         range (min … max) 
  11.02 µs ± 125.13 ns    10.85 µs …  11.16 µs  in 10 ×   9052 runs
[moonbitlang/core] bench v128/v128_bench_test.mbt:285 ("bench V128 extend i16x8 to i32x4 n=10000") ok
time (mean ± σ)         range (min … max) 
  11.04 µs ± 130.30 ns    10.87 µs …  11.20 µs  in 10 ×   9033 runs
[moonbitlang/core] bench v128/v128_bench_test.mbt:299 ("bench V128 extend i32x4 to i64x2 n=10000") ok
time (mean ± σ)         range (min … max) 
  11.12 µs ± 117.67 ns    10.88 µs …  11.21 µs  in 10 ×   9151 runs
[moonbitlang/core] bench v128/v128_bench_test.mbt:313 ("bench V128 all_true n=10000") ok
time (mean ± σ)         range (min … max) 
  15.29 µs ±  91.00 ns    15.12 µs …  15.48 µs  in 10 ×   6542 runs
[moonbitlang/core] bench v128/v128_bench_test.mbt:337 ("bench V128 bitmask all widths n=10000") ok
time (mean ± σ)         range (min … max) 
  17.63 µs ±  56.70 ns    17.52 µs …  17.70 µs  in 10 ×   5675 runs
[moonbitlang/core] bench v128/v128_bench_test.mbt:353 ("bench V128 swizzle n=10000") ok
time (mean ± σ)         range (min … max) 
   5.89 µs ±  17.16 ns     5.85 µs …   5.91 µs  in 10 ×  16937 runs
[moonbitlang/core] bench v128/v128_bench_test.mbt:371 ("bench V128 shuffle n=10000") ok
time (mean ± σ)         range (min … max) 
  11.76 µs ±  47.02 ns    11.67 µs …  11.79 µs  in 10 ×   8612 runs
Total tests: 490, passed: 490, failed: 0.
